Datetime,Nifty 50 (IN),S&P 500 (US),Nikkei 225 (JP),Hang Seng (HK),FTSE 100 (UK),DAX (DE),KOSPI (KR),Shanghai (CN)
2026-06-23 00:00:00+00:00,,,72523.609375,,,,9115.0498046875,
2026-06-23 00:01:00+00:00,,,72501.4609375,,,,9097.5,
2026-06-23 00:02:00+00:00,,,72566.7421875,,,,9107.150390625,
2026-06-23 00:03:00+00:00,,,72471.109375,,,,9097.7998046875,
2026-06-23 00:04:00+00:00,,,72544.2890625,,,,9145.98046875,
2026-06-23 00:05:00+00:00,,,72456.609375,,,,9150.08984375,
2026-06-23 00:06:00+00:00,,,72349.3125,,,,9133.1201171875,
2026-06-23 00:07:00+00:00,,,72329.28125,,,,9152.080078125,
2026-06-23 00:08:00+00:00,,,72238.640625,,,,9149.7099609375,
2026-06-23 00:09:00+00:00,,,72335.59375,,,,9160.2001953125,
2026-06-23 00:10:00+00:00,,,72398.3125,,,,9165.900390625,
2026-06-23 00:11:00+00:00,,,72351.1171875,,,,9175.4501953125,
2026-06-23 00:12:00+00:00,,,72329.46875,,,,9151.0400390625,
2026-06-23 00:13:00+00:00,,,72393.75,,,,9140.830078125,
2026-06-23 00:14:00+00:00,,,72255.8203125,,,,9106.740234375,
2026-06-23 00:15:00+00:00,,,72383.390625,,,,9114.4697265625,
2026-06-23 00:16:00+00:00,,,72244.1484375,,,,9090.5498046875,
2026-06-23 00:17:00+00:00,,,72221.6328125,,,,9067.900390625,
2026-06-23 00:18:00+00:00,,,72199.4609375,,,,9068.0,
2026-06-23 00:19:00+00:00,,,72142.5078125,,,,9042.1201171875,
2026-06-23 00:20:00+00:00,,,72049.3125,,,,9018.1904296875,
2026-06-23 00:21:00+00:00,,,71999.21875,,,,8996.1796875,
2026-06-23 00:22:00+00:00,,,71897.359375,,,,8961.51953125,
2026-06-23 00:23:00+00:00,,,72062.46875,,,,8952.9501953125,
2026-06-23 00:24:00+00:00,,,72020.0234375,,,,8911.7998046875,
2026-06-23 00:25:00+00:00,,,71973.0703125,,,,8921.150390625,
2026-06-23 00:26:00+00:00,,,72001.4375,,,,8963.4599609375,
2026-06-23 00:27:00+00:00,,,71952.46875,,,,8955.150390625,
2026-06-23 00:28:00+00:00,,,71862.5,,,,8938.73046875,
2026-06-23 00:29:00+00:00,,,71800.6328125,,,,8955.0703125,
2026-06-23 00:30:00+00:00,,,71853.78125,,,,8952.1396484375,
2026-06-23 00:31:00+00:00,,,71997.6875,,,,9002.5,
2026-06-23 00:32:00+00:00,,,72004.453125,,,,9003.3798828125,
2026-06-23 00:33:00+00:00,,,71982.6484375,,,,8976.6796875,
2026-06-23 00:34:00+00:00,,,72040.7421875,,,,8993.3095703125,
2026-06-23 00:35:00+00:00,,,71947.1875,,,,8965.580078125,
2026-06-23 00:36:00+00:00,,,71966.53125,,,,8951.4404296875,
2026-06-23 00:37:00+00:00,,,71873.546875,,,,8932.1796875,
2026-06-23 00:38:00+00:00,,,71897.5625,,,,8957.98046875,
2026-06-23 00:39:00+00:00,,,71912.6796875,,,,8968.48046875,
2026-06-23 00:40:00+00:00,,,71890.953125,,,,8999.41015625,
2026-06-23 00:41:00+00:00,,,71954.703125,,,,8993.4404296875,
2026-06-23 00:42:00+00:00,,,71887.2578125,,,,8993.650390625,
2026-06-23 00:43:00+00:00,,,71955.1171875,,,,9002.26953125,
2026-06-23 00:44:00+00:00,,,72020.2578125,,,,9015.58984375,
2026-06-23 00:45:00+00:00,,,72138.609375,,,,9034.3798828125,
2026-06-23 00:46:00+00:00,,,72071.078125,,,,9023.4501953125,
2026-06-23 00:47:00+00:00,,,72099.421875,,,,9016.8701171875,
2026-06-23 00:48:00+00:00,,,72163.5625,,,,9030.3701171875,
2026-06-23 00:49:00+00:00,,,72208.0234375,,,,9030.6298828125,
2026-06-23 00:50:00+00:00,,,72244.140625,,,,9011.6796875,
2026-06-23 00:51:00+00:00,,,72229.5,,,,8990.1201171875,
2026-06-23 00:52:00+00:00,,,72230.421875,,,,8982.6796875,
2026-06-23 00:53:00+00:00,,,72178.4765625,,,,8988.4296875,
2026-06-23 00:54:00+00:00,,,72124.109375,,,,8980.2998046875,
2026-06-23 00:55:00+00:00,,,72091.59375,,,,8968.6396484375,
2026-06-23 00:56:00+00:00,,,72045.671875,,,,8952.4296875,
2026-06-23 00:57:00+00:00,,,72156.8671875,,,,8975.1103515625,
2026-06-23 00:58:00+00:00,,,72153.7265625,,,,8965.990234375,
2026-06-23 00:59:00+00:00,,,72134.6875,,,,8962.4599609375,
2026-06-23 01:00:00+00:00,,,72167.0703125,,,,8943.4404296875,
2026-06-23 01:01:00+00:00,,,72268.2890625,,,,8944.51953125,
2026-06-23 01:02:00+00:00,,,72204.8828125,,,,8954.4404296875,
2026-06-23 01:03:00+00:00,,,72307.7890625,,,,8977.1796875,
2026-06-23 01:04:00+00:00,,,72319.4921875,,,,8957.3798828125,
2026-06-23 01:05:00+00:00,,,72324.2734375,,,,8953.4599609375,
2026-06-23 01:06:00+00:00,,,72219.71875,,,,8934.41015625,
2026-06-23 01:07:00+00:00,,,72272.7890625,,,,8932.5302734375,
2026-06-23 01:08:00+00:00,,,72311.8984375,,,,8950.8603515625,
2026-06-23 01:09:00+00:00,,,72308.078125,,,,8961.7998046875,
2026-06-23 01:10:00+00:00,,,72266.1484375,,,,8957.4404296875,
2026-06-23 01:11:00+00:00,,,72340.2421875,,,,8987.91015625,
2026-06-23 01:12:00+00:00,,,72363.0703125,,,,9006.75,
2026-06-23 01:13:00+00:00,,,72264.5234375,,,,8988.1396484375,
2026-06-23 01:14:00+00:00,,,72189.171875,,,,8980.91015625,
2026-06-23 01:15:00+00:00,,,72178.5703125,,,,8987.4697265625,
2026-06-23 01:16:00+00:00,,,72121.3828125,,,,8943.9501953125,
2026-06-23 01:17:00+00:00,,,72147.03125,,,,8933.3896484375,
2026-06-23 01:18:00+00:00,,,72119.5390625,,,,8939.58984375,
2026-06-23 01:19:00+00:00,,,72104.8203125,,,,8938.349609375,
2026-06-23 01:20:00+00:00,,,72075.7265625,,,,8936.66015625,
2026-06-23 01:21:00+00:00,,,72152.109375,,,,8929.8603515625,
2026-06-23 01:22:00+00:00,,,72210.453125,,,,8931.900390625,
2026-06-23 01:23:00+00:00,,,72157.9609375,,,,8941.6904296875,
2026-06-23 01:24:00+00:00,,,72083.7578125,,,,8925.6904296875,
2026-06-23 01:25:00+00:00,,,72176.046875,,,,8928.759765625,
2026-06-23 01:26:00+00:00,,,72184.171875,,,,8940.8701171875,
2026-06-23 01:27:00+00:00,,,72165.5234375,,,,8953.0400390625,
2026-06-23 01:28:00+00:00,,,72151.796875,,,,8938.0302734375,
2026-06-23 01:29:00+00:00,,,72193.1796875,,,,8933.7001953125,
2026-06-23 01:30:00+00:00,,,72160.9375,23768.91015625,,,8931.3896484375,4148.86181640625
2026-06-23 01:31:00+00:00,,,72216.1484375,23766.240234375,,,8926.1298828125,4154.341796875
2026-06-23 01:32:00+00:00,,,72145.46875,23759.33984375,,,8906.9501953125,4160.59814453125
2026-06-23 01:33:00+00:00,,,72116.328125,23731.650390625,,,8897.75,4167.0029296875
2026-06-23 01:34:00+00:00,,,72046.546875,23712.390625,,,8886.08984375,4167.02197265625
2026-06-23 01:35:00+00:00,,,71996.8203125,23710.419921875,,,8871.76953125,4164.03173828125
2026-06-23 01:36:00+00:00,,,71927.609375,23718.619140625,,,8856.9697265625,4166.9892578125
2026-06-23 01:37:00+00:00,,,71936.8203125,23753.580078125,,,8869.5400390625,4168.1884765625
2026-06-23 01:38:00+00:00,,,71950.3203125,23796.80078125,,,8851.26953125,4164.62548828125
2026-06-23 01:39:00+00:00,,,71948.1796875,23761.76953125,,,8870.1796875,4160.16650390625
2026-06-23 01:40:00+00:00,,,71995.578125,23772.23046875,,,8885.1201171875,4161.0576171875
2026-06-23 01:41:00+00:00,,,72049.9296875,23788.009765625,,,8882.8203125,4164.798828125
2026-06-23 01:42:00+00:00,,,71944.4375,23784.830078125,,,8872.330078125,4158.25537109375
2026-06-23 01:43:00+00:00,,,71887.65625,23753.7890625,,,8851.099609375,4160.7216796875
2026-06-23 01:44:00+00:00,,,71877.8125,23771.44921875,,,8835.6396484375,4156.05322265625
2026-06-23 01:45:00+00:00,,,71832.84375,23759.9609375,,,8820.099609375,4155.8095703125
2026-06-23 01:46:00+00:00,,,71805.453125,23767.3203125,,,8815.7001953125,4150.2119140625
2026-06-23 01:47:00+00:00,,,71748.5390625,23775.3203125,,,8789.7099609375,4148.2890625
2026-06-23 01:48:00+00:00,,,71717.859375,23789.080078125,,,8776.7001953125,4147.67138671875
2026-06-23 01:49:00+00:00,,,71681.328125,23792.44921875,,,8755.150390625,4146.26416015625
2026-06-23 01:50:00+00:00,,,71641.46875,23799.23046875,,,8738.1904296875,4145.9765625
2026-06-23 01:51:00+00:00,,,71751.25,23821.0390625,,,8775.58984375,4155.2890625
2026-06-23 01:52:00+00:00,,,71701.5,23818.900390625,,,8764.8701171875,4158.14892578125
2026-06-23 01:53:00+00:00,,,71755.6328125,23803.16015625,,,8758.0302734375,4163.0537109375
2026-06-23 01:54:00+00:00,,,71687.71875,23775.0703125,,,8743.7001953125,4164.9873046875
2026-06-23 01:55:00+00:00,,,71651.3828125,23771.8203125,,,8718.7001953125,4164.25
2026-06-23 01:56:00+00:00,,,71654.7265625,23770.7890625,,,8725.169921875,4162.93505859375
2026-06-23 01:57:00+00:00,,,71742.9921875,23785.9609375,,,8743.76953125,4165.98388671875
2026-06-23 01:58:00+00:00,,,71651.21875,23779.029296875,,,8755.3798828125,4165.951171875
2026-06-23 01:59:00+00:00,,,71577.7734375,23753.19921875,,,8730.6796875,4164.61669921875
2026-06-23 02:00:00+00:00,,,71587.4375,23737.810546875,,,8743.51953125,4164.1650390625
2026-06-23 02:01:00+00:00,,,71560.3515625,23719.900390625,,,8704.150390625,4167.38623046875
2026-06-23 02:02:00+00:00,,,71573.8828125,23709.119140625,,,8701.7099609375,4170.7880859375
2026-06-23 02:03:00+00:00,,,71618.1484375,23682.369140625,,,8715.259765625,4170.33056640625
2026-06-23 02:04:00+00:00,,,71649.671875,23694.91015625,,,8745.6396484375,4169.984375
2026-06-23 02:05:00+00:00,,,71545.2890625,23685.109375,,,8707.9599609375,4164.66357421875
2026-06-23 02:06:00+00:00,,,71542.34375,23681.80078125,,,8701.990234375,4164.08935546875
2026-06-23 02:07:00+00:00,,,71481.671875,23671.400390625,,,8696.16015625,4161.349609375
2026-06-23 02:08:00+00:00,,,71510.7265625,23673.4609375,,,8700.8203125,4160.6591796875
2026-06-23 02:09:00+00:00,,,71463.2265625,23666.580078125,,,8699.4296875,4163.72705078125
2026-06-23 02:10:00+00:00,,,71459.75,23657.349609375,,,8724.2802734375,4159.994140625
2026-06-23 02:11:00+00:00,,,71495.9921875,23650.7109375,,,8719.4599609375,4160.0146484375
2026-06-23 02:12:00+00:00,,,71537.5625,23648.76953125,,,8744.58984375,4159.81494140625
2026-06-23 02:13:00+00:00,,,71615.5625,23649.01953125,,,8750.41015625,4158.443359375
2026-06-23 02:14:00+00:00,,,71614.0390625,23644.80078125,,,8750.169921875,4159.26123046875
2026-06-23 02:15:00+00:00,,,71699.3828125,23657.900390625,,,8762.7197265625,4156.42919921875
2026-06-23 02:16:00+00:00,,,71620.109375,23641.380859375,,,8747.9296875,4157.806640625
2026-06-23 02:17:00+00:00,,,71544.0625,23651.740234375,,,8716.490234375,4159.96923828125
2026-06-23 02:18:00+00:00,,,71611.859375,23658.849609375,,,8726.48046875,4160.2666015625
2026-06-23 02:19:00+00:00,,,71656.53125,23667.7109375,,,8724.419921875,4158.87841796875
2026-06-23 02:20:00+00:00,,,71676.3984375,23661.470703125,,,8731.2802734375,4161.7255859375
2026-06-23 02:21:00+00:00,,,71712.859375,23637.240234375,,,8749.5498046875,4163.12255859375
2026-06-23 02:22:00+00:00,,,71681.703125,23624.439453125,,,8740.3701171875,4162.69873046875
2026-06-23 02:23:00+00:00,,,71661.9765625,23612.7109375,,,8738.2099609375,4166.1455078125
2026-06-23 02:24:00+00:00,,,71676.0625,23619.310546875,,,8728.240234375,4165.8291015625
2026-06-23 02:25:00+00:00,,,71691.1328125,23633.880859375,,,8745.0498046875,4168.4716796875
2026-06-23 02:26:00+00:00,,,71675.03125,23629.400390625,,,8743.5703125,4169.12109375
2026-06-23 02:27:00+00:00,,,71742.96875,23669.30078125,,,8764.58984375,4169.18994140625
2026-06-23 02:28:00+00:00,,,71725.1015625,23669.9609375,,,8762.8203125,4173.3466796875
2026-06-23 02:29:00+00:00,,,71726.359375,23660.720703125,,,8755.9697265625,4172.75146484375
2026-06-23 02:30:00+00:00,,,71711.671875,23662.73046875,,,8750.76953125,4171.33544921875
2026-06-23 02:31:00+00:00,,,71711.671875,23656.140625,,,8739.5703125,4174.34375
2026-06-23 02:32:00+00:00,,,71711.671875,23665.94921875,,,8727.6201171875,4173.57958984375
2026-06-23 02:33:00+00:00,,,71711.671875,23663.890625,,,8726.509765625,4174.56103515625
2026-06-23 02:34:00+00:00,,,71711.671875,23684.919921875,,,8729.8798828125,4172.74072265625
2026-06-23 02:35:00+00:00,,,71711.671875,23706.150390625,,,8731.3095703125,4174.69970703125
2026-06-23 02:36:00+00:00,,,71711.671875,23708.599609375,,,8728.6904296875,4173.5400390625
2026-06-23 02:37:00+00:00,,,71711.671875,23703.380859375,,,8719.3798828125,4171.3662109375
2026-06-23 02:38:00+00:00,,,71711.671875,23700.169921875,,,8721.2099609375,4174.85791015625
2026-06-23 02:39:00+00:00,,,71711.671875,23678.689453125,,,8699.0595703125,4173.5712890625
2026-06-23 02:40:00+00:00,,,71711.671875,23664.58984375,,,8702.6103515625,4171.92724609375
2026-06-23 02:41:00+00:00,,,71711.671875,23653.80078125,,,8714.7998046875,4173.1748046875
2026-06-23 02:42:00+00:00,,,71711.671875,23647.80078125,,,8712.7001953125,4169.08935546875
2026-06-23 02:43:00+00:00,,,71711.671875,23637.580078125,,,8703.7001953125,4168.310546875
2026-06-23 02:44:00+00:00,,,71711.671875,23626.919921875,,,8732.0302734375,4171.47900390625
2026-06-23 02:45:00+00:00,,,71711.671875,23624.779296875,,,8752.4404296875,4170.98828125
2026-06-23 02:46:00+00:00,,,71711.671875,23607.849609375,,,8703.8603515625,4172.31884765625
2026-06-23 02:47:00+00:00,,,71711.671875,23607.44921875,,,8679.8701171875,4171.80517578125
2026-06-23 02:48:00+00:00,,,71711.671875,23624.619140625,,,8694.83984375,4170.52685546875
2026-06-23 02:49:00+00:00,,,71711.671875,23612.0703125,,,8714.6201171875,4168.8408203125
2026-06-23 02:50:00+00:00,,,71711.671875,23636.779296875,,,8721.08984375,4168.60693359375
2026-06-23 02:51:00+00:00,,,71711.671875,23624.599609375,,,8743.5302734375,4165.83056640625
2026-06-23 02:52:00+00:00,,,71711.671875,23614.76953125,,,8763.01953125,4163.39453125
2026-06-23 02:53:00+00:00,,,71711.671875,23601.3203125,,,8770.599609375,4162.8515625
2026-06-23 02:54:00+00:00,,,71711.671875,23594.69921875,,,8762.73046875,4168.43408203125
2026-06-23 02:55:00+00:00,,,71711.671875,23584.1796875,,,8761.7998046875,4168.43505859375
2026-06-23 02:56:00+00:00,,,71711.671875,23581.01953125,,,8780.7001953125,4167.86376953125
2026-06-23 02:57:00+00:00,,,71711.671875,23553.259765625,,,8769.3896484375,4165.86669921875
2026-06-23 02:58:00+00:00,,,71711.671875,23544.220703125,,,8744.3701171875,4162.34521484375
2026-06-23 02:59:00+00:00,,,71711.671875,23537.890625,,,8740.3896484375,4160.4912109375
2026-06-23 03:00:00+00:00,,,71711.671875,23556.630859375,,,8732.259765625,4159.3447265625
2026-06-23 03:01:00+00:00,,,71711.671875,23544.2109375,,,8718.0703125,4156.91357421875
2026-06-23 03:02:00+00:00,,,71711.671875,23535.55078125,,,8698.3603515625,4155.62353515625
2026-06-23 03:03:00+00:00,,,71711.671875,23550.01953125,,,8706.8095703125,4158.31982421875
2026-06-23 03:04:00+00:00,,,71711.671875,23536.0390625,,,8703.150390625,4158.150390625
2026-06-23 03:05:00+00:00,,,71711.671875,23530.69921875,,,8691.9404296875,4155.61767578125
2026-06-23 03:06:00+00:00,,,71711.671875,23510.2109375,,,8683.259765625,4155.91259765625
2026-06-23 03:07:00+00:00,,,71711.671875,23493.599609375,,,8689.51953125,4154.27734375
2026-06-23 03:08:00+00:00,,,71711.671875,23479.30078125,,,8680.0498046875,4152.0888671875
2026-06-23 03:09:00+00:00,,,71711.671875,23480.580078125,,,8667.419921875,4150.55224609375
2026-06-23 03:10:00+00:00,,,71711.671875,23486.26953125,,,8655.4501953125,4150.5947265625
2026-06-23 03:11:00+00:00,,,71711.671875,23481.2109375,,,8649.5703125,4151.11572265625
2026-06-23 03:12:00+00:00,,,71711.671875,23465.48046875,,,8644.490234375,4149.6904296875
2026-06-23 03:13:00+00:00,,,71711.671875,23459.009765625,,,8657.150390625,4147.88720703125
2026-06-23 03:14:00+00:00,,,71711.671875,23456.369140625,,,8659.9599609375,4146.20947265625
2026-06-23 03:15:00+00:00,,,71711.671875,23465.419921875,,,8655.8603515625,4144.775390625
2026-06-23 03:16:00+00:00,,,71711.671875,23453.25,,,8650.98046875,4147.876953125
2026-06-23 03:17:00+00:00,,,71711.671875,23452.189453125,,,8651.400390625,4145.70361328125
2026-06-23 03:18:00+00:00,,,71711.671875,23453.779296875,,,8646.490234375,4144.13427734375
2026-06-23 03:19:00+00:00,,,71711.671875,23445.560546875,,,8641.6796875,4141.876953125
2026-06-23 03:20:00+00:00,,,71711.671875,23447.58984375,,,8648.2900390625,4142.83251953125
2026-06-23 03:21:00+00:00,,,71711.671875,23445.529296875,,,8637.1201171875,4142.60107421875
2026-06-23 03:22:00+00:00,,,71711.671875,23450.69921875,,,8632.1396484375,4143.00634765625
2026-06-23 03:23:00+00:00,,,71711.671875,23441.439453125,,,8642.900390625,4142.66943359375
2026-06-23 03:24:00+00:00,,,71711.671875,23448.849609375,,,8646.099609375,4141.83642578125
2026-06-23 03:25:00+00:00,,,71711.671875,23444.619140625,,,8632.5498046875,4139.29638671875
2026-06-23 03:26:00+00:00,,,71711.671875,23452.6796875,,,8630.08984375,4142.6064453125
2026-06-23 03:27:00+00:00,,,71711.671875,23464.619140625,,,8624.3095703125,4146.36181640625
2026-06-23 03:28:00+00:00,,,71711.671875,23458.439453125,,,8621.990234375,4145.61865234375
2026-06-23 03:29:00+00:00,,,71711.671875,23465.73046875,,,8608.6103515625,4146.955078125
2026-06-23 03:30:00+00:00,,,71334.71875,23449.05078125,,,8595.5302734375,4147.54931640625
2026-06-23 03:31:00+00:00,,,71277.7265625,23445.3203125,,,8582.509765625,4147.54931640625
2026-06-23 03:32:00+00:00,,,71253.1796875,23461.9609375,,,8578.8896484375,4147.54931640625
2026-06-23 03:33:00+00:00,,,71218.671875,23464.349609375,,,8569.6103515625,4147.54931640625
2026-06-23 03:34:00+00:00,,,71178.8125,23458.779296875,,,8546.0595703125,4147.54931640625
2026-06-23 03:35:00+00:00,,,71314.578125,23460.0390625,,,8548.990234375,4147.54931640625
2026-06-23 03:36:00+00:00,,,71208.4296875,23442.060546875,,,8534.01953125,4147.54931640625
2026-06-23 03:37:00+00:00,,,71133.75,23438.080078125,,,8518.2900390625,4147.54931640625
2026-06-23 03:38:00+00:00,,,71092.0625,23444.779296875,,,8516.7998046875,4147.54931640625
2026-06-23 03:39:00+00:00,,,71106.7421875,23448.390625,,,8544.26953125,4147.54931640625
2026-06-23 03:40:00+00:00,,,71085.2421875,23445.669921875,,,8535.0703125,4147.54931640625
2026-06-23 03:41:00+00:00,,,71102.3984375,23455.3203125,,,8544.9404296875,4147.54931640625
2026-06-23 03:42:00+00:00,,,71143.25,23453.6796875,,,8556.169921875,4147.54931640625
2026-06-23 03:43:00+00:00,,,71135.46875,23449.009765625,,,8554.509765625,4147.54931640625
2026-06-23 03:44:00+00:00,,,71258.21875,23464.01953125,,,8567.9599609375,4147.54931640625
2026-06-23 03:45:00+00:00,24056.75,,71220.96875,23465.279296875,,,8583.0,4147.54931640625
2026-06-23 03:46:00+00:00,24052.80078125,,71196.6796875,23460.0703125,,,8566.169921875,4147.54931640625
2026-06-23 03:47:00+00:00,24055.80078125,,71181.40625,23458.779296875,,,8549.8798828125,4147.54931640625
2026-06-23 03:48:00+00:00,24066.599609375,,71242.9921875,23461.599609375,,,8565.7099609375,4147.54931640625
2026-06-23 03:49:00+00:00,24076.05078125,,71264.3828125,23458.08984375,,,8575.4599609375,4147.54931640625
2026-06-23 03:50:00+00:00,24090.599609375,,71316.1171875,23465.2890625,,,8596.900390625,4147.54931640625
2026-06-23 03:51:00+00:00,24083.69921875,,71356.21875,23470.150390625,,,8609.419921875,4147.54931640625
2026-06-23 03:52:00+00:00,24084.650390625,,71404.34375,23488.849609375,,,8627.2001953125,4147.54931640625
2026-06-23 03:53:00+00:00,24089.849609375,,71426.9921875,23488.720703125,,,8629.9296875,4147.54931640625
2026-06-23 03:54:00+00:00,24087.0,,71434.9765625,23489.990234375,,,8643.900390625,4147.54931640625
2026-06-23 03:55:00+00:00,24087.94921875,,71464.7265625,23492.740234375,,,8640.5,4147.54931640625
2026-06-23 03:56:00+00:00,24083.900390625,,71440.78125,23495.8203125,,,8654.26953125,4147.54931640625
2026-06-23 03:57:00+00:00,24089.099609375,,71446.5234375,23499.580078125,,,8652.83984375,4147.54931640625
2026-06-23 03:58:00+00:00,24085.099609375,,71463.546875,23513.5703125,,,8678.0595703125,4147.54931640625
2026-06-23 03:59:00+00:00,24088.94921875,,71483.6171875,23501.740234375,,,8688.7099609375,4147.54931640625
2026-06-23 04:00:00+00:00,24098.05078125,,71574.6875,23500.2109375,,,8698.1201171875,4147.54931640625
2026-06-23 04:01:00+00:00,24102.69921875,,71568.5234375,23500.2109375,,,8709.7197265625,4147.54931640625
2026-06-23 04:02:00+00:00,24097.75,,71522.2421875,23500.2109375,,,8700.9296875,4147.54931640625
2026-06-23 04:03:00+00:00,24102.05078125,,71465.9609375,23500.2109375,,,8677.580078125,4147.54931640625
2026-06-23 04:04:00+00:00,24101.900390625,,71545.1171875,23500.2109375,,,8695.51953125,4147.54931640625
2026-06-23 04:05:00+00:00,24107.44921875,,71492.8203125,23499.880859375,,,8687.8203125,4147.54931640625
2026-06-23 04:06:00+00:00,24108.099609375,,71443.28125,23499.880859375,,,8688.8798828125,4147.54931640625
2026-06-23 04:07:00+00:00,24116.099609375,,71452.8984375,23499.880859375,,,8686.76953125,4147.54931640625
2026-06-23 04:08:00+00:00,24117.94921875,,71402.4921875,23499.880859375,,,8694.9404296875,4147.54931640625
2026-06-23 04:09:00+00:00,24124.900390625,,71356.578125,23499.880859375,,,8667.9697265625,4147.54931640625
2026-06-23 04:10:00+00:00,24118.94921875,,71412.2421875,23499.880859375,,,8654.9296875,4147.54931640625
2026-06-23 04:11:00+00:00,24112.80078125,,71344.7265625,23499.880859375,,,8666.2099609375,4147.54931640625
2026-06-23 04:12:00+00:00,24116.19921875,,71354.6796875,23499.880859375,,,8662.73046875,4147.54931640625
2026-06-23 04:13:00+00:00,24113.849609375,,71398.15625,23499.880859375,,,8672.8603515625,4147.54931640625
2026-06-23 04:14:00+00:00,24115.5,,71431.921875,23499.880859375,,,8663.240234375,4147.54931640625
2026-06-23 04:15:00+00:00,24110.05078125,,71326.2890625,23499.880859375,,,8640.0,4147.54931640625
2026-06-23 04:16:00+00:00,24113.05078125,,71277.6875,23499.880859375,,,8637.4404296875,4147.54931640625
2026-06-23 04:17:00+00:00,24119.5,,71228.6328125,23499.880859375,,,8628.3701171875,4147.54931640625
2026-06-23 04:18:00+00:00,24119.05078125,,71202.1171875,23499.880859375,,,8626.759765625,4147.54931640625
2026-06-23 04:19:00+00:00,24120.30078125,,71191.5,23499.880859375,,,8621.7099609375,4147.54931640625
2026-06-23 04:20:00+00:00,24125.19921875,,71230.1796875,23499.880859375,,,8612.1904296875,4147.54931640625
2026-06-23 04:21:00+00:00,24123.349609375,,71184.6796875,23499.880859375,,,8604.26953125,4147.54931640625
2026-06-23 04:22:00+00:00,24118.30078125,,71182.1015625,23499.880859375,,,8594.580078125,4147.54931640625
2026-06-23 04:23:00+00:00,24119.44921875,,71189.5703125,23499.880859375,,,8607.3603515625,4147.54931640625
2026-06-23 04:24:00+00:00,24125.650390625,,71192.4921875,23499.880859375,,,8615.509765625,4147.54931640625
2026-06-23 04:25:00+00:00,24127.150390625,,71208.953125,23499.880859375,,,8628.51953125,4147.54931640625
2026-06-23 04:26:00+00:00,24129.75,,71196.640625,23499.880859375,,,8623.6298828125,4147.54931640625
2026-06-23 04:27:00+00:00,24130.650390625,,71147.640625,23499.880859375,,,8623.599609375,4147.54931640625
2026-06-23 04:28:00+00:00,24128.849609375,,71127.9375,23499.880859375,,,8616.419921875,4147.54931640625
2026-06-23 04:29:00+00:00,24131.30078125,,71188.8671875,23499.880859375,,,8629.599609375,4147.54931640625
2026-06-23 04:30:00+00:00,24127.55078125,,71175.0703125,23499.880859375,,,8618.2197265625,4147.54931640625
2026-06-23 04:31:00+00:00,24124.94921875,,71177.59375,23499.880859375,,,8612.5400390625,4147.54931640625
2026-06-23 04:32:00+00:00,24119.849609375,,71220.3515625,23499.880859375,,,8639.3701171875,4147.54931640625
2026-06-23 04:33:00+00:00,24125.75,,71189.4609375,23499.880859375,,,8625.8701171875,4147.54931640625
2026-06-23 04:34:00+00:00,24124.900390625,,71162.78125,23499.880859375,,,8616.5595703125,4147.54931640625
2026-06-23 04:35:00+00:00,24126.5,,71130.2578125,23499.880859375,,,8609.48046875,4147.54931640625
2026-06-23 04:36:00+00:00,24120.69921875,,71131.8984375,23499.880859375,,,8607.8095703125,4147.54931640625
2026-06-23 04:37:00+00:00,24116.900390625,,71166.828125,23499.880859375,,,8619.5595703125,4147.54931640625
2026-06-23 04:38:00+00:00,24118.150390625,,71116.4375,23499.880859375,,,8611.0302734375,4147.54931640625
2026-06-23 04:39:00+00:00,24125.849609375,,71137.8984375,23499.880859375,,,8606.009765625,4147.54931640625
2026-06-23 04:40:00+00:00,24127.5,,71140.1015625,23499.880859375,,,8598.2900390625,4147.54931640625
2026-06-23 04:41:00+00:00,24126.25,,71172.828125,23499.880859375,,,8583.5703125,4147.54931640625
2026-06-23 04:42:00+00:00,24124.849609375,,71140.28125,23499.880859375,,,8580.830078125,4147.54931640625
2026-06-23 04:43:00+00:00,24123.150390625,,71103.6328125,23499.880859375,,,8568.919921875,4147.54931640625
2026-06-23 04:44:00+00:00,24124.05078125,,71108.703125,23499.880859375,,,8563.25,4147.54931640625
2026-06-23 04:45:00+00:00,24121.150390625,,71082.9375,23499.880859375,,,8559.4697265625,4147.54931640625
2026-06-23 04:46:00+00:00,24119.0,,71089.9921875,23499.880859375,,,8556.5400390625,4147.54931640625
2026-06-23 04:47:00+00:00,24115.94921875,,71069.3984375,23499.880859375,,,8545.76953125,4147.54931640625
2026-06-23 04:48:00+00:00,24116.25,,71118.46875,23499.880859375,,,8552.6796875,4147.54931640625
2026-06-23 04:49:00+00:00,24125.900390625,,71113.4921875,23499.880859375,,,8545.900390625,4147.54931640625
2026-06-23 04:50:00+00:00,24124.80078125,,71052.90625,23499.880859375,,,8533.650390625,4147.54931640625
2026-06-23 04:51:00+00:00,24127.80078125,,71016.859375,23499.880859375,,,8525.3896484375,4147.54931640625
2026-06-23 04:52:00+00:00,24123.5,,70984.8515625,23499.880859375,,,8531.169921875,4147.54931640625
2026-06-23 04:53:00+00:00,24122.05078125,,70951.890625,23499.880859375,,,8519.6201171875,4147.54931640625
2026-06-23 04:54:00+00:00,24120.099609375,,70915.8984375,23499.880859375,,,8513.3095703125,4147.54931640625
2026-06-23 04:55:00+00:00,24116.150390625,,70901.078125,23499.880859375,,,8503.5703125,4147.54931640625
2026-06-23 04:56:00+00:00,24114.900390625,,70884.0,23499.880859375,,,8496.080078125,4147.54931640625
2026-06-23 04:57:00+00:00,24111.150390625,,70928.28125,23499.880859375,,,8501.2900390625,4147.54931640625
2026-06-23 04:58:00+00:00,24110.150390625,,70986.359375,23499.880859375,,,8497.9501953125,4147.54931640625
2026-06-23 04:59:00+00:00,24112.44921875,,70927.9921875,23499.880859375,,,8480.4599609375,4147.54931640625
2026-06-23 05:00:00+00:00,24111.5,,71011.0390625,23447.189453125,,,8498.669921875,4136.0537109375
2026-06-23 05:01:00+00:00,24108.19921875,,71016.8828125,23436.390625,,,8496.58984375,4141.88330078125
2026-06-23 05:02:00+00:00,24108.5,,71054.4296875,23432.599609375,,,8511.8095703125,4139.0966796875
2026-06-23 05:03:00+00:00,24105.69921875,,71022.1796875,23420.119140625,,,8531.8095703125,4140.55126953125
2026-06-23 05:04:00+00:00,24110.19921875,,71040.90625,23430.369140625,,,8533.0498046875,4140.81298828125
2026-06-23 05:05:00+00:00,24117.05078125,,71042.46875,23460.970703125,,,8521.33984375,4144.4599609375
2026-06-23 05:06:00+00:00,24117.150390625,,71073.8515625,23461.970703125,,,8516.5703125,4143.86181640625
2026-06-23 05:07:00+00:00,24116.349609375,,70959.40625,23454.33984375,,,8497.6103515625,4144.3583984375
2026-06-23 05:08:00+00:00,24107.150390625,,70925.1171875,23428.16015625,,,8477.919921875,4136.50390625
2026-06-23 05:09:00+00:00,24113.44921875,,70892.2578125,23417.919921875,,,8485.51953125,4136.6357421875
2026-06-23 05:10:00+00:00,24114.05078125,,70966.7734375,23418.619140625,,,8494.3701171875,4138.1318359375
2026-06-23 05:11:00+00:00,24114.69921875,,70984.671875,23428.80078125,,,8487.73046875,4134.5009765625
2026-06-23 05:12:00+00:00,24115.099609375,,70954.71875,23438.859375,,,8485.8603515625,4136.10546875
2026-06-23 05:13:00+00:00,24111.69921875,,70927.8984375,23434.4296875,,,8470.4296875,4136.84912109375
2026-06-23 05:14:00+00:00,24105.650390625,,70899.2265625,23435.16015625,,,8465.4404296875,4138.5009765625
2026-06-23 05:15:00+00:00,24099.05078125,,70895.828125,23435.390625,,,8455.1103515625,4139.2705078125
2026-06-23 05:16:00+00:00,24100.94921875,,70841.5390625,23434.619140625,,,8459.7802734375,4137.6494140625
2026-06-23 05:17:00+00:00,24105.75,,70836.3125,23421.419921875,,,8456.7802734375,4139.4052734375
2026-06-23 05:18:00+00:00,24097.0,,70778.1875,23410.599609375,,,8445.4501953125,4134.31494140625
2026-06-23 05:19:00+00:00,24099.80078125,,70734.328125,23385.720703125,,,8443.8896484375,4132.08984375
2026-06-23 05:20:00+00:00,24104.75,,70769.15625,23399.509765625,,,8472.6103515625,4132.04443359375
2026-06-23 05:21:00+00:00,24097.599609375,,70717.390625,23403.5703125,,,8458.6396484375,4134.232421875
2026-06-23 05:22:00+00:00,24095.5,,70649.140625,23401.029296875,,,8438.6103515625,4134.88232421875
2026-06-23 05:23:00+00:00,24099.150390625,,70717.5234375,23410.900390625,,,8441.7802734375,4138.455078125
2026-06-23 05:24:00+00:00,24098.55078125,,70692.1015625,23399.8203125,,,8437.0302734375,4137.85205078125
2026-06-23 05:25:00+00:00,24097.25,,70647.8671875,23391.75,,,8432.3095703125,4133.5380859375
2026-06-23 05:26:00+00:00,24094.650390625,,70551.890625,23390.330078125,,,8432.759765625,4133.05126953125
2026-06-23 05:27:00+00:00,24091.94921875,,70495.671875,23390.80078125,,,8422.4501953125,4131.94580078125
2026-06-23 05:28:00+00:00,24092.30078125,,70468.4375,23396.509765625,,,8435.099609375,4132.8818359375
2026-06-23 05:29:00+00:00,24093.849609375,,70541.53125,23400.279296875,,,8418.240234375,4131.1376953125
2026-06-23 05:30:00+00:00,24089.400390625,,70502.7578125,23407.169921875,,,8414.2099609375,4131.82421875
2026-06-23 05:31:00+00:00,24084.44921875,,70464.9375,23411.740234375,,,8404.8701171875,4131.744140625
2026-06-23 05:32:00+00:00,24089.80078125,,70460.3984375,23405.849609375,,,8375.5302734375,4133.0205078125
2026-06-23 05:33:00+00:00,24098.849609375,,70466.796875,23406.109375,,,8375.3095703125,4134.78515625
2026-06-23 05:34:00+00:00,24096.55078125,,70430.59375,23425.529296875,,,8375.3095703125,4136.71240234375
2026-06-23 05:35:00+00:00,24099.0,,70422.1015625,23450.6796875,,,8375.3095703125,4135.76416015625
2026-06-23 05:36:00+00:00,24101.400390625,,70488.4921875,23440.849609375,,,8375.3095703125,4133.16455078125
2026-06-23 05:37:00+00:00,24106.0,,70404.53125,23418.759765625,,,8375.3095703125,4130.70166015625
2026-06-23 05:38:00+00:00,24104.849609375,,70409.1328125,23414.009765625,,,8375.3095703125,4126.5400390625
2026-06-23 05:39:00+00:00,24101.849609375,,70389.2109375,23416.099609375,,,8375.3095703125,4129.50537109375
2026-06-23 05:40:00+00:00,24104.150390625,,70470.9609375,23425.150390625,,,8375.3095703125,4130.79345703125
2026-06-23 05:41:00+00:00,24108.69921875,,70343.546875,23420.619140625,,,8375.3095703125,4132.91845703125
2026-06-23 05:42:00+00:00,24110.94921875,,70388.03125,23427.099609375,,,8375.3095703125,4132.02490234375
2026-06-23 05:43:00+00:00,24111.55078125,,70496.40625,23439.16015625,,,8375.3095703125,4133.71923828125
2026-06-23 05:44:00+00:00,24114.400390625,,70509.3515625,23437.009765625,,,8375.3095703125,4134.14111328125
2026-06-23 05:45:00+00:00,24116.75,,70458.3125,23428.5,,,8375.3095703125,4136.5830078125
2026-06-23 05:46:00+00:00,24120.55078125,,70403.1171875,23406.779296875,,,8375.3095703125,4134.4736328125
2026-06-23 05:47:00+00:00,24123.30078125,,70439.5234375,23410.890625,,,8375.3095703125,4130.49072265625
2026-06-23 05:48:00+00:00,24126.80078125,,70370.25,23414.3203125,,,8375.3095703125,4131.46923828125
2026-06-23 05:49:00+00:00,24126.0,,70389.3984375,23416.16015625,,,8375.3095703125,4132.1396484375
2026-06-23 05:50:00+00:00,24126.900390625,,70451.578125,23414.0390625,,,8375.3095703125,4131.05078125
2026-06-23 05:51:00+00:00,24119.94921875,,70380.8984375,23408.51953125,,,8375.3095703125,4129.103515625
2026-06-23 05:52:00+00:00,24116.099609375,,70399.4375,23394.25,,,8375.3095703125,4125.80908203125
2026-06-23 05:53:00+00:00,24124.400390625,,70382.7109375,23382.16015625,,,8375.3095703125,4122.06298828125
2026-06-23 05:54:00+00:00,24122.099609375,,70310.6171875,23380.4609375,,,8375.3095703125,4121.61767578125
2026-06-23 05:55:00+00:00,24118.0,,70236.921875,23372.48046875,,,8375.3095703125,4119.09130859375
2026-06-23 05:56:00+00:00,24117.849609375,,70235.78125,23376.650390625,,,8375.3095703125,4118.4521484375
2026-06-23 05:57:00+00:00,24119.05078125,,70200.1796875,23367.330078125,,,8375.3095703125,4119.52001953125
2026-06-23 05:58:00+00:00,24114.55078125,,70135.1875,23363.66015625,,,8375.3095703125,4118.4775390625
2026-06-23 05:59:00+00:00,24112.94921875,,70198.71875,23362.380859375,,,8375.3095703125,4115.2236328125
2026-06-23 06:00:00+00:00,24109.900390625,,70207.6875,23355.609375,,,8375.3095703125,4113.77197265625
2026-06-23 06:01:00+00:00,24103.55078125,,70211.6328125,23358.23046875,,,8375.3095703125,4114.37939453125
2026-06-23 06:02:00+00:00,24103.94921875,,70239.9296875,23350.810546875,,,8375.3095703125,4115.95166015625
2026-06-23 06:03:00+00:00,24102.75,,70269.578125,23358.26953125,,,8375.3095703125,4113.150390625
2026-06-23 06:04:00+00:00,24101.75,,70333.078125,23360.41015625,,,8375.3095703125,4112.9677734375
2026-06-23 06:05:00+00:00,24101.30078125,,70339.65625,23357.91015625,,,8375.3095703125,4109.68798828125
2026-06-23 06:06:00+00:00,24102.94921875,,70164.1015625,23336.8203125,,,8375.3095703125,4110.6435546875
2026-06-23 06:07:00+00:00,24099.44921875,,70222.25,23335.7109375,,,8375.3095703125,4105.97705078125
2026-06-23 06:08:00+00:00,24098.30078125,,70164.140625,23330.9609375,,,8375.3095703125,4103.71337890625
2026-06-23 06:09:00+00:00,24098.349609375,,70132.7578125,23325.490234375,,,8375.3095703125,4104.9521484375
2026-06-23 06:10:00+00:00,24092.5,,70052.5625,23309.6796875,,,8375.3095703125,4104.23828125
2026-06-23 06:11:00+00:00,24090.099609375,,70039.7421875,23313.609375,,,8375.3095703125,4103.51025390625
2026-06-23 06:12:00+00:00,24087.19921875,,70088.4921875,23323.009765625,,,8375.3095703125,4104.5244140625
2026-06-23 06:13:00+00:00,24081.80078125,,70019.7890625,23311.98046875,,,8375.3095703125,4105.376953125
2026-06-23 06:14:00+00:00,24083.099609375,,70087.21875,23321.33984375,,,8375.3095703125,4107.2265625
2026-06-23 06:15:00+00:00,24042.94921875,,70115.2265625,23321.7109375,,,8375.3095703125,4106.37158203125
2026-06-23 06:16:00+00:00,24037.25,,70142.84375,23318.359375,,,8375.3095703125,4103.52001953125
2026-06-23 06:17:00+00:00,24046.25,,70048.3828125,23310.560546875,,,8375.3095703125,4101.70361328125
2026-06-23 06:18:00+00:00,24028.5,,70004.2578125,23304.0390625,,,8375.3095703125,4101.134765625
2026-06-23 06:19:00+00:00,24021.849609375,,70003.71875,23296.759765625,,,8375.3095703125,4097.40869140625
2026-06-23 06:20:00+00:00,24014.80078125,,69979.953125,23296.349609375,,,8375.3095703125,4099.16015625
2026-06-23 06:21:00+00:00,24022.099609375,,69952.2734375,23290.650390625,,,8375.3095703125,4097.32275390625
2026-06-23 06:22:00+00:00,24021.5,,69946.2109375,23287.30078125,,,8375.3095703125,4097.54638671875
2026-06-23 06:23:00+00:00,24019.55078125,,69901.7265625,23277.9609375,,,8375.3095703125,4096.6044921875
2026-06-23 06:24:00+00:00,24014.69921875,,69957.0703125,23282.900390625,,,8375.3095703125,4094.802734375
2026-06-23 06:25:00+00:00,23995.25,,69935.53125,23266.990234375,,,8375.3095703125,4093.96826171875
2026-06-23 06:26:00+00:00,23990.849609375,,69935.53125,23264.4609375,,,8375.3095703125,4091.546875
2026-06-23 06:27:00+00:00,23989.19921875,,69935.53125,23259.7109375,,,8375.3095703125,4089.77099609375
2026-06-23 06:28:00+00:00,23974.5,,69935.53125,23267.439453125,,,8375.3095703125,4086.806640625
2026-06-23 06:29:00+00:00,23982.650390625,,69935.53125,23265.2890625,,,8375.3095703125,4086.108642578125
2026-06-23 06:30:00+00:00,23983.30078125,,69935.53125,23278.759765625,,,8375.3095703125,4087.21826171875
2026-06-23 06:31:00+00:00,23985.650390625,,69935.53125,23297.01953125,,,8375.3095703125,4093.51904296875
2026-06-23 06:32:00+00:00,23985.30078125,,69935.53125,23302.240234375,,,8375.3095703125,4097.0625
2026-06-23 06:33:00+00:00,23972.75,,69935.53125,23295.94921875,,,8375.3095703125,4092.6875
2026-06-23 06:34:00+00:00,23970.349609375,,69935.53125,23291.810546875,,,8375.3095703125,4092.843017578125
2026-06-23 06:35:00+00:00,23970.44921875,,69935.53125,23287.439453125,,,8375.3095703125,4096.95458984375
2026-06-23 06:36:00+00:00,23972.099609375,,69935.53125,23270.26953125,,,8375.3095703125,4096.59375
2026-06-23 06:37:00+00:00,23966.19921875,,69935.53125,23253.470703125,,,8375.3095703125,4091.3837890625
2026-06-23 06:38:00+00:00,23964.30078125,,69935.53125,23271.470703125,,,8375.3095703125,4091.931396484375
2026-06-23 06:39:00+00:00,23966.05078125,,69935.53125,23271.380859375,,,8375.3095703125,4095.18408203125
2026-06-23 06:40:00+00:00,23961.0,,69935.53125,23282.529296875,,,8375.3095703125,4095.11328125
2026-06-23 06:41:00+00:00,23956.650390625,,69935.53125,23269.009765625,,,8375.3095703125,4092.361328125
2026-06-23 06:42:00+00:00,23955.650390625,,69935.53125,23255.759765625,,,8375.3095703125,4092.409912109375
2026-06-23 06:43:00+00:00,23961.69921875,,69935.53125,23261.41015625,,,8375.3095703125,4095.18408203125
2026-06-23 06:44:00+00:00,23965.0,,69935.53125,23261.060546875,,,8375.3095703125,4096.92529296875
2026-06-23 06:45:00+00:00,23963.69921875,,69935.53125,23267.7890625,,,8375.3095703125,4098.8798828125
2026-06-23 06:46:00+00:00,23967.900390625,,69935.53125,23264.48046875,,,8375.3095703125,4100.1376953125
2026-06-23 06:47:00+00:00,23966.25,,69935.53125,23264.33984375,,,8375.3095703125,4097.9365234375
2026-06-23 06:48:00+00:00,23963.75,,69935.53125,23257.869140625,,,8375.3095703125,4096.05712890625
2026-06-23 06:49:00+00:00,23965.150390625,,69935.53125,23266.3203125,,,8375.3095703125,4097.5712890625
2026-06-23 06:50:00+00:00,23948.650390625,,69935.53125,23278.939453125,,,8375.3095703125,4102.4580078125
2026-06-23 06:51:00+00:00,23933.75,,69935.53125,23281.900390625,,,8375.3095703125,4105.5400390625
2026-06-23 06:52:00+00:00,23919.900390625,,69935.53125,23276.08984375,,,8375.3095703125,4106.83349609375
2026-06-23 06:53:00+00:00,23925.55078125,,69935.53125,23264.150390625,,,8375.3095703125,4107.171875
2026-06-23 06:54:00+00:00,23921.94921875,,69935.53125,23264.509765625,,,8375.3095703125,4106.06494140625
2026-06-23 06:55:00+00:00,23937.650390625,,69935.53125,23268.609375,,,8375.3095703125,4105.95654296875
2026-06-23 06:56:00+00:00,23946.0,,69935.53125,23278.759765625,,,8375.3095703125,4105.62451171875
2026-06-23 06:57:00+00:00,23951.599609375,,69935.53125,23281.94921875,,,8375.3095703125,4106.24658203125
2026-06-23 06:58:00+00:00,23946.150390625,,69935.53125,23276.279296875,,,8375.3095703125,4106.24658203125
2026-06-23 06:59:00+00:00,23948.849609375,,69935.53125,23281.990234375,,,8375.3095703125,4106.24658203125
2026-06-23 07:00:00+00:00,23947.55078125,,69935.53125,23318.05078125,10373.740234375,,8375.3095703125,4106.24658203125
2026-06-23 07:01:00+00:00,23944.25,,69935.53125,23316.689453125,10364.080078125,,8375.3095703125,4106.24658203125
2026-06-23 07:02:00+00:00,23936.0,,69935.53125,23313.029296875,10358.33984375,24831.150390625,8375.3095703125,4106.24658203125
2026-06-23 07:03:00+00:00,23936.69921875,,69935.53125,23316.029296875,10363.759765625,24839.490234375,8375.3095703125,4106.24658203125
2026-06-23 07:04:00+00:00,23936.900390625,,69935.53125,23320.4609375,10360.2998046875,24852.720703125,8375.3095703125,4106.24658203125
2026-06-23 07:05:00+00:00,23938.25,,69935.53125,23313.4296875,10359.4697265625,24855.220703125,8375.3095703125,4106.24658203125
2026-06-23 07:06:00+00:00,23935.400390625,,69935.53125,23345.19921875,10363.48046875,24857.94921875,8375.3095703125,4106.24658203125
2026-06-23 07:07:00+00:00,23943.25,,69935.53125,23343.619140625,10371.1298828125,24854.220703125,8375.3095703125,4106.24658203125
2026-06-23 07:08:00+00:00,23953.150390625,,69935.53125,23349.169921875,10364.3203125,24859.0,8375.3095703125,4106.24658203125
2026-06-23 07:09:00+00:00,23953.650390625,,69935.53125,23362.810546875,10376.6103515625,24865.83984375,8375.3095703125,4106.24658203125
2026-06-23 07:10:00+00:00,23945.94921875,,69935.53125,23353.0390625,10377.1396484375,24860.51953125,8375.3095703125,4106.24658203125
2026-06-23 07:11:00+00:00,23956.400390625,,69935.53125,23354.30078125,10375.169921875,24860.05078125,8375.3095703125,4106.24658203125
2026-06-23 07:12:00+00:00,23956.5,,69935.53125,23362.359375,10373.16015625,24870.8203125,8375.3095703125,4106.24658203125
2026-06-23 07:13:00+00:00,23948.099609375,,69935.53125,23360.220703125,10371.5595703125,24850.41015625,8375.3095703125,4106.24658203125
2026-06-23 07:14:00+00:00,23948.44921875,,69935.53125,23361.669921875,10369.7001953125,24849.3203125,8375.3095703125,4106.24658203125
2026-06-23 07:15:00+00:00,23948.599609375,,69935.53125,23370.330078125,10372.0302734375,24834.26953125,8375.3095703125,4106.24658203125
2026-06-23 07:16:00+00:00,23945.25,,69935.53125,23365.099609375,10374.6201171875,24833.1796875,8375.3095703125,4106.24658203125
2026-06-23 07:17:00+00:00,23936.650390625,,69935.53125,23351.349609375,10368.419921875,24823.900390625,8375.3095703125,4106.24658203125
2026-06-23 07:18:00+00:00,23929.30078125,,69935.53125,23343.94921875,10365.6298828125,24814.0,8375.3095703125,4106.24658203125
2026-06-23 07:19:00+00:00,23927.599609375,,69935.53125,23343.859375,10363.7998046875,24814.2109375,8375.3095703125,4106.24658203125
2026-06-23 07:20:00+00:00,23929.05078125,,69935.53125,23360.8203125,10371.490234375,24805.69921875,8375.3095703125,4106.24658203125
2026-06-23 07:21:00+00:00,23930.0,,69935.53125,23372.169921875,10373.5400390625,24815.83984375,8375.3095703125,4106.24658203125
2026-06-23 07:22:00+00:00,23930.349609375,,69935.53125,23361.830078125,10368.7197265625,24803.48046875,8375.3095703125,4106.24658203125
2026-06-23 07:23:00+00:00,23932.05078125,,69935.53125,23358.0390625,10368.240234375,24800.990234375,8375.3095703125,4106.24658203125
2026-06-23 07:24:00+00:00,23930.900390625,,69935.53125,23357.5390625,10366.08984375,24793.58984375,8375.3095703125,4106.24658203125
2026-06-23 07:25:00+00:00,23925.55078125,,69935.53125,23350.33984375,10360.4296875,24782.390625,8375.3095703125,4106.24658203125
2026-06-23 07:26:00+00:00,23928.900390625,,69935.53125,23365.330078125,10364.2802734375,24793.51953125,8375.3095703125,4106.24658203125
2026-06-23 07:27:00+00:00,23930.900390625,,69935.53125,23361.919921875,10361.5302734375,24790.869140625,8375.3095703125,4106.24658203125
2026-06-23 07:28:00+00:00,23929.80078125,,69935.53125,23366.349609375,10361.4501953125,24808.740234375,8375.3095703125,4106.24658203125
2026-06-23 07:29:00+00:00,23930.5,,69935.53125,23366.189453125,10362.66015625,24814.66015625,8375.3095703125,4106.24658203125
2026-06-23 07:30:00+00:00,23925.19921875,,69935.53125,23356.359375,10363.4599609375,24811.380859375,8375.3095703125,4106.24658203125
2026-06-23 07:31:00+00:00,23916.650390625,,69935.53125,23352.740234375,10362.4697265625,24805.8203125,8375.3095703125,4106.24658203125
2026-06-23 07:32:00+00:00,23911.75,,69935.53125,23350.4609375,10362.7197265625,24821.5390625,8375.3095703125,4106.24658203125
2026-06-23 07:33:00+00:00,23915.900390625,,69935.53125,23351.8203125,10372.0302734375,24840.240234375,8375.3095703125,4106.24658203125
2026-06-23 07:34:00+00:00,23919.0,,69935.53125,23354.259765625,10378.9296875,24854.69921875,8375.3095703125,4106.24658203125
2026-06-23 07:35:00+00:00,23932.349609375,,69935.53125,23349.619140625,10373.580078125,24834.859375,8375.3095703125,4106.24658203125
2026-06-23 07:36:00+00:00,23931.25,,69935.53125,23341.390625,10374.0302734375,24839.75,8375.3095703125,4106.24658203125
2026-06-23 07:37:00+00:00,23926.30078125,,69935.53125,23327.529296875,10371.580078125,24839.98046875,8375.3095703125,4106.24658203125
2026-06-23 07:38:00+00:00,23932.25,,69935.53125,23329.580078125,10374.8095703125,24845.3203125,8375.3095703125,4106.24658203125
2026-06-23 07:39:00+00:00,23936.0,,69935.53125,23330.94921875,10375.2001953125,24853.369140625,8375.3095703125,4106.24658203125
2026-06-23 07:40:00+00:00,23931.349609375,,69935.53125,23335.919921875,10371.26953125,24843.880859375,8375.3095703125,4106.24658203125
2026-06-23 07:41:00+00:00,23928.94921875,,69935.53125,23331.830078125,10369.150390625,24841.3203125,8375.3095703125,4106.24658203125
2026-06-23 07:42:00+00:00,23934.44921875,,69935.53125,23329.16015625,10369.4697265625,24841.689453125,8375.3095703125,4106.24658203125
2026-06-23 07:43:00+00:00,23930.400390625,,69935.53125,23341.73046875,10367.9501953125,24838.060546875,8375.3095703125,4106.24658203125
2026-06-23 07:44:00+00:00,23922.599609375,,69935.53125,23333.6796875,10364.3203125,24828.859375,8375.3095703125,4106.24658203125
2026-06-23 07:45:00+00:00,23911.400390625,,69935.53125,23343.689453125,10364.2802734375,24827.650390625,8375.3095703125,4106.24658203125
2026-06-23 07:46:00+00:00,23915.69921875,,69935.53125,23330.359375,10362.650390625,24834.240234375,8375.3095703125,4106.24658203125
2026-06-23 07:47:00+00:00,23919.599609375,,69935.53125,23317.970703125,10357.3095703125,24820.16015625,8375.3095703125,4106.24658203125
2026-06-23 07:48:00+00:00,23923.0,,69935.53125,23318.830078125,10353.9404296875,24815.009765625,8375.3095703125,4106.24658203125
2026-06-23 07:49:00+00:00,23923.150390625,,69935.53125,23324.490234375,10354.98046875,24835.66015625,8375.3095703125,4106.24658203125
2026-06-23 07:50:00+00:00,23927.30078125,,69935.53125,23311.650390625,10353.6796875,24825.689453125,8375.3095703125,4106.24658203125
2026-06-23 07:51:00+00:00,23925.80078125,,69935.53125,23315.240234375,10353.08984375,24827.189453125,8375.3095703125,4106.24658203125
2026-06-23 07:52:00+00:00,23925.349609375,,69935.53125,23315.349609375,10351.3203125,24824.19921875,8375.3095703125,4106.24658203125
2026-06-23 07:53:00+00:00,23922.80078125,,69935.53125,23320.599609375,10356.8095703125,24831.439453125,8375.3095703125,4106.24658203125
2026-06-23 07:54:00+00:00,23922.5,,69935.53125,23319.349609375,10351.3603515625,24814.939453125,8375.3095703125,4106.24658203125
2026-06-23 07:55:00+00:00,23912.900390625,,69935.53125,23314.359375,10345.3896484375,24794.560546875,8375.3095703125,4106.24658203125
2026-06-23 07:56:00+00:00,23909.349609375,,69935.53125,23310.830078125,10340.3095703125,24775.060546875,8375.3095703125,4106.24658203125
2026-06-23 07:57:00+00:00,23905.849609375,,69935.53125,23309.890625,10338.75,24779.4296875,8375.3095703125,4106.24658203125
2026-06-23 07:58:00+00:00,23905.599609375,,69935.53125,23325.41015625,10340.48046875,24789.099609375,8375.3095703125,4106.24658203125
2026-06-23 07:59:00+00:00,23907.400390625,,69935.53125,23327.439453125,10339.2802734375,24790.400390625,8375.3095703125,4106.24658203125
2026-06-23 08:00:00+00:00,23880.55078125,,69935.53125,23328.0703125,10339.8896484375,24777.349609375,8375.3095703125,4106.24658203125
2026-06-23 08:01:00+00:00,23879.30078125,,69935.53125,23328.0703125,10344.58984375,24792.439453125,8375.3095703125,4106.24658203125
2026-06-23 08:02:00+00:00,23877.0,,69935.53125,23328.0703125,10345.3095703125,24787.0390625,8375.3095703125,4106.24658203125
2026-06-23 08:03:00+00:00,23876.599609375,,69935.53125,23328.0703125,10346.1103515625,24782.3203125,8375.3095703125,4106.24658203125
2026-06-23 08:04:00+00:00,23869.94921875,,69935.53125,23328.0703125,10338.4296875,24758.359375,8375.3095703125,4106.24658203125
2026-06-23 08:05:00+00:00,23870.94921875,,69935.53125,23328.0703125,10339.8798828125,24765.869140625,8375.3095703125,4106.24658203125
2026-06-23 08:06:00+00:00,23878.650390625,,69935.53125,23328.0703125,10339.7900390625,24763.580078125,8375.3095703125,4106.24658203125
2026-06-23 08:07:00+00:00,23877.0,,69935.53125,23328.0703125,10341.16015625,24763.080078125,8375.3095703125,4106.24658203125
2026-06-23 08:08:00+00:00,23876.05078125,,69935.53125,23336.279296875,10338.7001953125,24763.23046875,8375.3095703125,4106.24658203125
2026-06-23 08:09:00+00:00,23877.80078125,,69935.53125,23336.279296875,10338.3896484375,24772.26953125,8375.3095703125,4106.24658203125
2026-06-23 08:10:00+00:00,23885.75,,69935.53125,23336.279296875,10335.7099609375,24770.25,8375.3095703125,4106.24658203125
2026-06-23 08:11:00+00:00,23885.44921875,,69935.53125,23336.279296875,10338.3203125,24764.140625,8375.3095703125,4106.24658203125
2026-06-23 08:12:00+00:00,23885.44921875,,69935.53125,23336.279296875,10341.98046875,24769.009765625,8375.3095703125,4106.24658203125
2026-06-23 08:13:00+00:00,23892.900390625,,69935.53125,23336.279296875,10342.990234375,24761.80078125,8375.3095703125,4106.24658203125
2026-06-23 08:14:00+00:00,23893.19921875,,69935.53125,23336.279296875,10344.259765625,24765.169921875,8375.3095703125,4106.24658203125
2026-06-23 08:15:00+00:00,23890.44921875,,69935.53125,23336.279296875,10348.8798828125,24778.689453125,8375.3095703125,4106.24658203125
2026-06-23 08:16:00+00:00,23889.599609375,,69935.53125,23336.279296875,10349.9697265625,24776.9296875,8375.3095703125,4106.24658203125
2026-06-23 08:17:00+00:00,23889.150390625,,69935.53125,23336.279296875,10350.419921875,24771.5390625,8375.3095703125,4106.24658203125
2026-06-23 08:18:00+00:00,23890.400390625,,69935.53125,23336.279296875,10348.7197265625,24765.5,8375.3095703125,4106.24658203125
2026-06-23 08:19:00+00:00,23892.599609375,,69935.53125,23336.279296875,10346.650390625,24750.19921875,8375.3095703125,4106.24658203125
2026-06-23 08:20:00+00:00,23878.400390625,,69935.53125,23336.279296875,10345.01953125,24737.580078125,8375.3095703125,4106.24658203125
2026-06-23 08:21:00+00:00,23873.349609375,,69935.53125,23336.279296875,10343.51953125,24745.849609375,8375.3095703125,4106.24658203125
2026-06-23 08:22:00+00:00,23869.650390625,,69935.53125,23336.279296875,10343.919921875,24748.23046875,8375.3095703125,4106.24658203125
2026-06-23 08:23:00+00:00,23876.5,,69935.53125,23336.279296875,10342.2001953125,24741.0703125,8375.3095703125,4106.24658203125
2026-06-23 08:24:00+00:00,23875.849609375,,69935.53125,23336.279296875,10343.0498046875,24735.0,8375.3095703125,4106.24658203125
2026-06-23 08:25:00+00:00,23869.400390625,,69935.53125,23336.279296875,10342.8701171875,24732.810546875,8375.3095703125,4106.24658203125
2026-06-23 08:26:00+00:00,23869.349609375,,69935.53125,23336.279296875,10343.7802734375,24733.740234375,8375.3095703125,4106.24658203125
2026-06-23 08:27:00+00:00,23871.5,,69935.53125,23336.279296875,10343.83984375,24736.98046875,8375.3095703125,4106.24658203125
2026-06-23 08:28:00+00:00,23874.80078125,,69935.53125,23336.279296875,10343.0302734375,24742.099609375,8375.3095703125,4106.24658203125
2026-06-23 08:29:00+00:00,23869.150390625,,69935.53125,23336.279296875,10344.2802734375,24744.970703125,8375.3095703125,4106.24658203125
2026-06-23 08:30:00+00:00,23869.150390625,,69935.53125,23336.279296875,10349.3095703125,24754.69921875,8375.3095703125,4106.24658203125
2026-06-23 08:31:00+00:00,23869.94921875,,69935.53125,23336.279296875,10352.0302734375,24770.08984375,8375.3095703125,4106.24658203125
2026-06-23 08:32:00+00:00,23871.0,,69935.53125,23336.279296875,10355.25,24775.810546875,8375.3095703125,4106.24658203125
2026-06-23 08:33:00+00:00,23882.55078125,,69935.53125,23336.279296875,10358.1796875,24773.240234375,8375.3095703125,4106.24658203125
2026-06-23 08:34:00+00:00,23894.19921875,,69935.53125,23336.279296875,10361.400390625,24770.810546875,8375.3095703125,4106.24658203125
2026-06-23 08:35:00+00:00,23897.44921875,,69935.53125,23336.279296875,10364.6103515625,24784.1796875,8375.3095703125,4106.24658203125
2026-06-23 08:36:00+00:00,23890.75,,69935.53125,23336.279296875,10363.9697265625,24778.669921875,8375.3095703125,4106.24658203125
2026-06-23 08:37:00+00:00,23878.30078125,,69935.53125,23336.279296875,10362.490234375,24778.369140625,8375.3095703125,4106.24658203125
2026-06-23 08:38:00+00:00,23890.5,,69935.53125,23336.279296875,10367.9599609375,24788.0390625,8375.3095703125,4106.24658203125
2026-06-23 08:39:00+00:00,23888.75,,69935.53125,23336.279296875,10366.23046875,24780.2890625,8375.3095703125,4106.24658203125
2026-06-23 08:40:00+00:00,23894.900390625,,69935.53125,23336.279296875,10370.76953125,24790.0703125,8375.3095703125,4106.24658203125
2026-06-23 08:41:00+00:00,23905.55078125,,69935.53125,23336.279296875,10375.8603515625,24796.23046875,8375.3095703125,4106.24658203125
2026-06-23 08:42:00+00:00,23916.25,,69935.53125,23336.279296875,10374.75,24786.58984375,8375.3095703125,4106.24658203125
2026-06-23 08:43:00+00:00,23914.150390625,,69935.53125,23336.279296875,10366.8896484375,24766.009765625,8375.3095703125,4106.24658203125
2026-06-23 08:44:00+00:00,23910.849609375,,69935.53125,23336.279296875,10364.919921875,24768.7890625,8375.3095703125,4106.24658203125
2026-06-23 08:45:00+00:00,23910.19921875,,69935.53125,23336.279296875,10356.6904296875,24749.5390625,8375.3095703125,4106.24658203125
2026-06-23 08:46:00+00:00,23915.30078125,,69935.53125,23336.279296875,10357.5,24753.869140625,8375.3095703125,4106.24658203125
2026-06-23 08:47:00+00:00,23918.150390625,,69935.53125,23336.279296875,10356.080078125,24745.939453125,8375.3095703125,4106.24658203125
2026-06-23 08:48:00+00:00,23910.900390625,,69935.53125,23336.279296875,10354.7197265625,24744.08984375,8375.3095703125,4106.24658203125
2026-06-23 08:49:00+00:00,23897.44921875,,69935.53125,23336.279296875,10357.330078125,24751.439453125,8375.3095703125,4106.24658203125
2026-06-23 08:50:00+00:00,23899.349609375,,69935.53125,23336.279296875,10358.400390625,24748.91015625,8375.3095703125,4106.24658203125
2026-06-23 08:51:00+00:00,23917.150390625,,69935.53125,23336.279296875,10358.6904296875,24755.009765625,8375.3095703125,4106.24658203125
2026-06-23 08:52:00+00:00,23914.25,,69935.53125,23336.279296875,10361.91015625,24763.470703125,8375.3095703125,4106.24658203125
2026-06-23 08:53:00+00:00,23914.30078125,,69935.53125,23336.279296875,10362.349609375,24766.130859375,8375.3095703125,4106.24658203125
2026-06-23 08:54:00+00:00,23917.94921875,,69935.53125,23336.279296875,10364.2099609375,24760.25,8375.3095703125,4106.24658203125
2026-06-23 08:55:00+00:00,23917.19921875,,69935.53125,23336.279296875,10366.41015625,24760.779296875,8375.3095703125,4106.24658203125
2026-06-23 08:56:00+00:00,23917.849609375,,69935.53125,23336.279296875,10367.4501953125,24761.609375,8375.3095703125,4106.24658203125
2026-06-23 08:57:00+00:00,23917.94921875,,69935.53125,23336.279296875,10368.76953125,24757.990234375,8375.3095703125,4106.24658203125
2026-06-23 08:58:00+00:00,23910.80078125,,69935.53125,23336.279296875,10370.8701171875,24761.44921875,8375.3095703125,4106.24658203125
2026-06-23 08:59:00+00:00,23915.80078125,,69935.53125,23336.279296875,10376.4501953125,24772.640625,8375.3095703125,4106.24658203125
2026-06-23 09:00:00+00:00,23918.25,,69935.53125,23336.279296875,10380.6796875,24786.880859375,8375.3095703125,4106.24658203125
2026-06-23 09:01:00+00:00,23913.599609375,,69935.53125,23336.279296875,10381.1796875,24779.859375,8375.3095703125,4106.24658203125
2026-06-23 09:02:00+00:00,23912.900390625,,69935.53125,23336.279296875,10380.9501953125,24776.650390625,8375.3095703125,4106.24658203125
2026-06-23 09:03:00+00:00,23915.05078125,,69935.53125,23336.279296875,10379.3203125,24769.26953125,8375.3095703125,4106.24658203125
2026-06-23 09:04:00+00:00,23914.849609375,,69935.53125,23336.279296875,10378.8896484375,24763.66015625,8375.3095703125,4106.24658203125
2026-06-23 09:05:00+00:00,23908.599609375,,69935.53125,23336.279296875,10381.5595703125,24773.41015625,8375.3095703125,4106.24658203125
2026-06-23 09:06:00+00:00,23916.30078125,,69935.53125,23336.279296875,10382.5595703125,24780.80078125,8375.3095703125,4106.24658203125
2026-06-23 09:07:00+00:00,23909.25,,69935.53125,23336.279296875,10383.2998046875,24770.470703125,8375.3095703125,4106.24658203125
2026-06-23 09:08:00+00:00,23913.349609375,,69935.53125,23336.279296875,10381.400390625,24759.990234375,8375.3095703125,4106.24658203125
2026-06-23 09:09:00+00:00,23911.0,,69935.53125,23336.279296875,10383.669921875,24767.30078125,8375.3095703125,4106.24658203125
2026-06-23 09:10:00+00:00,23902.5,,69935.53125,23336.279296875,10387.51953125,24781.26953125,8375.3095703125,4106.24658203125
2026-06-23 09:11:00+00:00,23918.19921875,,69935.53125,23336.279296875,10384.9296875,24776.439453125,8375.3095703125,4106.24658203125
2026-06-23 09:12:00+00:00,23928.650390625,,69935.53125,23336.279296875,10383.900390625,24775.2890625,8375.3095703125,4106.24658203125
2026-06-23 09:13:00+00:00,23931.94921875,,69935.53125,23336.279296875,10387.830078125,24795.2109375,8375.3095703125,4106.24658203125
2026-06-23 09:14:00+00:00,23927.25,,69935.53125,23336.279296875,10388.6103515625,24794.849609375,8375.3095703125,4106.24658203125
2026-06-23 09:15:00+00:00,23933.099609375,,69935.53125,23336.279296875,10388.1298828125,24802.0703125,8375.3095703125,4106.24658203125
2026-06-23 09:16:00+00:00,23918.94921875,,69935.53125,23336.279296875,10390.3798828125,24799.390625,8375.3095703125,4106.24658203125
2026-06-23 09:17:00+00:00,23920.099609375,,69935.53125,23336.279296875,10390.5703125,24791.44921875,8375.3095703125,4106.24658203125
2026-06-23 09:18:00+00:00,23910.349609375,,69935.53125,23336.279296875,10387.330078125,24778.25,8375.3095703125,4106.24658203125
2026-06-23 09:19:00+00:00,23921.25,,69935.53125,23336.279296875,10388.26953125,24786.19921875,8375.3095703125,4106.24658203125
2026-06-23 09:20:00+00:00,23921.099609375,,69935.53125,23336.279296875,10388.6904296875,24785.51953125,8375.3095703125,4106.24658203125
2026-06-23 09:21:00+00:00,23913.25,,69935.53125,23336.279296875,10388.2099609375,24792.5,8375.3095703125,4106.24658203125
2026-06-23 09:22:00+00:00,23918.69921875,,69935.53125,23336.279296875,10389.849609375,24800.140625,8375.3095703125,4106.24658203125
2026-06-23 09:23:00+00:00,23913.650390625,,69935.53125,23336.279296875,10391.900390625,24807.41015625,8375.3095703125,4106.24658203125
2026-06-23 09:24:00+00:00,23921.19921875,,69935.53125,23336.279296875,10395.1298828125,24812.470703125,8375.3095703125,4106.24658203125
2026-06-23 09:25:00+00:00,23923.650390625,,69935.53125,23336.279296875,10398.1103515625,24814.25,8375.3095703125,4106.24658203125
2026-06-23 09:26:00+00:00,23923.900390625,,69935.53125,23336.279296875,10400.7998046875,24812.41015625,8375.3095703125,4106.24658203125
2026-06-23 09:27:00+00:00,23925.94921875,,69935.53125,23336.279296875,10398.1103515625,24815.509765625,8375.3095703125,4106.24658203125
2026-06-23 09:28:00+00:00,23922.599609375,,69935.53125,23336.279296875,10396.4599609375,24811.259765625,8375.3095703125,4106.24658203125
2026-06-23 09:29:00+00:00,23914.30078125,,69935.53125,23336.279296875,10396.8603515625,24811.91015625,8375.3095703125,4106.24658203125
2026-06-23 09:30:00+00:00,23843.05078125,,69935.53125,23336.279296875,10394.4501953125,24806.83984375,8375.3095703125,4106.24658203125
2026-06-23 09:31:00+00:00,23833.30078125,,69935.53125,23336.279296875,10395.1201171875,24805.2109375,8375.3095703125,4106.24658203125
2026-06-23 09:32:00+00:00,23832.30078125,,69935.53125,23336.279296875,10397.0498046875,24810.05078125,8375.3095703125,4106.24658203125
2026-06-23 09:33:00+00:00,23826.599609375,,69935.53125,23336.279296875,10399.73046875,24817.150390625,8375.3095703125,4106.24658203125
2026-06-23 09:34:00+00:00,23833.94921875,,69935.53125,23336.279296875,10398.490234375,24812.919921875,8375.3095703125,4106.24658203125
2026-06-23 09:35:00+00:00,23846.099609375,,69935.53125,23336.279296875,10397.8095703125,24817.1796875,8375.3095703125,4106.24658203125
2026-06-23 09:36:00+00:00,23846.400390625,,69935.53125,23336.279296875,10396.0302734375,24815.349609375,8375.3095703125,4106.24658203125
2026-06-23 09:37:00+00:00,23846.69921875,,69935.53125,23336.279296875,10395.51953125,24823.5390625,8375.3095703125,4106.24658203125
2026-06-23 09:38:00+00:00,23847.19921875,,69935.53125,23336.279296875,10394.75,24812.560546875,8375.3095703125,4106.24658203125
2026-06-23 09:39:00+00:00,23843.75,,69935.53125,23336.279296875,10392.3896484375,24804.33984375,8375.3095703125,4106.24658203125
2026-06-23 09:40:00+00:00,23836.69921875,,69935.53125,23336.279296875,10390.7998046875,24797.9296875,8375.3095703125,4106.24658203125
2026-06-23 09:41:00+00:00,23844.69921875,,69935.53125,23336.279296875,10392.7802734375,24804.26953125,8375.3095703125,4106.24658203125
2026-06-23 09:42:00+00:00,23831.05078125,,69935.53125,23336.279296875,10393.6396484375,24808.0,8375.3095703125,4106.24658203125
2026-06-23 09:43:00+00:00,23831.25,,69935.53125,23336.279296875,10395.2998046875,24814.099609375,8375.3095703125,4106.24658203125
2026-06-23 09:44:00+00:00,23827.69921875,,69935.53125,23336.279296875,10395.8095703125,24823.5703125,8375.3095703125,4106.24658203125
2026-06-23 09:45:00+00:00,23826.94921875,,69935.53125,23336.279296875,10393.5498046875,24825.44921875,8375.3095703125,4106.24658203125
2026-06-23 09:46:00+00:00,23817.900390625,,69935.53125,23336.279296875,10396.830078125,24832.890625,8375.3095703125,4106.24658203125
2026-06-23 09:47:00+00:00,23816.599609375,,69935.53125,23336.279296875,10396.25,24829.33984375,8375.3095703125,4106.24658203125
2026-06-23 09:48:00+00:00,23804.80078125,,69935.53125,23336.279296875,10396.08984375,24831.939453125,8375.3095703125,4106.24658203125
2026-06-23 09:49:00+00:00,23808.150390625,,69935.53125,23336.279296875,10395.5498046875,24830.640625,8375.3095703125,4106.24658203125
2026-06-23 09:50:00+00:00,23804.69921875,,69935.53125,23336.279296875,10397.150390625,24829.94921875,8375.3095703125,4106.24658203125
2026-06-23 09:51:00+00:00,23805.0,,69935.53125,23336.279296875,10396.83984375,24833.23046875,8375.3095703125,4106.24658203125
2026-06-23 09:52:00+00:00,23807.349609375,,69935.53125,23336.279296875,10398.1201171875,24836.150390625,8375.3095703125,4106.24658203125
2026-06-23 09:53:00+00:00,23797.0,,69935.53125,23336.279296875,10399.8095703125,24840.0703125,8375.3095703125,4106.24658203125
2026-06-23 09:54:00+00:00,23796.150390625,,69935.53125,23336.279296875,10399.2001953125,24838.720703125,8375.3095703125,4106.24658203125
2026-06-23 09:55:00+00:00,23788.349609375,,69935.53125,23336.279296875,10401.3203125,24843.1796875,8375.3095703125,4106.24658203125
2026-06-23 09:56:00+00:00,23791.099609375,,69935.53125,23336.279296875,10400.419921875,24849.609375,8375.3095703125,4106.24658203125
2026-06-23 09:57:00+00:00,23787.05078125,,69935.53125,23336.279296875,10403.4697265625,24855.599609375,8375.3095703125,4106.24658203125
2026-06-23 09:58:00+00:00,23794.099609375,,69935.53125,23336.279296875,10406.240234375,24855.759765625,8375.3095703125,4106.24658203125
2026-06-23 09:59:00+00:00,23795.25,,69935.53125,23336.279296875,10404.240234375,24852.779296875,8375.3095703125,4106.24658203125
2026-06-23 10:00:00+00:00,23795.25,,69935.53125,23336.279296875,10409.4404296875,24862.349609375,8375.3095703125,4106.24658203125
2026-06-23 10:01:00+00:00,23795.25,,69935.53125,23336.279296875,10412.8896484375,24873.0703125,8375.3095703125,4106.24658203125
2026-06-23 10:02:00+00:00,23795.25,,69935.53125,23336.279296875,10413.759765625,24886.650390625,8375.3095703125,4106.24658203125
2026-06-23 10:03:00+00:00,23795.25,,69935.53125,23336.279296875,10412.740234375,24881.169921875,8375.3095703125,4106.24658203125
2026-06-23 10:04:00+00:00,23795.25,,69935.53125,23336.279296875,10412.9697265625,24880.080078125,8375.3095703125,4106.24658203125
2026-06-23 10:05:00+00:00,23795.25,,69935.53125,23336.279296875,10408.4404296875,24876.58984375,8375.3095703125,4106.24658203125
2026-06-23 10:06:00+00:00,23795.25,,69935.53125,23336.279296875,10411.5703125,24880.689453125,8375.3095703125,4106.24658203125
2026-06-23 10:07:00+00:00,23795.25,,69935.53125,23336.279296875,10410.58984375,24874.05078125,8375.3095703125,4106.24658203125
2026-06-23 10:08:00+00:00,23795.25,,69935.53125,23336.279296875,10408.4599609375,24881.560546875,8375.3095703125,4106.24658203125
2026-06-23 10:09:00+00:00,23795.25,,69935.53125,23336.279296875,10406.66015625,24878.400390625,8375.3095703125,4106.24658203125
2026-06-23 10:10:00+00:00,23795.25,,69935.53125,23336.279296875,10406.3603515625,24877.369140625,8375.3095703125,4106.24658203125
2026-06-23 10:11:00+00:00,23795.25,,69935.53125,23336.279296875,10407.2998046875,24876.25,8375.3095703125,4106.24658203125
2026-06-23 10:12:00+00:00,23795.25,,69935.53125,23336.279296875,10407.2802734375,24877.51953125,8375.3095703125,4106.24658203125
2026-06-23 10:13:00+00:00,23795.25,,69935.53125,23336.279296875,10405.419921875,24871.7890625,8375.3095703125,4106.24658203125
2026-06-23 10:14:00+00:00,23795.25,,69935.53125,23336.279296875,10406.6201171875,24873.2109375,8375.3095703125,4106.24658203125
2026-06-23 10:15:00+00:00,23795.25,,69935.53125,23336.279296875,10405.8701171875,24869.7109375,8375.3095703125,4106.24658203125
2026-06-23 10:16:00+00:00,23795.25,,69935.53125,23336.279296875,10408.75,24876.890625,8375.3095703125,4106.24658203125
2026-06-23 10:17:00+00:00,23795.25,,69935.53125,23336.279296875,10412.76953125,24878.26953125,8375.3095703125,4106.24658203125
2026-06-23 10:18:00+00:00,23795.25,,69935.53125,23336.279296875,10411.6796875,24877.41015625,8375.3095703125,4106.24658203125
2026-06-23 10:19:00+00:00,23795.25,,69935.53125,23336.279296875,10411.080078125,24882.720703125,8375.3095703125,4106.24658203125
2026-06-23 10:20:00+00:00,23795.25,,69935.53125,23336.279296875,10413.33984375,24880.91015625,8375.3095703125,4106.24658203125
2026-06-23 10:21:00+00:00,23795.25,,69935.53125,23336.279296875,10418.26953125,24892.580078125,8375.3095703125,4106.24658203125
2026-06-23 10:22:00+00:00,23795.25,,69935.53125,23336.279296875,10419.7998046875,24904.849609375,8375.3095703125,4106.24658203125
2026-06-23 10:23:00+00:00,23795.25,,69935.53125,23336.279296875,10420.080078125,24906.490234375,8375.3095703125,4106.24658203125
2026-06-23 10:24:00+00:00,23795.25,,69935.53125,23336.279296875,10417.48046875,24894.390625,8375.3095703125,4106.24658203125
2026-06-23 10:25:00+00:00,23795.25,,69935.53125,23336.279296875,10416.01953125,24884.580078125,8375.3095703125,4106.24658203125
2026-06-23 10:26:00+00:00,23795.25,,69935.53125,23336.279296875,10415.4404296875,24885.279296875,8375.3095703125,4106.24658203125
2026-06-23 10:27:00+00:00,23795.25,,69935.53125,23336.279296875,10412.9501953125,24881.689453125,8375.3095703125,4106.24658203125
2026-06-23 10:28:00+00:00,23795.25,,69935.53125,23336.279296875,10410.6298828125,24880.189453125,8375.3095703125,4106.24658203125
2026-06-23 10:29:00+00:00,23795.25,,69935.53125,23336.279296875,10411.01953125,24883.4296875,8375.3095703125,4106.24658203125
2026-06-23 10:30:00+00:00,23795.25,,69935.53125,23336.279296875,10408.01953125,24889.25,8375.3095703125,4106.24658203125
2026-06-23 10:31:00+00:00,23795.25,,69935.53125,23336.279296875,10406.1796875,24878.5,8375.3095703125,4106.24658203125
2026-06-23 10:32:00+00:00,23795.25,,69935.53125,23336.279296875,10404.51953125,24872.779296875,8375.3095703125,4106.24658203125
2026-06-23 10:33:00+00:00,23795.25,,69935.53125,23336.279296875,10407.3798828125,24874.80078125,8375.3095703125,4106.24658203125
2026-06-23 10:34:00+00:00,23795.25,,69935.53125,23336.279296875,10404.7197265625,24871.26953125,8375.3095703125,4106.24658203125
2026-06-23 10:35:00+00:00,23795.25,,69935.53125,23336.279296875,10403.8603515625,24866.80078125,8375.3095703125,4106.24658203125
2026-06-23 10:36:00+00:00,23795.25,,69935.53125,23336.279296875,10401.58984375,24860.509765625,8375.3095703125,4106.24658203125
2026-06-23 10:37:00+00:00,23795.25,,69935.53125,23336.279296875,10400.75,24856.619140625,8375.3095703125,4106.24658203125
2026-06-23 10:38:00+00:00,23795.25,,69935.53125,23336.279296875,10399.98046875,24858.3203125,8375.3095703125,4106.24658203125
2026-06-23 10:39:00+00:00,23795.25,,69935.53125,23336.279296875,10403.0,24860.380859375,8375.3095703125,4106.24658203125
2026-06-23 10:40:00+00:00,23795.25,,69935.53125,23336.279296875,10399.9599609375,24852.9609375,8375.3095703125,4106.24658203125
2026-06-23 10:41:00+00:00,23795.25,,69935.53125,23336.279296875,10396.4599609375,24840.650390625,8375.3095703125,4106.24658203125
2026-06-23 10:42:00+00:00,23795.25,,69935.53125,23336.279296875,10396.1796875,24838.609375,8375.3095703125,4106.24658203125
2026-06-23 10:43:00+00:00,23795.25,,69935.53125,23336.279296875,10399.8095703125,24848.009765625,8375.3095703125,4106.24658203125
2026-06-23 10:44:00+00:00,23795.25,,69935.53125,23336.279296875,10399.6396484375,24848.51953125,8375.3095703125,4106.24658203125
2026-06-23 10:45:00+00:00,23795.25,,69935.53125,23336.279296875,10399.599609375,24853.580078125,8375.3095703125,4106.24658203125
2026-06-23 10:46:00+00:00,23795.25,,69935.53125,23336.279296875,10400.099609375,24855.619140625,8375.3095703125,4106.24658203125
2026-06-23 10:47:00+00:00,23795.25,,69935.53125,23336.279296875,10402.330078125,24860.19921875,8375.3095703125,4106.24658203125
2026-06-23 10:48:00+00:00,23795.25,,69935.53125,23336.279296875,10403.66015625,24861.9609375,8375.3095703125,4106.24658203125
2026-06-23 10:49:00+00:00,23795.25,,69935.53125,23336.279296875,10402.509765625,24860.7890625,8375.3095703125,4106.24658203125
2026-06-23 10:50:00+00:00,23795.25,,69935.53125,23336.279296875,10402.5400390625,24860.099609375,8375.3095703125,4106.24658203125
2026-06-23 10:51:00+00:00,23795.25,,69935.53125,23336.279296875,10398.0302734375,24861.119140625,8375.3095703125,4106.24658203125
2026-06-23 10:52:00+00:00,23795.25,,69935.53125,23336.279296875,10393.73046875,24852.73046875,8375.3095703125,4106.24658203125
2026-06-23 10:53:00+00:00,23795.25,,69935.53125,23336.279296875,10393.2001953125,24847.330078125,8375.3095703125,4106.24658203125
2026-06-23 10:54:00+00:00,23795.25,,69935.53125,23336.279296875,10392.330078125,24844.259765625,8375.3095703125,4106.24658203125
2026-06-23 10:55:00+00:00,23795.25,,69935.53125,23336.279296875,10391.740234375,24843.220703125,8375.3095703125,4106.24658203125
2026-06-23 10:56:00+00:00,23795.25,,69935.53125,23336.279296875,10387.9296875,24842.25,8375.3095703125,4106.24658203125
2026-06-23 10:57:00+00:00,23795.25,,69935.53125,23336.279296875,10387.990234375,24846.419921875,8375.3095703125,4106.24658203125
2026-06-23 10:58:00+00:00,23795.25,,69935.53125,23336.279296875,10390.0400390625,24855.369140625,8375.3095703125,4106.24658203125
2026-06-23 10:59:00+00:00,23795.25,,69935.53125,23336.279296875,10389.2099609375,24854.529296875,8375.3095703125,4106.24658203125
2026-06-23 11:00:00+00:00,23795.25,,69935.53125,23336.279296875,10390.150390625,24855.2890625,8375.3095703125,4106.24658203125
2026-06-23 11:01:00+00:00,23795.25,,69935.53125,23336.279296875,10394.3203125,24855.2890625,8375.3095703125,4106.24658203125
2026-06-23 11:02:00+00:00,23795.25,,69935.53125,23336.279296875,10394.5302734375,24870.75,8375.3095703125,4106.24658203125
2026-06-23 11:03:00+00:00,23795.25,,69935.53125,23336.279296875,10396.1904296875,24869.119140625,8375.3095703125,4106.24658203125
2026-06-23 11:04:00+00:00,23795.25,,69935.53125,23336.279296875,10392.8701171875,24862.650390625,8375.3095703125,4106.24658203125
2026-06-23 11:05:00+00:00,23795.25,,69935.53125,23336.279296875,10385.73046875,24843.009765625,8375.3095703125,4106.24658203125
2026-06-23 11:06:00+00:00,23795.25,,69935.53125,23336.279296875,10384.75,24848.740234375,8375.3095703125,4106.24658203125
2026-06-23 11:07:00+00:00,23795.25,,69935.53125,23336.279296875,10384.01953125,24850.609375,8375.3095703125,4106.24658203125
2026-06-23 11:08:00+00:00,23795.25,,69935.53125,23336.279296875,10383.669921875,24843.66015625,8375.3095703125,4106.24658203125
2026-06-23 11:09:00+00:00,23795.25,,69935.53125,23336.279296875,10384.9296875,24846.109375,8375.3095703125,4106.24658203125
2026-06-23 11:10:00+00:00,23795.25,,69935.53125,23336.279296875,10387.0595703125,24850.08984375,8375.3095703125,4106.24658203125
2026-06-23 11:11:00+00:00,23795.25,,69935.53125,23336.279296875,10385.0400390625,24850.669921875,8375.3095703125,4106.24658203125
2026-06-23 11:12:00+00:00,23795.25,,69935.53125,23336.279296875,10386.8798828125,24854.5703125,8375.3095703125,4106.24658203125
2026-06-23 11:13:00+00:00,23795.25,,69935.53125,23336.279296875,10389.2998046875,24857.8203125,8375.3095703125,4106.24658203125
2026-06-23 11:14:00+00:00,23795.25,,69935.53125,23336.279296875,10390.98046875,24865.83984375,8375.3095703125,4106.24658203125
2026-06-23 11:15:00+00:00,23795.25,,69935.53125,23336.279296875,10387.8203125,24860.419921875,8375.3095703125,4106.24658203125
2026-06-23 11:16:00+00:00,23795.25,,69935.53125,23336.279296875,10386.91015625,24855.75,8375.3095703125,4106.24658203125
2026-06-23 11:17:00+00:00,23795.25,,69935.53125,23336.279296875,10383.740234375,24853.9296875,8375.3095703125,4106.24658203125
2026-06-23 11:18:00+00:00,23795.25,,69935.53125,23336.279296875,10384.23046875,24859.529296875,8375.3095703125,4106.24658203125
2026-06-23 11:19:00+00:00,23795.25,,69935.53125,23336.279296875,10384.2001953125,24862.080078125,8375.3095703125,4106.24658203125
2026-06-23 11:20:00+00:00,23795.25,,69935.53125,23336.279296875,10393.5595703125,24904.83984375,8375.3095703125,4106.24658203125
2026-06-23 11:21:00+00:00,23795.25,,69935.53125,23336.279296875,10387.3095703125,24884.880859375,8375.3095703125,4106.24658203125
2026-06-23 11:22:00+00:00,23795.25,,69935.53125,23336.279296875,10387.8701171875,24887.5390625,8375.3095703125,4106.24658203125
2026-06-23 11:23:00+00:00,23795.25,,69935.53125,23336.279296875,10383.98046875,24878.080078125,8375.3095703125,4106.24658203125
2026-06-23 11:24:00+00:00,23795.25,,69935.53125,23336.279296875,10381.73046875,24872.220703125,8375.3095703125,4106.24658203125
2026-06-23 11:25:00+00:00,23795.25,,69935.53125,23336.279296875,10383.650390625,24876.80078125,8375.3095703125,4106.24658203125
2026-06-23 11:26:00+00:00,23795.25,,69935.53125,23336.279296875,10384.080078125,24873.140625,8375.3095703125,4106.24658203125
2026-06-23 11:27:00+00:00,23795.25,,69935.53125,23336.279296875,10385.5595703125,24869.94921875,8375.3095703125,4106.24658203125
2026-06-23 11:28:00+00:00,23795.25,,69935.53125,23336.279296875,10386.0595703125,24869.51953125,8375.3095703125,4106.24658203125
2026-06-23 11:29:00+00:00,23795.25,,69935.53125,23336.279296875,10386.4296875,24868.119140625,8375.3095703125,4106.24658203125
2026-06-23 11:30:00+00:00,23795.25,,69935.53125,23336.279296875,10383.4697265625,24864.029296875,8375.3095703125,4106.24658203125
2026-06-23 11:31:00+00:00,23795.25,,69935.53125,23336.279296875,10383.76953125,24861.279296875,8375.3095703125,4106.24658203125
2026-06-23 11:32:00+00:00,23795.25,,69935.53125,23336.279296875,10383.8203125,24868.3203125,8375.3095703125,4106.24658203125
2026-06-23 11:33:00+00:00,23795.25,,69935.53125,23336.279296875,10383.7900390625,24865.94921875,8375.3095703125,4106.24658203125
2026-06-23 11:34:00+00:00,23795.25,,69935.53125,23336.279296875,10382.830078125,24869.48046875,8375.3095703125,4106.24658203125
2026-06-23 11:35:00+00:00,23795.25,,69935.53125,23336.279296875,10381.169921875,24867.970703125,8375.3095703125,4106.24658203125
2026-06-23 11:36:00+00:00,23795.25,,69935.53125,23336.279296875,10381.5,24867.6796875,8375.3095703125,4106.24658203125
2026-06-23 11:37:00+00:00,23795.25,,69935.53125,23336.279296875,10381.16015625,24864.609375,8375.3095703125,4106.24658203125
2026-06-23 11:38:00+00:00,23795.25,,69935.53125,23336.279296875,10381.599609375,24866.900390625,8375.3095703125,4106.24658203125
2026-06-23 11:39:00+00:00,23795.25,,69935.53125,23336.279296875,10382.8701171875,24870.05078125,8375.3095703125,4106.24658203125
2026-06-23 11:40:00+00:00,23795.25,,69935.53125,23336.279296875,10383.66015625,24880.060546875,8375.3095703125,4106.24658203125
2026-06-23 11:41:00+00:00,23795.25,,69935.53125,23336.279296875,10386.8798828125,24887.599609375,8375.3095703125,4106.24658203125
2026-06-23 11:42:00+00:00,23795.25,,69935.53125,23336.279296875,10387.48046875,24889.439453125,8375.3095703125,4106.24658203125
2026-06-23 11:43:00+00:00,23795.25,,69935.53125,23336.279296875,10390.3798828125,24898.609375,8375.3095703125,4106.24658203125
2026-06-23 11:44:00+00:00,23795.25,,69935.53125,23336.279296875,10394.1396484375,24899.08984375,8375.3095703125,4106.24658203125
2026-06-23 11:45:00+00:00,23795.25,,69935.53125,23336.279296875,10391.48046875,24896.470703125,8375.3095703125,4106.24658203125
2026-06-23 11:46:00+00:00,23795.25,,69935.53125,23336.279296875,10392.2900390625,24895.19921875,8375.3095703125,4106.24658203125
2026-06-23 11:47:00+00:00,23795.25,,69935.53125,23336.279296875,10390.8896484375,24890.509765625,8375.3095703125,4106.24658203125
2026-06-23 11:48:00+00:00,23795.25,,69935.53125,23336.279296875,10389.6103515625,24892.240234375,8375.3095703125,4106.24658203125
2026-06-23 11:49:00+00:00,23795.25,,69935.53125,23336.279296875,10391.6201171875,24896.140625,8375.3095703125,4106.24658203125
2026-06-23 11:50:00+00:00,23795.25,,69935.53125,23336.279296875,10390.08984375,24897.560546875,8375.3095703125,4106.24658203125
2026-06-23 11:51:00+00:00,23795.25,,69935.53125,23336.279296875,10386.83984375,24891.650390625,8375.3095703125,4106.24658203125
2026-06-23 11:52:00+00:00,23795.25,,69935.53125,23336.279296875,10389.7998046875,24900.30078125,8375.3095703125,4106.24658203125
2026-06-23 11:53:00+00:00,23795.25,,69935.53125,23336.279296875,10391.650390625,24901.490234375,8375.3095703125,4106.24658203125
2026-06-23 11:54:00+00:00,23795.25,,69935.53125,23336.279296875,10393.0302734375,24906.279296875,8375.3095703125,4106.24658203125
2026-06-23 11:55:00+00:00,23795.25,,69935.53125,23336.279296875,10394.25,24906.16015625,8375.3095703125,4106.24658203125
2026-06-23 11:56:00+00:00,23795.25,,69935.53125,23336.279296875,10396.080078125,24912.7890625,8375.3095703125,4106.24658203125
2026-06-23 11:57:00+00:00,23795.25,,69935.53125,23336.279296875,10393.330078125,24908.76953125,8375.3095703125,4106.24658203125
2026-06-23 11:58:00+00:00,23795.25,,69935.53125,23336.279296875,10392.76953125,24906.41015625,8375.3095703125,4106.24658203125
2026-06-23 11:59:00+00:00,23795.25,,69935.53125,23336.279296875,10392.01953125,24903.509765625,8375.3095703125,4106.24658203125
2026-06-23 12:00:00+00:00,23795.25,,69935.53125,23336.279296875,10390.4501953125,24897.349609375,8375.3095703125,4106.24658203125
2026-06-23 12:01:00+00:00,23795.25,,69935.53125,23336.279296875,10390.7197265625,24900.30078125,8375.3095703125,4106.24658203125
2026-06-23 12:02:00+00:00,23795.25,,69935.53125,23336.279296875,10389.919921875,24901.419921875,8375.3095703125,4106.24658203125
2026-06-23 12:03:00+00:00,23795.25,,69935.53125,23336.279296875,10389.6201171875,24894.76953125,8375.3095703125,4106.24658203125
2026-06-23 12:04:00+00:00,23795.25,,69935.53125,23336.279296875,10388.9404296875,24896.48046875,8375.3095703125,4106.24658203125
2026-06-23 12:05:00+00:00,23795.25,,69935.53125,23336.279296875,10387.2998046875,24901.08984375,8375.3095703125,4106.24658203125
2026-06-23 12:06:00+00:00,23795.25,,69935.53125,23336.279296875,10388.6103515625,24907.169921875,8375.3095703125,4106.24658203125
2026-06-23 12:07:00+00:00,23795.25,,69935.53125,23336.279296875,10388.6298828125,24906.810546875,8375.3095703125,4106.24658203125
2026-06-23 12:08:00+00:00,23795.25,,69935.53125,23336.279296875,10390.259765625,24914.359375,8375.3095703125,4106.24658203125
2026-06-23 12:09:00+00:00,23795.25,,69935.53125,23336.279296875,10390.4599609375,24915.099609375,8375.3095703125,4106.24658203125
2026-06-23 12:10:00+00:00,23795.25,,69935.53125,23336.279296875,10393.1103515625,24917.009765625,8375.3095703125,4106.24658203125
2026-06-23 12:11:00+00:00,23795.25,,69935.53125,23336.279296875,10395.1201171875,24906.439453125,8375.3095703125,4106.24658203125
2026-06-23 12:12:00+00:00,23795.25,,69935.53125,23336.279296875,10393.009765625,24903.880859375,8375.3095703125,4106.24658203125
2026-06-23 12:13:00+00:00,23795.25,,69935.53125,23336.279296875,10393.33984375,24904.140625,8375.3095703125,4106.24658203125
2026-06-23 12:14:00+00:00,23795.25,,69935.53125,23336.279296875,10393.3095703125,24905.619140625,8375.3095703125,4106.24658203125
2026-06-23 12:15:00+00:00,23795.25,,69935.53125,23336.279296875,10393.16015625,24909.060546875,8375.3095703125,4106.24658203125
2026-06-23 12:16:00+00:00,23795.25,,69935.53125,23336.279296875,10394.1396484375,24905.2890625,8375.3095703125,4106.24658203125
2026-06-23 12:17:00+00:00,23795.25,,69935.53125,23336.279296875,10392.2001953125,24894.5,8375.3095703125,4106.24658203125
2026-06-23 12:18:00+00:00,23795.25,,69935.53125,23336.279296875,10392.7900390625,24897.7890625,8375.3095703125,4106.24658203125
2026-06-23 12:19:00+00:00,23795.25,,69935.53125,23336.279296875,10396.1103515625,24906.130859375,8375.3095703125,4106.24658203125
2026-06-23 12:20:00+00:00,23795.25,,69935.53125,23336.279296875,10395.5595703125,24900.400390625,8375.3095703125,4106.24658203125
2026-06-23 12:21:00+00:00,23795.25,,69935.53125,23336.279296875,10394.5302734375,24892.849609375,8375.3095703125,4106.24658203125
2026-06-23 12:22:00+00:00,23795.25,,69935.53125,23336.279296875,10391.83984375,24882.560546875,8375.3095703125,4106.24658203125
2026-06-23 12:23:00+00:00,23795.25,,69935.53125,23336.279296875,10392.900390625,24880.05078125,8375.3095703125,4106.24658203125
2026-06-23 12:24:00+00:00,23795.25,,69935.53125,23336.279296875,10395.169921875,24883.169921875,8375.3095703125,4106.24658203125
2026-06-23 12:25:00+00:00,23795.25,,69935.53125,23336.279296875,10393.6396484375,24876.279296875,8375.3095703125,4106.24658203125
2026-06-23 12:26:00+00:00,23795.25,,69935.53125,23336.279296875,10395.169921875,24877.51953125,8375.3095703125,4106.24658203125
2026-06-23 12:27:00+00:00,23795.25,,69935.53125,23336.279296875,10395.9296875,24884.7109375,8375.3095703125,4106.24658203125
2026-06-23 12:28:00+00:00,23795.25,,69935.53125,23336.279296875,10397.7802734375,24888.25,8375.3095703125,4106.24658203125
2026-06-23 12:29:00+00:00,23795.25,,69935.53125,23336.279296875,10397.240234375,24889.560546875,8375.3095703125,4106.24658203125
2026-06-23 12:30:00+00:00,23795.25,,69935.53125,23336.279296875,10397.0400390625,24892.0703125,8375.3095703125,4106.24658203125
2026-06-23 12:31:00+00:00,23795.25,,69935.53125,23336.279296875,10394.5595703125,24886.7890625,8375.3095703125,4106.24658203125
2026-06-23 12:32:00+00:00,23795.25,,69935.53125,23336.279296875,10390.5595703125,24872.7109375,8375.3095703125,4106.24658203125
2026-06-23 12:33:00+00:00,23795.25,,69935.53125,23336.279296875,10389.4599609375,24865.48046875,8375.3095703125,4106.24658203125
2026-06-23 12:34:00+00:00,23795.25,,69935.53125,23336.279296875,10393.1396484375,24864.970703125,8375.3095703125,4106.24658203125
2026-06-23 12:35:00+00:00,23795.25,,69935.53125,23336.279296875,10391.01953125,24862.580078125,8375.3095703125,4106.24658203125
2026-06-23 12:36:00+00:00,23795.25,,69935.53125,23336.279296875,10394.01953125,24869.359375,8375.3095703125,4106.24658203125
2026-06-23 12:37:00+00:00,23795.25,,69935.53125,23336.279296875,10392.490234375,24871.4296875,8375.3095703125,4106.24658203125
2026-06-23 12:38:00+00:00,23795.25,,69935.53125,23336.279296875,10393.01953125,24876.740234375,8375.3095703125,4106.24658203125
2026-06-23 12:39:00+00:00,23795.25,,69935.53125,23336.279296875,10395.0498046875,24885.779296875,8375.3095703125,4106.24658203125
2026-06-23 12:40:00+00:00,23795.25,,69935.53125,23336.279296875,10394.099609375,24887.310546875,8375.3095703125,4106.24658203125
2026-06-23 12:41:00+00:00,23795.25,,69935.53125,23336.279296875,10398.6904296875,24905.599609375,8375.3095703125,4106.24658203125
2026-06-23 12:42:00+00:00,23795.25,,69935.53125,23336.279296875,10402.33984375,24910.3203125,8375.3095703125,4106.24658203125
2026-06-23 12:43:00+00:00,23795.25,,69935.53125,23336.279296875,10403.1904296875,24910.98046875,8375.3095703125,4106.24658203125
2026-06-23 12:44:00+00:00,23795.25,,69935.53125,23336.279296875,10405.7802734375,24912.880859375,8375.3095703125,4106.24658203125
2026-06-23 12:45:00+00:00,23795.25,,69935.53125,23336.279296875,10403.0595703125,24919.490234375,8375.3095703125,4106.24658203125
2026-06-23 12:46:00+00:00,23795.25,,69935.53125,23336.279296875,10400.9404296875,24909.859375,8375.3095703125,4106.24658203125
2026-06-23 12:47:00+00:00,23795.25,,69935.53125,23336.279296875,10399.3203125,24901.26953125,8375.3095703125,4106.24658203125
2026-06-23 12:48:00+00:00,23795.25,,69935.53125,23336.279296875,10402.3701171875,24901.029296875,8375.3095703125,4106.24658203125
2026-06-23 12:49:00+00:00,23795.25,,69935.53125,23336.279296875,10401.7099609375,24904.900390625,8375.3095703125,4106.24658203125
2026-06-23 12:50:00+00:00,23795.25,,69935.53125,23336.279296875,10399.0498046875,24906.140625,8375.3095703125,4106.24658203125
2026-06-23 12:51:00+00:00,23795.25,,69935.53125,23336.279296875,10398.1796875,24906.740234375,8375.3095703125,4106.24658203125
2026-06-23 12:52:00+00:00,23795.25,,69935.53125,23336.279296875,10398.75,24906.189453125,8375.3095703125,4106.24658203125
2026-06-23 12:53:00+00:00,23795.25,,69935.53125,23336.279296875,10394.919921875,24896.080078125,8375.3095703125,4106.24658203125
2026-06-23 12:54:00+00:00,23795.25,,69935.53125,23336.279296875,10393.2099609375,24894.26953125,8375.3095703125,4106.24658203125
2026-06-23 12:55:00+00:00,23795.25,,69935.53125,23336.279296875,10393.900390625,24899.080078125,8375.3095703125,4106.24658203125
2026-06-23 12:56:00+00:00,23795.25,,69935.53125,23336.279296875,10394.7099609375,24905.98046875,8375.3095703125,4106.24658203125
2026-06-23 12:57:00+00:00,23795.25,,69935.53125,23336.279296875,10394.6103515625,24906.19921875,8375.3095703125,4106.24658203125
2026-06-23 12:58:00+00:00,23795.25,,69935.53125,23336.279296875,10395.5400390625,24903.7109375,8375.3095703125,4106.24658203125
2026-06-23 12:59:00+00:00,23795.25,,69935.53125,23336.279296875,10396.16015625,24905.8203125,8375.3095703125,4106.24658203125
2026-06-23 13:00:00+00:00,23795.25,,69935.53125,23336.279296875,10391.0,24890.779296875,8375.3095703125,4106.24658203125
2026-06-23 13:01:00+00:00,23795.25,,69935.53125,23336.279296875,10391.330078125,24887.580078125,8375.3095703125,4106.24658203125
2026-06-23 13:02:00+00:00,23795.25,,69935.53125,23336.279296875,10391.26953125,24888.66015625,8375.3095703125,4106.24658203125
2026-06-23 13:03:00+00:00,23795.25,,69935.53125,23336.279296875,10391.66015625,24886.580078125,8375.3095703125,4106.24658203125
2026-06-23 13:04:00+00:00,23795.25,,69935.53125,23336.279296875,10390.330078125,24890.369140625,8375.3095703125,4106.24658203125
2026-06-23 13:05:00+00:00,23795.25,,69935.53125,23336.279296875,10389.8798828125,24888.4609375,8375.3095703125,4106.24658203125
2026-06-23 13:06:00+00:00,23795.25,,69935.53125,23336.279296875,10389.48046875,24885.849609375,8375.3095703125,4106.24658203125
2026-06-23 13:07:00+00:00,23795.25,,69935.53125,23336.279296875,10387.330078125,24876.810546875,8375.3095703125,4106.24658203125
2026-06-23 13:08:00+00:00,23795.25,,69935.53125,23336.279296875,10386.1396484375,24873.970703125,8375.3095703125,4106.24658203125
2026-06-23 13:09:00+00:00,23795.25,,69935.53125,23336.279296875,10387.2802734375,24876.009765625,8375.3095703125,4106.24658203125
2026-06-23 13:10:00+00:00,23795.25,,69935.53125,23336.279296875,10388.4404296875,24881.810546875,8375.3095703125,4106.24658203125
2026-06-23 13:11:00+00:00,23795.25,,69935.53125,23336.279296875,10390.830078125,24884.150390625,8375.3095703125,4106.24658203125
2026-06-23 13:12:00+00:00,23795.25,,69935.53125,23336.279296875,10392.16015625,24884.650390625,8375.3095703125,4106.24658203125
2026-06-23 13:13:00+00:00,23795.25,,69935.53125,23336.279296875,10391.509765625,24888.30078125,8375.3095703125,4106.24658203125
2026-06-23 13:14:00+00:00,23795.25,,69935.53125,23336.279296875,10390.490234375,24882.099609375,8375.3095703125,4106.24658203125
2026-06-23 13:15:00+00:00,23795.25,,69935.53125,23336.279296875,10392.080078125,24883.98046875,8375.3095703125,4106.24658203125
2026-06-23 13:16:00+00:00,23795.25,,69935.53125,23336.279296875,10392.3896484375,24881.640625,8375.3095703125,4106.24658203125
2026-06-23 13:17:00+00:00,23795.25,,69935.53125,23336.279296875,10392.490234375,24885.720703125,8375.3095703125,4106.24658203125
2026-06-23 13:18:00+00:00,23795.25,,69935.53125,23336.279296875,10395.240234375,24884.05078125,8375.3095703125,4106.24658203125
2026-06-23 13:19:00+00:00,23795.25,,69935.53125,23336.279296875,10395.6796875,24882.26953125,8375.3095703125,4106.24658203125
2026-06-23 13:20:00+00:00,23795.25,,69935.53125,23336.279296875,10395.4404296875,24882.08984375,8375.3095703125,4106.24658203125
2026-06-23 13:21:00+00:00,23795.25,,69935.53125,23336.279296875,10395.1904296875,24881.75,8375.3095703125,4106.24658203125
2026-06-23 13:22:00+00:00,23795.25,,69935.53125,23336.279296875,10394.400390625,24878.5,8375.3095703125,4106.24658203125
2026-06-23 13:23:00+00:00,23795.25,,69935.53125,23336.279296875,10400.9296875,24888.9296875,8375.3095703125,4106.24658203125
2026-06-23 13:24:00+00:00,23795.25,,69935.53125,23336.279296875,10400.0302734375,24880.91015625,8375.3095703125,4106.24658203125
2026-06-23 13:25:00+00:00,23795.25,,69935.53125,23336.279296875,10399.2001953125,24870.41015625,8375.3095703125,4106.24658203125
2026-06-23 13:26:00+00:00,23795.25,,69935.53125,23336.279296875,10400.349609375,24869.01953125,8375.3095703125,4106.24658203125
2026-06-23 13:27:00+00:00,23795.25,,69935.53125,23336.279296875,10402.01953125,24872.19921875,8375.3095703125,4106.24658203125
2026-06-23 13:28:00+00:00,23795.25,,69935.53125,23336.279296875,10400.009765625,24865.390625,8375.3095703125,4106.24658203125
2026-06-23 13:29:00+00:00,23795.25,,69935.53125,23336.279296875,10404.9501953125,24866.98046875,8375.3095703125,4106.24658203125
2026-06-23 13:30:00+00:00,23795.25,7351.72998046875,69935.53125,23336.279296875,10406.7099609375,24861.720703125,8375.3095703125,4106.24658203125
2026-06-23 13:31:00+00:00,23795.25,7360.93994140625,69935.53125,23336.279296875,10419.099609375,24894.349609375,8375.3095703125,4106.24658203125
2026-06-23 13:32:00+00:00,23795.25,7363.77001953125,69935.53125,23336.279296875,10421.0595703125,24901.859375,8375.3095703125,4106.24658203125
2026-06-23 13:33:00+00:00,23795.25,7358.5,69935.53125,23336.279296875,10421.400390625,24894.720703125,8375.3095703125,4106.24658203125
2026-06-23 13:34:00+00:00,23795.25,7365.2099609375,69935.53125,23336.279296875,10418.5595703125,24889.400390625,8375.3095703125,4106.24658203125
2026-06-23 13:35:00+00:00,23795.25,7355.14013671875,69935.53125,23336.279296875,10414.01953125,24880.330078125,8375.3095703125,4106.24658203125
2026-06-23 13:36:00+00:00,23795.25,7352.259765625,69935.53125,23336.279296875,10417.990234375,24870.400390625,8375.3095703125,4106.24658203125
2026-06-23 13:37:00+00:00,23795.25,7357.06982421875,69935.53125,23336.279296875,10417.169921875,24868.48046875,8375.3095703125,4106.24658203125
2026-06-23 13:38:00+00:00,23795.25,7364.93017578125,69935.53125,23336.279296875,10412.9599609375,24868.130859375,8375.3095703125,4106.24658203125
2026-06-23 13:39:00+00:00,23795.25,7371.56005859375,69935.53125,23336.279296875,10414.240234375,24880.140625,8375.3095703125,4106.24658203125
2026-06-23 13:40:00+00:00,23795.25,7374.60986328125,69935.53125,23336.279296875,10415.8603515625,24879.3203125,8375.3095703125,4106.24658203125
2026-06-23 13:41:00+00:00,23795.25,7374.419921875,69935.53125,23336.279296875,10418.73046875,24882.330078125,8375.3095703125,4106.24658203125
2026-06-23 13:42:00+00:00,23795.25,7380.43017578125,69935.53125,23336.279296875,10421.240234375,24893.44921875,8375.3095703125,4106.24658203125
2026-06-23 13:43:00+00:00,23795.25,7374.72021484375,69935.53125,23336.279296875,10420.009765625,24889.970703125,8375.3095703125,4106.24658203125
2026-06-23 13:44:00+00:00,23795.25,7376.6298828125,69935.53125,23336.279296875,10421.5498046875,24889.83984375,8375.3095703125,4106.24658203125
2026-06-23 13:45:00+00:00,23795.25,7379.02978515625,69935.53125,23336.279296875,10422.599609375,24885.029296875,8375.3095703125,4106.24658203125
2026-06-23 13:46:00+00:00,23795.25,7379.39013671875,69935.53125,23336.279296875,10421.73046875,24879.150390625,8375.3095703125,4106.24658203125
2026-06-23 13:47:00+00:00,23795.25,7387.41015625,69935.53125,23336.279296875,10420.8603515625,24886.2890625,8375.3095703125,4106.24658203125
2026-06-23 13:48:00+00:00,23795.25,7394.43017578125,69935.53125,23336.279296875,10429.759765625,24915.439453125,8375.3095703125,4106.24658203125
2026-06-23 13:49:00+00:00,23795.25,7391.16015625,69935.53125,23336.279296875,10432.0302734375,24909.390625,8375.3095703125,4106.24658203125
2026-06-23 13:50:00+00:00,23795.25,7395.740234375,69935.53125,23336.279296875,10438.2001953125,24921.109375,8375.3095703125,4106.24658203125
2026-06-23 13:51:00+00:00,23795.25,7396.919921875,69935.53125,23336.279296875,10436.98046875,24919.419921875,8375.3095703125,4106.24658203125
2026-06-23 13:52:00+00:00,23795.25,7398.5,69935.53125,23336.279296875,10436.599609375,24919.169921875,8375.3095703125,4106.24658203125
2026-06-23 13:53:00+00:00,23795.25,7396.7099609375,69935.53125,23336.279296875,10441.009765625,24917.060546875,8375.3095703125,4106.24658203125
2026-06-23 13:54:00+00:00,23795.25,7394.41015625,69935.53125,23336.279296875,10445.240234375,24924.1796875,8375.3095703125,4106.24658203125
2026-06-23 13:55:00+00:00,23795.25,7393.64013671875,69935.53125,23336.279296875,10446.849609375,24924.970703125,8375.3095703125,4106.24658203125
2026-06-23 13:56:00+00:00,23795.25,7392.0,69935.53125,23336.279296875,10442.73046875,24923.2890625,8375.3095703125,4106.24658203125
2026-06-23 13:57:00+00:00,23795.25,7396.85986328125,69935.53125,23336.279296875,10443.5703125,24938.25,8375.3095703125,4106.24658203125
2026-06-23 13:58:00+00:00,23795.25,7396.52001953125,69935.53125,23336.279296875,10441.2900390625,24932.009765625,8375.3095703125,4106.24658203125
2026-06-23 13:59:00+00:00,23795.25,7399.4501953125,69935.53125,23336.279296875,10443.9296875,24942.130859375,8375.3095703125,4106.24658203125
2026-06-23 14:00:00+00:00,23795.25,7402.4501953125,69935.53125,23336.279296875,10442.0703125,24940.2890625,8375.3095703125,4106.24658203125
2026-06-23 14:01:00+00:00,23795.25,7407.419921875,69935.53125,23336.279296875,10444.8203125,24952.529296875,8375.3095703125,4106.24658203125
2026-06-23 14:02:00+00:00,23795.25,7407.27001953125,69935.53125,23336.279296875,10443.990234375,24948.01953125,8375.3095703125,4106.24658203125
2026-06-23 14:03:00+00:00,23795.25,7405.75,69935.53125,23336.279296875,10449.0400390625,24951.9296875,8375.3095703125,4106.24658203125
2026-06-23 14:04:00+00:00,23795.25,7407.81982421875,69935.53125,23336.279296875,10453.1201171875,24956.490234375,8375.3095703125,4106.24658203125
2026-06-23 14:05:00+00:00,23795.25,7406.8701171875,69935.53125,23336.279296875,10450.4501953125,24950.44921875,8375.3095703125,4106.24658203125
2026-06-23 14:06:00+00:00,23795.25,7407.75,69935.53125,23336.279296875,10451.5595703125,24945.029296875,8375.3095703125,4106.24658203125
2026-06-23 14:07:00+00:00,23795.25,7407.47998046875,69935.53125,23336.279296875,10451.5400390625,24953.140625,8375.3095703125,4106.24658203125
2026-06-23 14:08:00+00:00,23795.25,7404.93994140625,69935.53125,23336.279296875,10453.7099609375,24953.05078125,8375.3095703125,4106.24658203125
2026-06-23 14:09:00+00:00,23795.25,7411.509765625,69935.53125,23336.279296875,10454.4501953125,24966.75,8375.3095703125,4106.24658203125
2026-06-23 14:10:00+00:00,23795.25,7410.93994140625,69935.53125,23336.279296875,10455.1201171875,24965.2890625,8375.3095703125,4106.24658203125
2026-06-23 14:11:00+00:00,23795.25,7410.5,69935.53125,23336.279296875,10452.5400390625,24963.26953125,8375.3095703125,4106.24658203125
2026-06-23 14:12:00+00:00,23795.25,7415.509765625,69935.53125,23336.279296875,10452.3701171875,24964.25,8375.3095703125,4106.24658203125
2026-06-23 14:13:00+00:00,23795.25,7416.18017578125,69935.53125,23336.279296875,10449.3095703125,24959.419921875,8375.3095703125,4106.24658203125
2026-06-23 14:14:00+00:00,23795.25,7417.60009765625,69935.53125,23336.279296875,10450.7099609375,24970.310546875,8375.3095703125,4106.24658203125
2026-06-23 14:15:00+00:00,23795.25,7414.4501953125,69935.53125,23336.279296875,10454.01953125,24973.83984375,8375.3095703125,4106.24658203125
2026-06-23 14:16:00+00:00,23795.25,7419.1201171875,69935.53125,23336.279296875,10452.7900390625,24985.58984375,8375.3095703125,4106.24658203125
2026-06-23 14:17:00+00:00,23795.25,7415.6201171875,69935.53125,23336.279296875,10451.98046875,24970.740234375,8375.3095703125,4106.24658203125
2026-06-23 14:18:00+00:00,23795.25,7417.68994140625,69935.53125,23336.279296875,10451.6796875,24973.939453125,8375.3095703125,4106.24658203125
2026-06-23 14:19:00+00:00,23795.25,7420.06005859375,69935.53125,23336.279296875,10453.400390625,24975.330078125,8375.3095703125,4106.24658203125
2026-06-23 14:20:00+00:00,23795.25,7421.18994140625,69935.53125,23336.279296875,10455.580078125,24978.029296875,8375.3095703125,4106.24658203125
2026-06-23 14:21:00+00:00,23795.25,7416.9501953125,69935.53125,23336.279296875,10452.2099609375,24972.259765625,8375.3095703125,4106.24658203125
2026-06-23 14:22:00+00:00,23795.25,7413.4599609375,69935.53125,23336.279296875,10450.91015625,24973.4609375,8375.3095703125,4106.24658203125
2026-06-23 14:23:00+00:00,23795.25,7420.6298828125,69935.53125,23336.279296875,10457.1796875,24987.80078125,8375.3095703125,4106.24658203125
2026-06-23 14:24:00+00:00,23795.25,7416.72998046875,69935.53125,23336.279296875,10455.080078125,24975.859375,8375.3095703125,4106.24658203125
2026-06-23 14:25:00+00:00,23795.25,7415.47021484375,69935.53125,23336.279296875,10454.5498046875,24975.51953125,8375.3095703125,4106.24658203125
2026-06-23 14:26:00+00:00,23795.25,7413.14013671875,69935.53125,23336.279296875,10451.58984375,24970.48046875,8375.3095703125,4106.24658203125
2026-06-23 14:27:00+00:00,23795.25,7411.6201171875,69935.53125,23336.279296875,10451.9501953125,24967.849609375,8375.3095703125,4106.24658203125
2026-06-23 14:28:00+00:00,23795.25,7415.10009765625,69935.53125,23336.279296875,10457.1201171875,24975.619140625,8375.3095703125,4106.24658203125
2026-06-23 14:29:00+00:00,23795.25,7417.41015625,69935.53125,23336.279296875,10458.009765625,24980.2109375,8375.3095703125,4106.24658203125
2026-06-23 14:30:00+00:00,23795.25,7412.85986328125,69935.53125,23336.279296875,10453.7900390625,24964.890625,8375.3095703125,4106.24658203125
2026-06-23 14:31:00+00:00,23795.25,7408.75,69935.53125,23336.279296875,10452.51953125,24960.779296875,8375.3095703125,4106.24658203125
2026-06-23 14:32:00+00:00,23795.25,7407.1298828125,69935.53125,23336.279296875,10449.400390625,24951.51953125,8375.3095703125,4106.24658203125
2026-06-23 14:33:00+00:00,23795.25,7411.25,69935.53125,23336.279296875,10447.6796875,24949.05078125,8375.3095703125,4106.24658203125
2026-06-23 14:34:00+00:00,23795.25,7410.240234375,69935.53125,23336.279296875,10446.9501953125,24943.400390625,8375.3095703125,4106.24658203125
2026-06-23 14:35:00+00:00,23795.25,7408.080078125,69935.53125,23336.279296875,10444.669921875,24950.859375,8375.3095703125,4106.24658203125
2026-06-23 14:36:00+00:00,23795.25,7413.919921875,69935.53125,23336.279296875,10445.6796875,24955.0703125,8375.3095703125,4106.24658203125
2026-06-23 14:37:00+00:00,23795.25,7414.14013671875,69935.53125,23336.279296875,10447.76953125,24954.689453125,8375.3095703125,4106.24658203125
2026-06-23 14:38:00+00:00,23795.25,7406.919921875,69935.53125,23336.279296875,10446.2197265625,24942.359375,8375.3095703125,4106.24658203125
2026-06-23 14:39:00+00:00,23795.25,7404.759765625,69935.53125,23336.279296875,10449.3701171875,24944.650390625,8375.3095703125,4106.24658203125
2026-06-23 14:40:00+00:00,23795.25,7403.64013671875,69935.53125,23336.279296875,10449.6298828125,24943.529296875,8375.3095703125,4106.24658203125
2026-06-23 14:41:00+00:00,23795.25,7403.68017578125,69935.53125,23336.279296875,10449.849609375,24938.8203125,8375.3095703125,4106.24658203125
2026-06-23 14:42:00+00:00,23795.25,7406.240234375,69935.53125,23336.279296875,10450.41015625,24935.66015625,8375.3095703125,4106.24658203125
2026-06-23 14:43:00+00:00,23795.25,7407.259765625,69935.53125,23336.279296875,10457.76953125,24955.990234375,8375.3095703125,4106.24658203125
2026-06-23 14:44:00+00:00,23795.25,7401.2001953125,69935.53125,23336.279296875,10453.73046875,24952.609375,8375.3095703125,4106.24658203125
2026-06-23 14:45:00+00:00,23795.25,7399.080078125,69935.53125,23336.279296875,10451.9404296875,24947.0,8375.3095703125,4106.24658203125
2026-06-23 14:46:00+00:00,23795.25,7397.66015625,69935.53125,23336.279296875,10449.6796875,24940.73046875,8375.3095703125,4106.24658203125
2026-06-23 14:47:00+00:00,23795.25,7396.0498046875,69935.53125,23336.279296875,10448.509765625,24927.490234375,8375.3095703125,4106.24658203125
2026-06-23 14:48:00+00:00,23795.25,7400.009765625,69935.53125,23336.279296875,10453.8095703125,24930.48046875,8375.3095703125,4106.24658203125
2026-06-23 14:49:00+00:00,23795.25,7400.93017578125,69935.53125,23336.279296875,10455.6904296875,24933.240234375,8375.3095703125,4106.24658203125
2026-06-23 14:50:00+00:00,23795.25,7403.02978515625,69935.53125,23336.279296875,10454.330078125,24937.279296875,8375.3095703125,4106.24658203125
2026-06-23 14:51:00+00:00,23795.25,7404.85009765625,69935.53125,23336.279296875,10456.1796875,24945.380859375,8375.3095703125,4106.24658203125
2026-06-23 14:52:00+00:00,23795.25,7401.41015625,69935.53125,23336.279296875,10457.66015625,24959.419921875,8375.3095703125,4106.24658203125
2026-06-23 14:53:00+00:00,23795.25,7398.3701171875,69935.53125,23336.279296875,10459.3603515625,24946.529296875,8375.3095703125,4106.24658203125
2026-06-23 14:54:00+00:00,23795.25,7399.580078125,69935.53125,23336.279296875,10459.259765625,24947.859375,8375.3095703125,4106.24658203125
2026-06-23 14:55:00+00:00,23795.25,7396.169921875,69935.53125,23336.279296875,10457.8095703125,24944.16015625,8375.3095703125,4106.24658203125
2026-06-23 14:56:00+00:00,23795.25,7395.169921875,69935.53125,23336.279296875,10456.91015625,24943.310546875,8375.3095703125,4106.24658203125
2026-06-23 14:57:00+00:00,23795.25,7398.77001953125,69935.53125,23336.279296875,10457.099609375,24955.30078125,8375.3095703125,4106.24658203125
2026-06-23 14:58:00+00:00,23795.25,7395.419921875,69935.53125,23336.279296875,10456.0703125,24954.330078125,8375.3095703125,4106.24658203125
2026-06-23 14:59:00+00:00,23795.25,7397.47021484375,69935.53125,23336.279296875,10456.2197265625,24954.7109375,8375.3095703125,4106.24658203125
2026-06-23 15:00:00+00:00,23795.25,7398.33984375,69935.53125,23336.279296875,10454.0400390625,24961.8203125,8375.3095703125,4106.24658203125
2026-06-23 15:01:00+00:00,23795.25,7398.009765625,69935.53125,23336.279296875,10457.1904296875,24961.650390625,8375.3095703125,4106.24658203125
2026-06-23 15:02:00+00:00,23795.25,7395.3701171875,69935.53125,23336.279296875,10461.9599609375,24970.369140625,8375.3095703125,4106.24658203125
2026-06-23 15:03:00+00:00,23795.25,7393.85009765625,69935.53125,23336.279296875,10459.8798828125,24963.890625,8375.3095703125,4106.24658203125
2026-06-23 15:04:00+00:00,23795.25,7393.3798828125,69935.53125,23336.279296875,10459.6103515625,24967.44921875,8375.3095703125,4106.24658203125
2026-06-23 15:05:00+00:00,23795.25,7388.490234375,69935.53125,23336.279296875,10459.7001953125,24955.580078125,8375.3095703125,4106.24658203125
2026-06-23 15:06:00+00:00,23795.25,7387.0400390625,69935.53125,23336.279296875,10458.919921875,24960.609375,8375.3095703125,4106.24658203125
2026-06-23 15:07:00+00:00,23795.25,7387.740234375,69935.53125,23336.279296875,10458.2802734375,24953.0390625,8375.3095703125,4106.24658203125
2026-06-23 15:08:00+00:00,23795.25,7385.8701171875,69935.53125,23336.279296875,10456.8798828125,24956.7109375,8375.3095703125,4106.24658203125
2026-06-23 15:09:00+00:00,23795.25,7387.5,69935.53125,23336.279296875,10459.759765625,24970.529296875,8375.3095703125,4106.24658203125
2026-06-23 15:10:00+00:00,23795.25,7386.77001953125,69935.53125,23336.279296875,10459.7900390625,24970.33984375,8375.3095703125,4106.24658203125
2026-06-23 15:11:00+00:00,23795.25,7387.02978515625,69935.53125,23336.279296875,10459.349609375,24965.380859375,8375.3095703125,4106.24658203125
2026-06-23 15:12:00+00:00,23795.25,7389.77001953125,69935.53125,23336.279296875,10459.3798828125,24970.7890625,8375.3095703125,4106.24658203125
2026-06-23 15:13:00+00:00,23795.25,7386.830078125,69935.53125,23336.279296875,10457.2900390625,24961.919921875,8375.3095703125,4106.24658203125
2026-06-23 15:14:00+00:00,23795.25,7388.7099609375,69935.53125,23336.279296875,10461.1103515625,24974.0703125,8375.3095703125,4106.24658203125
2026-06-23 15:15:00+00:00,23795.25,7387.33984375,69935.53125,23336.279296875,10460.5,24968.439453125,8375.3095703125,4106.24658203125
2026-06-23 15:16:00+00:00,23795.25,7384.77001953125,69935.53125,23336.279296875,10460.5595703125,24965.5,8375.3095703125,4106.24658203125
2026-06-23 15:17:00+00:00,23795.25,7382.89013671875,69935.53125,23336.279296875,10460.9404296875,24958.3203125,8375.3095703125,4106.24658203125
2026-06-23 15:18:00+00:00,23795.25,7379.830078125,69935.53125,23336.279296875,10459.58984375,24950.279296875,8375.3095703125,4106.24658203125
2026-06-23 15:19:00+00:00,23795.25,7379.97021484375,69935.53125,23336.279296875,10459.1396484375,24948.55078125,8375.3095703125,4106.24658203125
2026-06-23 15:20:00+00:00,23795.25,7382.490234375,69935.53125,23336.279296875,10458.9501953125,24952.80078125,8375.3095703125,4106.24658203125
2026-06-23 15:21:00+00:00,23795.25,7377.85986328125,69935.53125,23336.279296875,10460.490234375,24947.939453125,8375.3095703125,4106.24658203125
2026-06-23 15:22:00+00:00,23795.25,7377.6298828125,69935.53125,23336.279296875,10459.5703125,24945.4296875,8375.3095703125,4106.24658203125
2026-06-23 15:23:00+00:00,23795.25,7377.33984375,69935.53125,23336.279296875,10459.5595703125,24949.44921875,8375.3095703125,4106.24658203125
2026-06-23 15:24:00+00:00,23795.25,7374.2099609375,69935.53125,23336.279296875,10456.91015625,24941.80078125,8375.3095703125,4106.24658203125
2026-06-23 15:25:00+00:00,23795.25,7372.9501953125,69935.53125,23336.279296875,10455.7802734375,24939.9296875,8375.3095703125,4106.24658203125
2026-06-23 15:26:00+00:00,23795.25,7375.52978515625,69935.53125,23336.279296875,10455.8203125,24938.490234375,8375.3095703125,4106.24658203125
2026-06-23 15:27:00+00:00,23795.25,7373.66015625,69935.53125,23336.279296875,10455.5302734375,24938.259765625,8375.3095703125,4106.24658203125
2026-06-23 15:28:00+00:00,23795.25,7372.08984375,69935.53125,23336.279296875,10453.51953125,24931.859375,8375.3095703125,4106.24658203125
2026-06-23 15:29:00+00:00,23795.25,7373.18017578125,69935.53125,23336.279296875,10454.490234375,24935.919921875,8375.3095703125,4106.24658203125
2026-06-23 15:30:00+00:00,23795.25,7376.7900390625,69935.53125,23336.279296875,10454.490234375,24935.919921875,8375.3095703125,4106.24658203125
2026-06-23 15:31:00+00:00,23795.25,7378.85986328125,69935.53125,23336.279296875,10454.490234375,24935.919921875,8375.3095703125,4106.24658203125
2026-06-23 15:32:00+00:00,23795.25,7377.75,69935.53125,23336.279296875,10454.490234375,24935.919921875,8375.3095703125,4106.24658203125
2026-06-23 15:33:00+00:00,23795.25,7378.8798828125,69935.53125,23336.279296875,10454.490234375,24935.919921875,8375.3095703125,4106.24658203125
2026-06-23 15:34:00+00:00,23795.25,7377.60009765625,69935.53125,23336.279296875,10454.490234375,24935.919921875,8375.3095703125,4106.24658203125
2026-06-23 15:35:00+00:00,23795.25,7380.93017578125,69935.53125,23336.279296875,10454.490234375,24935.919921875,8375.3095703125,4106.24658203125
2026-06-23 15:36:00+00:00,23795.25,7380.10986328125,69935.53125,23336.279296875,10454.490234375,24935.919921875,8375.3095703125,4106.24658203125
2026-06-23 15:37:00+00:00,23795.25,7376.41015625,69935.53125,23336.279296875,10454.490234375,24935.919921875,8375.3095703125,4106.24658203125
2026-06-23 15:38:00+00:00,23795.25,7373.06005859375,69935.53125,23336.279296875,10454.490234375,24935.919921875,8375.3095703125,4106.24658203125
2026-06-23 15:39:00+00:00,23795.25,7372.93017578125,69935.53125,23336.279296875,10454.490234375,24935.919921875,8375.3095703125,4106.24658203125
2026-06-23 15:40:00+00:00,23795.25,7372.7900390625,69935.53125,23336.279296875,10454.490234375,24935.919921875,8375.3095703125,4106.24658203125
2026-06-23 15:41:00+00:00,23795.25,7375.2099609375,69935.53125,23336.279296875,10454.490234375,24935.919921875,8375.3095703125,4106.24658203125
2026-06-23 15:42:00+00:00,23795.25,7376.18994140625,69935.53125,23336.279296875,10454.490234375,24935.919921875,8375.3095703125,4106.24658203125
2026-06-23 15:43:00+00:00,23795.25,7377.39013671875,69935.53125,23336.279296875,10454.490234375,24935.919921875,8375.3095703125,4106.24658203125
2026-06-23 15:44:00+00:00,23795.25,7377.490234375,69935.53125,23336.279296875,10454.490234375,24935.919921875,8375.3095703125,4106.24658203125
2026-06-23 15:45:00+00:00,23795.25,7377.85009765625,69935.53125,23336.279296875,10454.490234375,24935.919921875,8375.3095703125,4106.24658203125
2026-06-23 15:46:00+00:00,23795.25,7377.77001953125,69935.53125,23336.279296875,10454.490234375,24935.919921875,8375.3095703125,4106.24658203125
2026-06-23 15:47:00+00:00,23795.25,7378.169921875,69935.53125,23336.279296875,10454.490234375,24935.919921875,8375.3095703125,4106.24658203125
2026-06-23 15:48:00+00:00,23795.25,7382.2099609375,69935.53125,23336.279296875,10454.490234375,24935.919921875,8375.3095703125,4106.24658203125
2026-06-23 15:49:00+00:00,23795.25,7378.330078125,69935.53125,23336.279296875,10454.490234375,24935.919921875,8375.3095703125,4106.24658203125
2026-06-23 15:50:00+00:00,23795.25,7380.669921875,69935.53125,23336.279296875,10454.490234375,24935.919921875,8375.3095703125,4106.24658203125
2026-06-23 15:51:00+00:00,23795.25,7385.43017578125,69935.53125,23336.279296875,10454.490234375,24935.919921875,8375.3095703125,4106.24658203125
2026-06-23 15:52:00+00:00,23795.25,7386.91015625,69935.53125,23336.279296875,10454.490234375,24935.919921875,8375.3095703125,4106.24658203125
2026-06-23 15:53:00+00:00,23795.25,7387.9599609375,69935.53125,23336.279296875,10454.490234375,24935.919921875,8375.3095703125,4106.24658203125
2026-06-23 15:54:00+00:00,23795.25,7387.02001953125,69935.53125,23336.279296875,10454.490234375,24935.919921875,8375.3095703125,4106.24658203125
2026-06-23 15:55:00+00:00,23795.25,7383.669921875,69935.53125,23336.279296875,10454.490234375,24935.919921875,8375.3095703125,4106.24658203125
2026-06-23 15:56:00+00:00,23795.25,7385.6201171875,69935.53125,23336.279296875,10454.490234375,24935.919921875,8375.3095703125,4106.24658203125
2026-06-23 15:57:00+00:00,23795.25,7388.259765625,69935.53125,23336.279296875,10454.490234375,24935.919921875,8375.3095703125,4106.24658203125
2026-06-23 15:58:00+00:00,23795.25,7386.7998046875,69935.53125,23336.279296875,10454.490234375,24935.919921875,8375.3095703125,4106.24658203125
2026-06-23 15:59:00+00:00,23795.25,7387.7998046875,69935.53125,23336.279296875,10454.490234375,24935.919921875,8375.3095703125,4106.24658203125
2026-06-23 16:00:00+00:00,23795.25,7391.18017578125,69935.53125,23336.279296875,10454.490234375,24935.919921875,8375.3095703125,4106.24658203125
2026-06-23 16:01:00+00:00,23795.25,7393.1298828125,69935.53125,23336.279296875,10454.490234375,24935.919921875,8375.3095703125,4106.24658203125
2026-06-23 16:02:00+00:00,23795.25,7392.64013671875,69935.53125,23336.279296875,10454.490234375,24935.919921875,8375.3095703125,4106.24658203125
2026-06-23 16:03:00+00:00,23795.25,7393.58984375,69935.53125,23336.279296875,10454.490234375,24935.919921875,8375.3095703125,4106.24658203125
2026-06-23 16:04:00+00:00,23795.25,7395.02978515625,69935.53125,23336.279296875,10454.490234375,24935.919921875,8375.3095703125,4106.24658203125
2026-06-23 16:05:00+00:00,23795.25,7398.080078125,69935.53125,23336.279296875,10454.490234375,24935.919921875,8375.3095703125,4106.24658203125
2026-06-23 16:06:00+00:00,23795.25,7397.39013671875,69935.53125,23336.279296875,10454.490234375,24935.919921875,8375.3095703125,4106.24658203125
2026-06-23 16:07:00+00:00,23795.25,7394.6201171875,69935.53125,23336.279296875,10454.490234375,24935.919921875,8375.3095703125,4106.24658203125
2026-06-23 16:08:00+00:00,23795.25,7396.85986328125,69935.53125,23336.279296875,10454.490234375,24935.919921875,8375.3095703125,4106.24658203125
2026-06-23 16:09:00+00:00,23795.25,7399.81005859375,69935.53125,23336.279296875,10454.490234375,24935.919921875,8375.3095703125,4106.24658203125
2026-06-23 16:10:00+00:00,23795.25,7402.06005859375,69935.53125,23336.279296875,10454.490234375,24935.919921875,8375.3095703125,4106.24658203125
2026-06-23 16:11:00+00:00,23795.25,7403.7001953125,69935.53125,23336.279296875,10454.490234375,24935.919921875,8375.3095703125,4106.24658203125
2026-06-23 16:12:00+00:00,23795.25,7403.0,69935.53125,23336.279296875,10454.490234375,24935.919921875,8375.3095703125,4106.24658203125
2026-06-23 16:13:00+00:00,23795.25,7401.5400390625,69935.53125,23336.279296875,10454.490234375,24935.919921875,8375.3095703125,4106.24658203125
2026-06-23 16:14:00+00:00,23795.25,7402.68017578125,69935.53125,23336.279296875,10454.490234375,24935.919921875,8375.3095703125,4106.24658203125
2026-06-23 16:15:00+00:00,23795.25,7402.009765625,69935.53125,23336.279296875,10454.490234375,24935.919921875,8375.3095703125,4106.24658203125
2026-06-23 16:16:00+00:00,23795.25,7400.18994140625,69935.53125,23336.279296875,10454.490234375,24935.919921875,8375.3095703125,4106.24658203125
2026-06-23 16:17:00+00:00,23795.25,7399.06005859375,69935.53125,23336.279296875,10454.490234375,24935.919921875,8375.3095703125,4106.24658203125
2026-06-23 16:18:00+00:00,23795.25,7399.89990234375,69935.53125,23336.279296875,10454.490234375,24935.919921875,8375.3095703125,4106.24658203125
2026-06-23 16:19:00+00:00,23795.25,7398.509765625,69935.53125,23336.279296875,10454.490234375,24935.919921875,8375.3095703125,4106.24658203125
2026-06-23 16:20:00+00:00,23795.25,7394.3701171875,69935.53125,23336.279296875,10454.490234375,24935.919921875,8375.3095703125,4106.24658203125
2026-06-23 16:21:00+00:00,23795.25,7397.39990234375,69935.53125,23336.279296875,10454.490234375,24935.919921875,8375.3095703125,4106.24658203125
2026-06-23 16:22:00+00:00,23795.25,7399.2998046875,69935.53125,23336.279296875,10454.490234375,24935.919921875,8375.3095703125,4106.24658203125
2026-06-23 16:23:00+00:00,23795.25,7401.7998046875,69935.53125,23336.279296875,10454.490234375,24935.919921875,8375.3095703125,4106.24658203125
2026-06-23 16:24:00+00:00,23795.25,7401.89013671875,69935.53125,23336.279296875,10454.490234375,24935.919921875,8375.3095703125,4106.24658203125
2026-06-23 16:25:00+00:00,23795.25,7401.47998046875,69935.53125,23336.279296875,10454.490234375,24935.919921875,8375.3095703125,4106.24658203125
2026-06-23 16:26:00+00:00,23795.25,7399.93017578125,69935.53125,23336.279296875,10454.490234375,24935.919921875,8375.3095703125,4106.24658203125
2026-06-23 16:27:00+00:00,23795.25,7401.5498046875,69935.53125,23336.279296875,10454.490234375,24935.919921875,8375.3095703125,4106.24658203125
2026-06-23 16:28:00+00:00,23795.25,7402.43017578125,69935.53125,23336.279296875,10454.490234375,24935.919921875,8375.3095703125,4106.24658203125
2026-06-23 16:29:00+00:00,23795.25,7402.10009765625,69935.53125,23336.279296875,10454.490234375,24935.919921875,8375.3095703125,4106.24658203125
2026-06-23 16:30:00+00:00,23795.25,7400.35986328125,69935.53125,23336.279296875,10454.490234375,24935.919921875,8375.3095703125,4106.24658203125
2026-06-23 16:31:00+00:00,23795.25,7401.7998046875,69935.53125,23336.279296875,10454.490234375,24935.919921875,8375.3095703125,4106.24658203125
2026-06-23 16:32:00+00:00,23795.25,7401.009765625,69935.53125,23336.279296875,10454.490234375,24935.919921875,8375.3095703125,4106.24658203125
2026-06-23 16:33:00+00:00,23795.25,7400.02001953125,69935.53125,23336.279296875,10454.490234375,24935.919921875,8375.3095703125,4106.24658203125
2026-06-23 16:34:00+00:00,23795.25,7399.06005859375,69935.53125,23336.279296875,10454.490234375,24935.919921875,8375.3095703125,4106.24658203125
2026-06-23 16:35:00+00:00,23795.25,7398.4501953125,69935.53125,23336.279296875,10454.490234375,24935.919921875,8375.3095703125,4106.24658203125
2026-06-23 16:36:00+00:00,23795.25,7401.39990234375,69935.53125,23336.279296875,10454.490234375,24935.919921875,8375.3095703125,4106.24658203125
2026-06-23 16:37:00+00:00,23795.25,7401.830078125,69935.53125,23336.279296875,10454.490234375,24935.919921875,8375.3095703125,4106.24658203125
2026-06-23 16:38:00+00:00,23795.25,7400.97021484375,69935.53125,23336.279296875,10454.490234375,24935.919921875,8375.3095703125,4106.24658203125
2026-06-23 16:39:00+00:00,23795.25,7403.16015625,69935.53125,23336.279296875,10454.490234375,24935.919921875,8375.3095703125,4106.24658203125
2026-06-23 16:40:00+00:00,23795.25,7405.3701171875,69935.53125,23336.279296875,10454.490234375,24935.919921875,8375.3095703125,4106.24658203125
2026-06-23 16:41:00+00:00,23795.25,7407.52001953125,69935.53125,23336.279296875,10454.490234375,24935.919921875,8375.3095703125,4106.24658203125
2026-06-23 16:42:00+00:00,23795.25,7405.66015625,69935.53125,23336.279296875,10454.490234375,24935.919921875,8375.3095703125,4106.24658203125
2026-06-23 16:43:00+00:00,23795.25,7404.14013671875,69935.53125,23336.279296875,10454.490234375,24935.919921875,8375.3095703125,4106.24658203125
2026-06-23 16:44:00+00:00,23795.25,7406.52978515625,69935.53125,23336.279296875,10454.490234375,24935.919921875,8375.3095703125,4106.24658203125
2026-06-23 16:45:00+00:00,23795.25,7404.83984375,69935.53125,23336.279296875,10454.490234375,24935.919921875,8375.3095703125,4106.24658203125
2026-06-23 16:46:00+00:00,23795.25,7404.2099609375,69935.53125,23336.279296875,10454.490234375,24935.919921875,8375.3095703125,4106.24658203125
2026-06-23 16:47:00+00:00,23795.25,7400.89013671875,69935.53125,23336.279296875,10454.490234375,24935.919921875,8375.3095703125,4106.24658203125
2026-06-23 16:48:00+00:00,23795.25,7400.02001953125,69935.53125,23336.279296875,10454.490234375,24935.919921875,8375.3095703125,4106.24658203125
2026-06-23 16:49:00+00:00,23795.25,7401.81982421875,69935.53125,23336.279296875,10454.490234375,24935.919921875,8375.3095703125,4106.24658203125
2026-06-23 16:50:00+00:00,23795.25,7399.16015625,69935.53125,23336.279296875,10454.490234375,24935.919921875,8375.3095703125,4106.24658203125
2026-06-23 16:51:00+00:00,23795.25,7398.68994140625,69935.53125,23336.279296875,10454.490234375,24935.919921875,8375.3095703125,4106.24658203125
2026-06-23 16:52:00+00:00,23795.25,7400.4599609375,69935.53125,23336.279296875,10454.490234375,24935.919921875,8375.3095703125,4106.24658203125
2026-06-23 16:53:00+00:00,23795.25,7400.64990234375,69935.53125,23336.279296875,10454.490234375,24935.919921875,8375.3095703125,4106.24658203125
2026-06-23 16:54:00+00:00,23795.25,7401.10009765625,69935.53125,23336.279296875,10454.490234375,24935.919921875,8375.3095703125,4106.24658203125
2026-06-23 16:55:00+00:00,23795.25,7399.830078125,69935.53125,23336.279296875,10454.490234375,24935.919921875,8375.3095703125,4106.24658203125
2026-06-23 16:56:00+00:00,23795.25,7398.89013671875,69935.53125,23336.279296875,10454.490234375,24935.919921875,8375.3095703125,4106.24658203125
2026-06-23 16:57:00+00:00,23795.25,7399.7001953125,69935.53125,23336.279296875,10454.490234375,24935.919921875,8375.3095703125,4106.24658203125
2026-06-23 16:58:00+00:00,23795.25,7401.81982421875,69935.53125,23336.279296875,10454.490234375,24935.919921875,8375.3095703125,4106.24658203125
2026-06-23 16:59:00+00:00,23795.25,7402.330078125,69935.53125,23336.279296875,10454.490234375,24935.919921875,8375.3095703125,4106.24658203125
2026-06-23 17:00:00+00:00,23795.25,7399.2998046875,69935.53125,23336.279296875,10454.490234375,24935.919921875,8375.3095703125,4106.24658203125
2026-06-23 17:01:00+00:00,23795.25,7399.83984375,69935.53125,23336.279296875,10454.490234375,24935.919921875,8375.3095703125,4106.24658203125
2026-06-23 17:02:00+00:00,23795.25,7396.490234375,69935.53125,23336.279296875,10454.490234375,24935.919921875,8375.3095703125,4106.24658203125
2026-06-23 17:03:00+00:00,23795.25,7395.330078125,69935.53125,23336.279296875,10454.490234375,24935.919921875,8375.3095703125,4106.24658203125
2026-06-23 17:04:00+00:00,23795.25,7395.31982421875,69935.53125,23336.279296875,10454.490234375,24935.919921875,8375.3095703125,4106.24658203125
2026-06-23 17:05:00+00:00,23795.25,7394.16015625,69935.53125,23336.279296875,10454.490234375,24935.919921875,8375.3095703125,4106.24658203125
2026-06-23 17:06:00+00:00,23795.25,7395.02978515625,69935.53125,23336.279296875,10454.490234375,24935.919921875,8375.3095703125,4106.24658203125
2026-06-23 17:07:00+00:00,23795.25,7395.1298828125,69935.53125,23336.279296875,10454.490234375,24935.919921875,8375.3095703125,4106.24658203125
2026-06-23 17:08:00+00:00,23795.25,7395.10009765625,69935.53125,23336.279296875,10454.490234375,24935.919921875,8375.3095703125,4106.24658203125
2026-06-23 17:09:00+00:00,23795.25,7397.31005859375,69935.53125,23336.279296875,10454.490234375,24935.919921875,8375.3095703125,4106.24658203125
2026-06-23 17:10:00+00:00,23795.25,7400.02001953125,69935.53125,23336.279296875,10454.490234375,24935.919921875,8375.3095703125,4106.24658203125
2026-06-23 17:11:00+00:00,23795.25,7404.52001953125,69935.53125,23336.279296875,10454.490234375,24935.919921875,8375.3095703125,4106.24658203125
2026-06-23 17:12:00+00:00,23795.25,7403.43017578125,69935.53125,23336.279296875,10454.490234375,24935.919921875,8375.3095703125,4106.24658203125
2026-06-23 17:13:00+00:00,23795.25,7403.27978515625,69935.53125,23336.279296875,10454.490234375,24935.919921875,8375.3095703125,4106.24658203125
2026-06-23 17:14:00+00:00,23795.25,7401.66015625,69935.53125,23336.279296875,10454.490234375,24935.919921875,8375.3095703125,4106.24658203125
2026-06-23 17:15:00+00:00,23795.25,7402.27001953125,69935.53125,23336.279296875,10454.490234375,24935.919921875,8375.3095703125,4106.24658203125
2026-06-23 17:16:00+00:00,23795.25,7402.47998046875,69935.53125,23336.279296875,10454.490234375,24935.919921875,8375.3095703125,4106.24658203125
2026-06-23 17:17:00+00:00,23795.25,7397.72998046875,69935.53125,23336.279296875,10454.490234375,24935.919921875,8375.3095703125,4106.24658203125
2026-06-23 17:18:00+00:00,23795.25,7400.35009765625,69935.53125,23336.279296875,10454.490234375,24935.919921875,8375.3095703125,4106.24658203125
2026-06-23 17:19:00+00:00,23795.25,7399.06005859375,69935.53125,23336.279296875,10454.490234375,24935.919921875,8375.3095703125,4106.24658203125
2026-06-23 17:20:00+00:00,23795.25,7400.41015625,69935.53125,23336.279296875,10454.490234375,24935.919921875,8375.3095703125,4106.24658203125
2026-06-23 17:21:00+00:00,23795.25,7404.85986328125,69935.53125,23336.279296875,10454.490234375,24935.919921875,8375.3095703125,4106.24658203125
2026-06-23 17:22:00+00:00,23795.25,7404.60986328125,69935.53125,23336.279296875,10454.490234375,24935.919921875,8375.3095703125,4106.24658203125
2026-06-23 17:23:00+00:00,23795.25,7405.509765625,69935.53125,23336.279296875,10454.490234375,24935.919921875,8375.3095703125,4106.24658203125
2026-06-23 17:24:00+00:00,23795.25,7407.0,69935.53125,23336.279296875,10454.490234375,24935.919921875,8375.3095703125,4106.24658203125
2026-06-23 17:25:00+00:00,23795.25,7404.6201171875,69935.53125,23336.279296875,10454.490234375,24935.919921875,8375.3095703125,4106.24658203125
2026-06-23 17:26:00+00:00,23795.25,7404.77978515625,69935.53125,23336.279296875,10454.490234375,24935.919921875,8375.3095703125,4106.24658203125
2026-06-23 17:27:00+00:00,23795.25,7405.16015625,69935.53125,23336.279296875,10454.490234375,24935.919921875,8375.3095703125,4106.24658203125
2026-06-23 17:28:00+00:00,23795.25,7406.10986328125,69935.53125,23336.279296875,10454.490234375,24935.919921875,8375.3095703125,4106.24658203125
2026-06-23 17:29:00+00:00,23795.25,7403.64990234375,69935.53125,23336.279296875,10454.490234375,24935.919921875,8375.3095703125,4106.24658203125
2026-06-23 17:30:00+00:00,23795.25,7401.43017578125,69935.53125,23336.279296875,10454.490234375,24935.919921875,8375.3095703125,4106.24658203125
2026-06-23 17:31:00+00:00,23795.25,7401.60009765625,69935.53125,23336.279296875,10454.490234375,24935.919921875,8375.3095703125,4106.24658203125
2026-06-23 17:32:00+00:00,23795.25,7402.81005859375,69935.53125,23336.279296875,10454.490234375,24935.919921875,8375.3095703125,4106.24658203125
2026-06-23 17:33:00+00:00,23795.25,7403.77978515625,69935.53125,23336.279296875,10454.490234375,24935.919921875,8375.3095703125,4106.24658203125
2026-06-23 17:34:00+00:00,23795.25,7405.06982421875,69935.53125,23336.279296875,10454.490234375,24935.919921875,8375.3095703125,4106.24658203125
2026-06-23 17:35:00+00:00,23795.25,7408.22021484375,69935.53125,23336.279296875,10454.490234375,24935.919921875,8375.3095703125,4106.24658203125
2026-06-23 17:36:00+00:00,23795.25,7406.5400390625,69935.53125,23336.279296875,10454.490234375,24935.919921875,8375.3095703125,4106.24658203125
2026-06-23 17:37:00+00:00,23795.25,7405.10986328125,69935.53125,23336.279296875,10454.490234375,24935.919921875,8375.3095703125,4106.24658203125
2026-06-23 17:38:00+00:00,23795.25,7404.52001953125,69935.53125,23336.279296875,10454.490234375,24935.919921875,8375.3095703125,4106.24658203125
2026-06-23 17:39:00+00:00,23795.25,7403.5498046875,69935.53125,23336.279296875,10454.490234375,24935.919921875,8375.3095703125,4106.24658203125
2026-06-23 17:40:00+00:00,23795.25,7403.14013671875,69935.53125,23336.279296875,10454.490234375,24935.919921875,8375.3095703125,4106.24658203125
2026-06-23 17:41:00+00:00,23795.25,7401.72021484375,69935.53125,23336.279296875,10454.490234375,24935.919921875,8375.3095703125,4106.24658203125
2026-06-23 17:42:00+00:00,23795.25,7400.509765625,69935.53125,23336.279296875,10454.490234375,24935.919921875,8375.3095703125,4106.24658203125
2026-06-23 17:43:00+00:00,23795.25,7399.9599609375,69935.53125,23336.279296875,10454.490234375,24935.919921875,8375.3095703125,4106.24658203125
2026-06-23 17:44:00+00:00,23795.25,7399.8701171875,69935.53125,23336.279296875,10454.490234375,24935.919921875,8375.3095703125,4106.24658203125
2026-06-23 17:45:00+00:00,23795.25,7401.5400390625,69935.53125,23336.279296875,10454.490234375,24935.919921875,8375.3095703125,4106.24658203125
2026-06-23 17:46:00+00:00,23795.25,7400.08984375,69935.53125,23336.279296875,10454.490234375,24935.919921875,8375.3095703125,4106.24658203125
2026-06-23 17:47:00+00:00,23795.25,7399.8701171875,69935.53125,23336.279296875,10454.490234375,24935.919921875,8375.3095703125,4106.24658203125
2026-06-23 17:48:00+00:00,23795.25,7400.2099609375,69935.53125,23336.279296875,10454.490234375,24935.919921875,8375.3095703125,4106.24658203125
2026-06-23 17:49:00+00:00,23795.25,7400.5498046875,69935.53125,23336.279296875,10454.490234375,24935.919921875,8375.3095703125,4106.24658203125
2026-06-23 17:50:00+00:00,23795.25,7398.080078125,69935.53125,23336.279296875,10454.490234375,24935.919921875,8375.3095703125,4106.24658203125
2026-06-23 17:51:00+00:00,23795.25,7397.330078125,69935.53125,23336.279296875,10454.490234375,24935.919921875,8375.3095703125,4106.24658203125
2026-06-23 17:52:00+00:00,23795.25,7396.259765625,69935.53125,23336.279296875,10454.490234375,24935.919921875,8375.3095703125,4106.24658203125
2026-06-23 17:53:00+00:00,23795.25,7393.669921875,69935.53125,23336.279296875,10454.490234375,24935.919921875,8375.3095703125,4106.24658203125
2026-06-23 17:54:00+00:00,23795.25,7389.31005859375,69935.53125,23336.279296875,10454.490234375,24935.919921875,8375.3095703125,4106.24658203125
2026-06-23 17:55:00+00:00,23795.25,7388.0,69935.53125,23336.279296875,10454.490234375,24935.919921875,8375.3095703125,4106.24658203125
2026-06-23 17:56:00+00:00,23795.25,7386.93017578125,69935.53125,23336.279296875,10454.490234375,24935.919921875,8375.3095703125,4106.24658203125
2026-06-23 17:57:00+00:00,23795.25,7386.0400390625,69935.53125,23336.279296875,10454.490234375,24935.919921875,8375.3095703125,4106.24658203125
2026-06-23 17:58:00+00:00,23795.25,7386.5400390625,69935.53125,23336.279296875,10454.490234375,24935.919921875,8375.3095703125,4106.24658203125
2026-06-23 17:59:00+00:00,23795.25,7386.35986328125,69935.53125,23336.279296875,10454.490234375,24935.919921875,8375.3095703125,4106.24658203125
2026-06-23 18:00:00+00:00,23795.25,7390.990234375,69935.53125,23336.279296875,10454.490234375,24935.919921875,8375.3095703125,4106.24658203125
2026-06-23 18:01:00+00:00,23795.25,7392.740234375,69935.53125,23336.279296875,10454.490234375,24935.919921875,8375.3095703125,4106.24658203125
2026-06-23 18:02:00+00:00,23795.25,7391.43994140625,69935.53125,23336.279296875,10454.490234375,24935.919921875,8375.3095703125,4106.24658203125
2026-06-23 18:03:00+00:00,23795.25,7390.02001953125,69935.53125,23336.279296875,10454.490234375,24935.919921875,8375.3095703125,4106.24658203125
2026-06-23 18:04:00+00:00,23795.25,7388.64990234375,69935.53125,23336.279296875,10454.490234375,24935.919921875,8375.3095703125,4106.24658203125
2026-06-23 18:05:00+00:00,23795.25,7387.93017578125,69935.53125,23336.279296875,10454.490234375,24935.919921875,8375.3095703125,4106.24658203125
2026-06-23 18:06:00+00:00,23795.25,7388.25,69935.53125,23336.279296875,10454.490234375,24935.919921875,8375.3095703125,4106.24658203125
2026-06-23 18:07:00+00:00,23795.25,7383.52001953125,69935.53125,23336.279296875,10454.490234375,24935.919921875,8375.3095703125,4106.24658203125
2026-06-23 18:08:00+00:00,23795.25,7384.39990234375,69935.53125,23336.279296875,10454.490234375,24935.919921875,8375.3095703125,4106.24658203125
2026-06-23 18:09:00+00:00,23795.25,7385.7900390625,69935.53125,23336.279296875,10454.490234375,24935.919921875,8375.3095703125,4106.24658203125
2026-06-23 18:10:00+00:00,23795.25,7386.31005859375,69935.53125,23336.279296875,10454.490234375,24935.919921875,8375.3095703125,4106.24658203125
2026-06-23 18:11:00+00:00,23795.25,7386.97021484375,69935.53125,23336.279296875,10454.490234375,24935.919921875,8375.3095703125,4106.24658203125
2026-06-23 18:12:00+00:00,23795.25,7386.0498046875,69935.53125,23336.279296875,10454.490234375,24935.919921875,8375.3095703125,4106.24658203125
2026-06-23 18:13:00+00:00,23795.25,7385.56005859375,69935.53125,23336.279296875,10454.490234375,24935.919921875,8375.3095703125,4106.24658203125
2026-06-23 18:14:00+00:00,23795.25,7386.4501953125,69935.53125,23336.279296875,10454.490234375,24935.919921875,8375.3095703125,4106.24658203125
2026-06-23 18:15:00+00:00,23795.25,7387.1201171875,69935.53125,23336.279296875,10454.490234375,24935.919921875,8375.3095703125,4106.24658203125
2026-06-23 18:16:00+00:00,23795.25,7384.35009765625,69935.53125,23336.279296875,10454.490234375,24935.919921875,8375.3095703125,4106.24658203125
2026-06-23 18:17:00+00:00,23795.25,7383.990234375,69935.53125,23336.279296875,10454.490234375,24935.919921875,8375.3095703125,4106.24658203125
2026-06-23 18:18:00+00:00,23795.25,7383.64013671875,69935.53125,23336.279296875,10454.490234375,24935.919921875,8375.3095703125,4106.24658203125
2026-06-23 18:19:00+00:00,23795.25,7384.18994140625,69935.53125,23336.279296875,10454.490234375,24935.919921875,8375.3095703125,4106.24658203125
2026-06-23 18:20:00+00:00,23795.25,7381.06005859375,69935.53125,23336.279296875,10454.490234375,24935.919921875,8375.3095703125,4106.24658203125
2026-06-23 18:21:00+00:00,23795.25,7382.10009765625,69935.53125,23336.279296875,10454.490234375,24935.919921875,8375.3095703125,4106.24658203125
2026-06-23 18:22:00+00:00,23795.25,7385.89990234375,69935.53125,23336.279296875,10454.490234375,24935.919921875,8375.3095703125,4106.24658203125
2026-06-23 18:23:00+00:00,23795.25,7386.7998046875,69935.53125,23336.279296875,10454.490234375,24935.919921875,8375.3095703125,4106.24658203125
2026-06-23 18:24:00+00:00,23795.25,7385.009765625,69935.53125,23336.279296875,10454.490234375,24935.919921875,8375.3095703125,4106.24658203125
2026-06-23 18:25:00+00:00,23795.25,7383.7099609375,69935.53125,23336.279296875,10454.490234375,24935.919921875,8375.3095703125,4106.24658203125
2026-06-23 18:26:00+00:00,23795.25,7382.669921875,69935.53125,23336.279296875,10454.490234375,24935.919921875,8375.3095703125,4106.24658203125
2026-06-23 18:27:00+00:00,23795.25,7382.4599609375,69935.53125,23336.279296875,10454.490234375,24935.919921875,8375.3095703125,4106.24658203125
2026-06-23 18:28:00+00:00,23795.25,7382.009765625,69935.53125,23336.279296875,10454.490234375,24935.919921875,8375.3095703125,4106.24658203125
2026-06-23 18:29:00+00:00,23795.25,7382.2001953125,69935.53125,23336.279296875,10454.490234375,24935.919921875,8375.3095703125,4106.24658203125
2026-06-23 18:30:00+00:00,23795.25,7380.990234375,69935.53125,23336.279296875,10454.490234375,24935.919921875,8375.3095703125,4106.24658203125
2026-06-23 18:31:00+00:00,23795.25,7381.7998046875,69935.53125,23336.279296875,10454.490234375,24935.919921875,8375.3095703125,4106.24658203125
2026-06-23 18:32:00+00:00,23795.25,7380.2099609375,69935.53125,23336.279296875,10454.490234375,24935.919921875,8375.3095703125,4106.24658203125
2026-06-23 18:33:00+00:00,23795.25,7379.56982421875,69935.53125,23336.279296875,10454.490234375,24935.919921875,8375.3095703125,4106.24658203125
2026-06-23 18:34:00+00:00,23795.25,7379.330078125,69935.53125,23336.279296875,10454.490234375,24935.919921875,8375.3095703125,4106.24658203125
2026-06-23 18:35:00+00:00,23795.25,7378.68994140625,69935.53125,23336.279296875,10454.490234375,24935.919921875,8375.3095703125,4106.24658203125
2026-06-23 18:36:00+00:00,23795.25,7378.740234375,69935.53125,23336.279296875,10454.490234375,24935.919921875,8375.3095703125,4106.24658203125
2026-06-23 18:37:00+00:00,23795.25,7377.8798828125,69935.53125,23336.279296875,10454.490234375,24935.919921875,8375.3095703125,4106.24658203125
2026-06-23 18:38:00+00:00,23795.25,7377.22998046875,69935.53125,23336.279296875,10454.490234375,24935.919921875,8375.3095703125,4106.24658203125
2026-06-23 18:39:00+00:00,23795.25,7377.009765625,69935.53125,23336.279296875,10454.490234375,24935.919921875,8375.3095703125,4106.24658203125
2026-06-23 18:40:00+00:00,23795.25,7372.27978515625,69935.53125,23336.279296875,10454.490234375,24935.919921875,8375.3095703125,4106.24658203125
2026-06-23 18:41:00+00:00,23795.25,7374.0400390625,69935.53125,23336.279296875,10454.490234375,24935.919921875,8375.3095703125,4106.24658203125
2026-06-23 18:42:00+00:00,23795.25,7368.259765625,69935.53125,23336.279296875,10454.490234375,24935.919921875,8375.3095703125,4106.24658203125
2026-06-23 18:43:00+00:00,23795.25,7366.4599609375,69935.53125,23336.279296875,10454.490234375,24935.919921875,8375.3095703125,4106.24658203125
2026-06-23 18:44:00+00:00,23795.25,7365.990234375,69935.53125,23336.279296875,10454.490234375,24935.919921875,8375.3095703125,4106.24658203125
2026-06-23 18:45:00+00:00,23795.25,7363.919921875,69935.53125,23336.279296875,10454.490234375,24935.919921875,8375.3095703125,4106.24658203125
2026-06-23 18:46:00+00:00,23795.25,7363.4501953125,69935.53125,23336.279296875,10454.490234375,24935.919921875,8375.3095703125,4106.24658203125
2026-06-23 18:47:00+00:00,23795.25,7363.0400390625,69935.53125,23336.279296875,10454.490234375,24935.919921875,8375.3095703125,4106.24658203125
2026-06-23 18:48:00+00:00,23795.25,7366.990234375,69935.53125,23336.279296875,10454.490234375,24935.919921875,8375.3095703125,4106.24658203125
2026-06-23 18:49:00+00:00,23795.25,7367.330078125,69935.53125,23336.279296875,10454.490234375,24935.919921875,8375.3095703125,4106.24658203125
2026-06-23 18:50:00+00:00,23795.25,7371.919921875,69935.53125,23336.279296875,10454.490234375,24935.919921875,8375.3095703125,4106.24658203125
2026-06-23 18:51:00+00:00,23795.25,7369.8798828125,69935.53125,23336.279296875,10454.490234375,24935.919921875,8375.3095703125,4106.24658203125
2026-06-23 18:52:00+00:00,23795.25,7367.6298828125,69935.53125,23336.279296875,10454.490234375,24935.919921875,8375.3095703125,4106.24658203125
2026-06-23 18:53:00+00:00,23795.25,7362.830078125,69935.53125,23336.279296875,10454.490234375,24935.919921875,8375.3095703125,4106.24658203125
2026-06-23 18:54:00+00:00,23795.25,7364.669921875,69935.53125,23336.279296875,10454.490234375,24935.919921875,8375.3095703125,4106.24658203125
2026-06-23 18:55:00+00:00,23795.25,7362.93017578125,69935.53125,23336.279296875,10454.490234375,24935.919921875,8375.3095703125,4106.24658203125
2026-06-23 18:56:00+00:00,23795.25,7363.2900390625,69935.53125,23336.279296875,10454.490234375,24935.919921875,8375.3095703125,4106.24658203125
2026-06-23 18:57:00+00:00,23795.25,7364.740234375,69935.53125,23336.279296875,10454.490234375,24935.919921875,8375.3095703125,4106.24658203125
2026-06-23 18:58:00+00:00,23795.25,7368.10009765625,69935.53125,23336.279296875,10454.490234375,24935.919921875,8375.3095703125,4106.24658203125
2026-06-23 18:59:00+00:00,23795.25,7368.39013671875,69935.53125,23336.279296875,10454.490234375,24935.919921875,8375.3095703125,4106.24658203125
2026-06-23 19:00:00+00:00,23795.25,7368.72998046875,69935.53125,23336.279296875,10454.490234375,24935.919921875,8375.3095703125,4106.24658203125
2026-06-23 19:01:00+00:00,23795.25,7373.52978515625,69935.53125,23336.279296875,10454.490234375,24935.919921875,8375.3095703125,4106.24658203125
2026-06-23 19:02:00+00:00,23795.25,7373.16015625,69935.53125,23336.279296875,10454.490234375,24935.919921875,8375.3095703125,4106.24658203125
2026-06-23 19:03:00+00:00,23795.25,7376.14990234375,69935.53125,23336.279296875,10454.490234375,24935.919921875,8375.3095703125,4106.24658203125
2026-06-23 19:04:00+00:00,23795.25,7377.47021484375,69935.53125,23336.279296875,10454.490234375,24935.919921875,8375.3095703125,4106.24658203125
2026-06-23 19:05:00+00:00,23795.25,7382.35986328125,69935.53125,23336.279296875,10454.490234375,24935.919921875,8375.3095703125,4106.24658203125
2026-06-23 19:06:00+00:00,23795.25,7376.3798828125,69935.53125,23336.279296875,10454.490234375,24935.919921875,8375.3095703125,4106.24658203125
2026-06-23 19:07:00+00:00,23795.25,7373.5400390625,69935.53125,23336.279296875,10454.490234375,24935.919921875,8375.3095703125,4106.24658203125
2026-06-23 19:08:00+00:00,23795.25,7370.830078125,69935.53125,23336.279296875,10454.490234375,24935.919921875,8375.3095703125,4106.24658203125
2026-06-23 19:09:00+00:00,23795.25,7372.4501953125,69935.53125,23336.279296875,10454.490234375,24935.919921875,8375.3095703125,4106.24658203125
2026-06-23 19:10:00+00:00,23795.25,7371.39013671875,69935.53125,23336.279296875,10454.490234375,24935.919921875,8375.3095703125,4106.24658203125
2026-06-23 19:11:00+00:00,23795.25,7375.47021484375,69935.53125,23336.279296875,10454.490234375,24935.919921875,8375.3095703125,4106.24658203125
2026-06-23 19:12:00+00:00,23795.25,7375.66015625,69935.53125,23336.279296875,10454.490234375,24935.919921875,8375.3095703125,4106.24658203125
2026-06-23 19:13:00+00:00,23795.25,7371.89990234375,69935.53125,23336.279296875,10454.490234375,24935.919921875,8375.3095703125,4106.24658203125
2026-06-23 19:14:00+00:00,23795.25,7372.2099609375,69935.53125,23336.279296875,10454.490234375,24935.919921875,8375.3095703125,4106.24658203125
2026-06-23 19:15:00+00:00,23795.25,7371.75,69935.53125,23336.279296875,10454.490234375,24935.919921875,8375.3095703125,4106.24658203125
2026-06-23 19:16:00+00:00,23795.25,7371.85986328125,69935.53125,23336.279296875,10454.490234375,24935.919921875,8375.3095703125,4106.24658203125
2026-06-23 19:17:00+00:00,23795.25,7368.52001953125,69935.53125,23336.279296875,10454.490234375,24935.919921875,8375.3095703125,4106.24658203125
2026-06-23 19:18:00+00:00,23795.25,7367.39013671875,69935.53125,23336.279296875,10454.490234375,24935.919921875,8375.3095703125,4106.24658203125
2026-06-23 19:19:00+00:00,23795.25,7366.169921875,69935.53125,23336.279296875,10454.490234375,24935.919921875,8375.3095703125,4106.24658203125
2026-06-23 19:20:00+00:00,23795.25,7366.0498046875,69935.53125,23336.279296875,10454.490234375,24935.919921875,8375.3095703125,4106.24658203125
2026-06-23 19:21:00+00:00,23795.25,7370.35986328125,69935.53125,23336.279296875,10454.490234375,24935.919921875,8375.3095703125,4106.24658203125
2026-06-23 19:22:00+00:00,23795.25,7369.72021484375,69935.53125,23336.279296875,10454.490234375,24935.919921875,8375.3095703125,4106.24658203125
2026-06-23 19:23:00+00:00,23795.25,7377.83984375,69935.53125,23336.279296875,10454.490234375,24935.919921875,8375.3095703125,4106.24658203125
2026-06-23 19:24:00+00:00,23795.25,7375.91015625,69935.53125,23336.279296875,10454.490234375,24935.919921875,8375.3095703125,4106.24658203125
2026-06-23 19:25:00+00:00,23795.25,7376.68017578125,69935.53125,23336.279296875,10454.490234375,24935.919921875,8375.3095703125,4106.24658203125
2026-06-23 19:26:00+00:00,23795.25,7376.81982421875,69935.53125,23336.279296875,10454.490234375,24935.919921875,8375.3095703125,4106.24658203125
2026-06-23 19:27:00+00:00,23795.25,7376.919921875,69935.53125,23336.279296875,10454.490234375,24935.919921875,8375.3095703125,4106.24658203125
2026-06-23 19:28:00+00:00,23795.25,7376.91015625,69935.53125,23336.279296875,10454.490234375,24935.919921875,8375.3095703125,4106.24658203125
2026-06-23 19:29:00+00:00,23795.25,7378.27001953125,69935.53125,23336.279296875,10454.490234375,24935.919921875,8375.3095703125,4106.24658203125
2026-06-23 19:30:00+00:00,23795.25,7376.669921875,69935.53125,23336.279296875,10454.490234375,24935.919921875,8375.3095703125,4106.24658203125
2026-06-23 19:31:00+00:00,23795.25,7374.9501953125,69935.53125,23336.279296875,10454.490234375,24935.919921875,8375.3095703125,4106.24658203125
2026-06-23 19:32:00+00:00,23795.25,7377.16015625,69935.53125,23336.279296875,10454.490234375,24935.919921875,8375.3095703125,4106.24658203125
2026-06-23 19:33:00+00:00,23795.25,7376.8798828125,69935.53125,23336.279296875,10454.490234375,24935.919921875,8375.3095703125,4106.24658203125
2026-06-23 19:34:00+00:00,23795.25,7378.18017578125,69935.53125,23336.279296875,10454.490234375,24935.919921875,8375.3095703125,4106.24658203125
2026-06-23 19:35:00+00:00,23795.25,7378.68017578125,69935.53125,23336.279296875,10454.490234375,24935.919921875,8375.3095703125,4106.24658203125
2026-06-23 19:36:00+00:00,23795.25,7377.75,69935.53125,23336.279296875,10454.490234375,24935.919921875,8375.3095703125,4106.24658203125
2026-06-23 19:37:00+00:00,23795.25,7378.169921875,69935.53125,23336.279296875,10454.490234375,24935.919921875,8375.3095703125,4106.24658203125
2026-06-23 19:38:00+00:00,23795.25,7375.66015625,69935.53125,23336.279296875,10454.490234375,24935.919921875,8375.3095703125,4106.24658203125
2026-06-23 19:39:00+00:00,23795.25,7374.06005859375,69935.53125,23336.279296875,10454.490234375,24935.919921875,8375.3095703125,4106.24658203125
2026-06-23 19:40:00+00:00,23795.25,7373.97021484375,69935.53125,23336.279296875,10454.490234375,24935.919921875,8375.3095703125,4106.24658203125
2026-06-23 19:41:00+00:00,23795.25,7372.39990234375,69935.53125,23336.279296875,10454.490234375,24935.919921875,8375.3095703125,4106.24658203125
2026-06-23 19:42:00+00:00,23795.25,7370.2001953125,69935.53125,23336.279296875,10454.490234375,24935.919921875,8375.3095703125,4106.24658203125
2026-06-23 19:43:00+00:00,23795.25,7370.7900390625,69935.53125,23336.279296875,10454.490234375,24935.919921875,8375.3095703125,4106.24658203125
2026-06-23 19:44:00+00:00,23795.25,7372.52001953125,69935.53125,23336.279296875,10454.490234375,24935.919921875,8375.3095703125,4106.24658203125
2026-06-23 19:45:00+00:00,23795.25,7373.43017578125,69935.53125,23336.279296875,10454.490234375,24935.919921875,8375.3095703125,4106.24658203125
2026-06-23 19:46:00+00:00,23795.25,7372.97021484375,69935.53125,23336.279296875,10454.490234375,24935.919921875,8375.3095703125,4106.24658203125
2026-06-23 19:47:00+00:00,23795.25,7370.490234375,69935.53125,23336.279296875,10454.490234375,24935.919921875,8375.3095703125,4106.24658203125
2026-06-23 19:48:00+00:00,23795.25,7368.35009765625,69935.53125,23336.279296875,10454.490234375,24935.919921875,8375.3095703125,4106.24658203125
2026-06-23 19:49:00+00:00,23795.25,7374.08984375,69935.53125,23336.279296875,10454.490234375,24935.919921875,8375.3095703125,4106.24658203125
2026-06-23 19:50:00+00:00,23795.25,7378.06982421875,69935.53125,23336.279296875,10454.490234375,24935.919921875,8375.3095703125,4106.24658203125
2026-06-23 19:51:00+00:00,23795.25,7374.93994140625,69935.53125,23336.279296875,10454.490234375,24935.919921875,8375.3095703125,4106.24658203125
2026-06-23 19:52:00+00:00,23795.25,7376.1298828125,69935.53125,23336.279296875,10454.490234375,24935.919921875,8375.3095703125,4106.24658203125
2026-06-23 19:53:00+00:00,23795.25,7376.25,69935.53125,23336.279296875,10454.490234375,24935.919921875,8375.3095703125,4106.24658203125
2026-06-23 19:54:00+00:00,23795.25,7382.83984375,69935.53125,23336.279296875,10454.490234375,24935.919921875,8375.3095703125,4106.24658203125
2026-06-23 19:55:00+00:00,23795.25,7377.3701171875,69935.53125,23336.279296875,10454.490234375,24935.919921875,8375.3095703125,4106.24658203125
2026-06-23 19:56:00+00:00,23795.25,7376.740234375,69935.53125,23336.279296875,10454.490234375,24935.919921875,8375.3095703125,4106.24658203125
2026-06-23 19:57:00+00:00,23795.25,7373.8701171875,69935.53125,23336.279296875,10454.490234375,24935.919921875,8375.3095703125,4106.24658203125
2026-06-23 19:58:00+00:00,23795.25,7375.580078125,69935.53125,23336.279296875,10454.490234375,24935.919921875,8375.3095703125,4106.24658203125
2026-06-23 19:59:00+00:00,23795.25,7365.919921875,69935.53125,23336.279296875,10454.490234375,24935.919921875,8375.3095703125,4106.24658203125
2026-06-24 00:00:00+00:00,23795.25,7365.919921875,69788.8515625,23336.279296875,10454.490234375,24935.919921875,8356.900390625,4106.24658203125
2026-06-24 00:01:00+00:00,23795.25,7365.919921875,69833.0390625,23336.279296875,10454.490234375,24935.919921875,8401.580078125,4106.24658203125
2026-06-24 00:02:00+00:00,23795.25,7365.919921875,69815.109375,23336.279296875,10454.490234375,24935.919921875,8348.5498046875,4106.24658203125
2026-06-24 00:03:00+00:00,23795.25,7365.919921875,69628.8671875,23336.279296875,10454.490234375,24935.919921875,8363.8095703125,4106.24658203125
2026-06-24 00:04:00+00:00,23795.25,7365.919921875,69362.3828125,23336.279296875,10454.490234375,24935.919921875,8295.23046875,4106.24658203125
2026-06-24 00:05:00+00:00,23795.25,7365.919921875,69369.546875,23336.279296875,10454.490234375,24935.919921875,8263.1396484375,4106.24658203125
2026-06-24 00:06:00+00:00,23795.25,7365.919921875,69694.4375,23336.279296875,10454.490234375,24935.919921875,8341.099609375,4106.24658203125
2026-06-24 00:07:00+00:00,23795.25,7365.919921875,69875.7734375,23336.279296875,10454.490234375,24935.919921875,8379.6298828125,4106.24658203125
2026-06-24 00:08:00+00:00,23795.25,7365.919921875,69874.953125,23336.279296875,10454.490234375,24935.919921875,8427.3603515625,4106.24658203125
2026-06-24 00:09:00+00:00,23795.25,7365.919921875,69950.921875,23336.279296875,10454.490234375,24935.919921875,8447.919921875,4106.24658203125
2026-06-24 00:10:00+00:00,23795.25,7365.919921875,70018.6328125,23336.279296875,10454.490234375,24935.919921875,8488.01953125,4106.24658203125
2026-06-24 00:11:00+00:00,23795.25,7365.919921875,70053.046875,23336.279296875,10454.490234375,24935.919921875,8510.9296875,4106.24658203125
2026-06-24 00:12:00+00:00,23795.25,7365.919921875,70127.328125,23336.279296875,10454.490234375,24935.919921875,8509.58984375,4106.24658203125
2026-06-24 00:13:00+00:00,23795.25,7365.919921875,69971.8828125,23336.279296875,10454.490234375,24935.919921875,8467.830078125,4106.24658203125
2026-06-24 00:14:00+00:00,23795.25,7365.919921875,69981.3984375,23336.279296875,10454.490234375,24935.919921875,8466.009765625,4106.24658203125
2026-06-24 00:15:00+00:00,23795.25,7365.919921875,70062.1328125,23336.279296875,10454.490234375,24935.919921875,8512.2998046875,4106.24658203125
2026-06-24 00:16:00+00:00,23795.25,7365.919921875,70011.5390625,23336.279296875,10454.490234375,24935.919921875,8522.2197265625,4106.24658203125
2026-06-24 00:17:00+00:00,23795.25,7365.919921875,70067.3984375,23336.279296875,10454.490234375,24935.919921875,8503.4501953125,4106.24658203125
2026-06-24 00:18:00+00:00,23795.25,7365.919921875,70144.3515625,23336.279296875,10454.490234375,24935.919921875,8498.08984375,4106.24658203125
2026-06-24 00:19:00+00:00,23795.25,7365.919921875,70185.4609375,23336.279296875,10454.490234375,24935.919921875,8491.650390625,4106.24658203125
2026-06-24 00:20:00+00:00,23795.25,7365.919921875,70186.046875,23336.279296875,10454.490234375,24935.919921875,8437.8896484375,4106.24658203125
2026-06-24 00:21:00+00:00,23795.25,7365.919921875,70097.2265625,23336.279296875,10454.490234375,24935.919921875,8406.8896484375,4106.24658203125
2026-06-24 00:22:00+00:00,23795.25,7365.919921875,70013.1796875,23336.279296875,10454.490234375,24935.919921875,8406.16015625,4106.24658203125
2026-06-24 00:23:00+00:00,23795.25,7365.919921875,69945.8671875,23336.279296875,10454.490234375,24935.919921875,8411.7900390625,4106.24658203125
2026-06-24 00:24:00+00:00,23795.25,7365.919921875,69794.3515625,23336.279296875,10454.490234375,24935.919921875,8360.6904296875,4106.24658203125
2026-06-24 00:25:00+00:00,23795.25,7365.919921875,69837.2109375,23336.279296875,10454.490234375,24935.919921875,8407.919921875,4106.24658203125
2026-06-24 00:26:00+00:00,23795.25,7365.919921875,69840.078125,23336.279296875,10454.490234375,24935.919921875,8434.41015625,4106.24658203125
2026-06-24 00:27:00+00:00,23795.25,7365.919921875,69816.6171875,23336.279296875,10454.490234375,24935.919921875,8483.599609375,4106.24658203125
2026-06-24 00:28:00+00:00,23795.25,7365.919921875,69897.3828125,23336.279296875,10454.490234375,24935.919921875,8473.599609375,4106.24658203125
2026-06-24 00:29:00+00:00,23795.25,7365.919921875,69967.578125,23336.279296875,10454.490234375,24935.919921875,8489.1201171875,4106.24658203125
2026-06-24 00:30:00+00:00,23795.25,7365.919921875,69918.7734375,23336.279296875,10454.490234375,24935.919921875,8520.8603515625,4106.24658203125
2026-06-24 00:31:00+00:00,23795.25,7365.919921875,69901.6015625,23336.279296875,10454.490234375,24935.919921875,8521.740234375,4106.24658203125
2026-06-24 00:32:00+00:00,23795.25,7365.919921875,69945.2421875,23336.279296875,10454.490234375,24935.919921875,8530.599609375,4106.24658203125
2026-06-24 00:33:00+00:00,23795.25,7365.919921875,69933.8203125,23336.279296875,10454.490234375,24935.919921875,8518.51953125,4106.24658203125
2026-06-24 00:34:00+00:00,23795.25,7365.919921875,69884.4765625,23336.279296875,10454.490234375,24935.919921875,8533.830078125,4106.24658203125
2026-06-24 00:35:00+00:00,23795.25,7365.919921875,69809.8671875,23336.279296875,10454.490234375,24935.919921875,8513.669921875,4106.24658203125
2026-06-24 00:36:00+00:00,23795.25,7365.919921875,69884.5390625,23336.279296875,10454.490234375,24935.919921875,8543.6796875,4106.24658203125
2026-06-24 00:37:00+00:00,23795.25,7365.919921875,69727.078125,23336.279296875,10454.490234375,24935.919921875,8482.7998046875,4106.24658203125
2026-06-24 00:38:00+00:00,23795.25,7365.919921875,69796.390625,23336.279296875,10454.490234375,24935.919921875,8506.259765625,4106.24658203125
2026-06-24 00:39:00+00:00,23795.25,7365.919921875,69782.96875,23336.279296875,10454.490234375,24935.919921875,8517.4697265625,4106.24658203125
2026-06-24 00:40:00+00:00,23795.25,7365.919921875,69721.8984375,23336.279296875,10454.490234375,24935.919921875,8511.3095703125,4106.24658203125
2026-06-24 00:41:00+00:00,23795.25,7365.919921875,69714.4296875,23336.279296875,10454.490234375,24935.919921875,8523.259765625,4106.24658203125
2026-06-24 00:42:00+00:00,23795.25,7365.919921875,69788.9375,23336.279296875,10454.490234375,24935.919921875,8571.259765625,4106.24658203125
2026-06-24 00:43:00+00:00,23795.25,7365.919921875,69808.671875,23336.279296875,10454.490234375,24935.919921875,8566.1796875,4106.24658203125
2026-06-24 00:44:00+00:00,23795.25,7365.919921875,69743.1796875,23336.279296875,10454.490234375,24935.919921875,8557.8603515625,4106.24658203125
2026-06-24 00:45:00+00:00,23795.25,7365.919921875,69723.0234375,23336.279296875,10454.490234375,24935.919921875,8561.3203125,4106.24658203125
2026-06-24 00:46:00+00:00,23795.25,7365.919921875,69780.8125,23336.279296875,10454.490234375,24935.919921875,8577.51953125,4106.24658203125
2026-06-24 00:47:00+00:00,23795.25,7365.919921875,69593.8671875,23336.279296875,10454.490234375,24935.919921875,8542.33984375,4106.24658203125
2026-06-24 00:48:00+00:00,23795.25,7365.919921875,69561.328125,23336.279296875,10454.490234375,24935.919921875,8532.6796875,4106.24658203125
2026-06-24 00:49:00+00:00,23795.25,7365.919921875,69417.7890625,23336.279296875,10454.490234375,24935.919921875,8519.330078125,4106.24658203125
2026-06-24 00:50:00+00:00,23795.25,7365.919921875,69534.4375,23336.279296875,10454.490234375,24935.919921875,8540.650390625,4106.24658203125
2026-06-24 00:51:00+00:00,23795.25,7365.919921875,69551.4921875,23336.279296875,10454.490234375,24935.919921875,8537.349609375,4106.24658203125
2026-06-24 00:52:00+00:00,23795.25,7365.919921875,69550.25,23336.279296875,10454.490234375,24935.919921875,8544.98046875,4106.24658203125
2026-06-24 00:53:00+00:00,23795.25,7365.919921875,69457.28125,23336.279296875,10454.490234375,24935.919921875,8556.4501953125,4106.24658203125
2026-06-24 00:54:00+00:00,23795.25,7365.919921875,69340.2421875,23336.279296875,10454.490234375,24935.919921875,8537.759765625,4106.24658203125
2026-06-24 00:55:00+00:00,23795.25,7365.919921875,69386.9921875,23336.279296875,10454.490234375,24935.919921875,8499.4404296875,4106.24658203125
2026-06-24 00:56:00+00:00,23795.25,7365.919921875,69290.5234375,23336.279296875,10454.490234375,24935.919921875,8499.419921875,4106.24658203125
2026-06-24 00:57:00+00:00,23795.25,7365.919921875,69439.8671875,23336.279296875,10454.490234375,24935.919921875,8507.8798828125,4106.24658203125
2026-06-24 00:58:00+00:00,23795.25,7365.919921875,69472.25,23336.279296875,10454.490234375,24935.919921875,8503.3798828125,4106.24658203125
2026-06-24 00:59:00+00:00,23795.25,7365.919921875,69510.078125,23336.279296875,10454.490234375,24935.919921875,8516.01953125,4106.24658203125
2026-06-24 01:00:00+00:00,23795.25,7365.919921875,69414.3671875,23336.279296875,10454.490234375,24935.919921875,8464.8603515625,4106.24658203125
2026-06-24 01:01:00+00:00,23795.25,7365.919921875,69381.6328125,23336.279296875,10454.490234375,24935.919921875,8447.5498046875,4106.24658203125
2026-06-24 01:02:00+00:00,23795.25,7365.919921875,69407.171875,23336.279296875,10454.490234375,24935.919921875,8445.98046875,4106.24658203125
2026-06-24 01:03:00+00:00,23795.25,7365.919921875,69289.5390625,23336.279296875,10454.490234375,24935.919921875,8452.650390625,4106.24658203125
2026-06-24 01:04:00+00:00,23795.25,7365.919921875,69237.8984375,23336.279296875,10454.490234375,24935.919921875,8415.580078125,4106.24658203125
2026-06-24 01:05:00+00:00,23795.25,7365.919921875,69263.34375,23336.279296875,10454.490234375,24935.919921875,8393.0302734375,4106.24658203125
2026-06-24 01:06:00+00:00,23795.25,7365.919921875,69296.1015625,23336.279296875,10454.490234375,24935.919921875,8411.349609375,4106.24658203125
2026-06-24 01:07:00+00:00,23795.25,7365.919921875,69431.6875,23336.279296875,10454.490234375,24935.919921875,8427.7900390625,4106.24658203125
2026-06-24 01:08:00+00:00,23795.25,7365.919921875,69402.3671875,23336.279296875,10454.490234375,24935.919921875,8401.740234375,4106.24658203125
2026-06-24 01:09:00+00:00,23795.25,7365.919921875,69347.21875,23336.279296875,10454.490234375,24935.919921875,8367.849609375,4106.24658203125
2026-06-24 01:10:00+00:00,23795.25,7365.919921875,69406.9921875,23336.279296875,10454.490234375,24935.919921875,8355.4296875,4106.24658203125
2026-06-24 01:11:00+00:00,23795.25,7365.919921875,69399.4921875,23336.279296875,10454.490234375,24935.919921875,8362.4404296875,4106.24658203125
2026-06-24 01:12:00+00:00,23795.25,7365.919921875,69513.5703125,23336.279296875,10454.490234375,24935.919921875,8382.490234375,4106.24658203125
2026-06-24 01:13:00+00:00,23795.25,7365.919921875,69481.5,23336.279296875,10454.490234375,24935.919921875,8380.7900390625,4106.24658203125
2026-06-24 01:14:00+00:00,23795.25,7365.919921875,69550.140625,23336.279296875,10454.490234375,24935.919921875,8395.0400390625,4106.24658203125
2026-06-24 01:15:00+00:00,23795.25,7365.919921875,69460.078125,23336.279296875,10454.490234375,24935.919921875,8381.509765625,4106.24658203125
2026-06-24 01:16:00+00:00,23795.25,7365.919921875,69398.6796875,23336.279296875,10454.490234375,24935.919921875,8378.240234375,4106.24658203125
2026-06-24 01:17:00+00:00,23795.25,7365.919921875,69281.28125,23336.279296875,10454.490234375,24935.919921875,8389.3095703125,4106.24658203125
2026-06-24 01:18:00+00:00,23795.25,7365.919921875,69222.03125,23336.279296875,10454.490234375,24935.919921875,8368.2802734375,4106.24658203125
2026-06-24 01:19:00+00:00,23795.25,7365.919921875,69170.078125,23336.279296875,10454.490234375,24935.919921875,8369.9501953125,4106.24658203125
2026-06-24 01:20:00+00:00,23795.25,7365.919921875,69147.171875,23336.279296875,10454.490234375,24935.919921875,8376.3896484375,4106.24658203125
2026-06-24 01:21:00+00:00,23795.25,7365.919921875,69113.75,23336.279296875,10454.490234375,24935.919921875,8381.6796875,4106.24658203125
2026-06-24 01:22:00+00:00,23795.25,7365.919921875,69170.46875,23336.279296875,10454.490234375,24935.919921875,8390.240234375,4106.24658203125
2026-06-24 01:23:00+00:00,23795.25,7365.919921875,69245.15625,23336.279296875,10454.490234375,24935.919921875,8384.3203125,4106.24658203125
2026-06-24 01:24:00+00:00,23795.25,7365.919921875,69415.046875,23336.279296875,10454.490234375,24935.919921875,8431.830078125,4106.24658203125
2026-06-24 01:25:00+00:00,23795.25,7365.919921875,69495.7890625,23336.279296875,10454.490234375,24935.919921875,8443.6796875,4106.24658203125
2026-06-24 01:26:00+00:00,23795.25,7365.919921875,69489.703125,23336.279296875,10454.490234375,24935.919921875,8426.099609375,4106.24658203125
2026-06-24 01:27:00+00:00,23795.25,7365.919921875,69347.59375,23336.279296875,10454.490234375,24935.919921875,8402.91015625,4106.24658203125
2026-06-24 01:28:00+00:00,23795.25,7365.919921875,69333.578125,23336.279296875,10454.490234375,24935.919921875,8410.7802734375,4106.24658203125
2026-06-24 01:29:00+00:00,23795.25,7365.919921875,69388.140625,23336.279296875,10454.490234375,24935.919921875,8426.150390625,4106.24658203125
2026-06-24 01:30:00+00:00,23795.25,7365.919921875,69460.46875,23445.009765625,10454.490234375,24935.919921875,8451.7802734375,4099.8974609375
2026-06-24 01:31:00+00:00,23795.25,7365.919921875,69371.140625,23443.869140625,10454.490234375,24935.919921875,8454.0400390625,4097.77294921875
2026-06-24 01:32:00+00:00,23795.25,7365.919921875,69394.296875,23472.58984375,10454.490234375,24935.919921875,8464.48046875,4095.431884765625
2026-06-24 01:33:00+00:00,23795.25,7365.919921875,69429.453125,23475.919921875,10454.490234375,24935.919921875,8472.3798828125,4097.88623046875
2026-06-24 01:34:00+00:00,23795.25,7365.919921875,69408.84375,23473.109375,10454.490234375,24935.919921875,8485.330078125,4102.06787109375
2026-06-24 01:35:00+00:00,23795.25,7365.919921875,69437.1171875,23479.919921875,10454.490234375,24935.919921875,8491.1103515625,4101.37890625
2026-06-24 01:36:00+00:00,23795.25,7365.919921875,69377.203125,23452.419921875,10454.490234375,24935.919921875,8481.4697265625,4100.2470703125
2026-06-24 01:37:00+00:00,23795.25,7365.919921875,69417.1484375,23458.75,10454.490234375,24935.919921875,8475.75,4096.49072265625
2026-06-24 01:38:00+00:00,23795.25,7365.919921875,69383.4609375,23470.990234375,10454.490234375,24935.919921875,8484.25,4099.287109375
2026-06-24 01:39:00+00:00,23795.25,7365.919921875,69434.0,23471.349609375,10454.490234375,24935.919921875,8485.2802734375,4099.89013671875
2026-06-24 01:40:00+00:00,23795.25,7365.919921875,69444.6328125,23479.279296875,10454.490234375,24935.919921875,8461.2900390625,4104.27392578125
2026-06-24 01:41:00+00:00,23795.25,7365.919921875,69521.8203125,23506.669921875,10454.490234375,24935.919921875,8456.75,4101.72998046875
2026-06-24 01:42:00+00:00,23795.25,7365.919921875,69550.890625,23499.7109375,10454.490234375,24935.919921875,8477.5703125,4094.298095703125
2026-06-24 01:43:00+00:00,23795.25,7365.919921875,69555.0703125,23507.369140625,10454.490234375,24935.919921875,8469.4697265625,4089.2529296875
2026-06-24 01:44:00+00:00,23795.25,7365.919921875,69446.640625,23489.76953125,10454.490234375,24935.919921875,8474.3798828125,4091.60107421875
2026-06-24 01:45:00+00:00,23795.25,7365.919921875,69431.921875,23486.939453125,10454.490234375,24935.919921875,8458.5703125,4094.375
2026-06-24 01:46:00+00:00,23795.25,7365.919921875,69418.4765625,23473.470703125,10454.490234375,24935.919921875,8451.349609375,4092.085693359375
2026-06-24 01:47:00+00:00,23795.25,7365.919921875,69460.5390625,23474.48046875,10454.490234375,24935.919921875,8434.4296875,4095.81591796875
2026-06-24 01:48:00+00:00,23795.25,7365.919921875,69397.7265625,23445.919921875,10454.490234375,24935.919921875,8426.3798828125,4097.3798828125
2026-06-24 01:49:00+00:00,23795.25,7365.919921875,69420.390625,23464.330078125,10454.490234375,24935.919921875,8439.0498046875,4095.9375
2026-06-24 01:50:00+00:00,23795.25,7365.919921875,69546.7265625,23509.900390625,10454.490234375,24935.919921875,8475.7099609375,4099.25341796875
2026-06-24 01:51:00+00:00,23795.25,7365.919921875,69484.2578125,23487.439453125,10454.490234375,24935.919921875,8509.150390625,4103.33251953125
2026-06-24 01:52:00+00:00,23795.25,7365.919921875,69432.203125,23465.380859375,10454.490234375,24935.919921875,8478.16015625,4097.48974609375
2026-06-24 01:53:00+00:00,23795.25,7365.919921875,69518.109375,23481.98046875,10454.490234375,24935.919921875,8496.7197265625,4101.69384765625
2026-06-24 01:54:00+00:00,23795.25,7365.919921875,69558.4765625,23432.650390625,10454.490234375,24935.919921875,8501.080078125,4102.7822265625
2026-06-24 01:55:00+00:00,23795.25,7365.919921875,69481.8671875,23424.900390625,10454.490234375,24935.919921875,8490.9501953125,4105.06982421875
2026-06-24 01:56:00+00:00,23795.25,7365.919921875,69583.4375,23423.0703125,10454.490234375,24935.919921875,8497.580078125,4107.001953125
2026-06-24 01:57:00+00:00,23795.25,7365.919921875,69655.546875,23426.189453125,10454.490234375,24935.919921875,8509.3603515625,4109.09716796875
2026-06-24 01:58:00+00:00,23795.25,7365.919921875,69652.2265625,23413.0703125,10454.490234375,24935.919921875,8511.669921875,4111.58935546875
2026-06-24 01:59:00+00:00,23795.25,7365.919921875,69601.03125,23390.8203125,10454.490234375,24935.919921875,8501.7998046875,4111.86962890625
2026-06-24 02:00:00+00:00,23795.25,7365.919921875,69629.046875,23375.55078125,10454.490234375,24935.919921875,8489.900390625,4108.662109375
2026-06-24 02:01:00+00:00,23795.25,7365.919921875,69755.796875,23370.240234375,10454.490234375,24935.919921875,8513.73046875,4108.333984375
2026-06-24 02:02:00+00:00,23795.25,7365.919921875,69755.3671875,23361.869140625,10454.490234375,24935.919921875,8517.01953125,4101.52685546875
2026-06-24 02:03:00+00:00,23795.25,7365.919921875,69780.6484375,23359.869140625,10454.490234375,24935.919921875,8504.48046875,4104.06298828125
2026-06-24 02:04:00+00:00,23795.25,7365.919921875,69669.5234375,23352.19921875,10454.490234375,24935.919921875,8508.0498046875,4102.5322265625
2026-06-24 02:05:00+00:00,23795.25,7365.919921875,69617.3671875,23346.009765625,10454.490234375,24935.919921875,8498.669921875,4102.103515625
2026-06-24 02:06:00+00:00,23795.25,7365.919921875,69592.59375,23343.2890625,10454.490234375,24935.919921875,8494.66015625,4100.05126953125
2026-06-24 02:07:00+00:00,23795.25,7365.919921875,69498.9375,23327.51953125,10454.490234375,24935.919921875,8472.6904296875,4101.24560546875
2026-06-24 02:08:00+00:00,23795.25,7365.919921875,69535.2265625,23347.359375,10454.490234375,24935.919921875,8469.0498046875,4095.6201171875
2026-06-24 02:09:00+00:00,23795.25,7365.919921875,69600.859375,23390.26953125,10454.490234375,24935.919921875,8479.7998046875,4098.771484375
2026-06-24 02:10:00+00:00,23795.25,7365.919921875,69659.8984375,23359.5703125,10454.490234375,24935.919921875,8496.7998046875,4097.34619140625
2026-06-24 02:11:00+00:00,23795.25,7365.919921875,69667.46875,23354.26953125,10454.490234375,24935.919921875,8499.0703125,4096.07177734375
2026-06-24 02:12:00+00:00,23795.25,7365.919921875,69664.6484375,23350.58984375,10454.490234375,24935.919921875,8499.5595703125,4098.32666015625
2026-06-24 02:13:00+00:00,23795.25,7365.919921875,69677.078125,23348.25,10454.490234375,24935.919921875,8493.4697265625,4099.6923828125
2026-06-24 02:14:00+00:00,23795.25,7365.919921875,69701.8671875,23348.970703125,10454.490234375,24935.919921875,8502.169921875,4097.2587890625
2026-06-24 02:15:00+00:00,23795.25,7365.919921875,69604.71875,23358.390625,10454.490234375,24935.919921875,8497.8798828125,4096.662109375
2026-06-24 02:16:00+00:00,23795.25,7365.919921875,69552.203125,23358.390625,10454.490234375,24935.919921875,8510.8896484375,4095.8076171875
2026-06-24 02:17:00+00:00,23795.25,7365.919921875,69501.8984375,23378.990234375,10454.490234375,24935.919921875,8499.8095703125,4097.51904296875
2026-06-24 02:18:00+00:00,23795.25,7365.919921875,69464.0,23362.380859375,10454.490234375,24935.919921875,8463.080078125,4097.81005859375
2026-06-24 02:19:00+00:00,23795.25,7365.919921875,69529.6875,23358.330078125,10454.490234375,24935.919921875,8475.7802734375,4097.76806640625
2026-06-24 02:20:00+00:00,23795.25,7365.919921875,69500.6484375,23341.19921875,10454.490234375,24935.919921875,8491.51953125,4098.251953125
2026-06-24 02:21:00+00:00,23795.25,7365.919921875,69370.1875,23327.1796875,10454.490234375,24935.919921875,8476.75,4098.09912109375
2026-06-24 02:22:00+00:00,23795.25,7365.919921875,69339.5078125,23327.80078125,10454.490234375,24935.919921875,8464.0400390625,4098.5439453125
2026-06-24 02:23:00+00:00,23795.25,7365.919921875,69283.4375,23319.5,10454.490234375,24935.919921875,8465.150390625,4095.279052734375
2026-06-24 02:24:00+00:00,23795.25,7365.919921875,69357.9296875,23307.779296875,10454.490234375,24935.919921875,8441.98046875,4097.57861328125
2026-06-24 02:25:00+00:00,23795.25,7365.919921875,69413.3828125,23320.48046875,10454.490234375,24935.919921875,8453.7197265625,4099.3759765625
2026-06-24 02:26:00+00:00,23795.25,7365.919921875,69380.390625,23310.630859375,10454.490234375,24935.919921875,8441.5498046875,4100.169921875
2026-06-24 02:27:00+00:00,23795.25,7365.919921875,69452.8828125,23324.619140625,10454.490234375,24935.919921875,8442.5595703125,4097.927734375
2026-06-24 02:28:00+00:00,23795.25,7365.919921875,69483.6875,23314.9296875,10454.490234375,24935.919921875,8446.7197265625,4099.7275390625
2026-06-24 02:29:00+00:00,23795.25,7365.919921875,69509.859375,23304.619140625,10454.490234375,24935.919921875,8455.759765625,4100.05078125
2026-06-24 02:30:00+00:00,23795.25,7365.919921875,69523.7890625,23307.5,10454.490234375,24935.919921875,8447.8603515625,4098.7099609375
2026-06-24 02:31:00+00:00,23795.25,7365.919921875,69523.7890625,23334.099609375,10454.490234375,24935.919921875,8439.2197265625,4094.4404296875
2026-06-24 02:32:00+00:00,23795.25,7365.919921875,69523.7890625,23336.830078125,10454.490234375,24935.919921875,8424.6904296875,4092.039306640625
2026-06-24 02:33:00+00:00,23795.25,7365.919921875,69523.7890625,23329.73046875,10454.490234375,24935.919921875,8426.5400390625,4093.437744140625
2026-06-24 02:34:00+00:00,23795.25,7365.919921875,69523.7890625,23339.380859375,10454.490234375,24935.919921875,8430.650390625,4093.98828125
2026-06-24 02:35:00+00:00,23795.25,7365.919921875,69523.7890625,23327.3203125,10454.490234375,24935.919921875,8421.3203125,4096.24169921875
2026-06-24 02:36:00+00:00,23795.25,7365.919921875,69523.7890625,23326.560546875,10454.490234375,24935.919921875,8408.5,4098.1181640625
2026-06-24 02:37:00+00:00,23795.25,7365.919921875,69523.7890625,23327.73046875,10454.490234375,24935.919921875,8390.5703125,4097.02490234375
2026-06-24 02:38:00+00:00,23795.25,7365.919921875,69523.7890625,23319.05078125,10454.490234375,24935.919921875,8387.7001953125,4095.8916015625
2026-06-24 02:39:00+00:00,23795.25,7365.919921875,69523.7890625,23306.2109375,10454.490234375,24935.919921875,8371.16015625,4093.9990234375
2026-06-24 02:40:00+00:00,23795.25,7365.919921875,69523.7890625,23308.25,10454.490234375,24935.919921875,8358.5400390625,4095.8759765625
2026-06-24 02:41:00+00:00,23795.25,7365.919921875,69523.7890625,23294.240234375,10454.490234375,24935.919921875,8349.5595703125,4091.92138671875
2026-06-24 02:42:00+00:00,23795.25,7365.919921875,69523.7890625,23311.630859375,10454.490234375,24935.919921875,8320.330078125,4094.637451171875
2026-06-24 02:43:00+00:00,23795.25,7365.919921875,69523.7890625,23316.830078125,10454.490234375,24935.919921875,8318.83984375,4091.000732421875
2026-06-24 02:44:00+00:00,23795.25,7365.919921875,69523.7890625,23304.25,10454.490234375,24935.919921875,8297.3798828125,4088.03369140625
2026-06-24 02:45:00+00:00,23795.25,7365.919921875,69523.7890625,23334.380859375,10454.490234375,24935.919921875,8309.2197265625,4088.24365234375
2026-06-24 02:46:00+00:00,23795.25,7365.919921875,69523.7890625,23306.400390625,10454.490234375,24935.919921875,8271.8701171875,4086.5966796875
2026-06-24 02:47:00+00:00,23795.25,7365.919921875,69523.7890625,23288.400390625,10454.490234375,24935.919921875,8244.990234375,4083.396240234375
2026-06-24 02:48:00+00:00,23795.25,7365.919921875,69523.7890625,23276.130859375,10454.490234375,24935.919921875,8258.0,4083.60400390625
2026-06-24 02:49:00+00:00,23795.25,7365.919921875,69523.7890625,23273.619140625,10454.490234375,24935.919921875,8231.7001953125,4080.23876953125
2026-06-24 02:50:00+00:00,23795.25,7365.919921875,69523.7890625,23268.859375,10454.490234375,24935.919921875,8254.3701171875,4078.84228515625
2026-06-24 02:51:00+00:00,23795.25,7365.919921875,69523.7890625,23291.69921875,10454.490234375,24935.919921875,8252.6298828125,4081.0283203125
2026-06-24 02:52:00+00:00,23795.25,7365.919921875,69523.7890625,23303.619140625,10454.490234375,24935.919921875,8222.66015625,4082.389404296875
2026-06-24 02:53:00+00:00,23795.25,7365.919921875,69523.7890625,23302.9609375,10454.490234375,24935.919921875,8200.080078125,4083.719482421875
2026-06-24 02:54:00+00:00,23795.25,7365.919921875,69523.7890625,23288.1796875,10454.490234375,24935.919921875,8185.6201171875,4079.0498046875
2026-06-24 02:55:00+00:00,23795.25,7365.919921875,69523.7890625,23294.4609375,10454.490234375,24935.919921875,8190.60986328125,4080.459716796875
2026-06-24 02:56:00+00:00,23795.25,7365.919921875,69523.7890625,23301.75,10454.490234375,24935.919921875,8190.31982421875,4078.302490234375
2026-06-24 02:57:00+00:00,23795.25,7365.919921875,69523.7890625,23303.73046875,10454.490234375,24935.919921875,8184.41015625,4078.035888671875
2026-06-24 02:58:00+00:00,23795.25,7365.919921875,69523.7890625,23318.119140625,10454.490234375,24935.919921875,8145.009765625,4077.67041015625
2026-06-24 02:59:00+00:00,23795.25,7365.919921875,69523.7890625,23312.009765625,10454.490234375,24935.919921875,8134.52978515625,4079.362548828125
2026-06-24 03:00:00+00:00,23795.25,7365.919921875,69523.7890625,23342.880859375,10454.490234375,24935.919921875,8129.080078125,4081.12060546875
2026-06-24 03:01:00+00:00,23795.25,7365.919921875,69523.7890625,23359.1796875,10454.490234375,24935.919921875,8147.16015625,4083.01904296875
2026-06-24 03:02:00+00:00,23795.25,7365.919921875,69523.7890625,23373.9609375,10454.490234375,24935.919921875,8103.25,4086.240478515625
2026-06-24 03:03:00+00:00,23795.25,7365.919921875,69523.7890625,23365.740234375,10454.490234375,24935.919921875,8080.990234375,4084.07080078125
2026-06-24 03:04:00+00:00,23795.25,7365.919921875,69523.7890625,23356.869140625,10454.490234375,24935.919921875,8113.7001953125,4080.56689453125
2026-06-24 03:05:00+00:00,23795.25,7365.919921875,69523.7890625,23360.419921875,10454.490234375,24935.919921875,8141.93994140625,4080.659912109375
2026-06-24 03:06:00+00:00,23795.25,7365.919921875,69523.7890625,23354.689453125,10454.490234375,24935.919921875,8084.990234375,4083.2734375
2026-06-24 03:07:00+00:00,23795.25,7365.919921875,69523.7890625,23359.2109375,10454.490234375,24935.919921875,8103.89013671875,4082.46240234375
2026-06-24 03:08:00+00:00,23795.25,7365.919921875,69523.7890625,23361.6796875,10454.490234375,24935.919921875,8125.009765625,4083.18017578125
2026-06-24 03:09:00+00:00,23795.25,7365.919921875,69523.7890625,23354.3203125,10454.490234375,24935.919921875,8171.18994140625,4082.012939453125
2026-06-24 03:10:00+00:00,23795.25,7365.919921875,69523.7890625,23330.75,10454.490234375,24935.919921875,8204.4697265625,4083.248779296875
2026-06-24 03:11:00+00:00,23795.25,7365.919921875,69523.7890625,23321.80078125,10454.490234375,24935.919921875,8198.2197265625,4081.37744140625
2026-06-24 03:12:00+00:00,23795.25,7365.919921875,69523.7890625,23320.01953125,10454.490234375,24935.919921875,8190.97021484375,4079.326416015625
2026-06-24 03:13:00+00:00,23795.25,7365.919921875,69523.7890625,23309.94921875,10454.490234375,24935.919921875,8201.509765625,4080.727294921875
2026-06-24 03:14:00+00:00,23795.25,7365.919921875,69523.7890625,23290.7109375,10454.490234375,24935.919921875,8182.41015625,4079.177490234375
2026-06-24 03:15:00+00:00,23795.25,7365.919921875,69523.7890625,23272.759765625,10454.490234375,24935.919921875,8151.669921875,4078.1630859375
2026-06-24 03:16:00+00:00,23795.25,7365.919921875,69523.7890625,23262.390625,10454.490234375,24935.919921875,8130.2099609375,4079.574951171875
2026-06-24 03:17:00+00:00,23795.25,7365.919921875,69523.7890625,23260.599609375,10454.490234375,24935.919921875,8091.83984375,4078.03369140625
2026-06-24 03:18:00+00:00,23795.25,7365.919921875,69523.7890625,23248.9296875,10454.490234375,24935.919921875,8105.06005859375,4076.67431640625
2026-06-24 03:19:00+00:00,23795.25,7365.919921875,69523.7890625,23259.26953125,10454.490234375,24935.919921875,8103.7001953125,4076.175048828125
2026-06-24 03:20:00+00:00,23795.25,7365.919921875,69523.7890625,23274.099609375,10454.490234375,24935.919921875,8127.740234375,4079.283935546875
2026-06-24 03:21:00+00:00,23795.25,7365.919921875,69523.7890625,23290.4296875,10454.490234375,24935.919921875,8114.9599609375,4080.92626953125
2026-06-24 03:22:00+00:00,23795.25,7365.919921875,69523.7890625,23287.91015625,10454.490234375,24935.919921875,8133.18994140625,4084.846923828125
2026-06-24 03:23:00+00:00,23795.25,7365.919921875,69523.7890625,23285.890625,10454.490234375,24935.919921875,8149.669921875,4084.89599609375
2026-06-24 03:24:00+00:00,23795.25,7365.919921875,69523.7890625,23274.740234375,10454.490234375,24935.919921875,8117.6201171875,4083.734130859375
2026-06-24 03:25:00+00:00,23795.25,7365.919921875,69523.7890625,23277.390625,10454.490234375,24935.919921875,8158.83984375,4086.52880859375
2026-06-24 03:26:00+00:00,23795.25,7365.919921875,69523.7890625,23291.83984375,10454.490234375,24935.919921875,8172.52001953125,4088.926513671875
2026-06-24 03:27:00+00:00,23795.25,7365.919921875,69523.7890625,23289.44921875,10454.490234375,24935.919921875,8210.6904296875,4090.776611328125
2026-06-24 03:28:00+00:00,23795.25,7365.919921875,69523.7890625,23302.01953125,10454.490234375,24935.919921875,8235.3701171875,4093.56494140625
2026-06-24 03:29:00+00:00,23795.25,7365.919921875,69523.7890625,23324.3203125,10454.490234375,24935.919921875,8251.3603515625,4093.96435546875
2026-06-24 03:30:00+00:00,23795.25,7365.919921875,69326.578125,23340.8203125,10454.490234375,24935.919921875,8280.599609375,4096.13671875
2026-06-24 03:31:00+00:00,23795.25,7365.919921875,69340.328125,23345.0,10454.490234375,24935.919921875,8291.080078125,4096.13671875
2026-06-24 03:32:00+00:00,23795.25,7365.919921875,69322.046875,23365.890625,10454.490234375,24935.919921875,8295.259765625,4096.13671875
2026-06-24 03:33:00+00:00,23795.25,7365.919921875,69261.9609375,23367.9609375,10454.490234375,24935.919921875,8265.599609375,4096.13671875
2026-06-24 03:34:00+00:00,23795.25,7365.919921875,69290.5,23374.279296875,10454.490234375,24935.919921875,8274.919921875,4096.13671875
2026-06-24 03:35:00+00:00,23795.25,7365.919921875,69331.3515625,23379.369140625,10454.490234375,24935.919921875,8298.5498046875,4096.13671875
2026-06-24 03:36:00+00:00,23795.25,7365.919921875,69276.3828125,23383.470703125,10454.490234375,24935.919921875,8283.6298828125,4096.13671875
2026-06-24 03:37:00+00:00,23795.25,7365.919921875,69175.7578125,23375.259765625,10454.490234375,24935.919921875,8267.3095703125,4096.13671875
2026-06-24 03:38:00+00:00,23795.25,7365.919921875,69147.6796875,23371.150390625,10454.490234375,24935.919921875,8257.16015625,4096.13671875
2026-06-24 03:39:00+00:00,23795.25,7365.919921875,69112.890625,23368.94921875,10454.490234375,24935.919921875,8263.6103515625,4096.13671875
2026-06-24 03:40:00+00:00,23795.25,7365.919921875,69101.6015625,23369.259765625,10454.490234375,24935.919921875,8283.6904296875,4096.13671875
2026-06-24 03:41:00+00:00,23795.25,7365.919921875,69072.7578125,23373.16015625,10454.490234375,24935.919921875,8298.3095703125,4096.13671875
2026-06-24 03:42:00+00:00,23795.25,7365.919921875,69112.3515625,23369.5390625,10454.490234375,24935.919921875,8300.919921875,4096.13671875
2026-06-24 03:43:00+00:00,23795.25,7365.919921875,69142.0703125,23357.6796875,10454.490234375,24935.919921875,8287.0498046875,4096.13671875
2026-06-24 03:44:00+00:00,23795.25,7365.919921875,69127.3828125,23356.7890625,10454.490234375,24935.919921875,8271.8603515625,4096.13671875
2026-06-24 03:45:00+00:00,23841.400390625,7365.919921875,69076.8828125,23340.30078125,10454.490234375,24935.919921875,8252.0302734375,4096.13671875
2026-06-24 03:46:00+00:00,23858.400390625,7365.919921875,69056.1796875,23330.91015625,10454.490234375,24935.919921875,8265.6396484375,4096.13671875
2026-06-24 03:47:00+00:00,23862.650390625,7365.919921875,69024.8203125,23322.359375,10454.490234375,24935.919921875,8259.0703125,4096.13671875
2026-06-24 03:48:00+00:00,23864.400390625,7365.919921875,69049.4765625,23325.4296875,10454.490234375,24935.919921875,8258.099609375,4096.13671875
2026-06-24 03:49:00+00:00,23848.44921875,7365.919921875,68984.0,23325.01953125,10454.490234375,24935.919921875,8263.1396484375,4096.13671875
2026-06-24 03:50:00+00:00,23842.94921875,7365.919921875,68890.328125,23330.4296875,10454.490234375,24935.919921875,8228.2099609375,4096.13671875
2026-06-24 03:51:00+00:00,23861.650390625,7365.919921875,68983.2890625,23336.240234375,10454.490234375,24935.919921875,8237.73046875,4096.13671875
2026-06-24 03:52:00+00:00,23867.30078125,7365.919921875,68908.6484375,23341.55078125,10454.490234375,24935.919921875,8247.23046875,4096.13671875
2026-06-24 03:53:00+00:00,23864.099609375,7365.919921875,68953.84375,23345.4609375,10454.490234375,24935.919921875,8264.4599609375,4096.13671875
2026-06-24 03:54:00+00:00,23863.25,7365.919921875,68961.3515625,23331.849609375,10454.490234375,24935.919921875,8252.2802734375,4096.13671875
2026-06-24 03:55:00+00:00,23869.5,7365.919921875,68947.7421875,23317.740234375,10454.490234375,24935.919921875,8244.7802734375,4096.13671875
2026-06-24 03:56:00+00:00,23881.900390625,7365.919921875,68975.8671875,23321.259765625,10454.490234375,24935.919921875,8267.2900390625,4096.13671875
2026-06-24 03:57:00+00:00,23878.5,7365.919921875,69035.5625,23328.5390625,10454.490234375,24935.919921875,8271.1904296875,4096.13671875
2026-06-24 03:58:00+00:00,23878.849609375,7365.919921875,69080.25,23335.400390625,10454.490234375,24935.919921875,8270.8603515625,4096.13671875
2026-06-24 03:59:00+00:00,23879.400390625,7365.919921875,69102.1328125,23345.529296875,10454.490234375,24935.919921875,8285.490234375,4096.13671875
2026-06-24 04:00:00+00:00,23881.75,7365.919921875,69021.9921875,23344.599609375,10454.490234375,24935.919921875,8258.8701171875,4096.13671875
2026-06-24 04:01:00+00:00,23883.849609375,7365.919921875,69013.1796875,23344.599609375,10454.490234375,24935.919921875,8250.3203125,4096.13671875
2026-06-24 04:02:00+00:00,23886.19921875,7365.919921875,68939.7578125,23344.599609375,10454.490234375,24935.919921875,8243.6396484375,4096.13671875
2026-06-24 04:03:00+00:00,23877.69921875,7365.919921875,68869.046875,23344.599609375,10454.490234375,24935.919921875,8223.1103515625,4096.13671875
2026-06-24 04:04:00+00:00,23870.099609375,7365.919921875,68881.1875,23344.599609375,10454.490234375,24935.919921875,8210.150390625,4096.13671875
2026-06-24 04:05:00+00:00,23871.44921875,7365.919921875,68843.8828125,23344.669921875,10454.490234375,24935.919921875,8206.83984375,4096.13671875
2026-06-24 04:06:00+00:00,23876.94921875,7365.919921875,68832.2890625,23344.669921875,10454.490234375,24935.919921875,8211.900390625,4096.13671875
2026-06-24 04:07:00+00:00,23871.75,7365.919921875,68865.65625,23344.669921875,10454.490234375,24935.919921875,8214.1904296875,4096.13671875
2026-06-24 04:08:00+00:00,23866.30078125,7365.919921875,68853.4921875,23344.669921875,10454.490234375,24935.919921875,8201.76953125,4096.13671875
2026-06-24 04:09:00+00:00,23879.44921875,7365.919921875,68911.0,23344.669921875,10454.490234375,24935.919921875,8213.33984375,4096.13671875
2026-06-24 04:10:00+00:00,23892.25,7365.919921875,68900.8984375,23344.669921875,10454.490234375,24935.919921875,8233.240234375,4096.13671875
2026-06-24 04:11:00+00:00,23881.0,7365.919921875,68862.59375,23344.669921875,10454.490234375,24935.919921875,8207.009765625,4096.13671875
2026-06-24 04:12:00+00:00,23881.05078125,7365.919921875,68899.296875,23344.669921875,10454.490234375,24935.919921875,8231.8701171875,4096.13671875
2026-06-24 04:13:00+00:00,23867.69921875,7365.919921875,68812.4921875,23344.669921875,10454.490234375,24935.919921875,8209.1103515625,4096.13671875
2026-06-24 04:14:00+00:00,23867.400390625,7365.919921875,68838.53125,23344.669921875,10454.490234375,24935.919921875,8216.8095703125,4096.13671875
2026-06-24 04:15:00+00:00,23859.80078125,7365.919921875,68840.40625,23344.669921875,10454.490234375,24935.919921875,8234.8603515625,4096.13671875
2026-06-24 04:16:00+00:00,23868.80078125,7365.919921875,68824.4921875,23344.669921875,10454.490234375,24935.919921875,8227.8701171875,4096.13671875
2026-06-24 04:17:00+00:00,23846.599609375,7365.919921875,68765.6015625,23344.669921875,10454.490234375,24935.919921875,8205.8095703125,4096.13671875
2026-06-24 04:18:00+00:00,23840.5,7365.919921875,68729.5234375,23344.669921875,10454.490234375,24935.919921875,8190.56982421875,4096.13671875
2026-06-24 04:19:00+00:00,23819.349609375,7365.919921875,68700.59375,23344.669921875,10454.490234375,24935.919921875,8175.02001953125,4096.13671875
2026-06-24 04:20:00+00:00,23822.5,7365.919921875,68635.078125,23344.669921875,10454.490234375,24935.919921875,8170.18994140625,4096.13671875
2026-06-24 04:21:00+00:00,23818.150390625,7365.919921875,68585.8828125,23344.669921875,10454.490234375,24935.919921875,8187.31982421875,4096.13671875
2026-06-24 04:22:00+00:00,23820.75,7365.919921875,68633.0078125,23344.669921875,10454.490234375,24935.919921875,8175.7099609375,4096.13671875
2026-06-24 04:23:00+00:00,23814.099609375,7365.919921875,68540.3515625,23344.669921875,10454.490234375,24935.919921875,8161.43017578125,4096.13671875
2026-06-24 04:24:00+00:00,23826.400390625,7365.919921875,68524.703125,23344.669921875,10454.490234375,24935.919921875,8155.8798828125,4096.13671875
2026-06-24 04:25:00+00:00,23838.44921875,7365.919921875,68505.140625,23344.669921875,10454.490234375,24935.919921875,8178.8701171875,4096.13671875
2026-06-24 04:26:00+00:00,23850.599609375,7365.919921875,68475.4375,23344.669921875,10454.490234375,24935.919921875,8173.419921875,4096.13671875
2026-06-24 04:27:00+00:00,23840.75,7365.919921875,68564.3671875,23344.669921875,10454.490234375,24935.919921875,8187.2001953125,4096.13671875
2026-06-24 04:28:00+00:00,23844.94921875,7365.919921875,68560.6328125,23344.669921875,10454.490234375,24935.919921875,8173.490234375,4096.13671875
2026-06-24 04:29:00+00:00,23841.650390625,7365.919921875,68540.8828125,23344.669921875,10454.490234375,24935.919921875,8171.22998046875,4096.13671875
2026-06-24 04:30:00+00:00,23865.900390625,7365.919921875,68557.1796875,23344.669921875,10454.490234375,24935.919921875,8199.8095703125,4096.13671875
2026-06-24 04:31:00+00:00,23871.400390625,7365.919921875,68623.296875,23344.669921875,10454.490234375,24935.919921875,8201.3203125,4096.13671875
2026-06-24 04:32:00+00:00,23892.05078125,7365.919921875,68703.640625,23344.669921875,10454.490234375,24935.919921875,8234.7900390625,4096.13671875
2026-06-24 04:33:00+00:00,23897.55078125,7365.919921875,68776.671875,23344.669921875,10454.490234375,24935.919921875,8228.66015625,4096.13671875
2026-06-24 04:34:00+00:00,23894.0,7365.919921875,68778.3125,23344.669921875,10454.490234375,24935.919921875,8229.3603515625,4096.13671875
2026-06-24 04:35:00+00:00,23889.19921875,7365.919921875,68802.5625,23344.669921875,10454.490234375,24935.919921875,8224.990234375,4096.13671875
2026-06-24 04:36:00+00:00,23889.650390625,7365.919921875,68951.6171875,23344.669921875,10454.490234375,24935.919921875,8258.4501953125,4096.13671875
2026-06-24 04:37:00+00:00,23896.400390625,7365.919921875,68928.421875,23344.669921875,10454.490234375,24935.919921875,8253.6298828125,4096.13671875
2026-06-24 04:38:00+00:00,23900.150390625,7365.919921875,68917.8828125,23344.669921875,10454.490234375,24935.919921875,8270.900390625,4096.13671875
2026-06-24 04:39:00+00:00,23909.150390625,7365.919921875,68904.703125,23344.669921875,10454.490234375,24935.919921875,8261.6904296875,4096.13671875
2026-06-24 04:40:00+00:00,23910.05078125,7365.919921875,68923.859375,23344.669921875,10454.490234375,24935.919921875,8283.3095703125,4096.13671875
2026-06-24 04:41:00+00:00,23908.19921875,7365.919921875,68982.1875,23344.669921875,10454.490234375,24935.919921875,8301.0703125,4096.13671875
2026-06-24 04:42:00+00:00,23914.599609375,7365.919921875,69040.2109375,23344.669921875,10454.490234375,24935.919921875,8312.9599609375,4096.13671875
2026-06-24 04:43:00+00:00,23915.900390625,7365.919921875,68999.9609375,23344.669921875,10454.490234375,24935.919921875,8310.0,4096.13671875
2026-06-24 04:44:00+00:00,23917.849609375,7365.919921875,68945.6015625,23344.669921875,10454.490234375,24935.919921875,8297.1904296875,4096.13671875
2026-06-24 04:45:00+00:00,23916.0,7365.919921875,68955.9296875,23344.669921875,10454.490234375,24935.919921875,8299.3203125,4096.13671875
2026-06-24 04:46:00+00:00,23920.30078125,7365.919921875,68965.3828125,23344.669921875,10454.490234375,24935.919921875,8306.7099609375,4096.13671875
2026-06-24 04:47:00+00:00,23928.69921875,7365.919921875,68969.421875,23344.669921875,10454.490234375,24935.919921875,8329.2001953125,4096.13671875
2026-06-24 04:48:00+00:00,23929.099609375,7365.919921875,68969.546875,23344.669921875,10454.490234375,24935.919921875,8319.3701171875,4096.13671875
2026-06-24 04:49:00+00:00,23915.75,7365.919921875,68992.140625,23344.669921875,10454.490234375,24935.919921875,8338.6904296875,4096.13671875
2026-06-24 04:50:00+00:00,23921.5,7365.919921875,68953.8984375,23344.669921875,10454.490234375,24935.919921875,8329.7802734375,4096.13671875
2026-06-24 04:51:00+00:00,23928.599609375,7365.919921875,68933.2109375,23344.669921875,10454.490234375,24935.919921875,8326.3701171875,4096.13671875
2026-06-24 04:52:00+00:00,23931.849609375,7365.919921875,68954.90625,23344.669921875,10454.490234375,24935.919921875,8333.6796875,4096.13671875
2026-06-24 04:53:00+00:00,23939.400390625,7365.919921875,68946.3515625,23344.669921875,10454.490234375,24935.919921875,8326.1396484375,4096.13671875
2026-06-24 04:54:00+00:00,23945.80078125,7365.919921875,68996.8125,23344.669921875,10454.490234375,24935.919921875,8337.900390625,4096.13671875
2026-06-24 04:55:00+00:00,23945.69921875,7365.919921875,69080.6328125,23344.669921875,10454.490234375,24935.919921875,8329.919921875,4096.13671875
2026-06-24 04:56:00+00:00,23954.150390625,7365.919921875,69092.6328125,23344.669921875,10454.490234375,24935.919921875,8338.4501953125,4096.13671875
2026-06-24 04:57:00+00:00,23969.05078125,7365.919921875,69113.7109375,23344.669921875,10454.490234375,24935.919921875,8368.849609375,4096.13671875
2026-06-24 04:58:00+00:00,23955.55078125,7365.919921875,69092.8515625,23344.669921875,10454.490234375,24935.919921875,8370.990234375,4096.13671875
2026-06-24 04:59:00+00:00,23947.75,7365.919921875,69086.09375,23344.669921875,10454.490234375,24935.919921875,8359.080078125,4096.13671875
2026-06-24 05:00:00+00:00,23954.900390625,7365.919921875,69121.4375,23315.0703125,10454.490234375,24935.919921875,8371.0400390625,4102.638671875
2026-06-24 05:01:00+00:00,23948.44921875,7365.919921875,69210.9296875,23310.400390625,10454.490234375,24935.919921875,8399.9296875,4101.71826171875
2026-06-24 05:02:00+00:00,23948.30078125,7365.919921875,69269.8125,23305.619140625,10454.490234375,24935.919921875,8411.3896484375,4101.37646484375
2026-06-24 05:03:00+00:00,23954.599609375,7365.919921875,69285.078125,23320.30078125,10454.490234375,24935.919921875,8423.1298828125,4099.552734375
2026-06-24 05:04:00+00:00,23952.349609375,7365.919921875,69249.96875,23318.119140625,10454.490234375,24935.919921875,8416.6103515625,4101.37841796875
2026-06-24 05:05:00+00:00,23950.849609375,7365.919921875,69193.90625,23313.30078125,10454.490234375,24935.919921875,8405.1796875,4103.205078125
2026-06-24 05:06:00+00:00,23945.94921875,7365.919921875,69195.28125,23304.349609375,10454.490234375,24935.919921875,8390.2197265625,4101.68798828125
2026-06-24 05:07:00+00:00,23939.19921875,7365.919921875,69218.09375,23299.30078125,10454.490234375,24935.919921875,8393.83984375,4102.83984375
2026-06-24 05:08:00+00:00,23946.150390625,7365.919921875,69252.5234375,23304.240234375,10454.490234375,24935.919921875,8423.9501953125,4101.61572265625
2026-06-24 05:09:00+00:00,23946.349609375,7365.919921875,69319.5078125,23326.740234375,10454.490234375,24935.919921875,8445.259765625,4103.40869140625
2026-06-24 05:10:00+00:00,23955.400390625,7365.919921875,69328.8203125,23313.470703125,10454.490234375,24935.919921875,8433.509765625,4103.79150390625
2026-06-24 05:11:00+00:00,23952.19921875,7365.919921875,69374.4765625,23321.33984375,10454.490234375,24935.919921875,8453.4404296875,4103.884765625
2026-06-24 05:12:00+00:00,23954.25,7365.919921875,69414.0390625,23329.130859375,10454.490234375,24935.919921875,8461.3603515625,4103.68115234375
2026-06-24 05:13:00+00:00,23944.69921875,7365.919921875,69387.71875,23337.51953125,10454.490234375,24935.919921875,8469.0498046875,4103.73046875
2026-06-24 05:14:00+00:00,23934.30078125,7365.919921875,69383.03125,23323.810546875,10454.490234375,24935.919921875,8468.1904296875,4103.361328125
2026-06-24 05:15:00+00:00,23951.599609375,7365.919921875,69418.21875,23334.2890625,10454.490234375,24935.919921875,8489.6201171875,4102.97119140625
2026-06-24 05:16:00+00:00,23955.0,7365.919921875,69442.78125,23349.30078125,10454.490234375,24935.919921875,8487.0498046875,4102.41845703125
2026-06-24 05:17:00+00:00,23955.44921875,7365.919921875,69447.328125,23352.66015625,10454.490234375,24935.919921875,8492.919921875,4105.44775390625
2026-06-24 05:18:00+00:00,23949.150390625,7365.919921875,69504.3671875,23387.310546875,10454.490234375,24935.919921875,8498.400390625,4106.53662109375
2026-06-24 05:19:00+00:00,23947.900390625,7365.919921875,69522.1328125,23401.439453125,10454.490234375,24935.919921875,8507.9501953125,4110.91162109375
2026-06-24 05:20:00+00:00,23947.099609375,7365.919921875,69485.4765625,23411.76953125,10454.490234375,24935.919921875,8505.7998046875,4113.45556640625
2026-06-24 05:21:00+00:00,23950.94921875,7365.919921875,69513.078125,23434.51953125,10454.490234375,24935.919921875,8510.1396484375,4114.94677734375
2026-06-24 05:22:00+00:00,23952.05078125,7365.919921875,69513.7109375,23426.560546875,10454.490234375,24935.919921875,8482.0498046875,4114.50537109375
2026-06-24 05:23:00+00:00,23947.25,7365.919921875,69517.0234375,23443.26953125,10454.490234375,24935.919921875,8483.76953125,4115.431640625
2026-06-24 05:24:00+00:00,23944.099609375,7365.919921875,69555.609375,23457.23046875,10454.490234375,24935.919921875,8509.5498046875,4115.3427734375
2026-06-24 05:25:00+00:00,23946.349609375,7365.919921875,69541.0234375,23470.310546875,10454.490234375,24935.919921875,8499.330078125,4114.025390625
2026-06-24 05:26:00+00:00,23938.69921875,7365.919921875,69476.578125,23453.740234375,10454.490234375,24935.919921875,8489.5595703125,4113.56591796875
2026-06-24 05:27:00+00:00,23945.80078125,7365.919921875,69475.078125,23447.759765625,10454.490234375,24935.919921875,8485.8798828125,4115.71435546875
2026-06-24 05:28:00+00:00,23957.599609375,7365.919921875,69487.328125,23454.0,10454.490234375,24935.919921875,8485.01953125,4114.6982421875
2026-06-24 05:29:00+00:00,23952.44921875,7365.919921875,69443.828125,23431.7890625,10454.490234375,24935.919921875,8468.5400390625,4113.69287109375
2026-06-24 05:30:00+00:00,23963.650390625,7365.919921875,69484.0703125,23442.240234375,10454.490234375,24935.919921875,8469.6904296875,4114.59228515625
2026-06-24 05:31:00+00:00,23966.25,7365.919921875,69570.203125,23443.939453125,10454.490234375,24935.919921875,8483.7900390625,4115.71630859375
2026-06-24 05:32:00+00:00,23970.349609375,7365.919921875,69614.6875,23470.310546875,10454.490234375,24935.919921875,8505.330078125,4114.11767578125
2026-06-24 05:33:00+00:00,23963.849609375,7365.919921875,69569.2109375,23480.01953125,10454.490234375,24935.919921875,8497.25,4112.59814453125
2026-06-24 05:34:00+00:00,23963.69921875,7365.919921875,69519.15625,23481.5,10454.490234375,24935.919921875,8483.1103515625,4114.701171875
2026-06-24 05:35:00+00:00,23968.0,7365.919921875,69576.328125,23488.599609375,10454.490234375,24935.919921875,8506.83984375,4114.38720703125
2026-06-24 05:36:00+00:00,23972.599609375,7365.919921875,69617.4765625,23512.650390625,10454.490234375,24935.919921875,8517.1396484375,4116.8720703125
2026-06-24 05:37:00+00:00,23977.099609375,7365.919921875,69632.953125,23513.560546875,10454.490234375,24935.919921875,8512.5595703125,4115.83154296875
2026-06-24 05:38:00+00:00,23979.75,7365.919921875,69658.7265625,23534.4296875,10454.490234375,24935.919921875,8517.5400390625,4114.35546875
2026-06-24 05:39:00+00:00,23987.55078125,7365.919921875,69682.671875,23547.599609375,10454.490234375,24935.919921875,8553.259765625,4113.6767578125
2026-06-24 05:40:00+00:00,23982.94921875,7365.919921875,69655.2890625,23553.759765625,10454.490234375,24935.919921875,8535.400390625,4113.5732421875
2026-06-24 05:41:00+00:00,23978.30078125,7365.919921875,69628.21875,23523.19921875,10454.490234375,24935.919921875,8506.7900390625,4112.41943359375
2026-06-24 05:42:00+00:00,23981.19921875,7365.919921875,69555.9296875,23510.08984375,10454.490234375,24935.919921875,8474.759765625,4108.83544921875
2026-06-24 05:43:00+00:00,23982.94921875,7365.919921875,69566.59375,23500.66015625,10454.490234375,24935.919921875,8480.419921875,4109.1826171875
2026-06-24 05:44:00+00:00,23985.849609375,7365.919921875,69600.703125,23478.419921875,10454.490234375,24935.919921875,8476.76953125,4109.802734375
2026-06-24 05:45:00+00:00,23983.400390625,7365.919921875,69543.421875,23480.130859375,10454.490234375,24935.919921875,8494.830078125,4108.62451171875
2026-06-24 05:46:00+00:00,23981.099609375,7365.919921875,69568.1171875,23487.939453125,10454.490234375,24935.919921875,8507.6201171875,4111.69580078125
2026-06-24 05:47:00+00:00,23983.30078125,7365.919921875,69580.671875,23486.869140625,10454.490234375,24935.919921875,8503.080078125,4113.32763671875
2026-06-24 05:48:00+00:00,23976.94921875,7365.919921875,69607.6796875,23468.4296875,10454.490234375,24935.919921875,8494.509765625,4110.08203125
2026-06-24 05:49:00+00:00,23970.0,7365.919921875,69590.3671875,23440.990234375,10454.490234375,24935.919921875,8484.23046875,4107.1875
2026-06-24 05:50:00+00:00,23978.849609375,7365.919921875,69522.6015625,23429.240234375,10454.490234375,24935.919921875,8461.5703125,4102.14208984375
2026-06-24 05:51:00+00:00,23973.25,7365.919921875,69543.1328125,23436.759765625,10454.490234375,24935.919921875,8442.900390625,4102.62255859375
2026-06-24 05:52:00+00:00,23974.400390625,7365.919921875,69502.7734375,23438.939453125,10454.490234375,24935.919921875,8419.830078125,4105.01513671875
2026-06-24 05:53:00+00:00,23975.55078125,7365.919921875,69456.9296875,23448.33984375,10454.490234375,24935.919921875,8420.1298828125,4106.77001953125
2026-06-24 05:54:00+00:00,23976.19921875,7365.919921875,69450.5625,23454.380859375,10454.490234375,24935.919921875,8430.490234375,4105.32470703125
2026-06-24 05:55:00+00:00,23970.0,7365.919921875,69357.8828125,23430.259765625,10454.490234375,24935.919921875,8448.1796875,4103.646484375
2026-06-24 05:56:00+00:00,23974.849609375,7365.919921875,69369.7890625,23419.23046875,10454.490234375,24935.919921875,8435.7802734375,4103.9453125
2026-06-24 05:57:00+00:00,23977.349609375,7365.919921875,69359.953125,23408.69921875,10454.490234375,24935.919921875,8449.9599609375,4105.56103515625
2026-06-24 05:58:00+00:00,23975.19921875,7365.919921875,69333.4921875,23415.6796875,10454.490234375,24935.919921875,8472.419921875,4104.5458984375
2026-06-24 05:59:00+00:00,23974.94921875,7365.919921875,69337.4765625,23422.130859375,10454.490234375,24935.919921875,8449.5498046875,4103.75537109375
2026-06-24 06:00:00+00:00,23960.599609375,7365.919921875,69275.28125,23421.9296875,10454.490234375,24935.919921875,8449.5498046875,4105.38623046875
2026-06-24 06:01:00+00:00,23959.150390625,7365.919921875,69255.53125,23430.869140625,10454.490234375,24935.919921875,8449.5498046875,4099.6640625
2026-06-24 06:02:00+00:00,23966.94921875,7365.919921875,69278.109375,23434.94921875,10454.490234375,24935.919921875,8449.5498046875,4101.9287109375
2026-06-24 06:03:00+00:00,23974.150390625,7365.919921875,69324.53125,23451.5,10454.490234375,24935.919921875,8449.5498046875,4104.38720703125
2026-06-24 06:04:00+00:00,23976.30078125,7365.919921875,69261.5703125,23434.25,10454.490234375,24935.919921875,8449.5498046875,4103.400390625
2026-06-24 06:05:00+00:00,23975.75,7365.919921875,69309.9296875,23446.16015625,10454.490234375,24935.919921875,8449.5498046875,4107.2373046875
2026-06-24 06:06:00+00:00,23975.69921875,7365.919921875,69338.546875,23445.330078125,10454.490234375,24935.919921875,8449.5498046875,4108.91455078125
2026-06-24 06:07:00+00:00,23976.650390625,7365.919921875,69315.9375,23435.94921875,10454.490234375,24935.919921875,8449.5498046875,4106.92822265625
2026-06-24 06:08:00+00:00,23985.30078125,7365.919921875,69352.5234375,23439.490234375,10454.490234375,24935.919921875,8449.5498046875,4107.36767578125
2026-06-24 06:09:00+00:00,23983.349609375,7365.919921875,69343.296875,23445.2109375,10454.490234375,24935.919921875,8449.5498046875,4105.86376953125
2026-06-24 06:10:00+00:00,23991.69921875,7365.919921875,69362.2578125,23453.609375,10454.490234375,24935.919921875,8449.5498046875,4105.45654296875
2026-06-24 06:11:00+00:00,23989.650390625,7365.919921875,69357.953125,23457.390625,10454.490234375,24935.919921875,8449.5498046875,4107.83447265625
2026-06-24 06:12:00+00:00,23987.80078125,7365.919921875,69386.328125,23460.2890625,10454.490234375,24935.919921875,8449.5498046875,4109.8984375
2026-06-24 06:13:00+00:00,23996.5,7365.919921875,69373.0234375,23465.630859375,10454.490234375,24935.919921875,8449.5498046875,4110.3232421875
2026-06-24 06:14:00+00:00,24006.900390625,7365.919921875,69318.65625,23458.55078125,10454.490234375,24935.919921875,8449.5498046875,4109.23486328125
2026-06-24 06:15:00+00:00,24007.19921875,7365.919921875,69282.65625,23440.640625,10454.490234375,24935.919921875,8449.5498046875,4109.7822265625
2026-06-24 06:16:00+00:00,24002.75,7365.919921875,69215.46875,23442.400390625,10454.490234375,24935.919921875,8449.5498046875,4109.89794921875
2026-06-24 06:17:00+00:00,24003.25,7365.919921875,69267.4765625,23447.509765625,10454.490234375,24935.919921875,8449.5498046875,4109.34619140625
2026-06-24 06:18:00+00:00,24002.44921875,7365.919921875,69270.71875,23445.7890625,10454.490234375,24935.919921875,8449.5498046875,4109.26171875
2026-06-24 06:19:00+00:00,24006.44921875,7365.919921875,69279.3671875,23447.76953125,10454.490234375,24935.919921875,8449.5498046875,4109.26708984375
2026-06-24 06:20:00+00:00,24004.25,7365.919921875,69243.90625,23438.859375,10454.490234375,24935.919921875,8449.5498046875,4109.20947265625
2026-06-24 06:21:00+00:00,24008.650390625,7365.919921875,69230.8203125,23443.80078125,10454.490234375,24935.919921875,8449.5498046875,4109.43212890625
2026-06-24 06:22:00+00:00,24006.400390625,7365.919921875,69277.75,23459.9609375,10454.490234375,24935.919921875,8449.5498046875,4111.650390625
2026-06-24 06:23:00+00:00,24007.650390625,7365.919921875,69265.703125,23463.630859375,10454.490234375,24935.919921875,8449.5498046875,4111.091796875
2026-06-24 06:24:00+00:00,24001.69921875,7365.919921875,69275.2578125,23456.359375,10454.490234375,24935.919921875,8449.5498046875,4109.2431640625
2026-06-24 06:25:00+00:00,24004.349609375,7365.919921875,69274.6171875,23459.650390625,10454.490234375,24935.919921875,8449.5498046875,4110.4755859375
2026-06-24 06:26:00+00:00,24006.900390625,7365.919921875,69274.6171875,23480.0390625,10454.490234375,24935.919921875,8449.5498046875,4112.6376953125
2026-06-24 06:27:00+00:00,24004.650390625,7365.919921875,69274.6171875,23459.359375,10454.490234375,24935.919921875,8449.5498046875,4113.30810546875
2026-06-24 06:28:00+00:00,24002.400390625,7365.919921875,69274.6171875,23453.5703125,10454.490234375,24935.919921875,8449.5498046875,4111.93359375
2026-06-24 06:29:00+00:00,23996.900390625,7365.919921875,69274.6171875,23456.5,10454.490234375,24935.919921875,8449.5498046875,4113.85546875
2026-06-24 06:30:00+00:00,23996.25,7365.919921875,69274.6171875,23468.619140625,10454.490234375,24935.919921875,8449.5498046875,4114.884765625
2026-06-24 06:31:00+00:00,23998.099609375,7365.919921875,69274.6171875,23459.890625,10454.490234375,24935.919921875,8449.5498046875,4114.89404296875
2026-06-24 06:32:00+00:00,24002.5,7365.919921875,69274.6171875,23467.26953125,10454.490234375,24935.919921875,8449.5498046875,4114.7294921875
2026-06-24 06:33:00+00:00,24002.349609375,7365.919921875,69274.6171875,23465.51953125,10454.490234375,24935.919921875,8449.5498046875,4113.2783203125
2026-06-24 06:34:00+00:00,24006.099609375,7365.919921875,69274.6171875,23458.240234375,10454.490234375,24935.919921875,8449.5498046875,4109.92919921875
2026-06-24 06:35:00+00:00,23999.30078125,7365.919921875,69274.6171875,23454.76953125,10454.490234375,24935.919921875,8449.5498046875,4109.6494140625
2026-06-24 06:36:00+00:00,23998.69921875,7365.919921875,69274.6171875,23459.599609375,10454.490234375,24935.919921875,8449.5498046875,4110.56201171875
2026-06-24 06:37:00+00:00,23996.599609375,7365.919921875,69274.6171875,23466.599609375,10454.490234375,24935.919921875,8449.5498046875,4111.20263671875
2026-06-24 06:38:00+00:00,23995.19921875,7365.919921875,69274.6171875,23455.01953125,10454.490234375,24935.919921875,8449.5498046875,4110.2783203125
2026-06-24 06:39:00+00:00,23987.75,7365.919921875,69274.6171875,23451.69921875,10454.490234375,24935.919921875,8449.5498046875,4108.6240234375
2026-06-24 06:40:00+00:00,23983.599609375,7365.919921875,69274.6171875,23441.8203125,10454.490234375,24935.919921875,8449.5498046875,4107.6552734375
2026-06-24 06:41:00+00:00,23979.0,7365.919921875,69274.6171875,23449.560546875,10454.490234375,24935.919921875,8449.5498046875,4105.8681640625
2026-06-24 06:42:00+00:00,23980.349609375,7365.919921875,69274.6171875,23445.869140625,10454.490234375,24935.919921875,8449.5498046875,4105.53076171875
2026-06-24 06:43:00+00:00,23986.05078125,7365.919921875,69274.6171875,23444.9609375,10454.490234375,24935.919921875,8449.5498046875,4107.09033203125
2026-06-24 06:44:00+00:00,23980.94921875,7365.919921875,69274.6171875,23449.5,10454.490234375,24935.919921875,8449.5498046875,4107.7998046875
2026-06-24 06:45:00+00:00,23987.650390625,7365.919921875,69274.6171875,23438.419921875,10454.490234375,24935.919921875,8449.5498046875,4107.896484375
2026-06-24 06:46:00+00:00,23993.55078125,7365.919921875,69274.6171875,23442.9609375,10454.490234375,24935.919921875,8449.5498046875,4107.9384765625
2026-06-24 06:47:00+00:00,23996.400390625,7365.919921875,69274.6171875,23439.16015625,10454.490234375,24935.919921875,8449.5498046875,4107.4365234375
2026-06-24 06:48:00+00:00,23994.900390625,7365.919921875,69274.6171875,23440.759765625,10454.490234375,24935.919921875,8449.5498046875,4109.0751953125
2026-06-24 06:49:00+00:00,23997.849609375,7365.919921875,69274.6171875,23438.830078125,10454.490234375,24935.919921875,8449.5498046875,4109.5234375
2026-06-24 06:50:00+00:00,23996.900390625,7365.919921875,69274.6171875,23433.529296875,10454.490234375,24935.919921875,8449.5498046875,4110.0400390625
2026-06-24 06:51:00+00:00,23998.5,7365.919921875,69274.6171875,23447.66015625,10454.490234375,24935.919921875,8449.5498046875,4109.71875
2026-06-24 06:52:00+00:00,23997.650390625,7365.919921875,69274.6171875,23453.150390625,10454.490234375,24935.919921875,8449.5498046875,4111.1494140625
2026-06-24 06:53:00+00:00,24004.0,7365.919921875,69274.6171875,23449.810546875,10454.490234375,24935.919921875,8449.5498046875,4111.5048828125
2026-06-24 06:54:00+00:00,24005.400390625,7365.919921875,69274.6171875,23450.369140625,10454.490234375,24935.919921875,8449.5498046875,4111.36572265625
2026-06-24 06:55:00+00:00,24002.599609375,7365.919921875,69274.6171875,23447.08984375,10454.490234375,24935.919921875,8449.5498046875,4111.17431640625
2026-06-24 06:56:00+00:00,24001.650390625,7365.919921875,69274.6171875,23448.060546875,10454.490234375,24935.919921875,8449.5498046875,4111.35205078125
2026-06-24 06:57:00+00:00,24001.19921875,7365.919921875,69274.6171875,23453.439453125,10454.490234375,24935.919921875,8449.5498046875,4112.82568359375
2026-06-24 06:58:00+00:00,23998.30078125,7365.919921875,69274.6171875,23447.9609375,10454.490234375,24935.919921875,8449.5498046875,4112.82568359375
2026-06-24 06:59:00+00:00,23995.650390625,7365.919921875,69274.6171875,23442.779296875,10454.490234375,24935.919921875,8449.5498046875,4112.82568359375
2026-06-24 07:00:00+00:00,23985.150390625,7365.919921875,69274.6171875,23443.9609375,10424.98046875,24935.919921875,8449.5498046875,4112.82568359375
2026-06-24 07:01:00+00:00,23971.150390625,7365.919921875,69274.6171875,23441.900390625,10423.6904296875,24935.919921875,8449.5498046875,4112.82568359375
2026-06-24 07:02:00+00:00,23969.5,7365.919921875,69274.6171875,23425.259765625,10420.4599609375,24935.919921875,8449.5498046875,4112.82568359375
2026-06-24 07:03:00+00:00,23970.5,7365.919921875,69274.6171875,23412.119140625,10420.8603515625,24792.169921875,8449.5498046875,4112.82568359375
2026-06-24 07:04:00+00:00,23977.69921875,7365.919921875,69274.6171875,23417.060546875,10414.3095703125,24789.189453125,8449.5498046875,4112.82568359375
2026-06-24 07:05:00+00:00,23977.0,7365.919921875,69274.6171875,23425.880859375,10423.2001953125,24765.33984375,8449.5498046875,4112.82568359375
2026-06-24 07:06:00+00:00,23975.55078125,7365.919921875,69274.6171875,23431.5390625,10422.849609375,24774.919921875,8449.5498046875,4112.82568359375
2026-06-24 07:07:00+00:00,23972.099609375,7365.919921875,69274.6171875,23436.58984375,10421.1904296875,24778.41015625,8449.5498046875,4112.82568359375
2026-06-24 07:08:00+00:00,23971.400390625,7365.919921875,69274.6171875,23439.849609375,10422.7802734375,24776.119140625,8449.5498046875,4112.82568359375
2026-06-24 07:09:00+00:00,23979.099609375,7365.919921875,69274.6171875,23426.609375,10418.7001953125,24766.6796875,8449.5498046875,4112.82568359375
2026-06-24 07:10:00+00:00,23979.400390625,7365.919921875,69274.6171875,23436.25,10424.8203125,24765.390625,8449.5498046875,4112.82568359375
2026-06-24 07:11:00+00:00,23980.849609375,7365.919921875,69274.6171875,23434.69921875,10429.4697265625,24769.369140625,8449.5498046875,4112.82568359375
2026-06-24 07:12:00+00:00,23976.599609375,7365.919921875,69274.6171875,23435.5703125,10428.900390625,24763.939453125,8449.5498046875,4112.82568359375
2026-06-24 07:13:00+00:00,23982.400390625,7365.919921875,69274.6171875,23435.140625,10428.3603515625,24761.720703125,8449.5498046875,4112.82568359375
2026-06-24 07:14:00+00:00,23991.349609375,7365.919921875,69274.6171875,23429.619140625,10427.5400390625,24755.9296875,8449.5498046875,4112.82568359375
2026-06-24 07:15:00+00:00,23986.94921875,7365.919921875,69274.6171875,23423.169921875,10430.2099609375,24753.66015625,8449.5498046875,4112.82568359375
2026-06-24 07:16:00+00:00,23987.69921875,7365.919921875,69274.6171875,23432.169921875,10433.580078125,24776.23046875,8449.5498046875,4112.82568359375
2026-06-24 07:17:00+00:00,23990.0,7365.919921875,69274.6171875,23433.810546875,10433.990234375,24783.1796875,8449.5498046875,4112.82568359375
2026-06-24 07:18:00+00:00,23988.19921875,7365.919921875,69274.6171875,23444.990234375,10433.8203125,24781.5390625,8449.5498046875,4112.82568359375
2026-06-24 07:19:00+00:00,23985.099609375,7365.919921875,69274.6171875,23436.30078125,10436.5400390625,24773.76953125,8449.5498046875,4112.82568359375
2026-06-24 07:20:00+00:00,23979.55078125,7365.919921875,69274.6171875,23440.580078125,10432.1103515625,24770.849609375,8449.5498046875,4112.82568359375
2026-06-24 07:21:00+00:00,23985.650390625,7365.919921875,69274.6171875,23442.0,10435.75,24774.310546875,8449.5498046875,4112.82568359375
2026-06-24 07:22:00+00:00,23994.650390625,7365.919921875,69274.6171875,23444.310546875,10437.009765625,24787.359375,8449.5498046875,4112.82568359375
2026-06-24 07:23:00+00:00,23997.75,7365.919921875,69274.6171875,23442.330078125,10440.9599609375,24785.919921875,8449.5498046875,4112.82568359375
2026-06-24 07:24:00+00:00,23995.0,7365.919921875,69274.6171875,23448.580078125,10441.2099609375,24772.330078125,8449.5498046875,4112.82568359375
2026-06-24 07:25:00+00:00,23995.5,7365.919921875,69274.6171875,23448.359375,10434.2001953125,24753.640625,8449.5498046875,4112.82568359375
2026-06-24 07:26:00+00:00,24001.0,7365.919921875,69274.6171875,23446.44921875,10436.7802734375,24753.08984375,8449.5498046875,4112.82568359375
2026-06-24 07:27:00+00:00,24003.75,7365.919921875,69274.6171875,23443.310546875,10434.0498046875,24749.01953125,8449.5498046875,4112.82568359375
2026-06-24 07:28:00+00:00,24007.849609375,7365.919921875,69274.6171875,23440.849609375,10432.580078125,24741.990234375,8449.5498046875,4112.82568359375
2026-06-24 07:29:00+00:00,24004.349609375,7365.919921875,69274.6171875,23436.609375,10430.740234375,24743.75,8449.5498046875,4112.82568359375
2026-06-24 07:30:00+00:00,24007.25,7365.919921875,69274.6171875,23440.6796875,10431.7099609375,24751.560546875,8449.5498046875,4112.82568359375
2026-06-24 07:31:00+00:00,23997.44921875,7365.919921875,69274.6171875,23441.69921875,10428.330078125,24742.41015625,8449.5498046875,4112.82568359375
2026-06-24 07:32:00+00:00,24000.80078125,7365.919921875,69274.6171875,23445.109375,10429.0400390625,24745.640625,8449.5498046875,4112.82568359375
2026-06-24 07:33:00+00:00,24005.05078125,7365.919921875,69274.6171875,23447.470703125,10426.9404296875,24740.33984375,8449.5498046875,4112.82568359375
2026-06-24 07:34:00+00:00,23996.400390625,7365.919921875,69274.6171875,23441.919921875,10424.3701171875,24723.4609375,8449.5498046875,4112.82568359375
2026-06-24 07:35:00+00:00,23998.30078125,7365.919921875,69274.6171875,23421.51953125,10416.400390625,24698.23046875,8449.5498046875,4112.82568359375
2026-06-24 07:36:00+00:00,24001.599609375,7365.919921875,69274.6171875,23422.619140625,10411.4404296875,24693.759765625,8449.5498046875,4112.82568359375
2026-06-24 07:37:00+00:00,24002.599609375,7365.919921875,69274.6171875,23423.720703125,10408.5595703125,24674.669921875,8449.5498046875,4112.82568359375
2026-06-24 07:38:00+00:00,24013.349609375,7365.919921875,69274.6171875,23424.55078125,10409.5302734375,24683.05078125,8449.5498046875,4112.82568359375
2026-06-24 07:39:00+00:00,24020.0,7365.919921875,69274.6171875,23417.5390625,10408.5302734375,24679.859375,8449.5498046875,4112.82568359375
2026-06-24 07:40:00+00:00,24016.5,7365.919921875,69274.6171875,23437.830078125,10409.5498046875,24676.419921875,8449.5498046875,4112.82568359375
2026-06-24 07:41:00+00:00,24019.05078125,7365.919921875,69274.6171875,23442.98046875,10414.1298828125,24684.849609375,8449.5498046875,4112.82568359375
2026-06-24 07:42:00+00:00,24022.849609375,7365.919921875,69274.6171875,23451.80078125,10416.2001953125,24690.689453125,8449.5498046875,4112.82568359375
2026-06-24 07:43:00+00:00,24025.150390625,7365.919921875,69274.6171875,23460.33984375,10419.0703125,24698.30078125,8449.5498046875,4112.82568359375
2026-06-24 07:44:00+00:00,24031.099609375,7365.919921875,69274.6171875,23457.44921875,10422.990234375,24715.55078125,8449.5498046875,4112.82568359375
2026-06-24 07:45:00+00:00,24036.650390625,7365.919921875,69274.6171875,23451.380859375,10424.009765625,24728.73046875,8449.5498046875,4112.82568359375
2026-06-24 07:46:00+00:00,24036.44921875,7365.919921875,69274.6171875,23458.41015625,10426.669921875,24734.0390625,8449.5498046875,4112.82568359375
2026-06-24 07:47:00+00:00,24044.5,7365.919921875,69274.6171875,23462.189453125,10432.0703125,24749.6796875,8449.5498046875,4112.82568359375
2026-06-24 07:48:00+00:00,24044.25,7365.919921875,69274.6171875,23455.2109375,10432.6298828125,24738.6796875,8449.5498046875,4112.82568359375
2026-06-24 07:49:00+00:00,24046.80078125,7365.919921875,69274.6171875,23456.080078125,10431.580078125,24742.759765625,8449.5498046875,4112.82568359375
2026-06-24 07:50:00+00:00,24050.650390625,7365.919921875,69274.6171875,23447.3203125,10431.759765625,24752.44921875,8449.5498046875,4112.82568359375
2026-06-24 07:51:00+00:00,24052.0,7365.919921875,69274.6171875,23439.859375,10428.6796875,24748.150390625,8449.5498046875,4112.82568359375
2026-06-24 07:52:00+00:00,24052.25,7365.919921875,69274.6171875,23438.849609375,10421.2802734375,24728.5,8449.5498046875,4112.82568359375
2026-06-24 07:53:00+00:00,24045.650390625,7365.919921875,69274.6171875,23431.900390625,10418.51953125,24708.419921875,8449.5498046875,4112.82568359375
2026-06-24 07:54:00+00:00,24039.69921875,7365.919921875,69274.6171875,23429.1796875,10417.0302734375,24700.5703125,8449.5498046875,4112.82568359375
2026-06-24 07:55:00+00:00,24043.25,7365.919921875,69274.6171875,23426.5,10420.4404296875,24692.669921875,8449.5498046875,4112.82568359375
2026-06-24 07:56:00+00:00,24049.150390625,7365.919921875,69274.6171875,23420.169921875,10419.8701171875,24695.330078125,8449.5498046875,4112.82568359375
2026-06-24 07:57:00+00:00,24049.75,7365.919921875,69274.6171875,23419.609375,10417.7001953125,24693.029296875,8449.5498046875,4112.82568359375
2026-06-24 07:58:00+00:00,24050.94921875,7365.919921875,69274.6171875,23421.490234375,10419.16015625,24699.73046875,8449.5498046875,4112.82568359375
2026-06-24 07:59:00+00:00,24052.44921875,7365.919921875,69274.6171875,23419.369140625,10416.01953125,24698.48046875,8449.5498046875,4112.82568359375
2026-06-24 08:00:00+00:00,24057.30078125,7365.919921875,69274.6171875,23420.400390625,10414.1396484375,24698.66015625,8449.5498046875,4112.82568359375
2026-06-24 08:01:00+00:00,24054.44921875,7365.919921875,69274.6171875,23420.400390625,10417.2900390625,24713.470703125,8449.5498046875,4112.82568359375
2026-06-24 08:02:00+00:00,24063.849609375,7365.919921875,69274.6171875,23420.400390625,10420.73046875,24714.099609375,8449.5498046875,4112.82568359375
2026-06-24 08:03:00+00:00,24065.099609375,7365.919921875,69274.6171875,23420.400390625,10421.4296875,24706.1796875,8449.5498046875,4112.82568359375
2026-06-24 08:04:00+00:00,24072.30078125,7365.919921875,69274.6171875,23420.400390625,10426.6298828125,24726.4296875,8449.5498046875,4112.82568359375
2026-06-24 08:05:00+00:00,24084.599609375,7365.919921875,69274.6171875,23420.400390625,10430.490234375,24733.05078125,8449.5498046875,4112.82568359375
2026-06-24 08:06:00+00:00,24087.80078125,7365.919921875,69274.6171875,23420.400390625,10428.91015625,24711.75,8449.5498046875,4112.82568359375
2026-06-24 08:07:00+00:00,24084.150390625,7365.919921875,69274.6171875,23420.400390625,10427.5498046875,24709.0703125,8449.5498046875,4112.82568359375
2026-06-24 08:08:00+00:00,24081.599609375,7365.919921875,69274.6171875,23412.1796875,10429.099609375,24720.16015625,8449.5498046875,4112.82568359375
2026-06-24 08:09:00+00:00,24070.44921875,7365.919921875,69274.6171875,23412.1796875,10430.599609375,24723.599609375,8449.5498046875,4112.82568359375
2026-06-24 08:10:00+00:00,24072.19921875,7365.919921875,69274.6171875,23412.1796875,10431.919921875,24724.810546875,8449.5498046875,4112.82568359375
2026-06-24 08:11:00+00:00,24074.05078125,7365.919921875,69274.6171875,23412.1796875,10431.1201171875,24724.7890625,8449.5498046875,4112.82568359375
2026-06-24 08:12:00+00:00,24068.099609375,7365.919921875,69274.6171875,23412.1796875,10424.51953125,24702.390625,8449.5498046875,4112.82568359375
2026-06-24 08:13:00+00:00,24071.19921875,7365.919921875,69274.6171875,23412.1796875,10427.9599609375,24722.470703125,8449.5498046875,4112.82568359375
2026-06-24 08:14:00+00:00,24071.5,7365.919921875,69274.6171875,23412.1796875,10430.9599609375,24730.01953125,8449.5498046875,4112.82568359375
2026-06-24 08:15:00+00:00,24077.349609375,7365.919921875,69274.6171875,23412.1796875,10429.6298828125,24723.1796875,8449.5498046875,4112.82568359375
2026-06-24 08:16:00+00:00,24079.75,7365.919921875,69274.6171875,23412.1796875,10427.6396484375,24726.279296875,8449.5498046875,4112.82568359375
2026-06-24 08:17:00+00:00,24078.849609375,7365.919921875,69274.6171875,23412.1796875,10431.0703125,24728.51953125,8449.5498046875,4112.82568359375
2026-06-24 08:18:00+00:00,24081.400390625,7365.919921875,69274.6171875,23412.1796875,10432.8798828125,24722.779296875,8449.5498046875,4112.82568359375
2026-06-24 08:19:00+00:00,24070.94921875,7365.919921875,69274.6171875,23412.1796875,10427.9599609375,24707.400390625,8449.5498046875,4112.82568359375
2026-06-24 08:20:00+00:00,24068.80078125,7365.919921875,69274.6171875,23412.1796875,10428.330078125,24704.98046875,8449.5498046875,4112.82568359375
2026-06-24 08:21:00+00:00,24064.19921875,7365.919921875,69274.6171875,23412.1796875,10428.7998046875,24697.869140625,8449.5498046875,4112.82568359375
2026-06-24 08:22:00+00:00,24067.05078125,7365.919921875,69274.6171875,23412.1796875,10428.919921875,24699.220703125,8449.5498046875,4112.82568359375
2026-06-24 08:23:00+00:00,24065.30078125,7365.919921875,69274.6171875,23412.1796875,10428.1796875,24706.029296875,8449.5498046875,4112.82568359375
2026-06-24 08:24:00+00:00,24066.5,7365.919921875,69274.6171875,23412.1796875,10429.0302734375,24707.759765625,8449.5498046875,4112.82568359375
2026-06-24 08:25:00+00:00,24058.900390625,7365.919921875,69274.6171875,23412.1796875,10429.6103515625,24694.25,8449.5498046875,4112.82568359375
2026-06-24 08:26:00+00:00,24061.400390625,7365.919921875,69274.6171875,23412.1796875,10428.509765625,24694.5,8449.5498046875,4112.82568359375
2026-06-24 08:27:00+00:00,24061.349609375,7365.919921875,69274.6171875,23412.1796875,10430.58984375,24692.26953125,8449.5498046875,4112.82568359375
2026-06-24 08:28:00+00:00,24048.19921875,7365.919921875,69274.6171875,23412.1796875,10429.1201171875,24694.83984375,8449.5498046875,4112.82568359375
2026-06-24 08:29:00+00:00,24055.80078125,7365.919921875,69274.6171875,23412.1796875,10429.66015625,24700.0390625,8449.5498046875,4112.82568359375
2026-06-24 08:30:00+00:00,24044.05078125,7365.919921875,69274.6171875,23412.1796875,10427.1396484375,24699.23046875,8449.5498046875,4112.82568359375
2026-06-24 08:31:00+00:00,24043.5,7365.919921875,69274.6171875,23412.1796875,10429.169921875,24708.640625,8449.5498046875,4112.82568359375
2026-06-24 08:32:00+00:00,24046.55078125,7365.919921875,69274.6171875,23412.1796875,10432.740234375,24715.5390625,8449.5498046875,4112.82568359375
2026-06-24 08:33:00+00:00,24040.150390625,7365.919921875,69274.6171875,23412.1796875,10433.4404296875,24702.58984375,8449.5498046875,4112.82568359375
2026-06-24 08:34:00+00:00,24042.150390625,7365.919921875,69274.6171875,23412.1796875,10431.2197265625,24700.310546875,8449.5498046875,4112.82568359375
2026-06-24 08:35:00+00:00,24033.5,7365.919921875,69274.6171875,23412.1796875,10430.75,24707.48046875,8449.5498046875,4112.82568359375
2026-06-24 08:36:00+00:00,24029.30078125,7365.919921875,69274.6171875,23412.1796875,10427.0595703125,24705.83984375,8449.5498046875,4112.82568359375
2026-06-24 08:37:00+00:00,24040.400390625,7365.919921875,69274.6171875,23412.1796875,10429.2001953125,24707.189453125,8449.5498046875,4112.82568359375
2026-06-24 08:38:00+00:00,24037.30078125,7365.919921875,69274.6171875,23412.1796875,10429.0498046875,24705.26953125,8449.5498046875,4112.82568359375
2026-06-24 08:39:00+00:00,24043.0,7365.919921875,69274.6171875,23412.1796875,10424.9697265625,24699.150390625,8449.5498046875,4112.82568359375
2026-06-24 08:40:00+00:00,24048.55078125,7365.919921875,69274.6171875,23412.1796875,10425.6103515625,24705.19921875,8449.5498046875,4112.82568359375
2026-06-24 08:41:00+00:00,24050.5,7365.919921875,69274.6171875,23412.1796875,10425.5400390625,24702.119140625,8449.5498046875,4112.82568359375
2026-06-24 08:42:00+00:00,24049.30078125,7365.919921875,69274.6171875,23412.1796875,10425.33984375,24706.240234375,8449.5498046875,4112.82568359375
2026-06-24 08:43:00+00:00,24052.55078125,7365.919921875,69274.6171875,23412.1796875,10427.3701171875,24713.5,8449.5498046875,4112.82568359375
2026-06-24 08:44:00+00:00,24056.650390625,7365.919921875,69274.6171875,23412.1796875,10428.9404296875,24713.240234375,8449.5498046875,4112.82568359375
2026-06-24 08:45:00+00:00,24054.400390625,7365.919921875,69274.6171875,23412.1796875,10426.0400390625,24706.119140625,8449.5498046875,4112.82568359375
2026-06-24 08:46:00+00:00,24057.349609375,7365.919921875,69274.6171875,23412.1796875,10426.25,24706.0703125,8449.5498046875,4112.82568359375
2026-06-24 08:47:00+00:00,24056.75,7365.919921875,69274.6171875,23412.1796875,10423.0,24693.720703125,8449.5498046875,4112.82568359375
2026-06-24 08:48:00+00:00,24054.94921875,7365.919921875,69274.6171875,23412.1796875,10423.7099609375,24692.669921875,8449.5498046875,4112.82568359375
2026-06-24 08:49:00+00:00,24058.099609375,7365.919921875,69274.6171875,23412.1796875,10422.6201171875,24696.359375,8449.5498046875,4112.82568359375
2026-06-24 08:50:00+00:00,24061.80078125,7365.919921875,69274.6171875,23412.1796875,10421.16015625,24700.75,8449.5498046875,4112.82568359375
2026-06-24 08:51:00+00:00,24056.05078125,7365.919921875,69274.6171875,23412.1796875,10421.150390625,24702.830078125,8449.5498046875,4112.82568359375
2026-06-24 08:52:00+00:00,24056.849609375,7365.919921875,69274.6171875,23412.1796875,10422.3701171875,24712.69921875,8449.5498046875,4112.82568359375
2026-06-24 08:53:00+00:00,24048.19921875,7365.919921875,69274.6171875,23412.1796875,10424.0400390625,24707.109375,8449.5498046875,4112.82568359375
2026-06-24 08:54:00+00:00,24054.30078125,7365.919921875,69274.6171875,23412.1796875,10424.5498046875,24706.619140625,8449.5498046875,4112.82568359375
2026-06-24 08:55:00+00:00,24051.44921875,7365.919921875,69274.6171875,23412.1796875,10422.9296875,24704.390625,8449.5498046875,4112.82568359375
2026-06-24 08:56:00+00:00,24056.44921875,7365.919921875,69274.6171875,23412.1796875,10422.91015625,24702.890625,8449.5498046875,4112.82568359375
2026-06-24 08:57:00+00:00,24056.94921875,7365.919921875,69274.6171875,23412.1796875,10426.2099609375,24699.419921875,8449.5498046875,4112.82568359375
2026-06-24 08:58:00+00:00,24061.30078125,7365.919921875,69274.6171875,23412.1796875,10427.9599609375,24695.19921875,8449.5498046875,4112.82568359375
2026-06-24 08:59:00+00:00,24054.849609375,7365.919921875,69274.6171875,23412.1796875,10430.33984375,24699.08984375,8449.5498046875,4112.82568359375
2026-06-24 09:00:00+00:00,24052.650390625,7365.919921875,69274.6171875,23412.1796875,10430.5400390625,24700.30078125,8449.5498046875,4112.82568359375
2026-06-24 09:01:00+00:00,24051.19921875,7365.919921875,69274.6171875,23412.1796875,10429.0498046875,24696.23046875,8449.5498046875,4112.82568359375
2026-06-24 09:02:00+00:00,24046.849609375,7365.919921875,69274.6171875,23412.1796875,10430.080078125,24687.2890625,8449.5498046875,4112.82568359375
2026-06-24 09:03:00+00:00,24048.80078125,7365.919921875,69274.6171875,23412.1796875,10432.26953125,24683.400390625,8449.5498046875,4112.82568359375
2026-06-24 09:04:00+00:00,24049.349609375,7365.919921875,69274.6171875,23412.1796875,10433.9501953125,24686.859375,8449.5498046875,4112.82568359375
2026-06-24 09:05:00+00:00,24045.19921875,7365.919921875,69274.6171875,23412.1796875,10433.990234375,24688.130859375,8449.5498046875,4112.82568359375
2026-06-24 09:06:00+00:00,24044.80078125,7365.919921875,69274.6171875,23412.1796875,10433.1298828125,24683.2109375,8449.5498046875,4112.82568359375
2026-06-24 09:07:00+00:00,24037.80078125,7365.919921875,69274.6171875,23412.1796875,10430.259765625,24677.869140625,8449.5498046875,4112.82568359375
2026-06-24 09:08:00+00:00,24044.400390625,7365.919921875,69274.6171875,23412.1796875,10431.08984375,24680.0,8449.5498046875,4112.82568359375
2026-06-24 09:09:00+00:00,24039.94921875,7365.919921875,69274.6171875,23412.1796875,10429.740234375,24686.01953125,8449.5498046875,4112.82568359375
2026-06-24 09:10:00+00:00,24046.94921875,7365.919921875,69274.6171875,23412.1796875,10429.1904296875,24682.609375,8449.5498046875,4112.82568359375
2026-06-24 09:11:00+00:00,24046.0,7365.919921875,69274.6171875,23412.1796875,10429.4697265625,24680.140625,8449.5498046875,4112.82568359375
2026-06-24 09:12:00+00:00,24058.30078125,7365.919921875,69274.6171875,23412.1796875,10433.330078125,24697.44921875,8449.5498046875,4112.82568359375
2026-06-24 09:13:00+00:00,24049.0,7365.919921875,69274.6171875,23412.1796875,10435.25,24697.44921875,8449.5498046875,4112.82568359375
2026-06-24 09:14:00+00:00,24053.099609375,7365.919921875,69274.6171875,23412.1796875,10435.5595703125,24700.44921875,8449.5498046875,4112.82568359375
2026-06-24 09:15:00+00:00,24051.44921875,7365.919921875,69274.6171875,23412.1796875,10434.9599609375,24695.9609375,8449.5498046875,4112.82568359375
2026-06-24 09:16:00+00:00,24040.400390625,7365.919921875,69274.6171875,23412.1796875,10429.5400390625,24686.0703125,8449.5498046875,4112.82568359375
2026-06-24 09:17:00+00:00,24041.05078125,7365.919921875,69274.6171875,23412.1796875,10429.23046875,24677.169921875,8449.5498046875,4112.82568359375
2026-06-24 09:18:00+00:00,24044.55078125,7365.919921875,69274.6171875,23412.1796875,10425.669921875,24673.720703125,8449.5498046875,4112.82568359375
2026-06-24 09:19:00+00:00,24046.94921875,7365.919921875,69274.6171875,23412.1796875,10426.23046875,24676.490234375,8449.5498046875,4112.82568359375
2026-06-24 09:20:00+00:00,24056.75,7365.919921875,69274.6171875,23412.1796875,10424.9697265625,24679.9609375,8449.5498046875,4112.82568359375
2026-06-24 09:21:00+00:00,24058.849609375,7365.919921875,69274.6171875,23412.1796875,10426.2099609375,24676.369140625,8449.5498046875,4112.82568359375
2026-06-24 09:22:00+00:00,24063.400390625,7365.919921875,69274.6171875,23412.1796875,10424.240234375,24675.25,8449.5498046875,4112.82568359375
2026-06-24 09:23:00+00:00,24061.19921875,7365.919921875,69274.6171875,23412.1796875,10423.990234375,24674.0,8449.5498046875,4112.82568359375
2026-06-24 09:24:00+00:00,24060.900390625,7365.919921875,69274.6171875,23412.1796875,10427.400390625,24682.5703125,8449.5498046875,4112.82568359375
2026-06-24 09:25:00+00:00,24065.80078125,7365.919921875,69274.6171875,23412.1796875,10432.9599609375,24706.560546875,8449.5498046875,4112.82568359375
2026-06-24 09:26:00+00:00,24056.69921875,7365.919921875,69274.6171875,23412.1796875,10430.83984375,24696.08984375,8449.5498046875,4112.82568359375
2026-06-24 09:27:00+00:00,24051.849609375,7365.919921875,69274.6171875,23412.1796875,10428.6396484375,24696.30078125,8449.5498046875,4112.82568359375
2026-06-24 09:28:00+00:00,24053.849609375,7365.919921875,69274.6171875,23412.1796875,10427.76953125,24692.060546875,8449.5498046875,4112.82568359375
2026-06-24 09:29:00+00:00,24050.75,7365.919921875,69274.6171875,23412.1796875,10427.400390625,24684.390625,8449.5498046875,4112.82568359375
2026-06-24 09:30:00+00:00,24043.30078125,7365.919921875,69274.6171875,23412.1796875,10425.8798828125,24688.970703125,8449.5498046875,4112.82568359375
2026-06-24 09:31:00+00:00,24038.900390625,7365.919921875,69274.6171875,23412.1796875,10424.830078125,24681.939453125,8449.5498046875,4112.82568359375
2026-06-24 09:32:00+00:00,24029.05078125,7365.919921875,69274.6171875,23412.1796875,10427.48046875,24686.080078125,8449.5498046875,4112.82568359375
2026-06-24 09:33:00+00:00,24034.75,7365.919921875,69274.6171875,23412.1796875,10427.900390625,24693.01953125,8449.5498046875,4112.82568359375
2026-06-24 09:34:00+00:00,24035.19921875,7365.919921875,69274.6171875,23412.1796875,10427.4697265625,24694.099609375,8449.5498046875,4112.82568359375
2026-06-24 09:35:00+00:00,24033.900390625,7365.919921875,69274.6171875,23412.1796875,10425.6201171875,24682.94921875,8449.5498046875,4112.82568359375
2026-06-24 09:36:00+00:00,24030.099609375,7365.919921875,69274.6171875,23412.1796875,10425.48046875,24671.849609375,8449.5498046875,4112.82568359375
2026-06-24 09:37:00+00:00,24020.75,7365.919921875,69274.6171875,23412.1796875,10427.48046875,24680.869140625,8449.5498046875,4112.82568359375
2026-06-24 09:38:00+00:00,24022.650390625,7365.919921875,69274.6171875,23412.1796875,10426.5400390625,24683.419921875,8449.5498046875,4112.82568359375
2026-06-24 09:39:00+00:00,24027.55078125,7365.919921875,69274.6171875,23412.1796875,10425.419921875,24673.630859375,8449.5498046875,4112.82568359375
2026-06-24 09:40:00+00:00,24021.5,7365.919921875,69274.6171875,23412.1796875,10419.580078125,24657.1796875,8449.5498046875,4112.82568359375
2026-06-24 09:41:00+00:00,24017.849609375,7365.919921875,69274.6171875,23412.1796875,10420.23046875,24666.400390625,8449.5498046875,4112.82568359375
2026-06-24 09:42:00+00:00,24009.849609375,7365.919921875,69274.6171875,23412.1796875,10418.150390625,24654.380859375,8449.5498046875,4112.82568359375
2026-06-24 09:43:00+00:00,24007.30078125,7365.919921875,69274.6171875,23412.1796875,10420.0400390625,24655.41015625,8449.5498046875,4112.82568359375
2026-06-24 09:44:00+00:00,24006.44921875,7365.919921875,69274.6171875,23412.1796875,10419.23046875,24649.859375,8449.5498046875,4112.82568359375
2026-06-24 09:45:00+00:00,24031.30078125,7365.919921875,69274.6171875,23412.1796875,10418.0595703125,24649.310546875,8449.5498046875,4112.82568359375
2026-06-24 09:46:00+00:00,24028.349609375,7365.919921875,69274.6171875,23412.1796875,10420.23046875,24653.359375,8449.5498046875,4112.82568359375
2026-06-24 09:47:00+00:00,24018.25,7365.919921875,69274.6171875,23412.1796875,10422.3701171875,24660.490234375,8449.5498046875,4112.82568359375
2026-06-24 09:48:00+00:00,24013.650390625,7365.919921875,69274.6171875,23412.1796875,10420.26953125,24648.4296875,8449.5498046875,4112.82568359375
2026-06-24 09:49:00+00:00,24010.5,7365.919921875,69274.6171875,23412.1796875,10421.3203125,24650.609375,8449.5498046875,4112.82568359375
2026-06-24 09:50:00+00:00,24011.05078125,7365.919921875,69274.6171875,23412.1796875,10423.8701171875,24656.25,8449.5498046875,4112.82568359375
2026-06-24 09:51:00+00:00,24012.900390625,7365.919921875,69274.6171875,23412.1796875,10426.6201171875,24661.80078125,8449.5498046875,4112.82568359375
2026-06-24 09:52:00+00:00,24013.5,7365.919921875,69274.6171875,23412.1796875,10426.1396484375,24667.599609375,8449.5498046875,4112.82568359375
2026-06-24 09:53:00+00:00,24017.5,7365.919921875,69274.6171875,23412.1796875,10426.9501953125,24665.7890625,8449.5498046875,4112.82568359375
2026-06-24 09:54:00+00:00,24018.94921875,7365.919921875,69274.6171875,23412.1796875,10424.7001953125,24647.5390625,8449.5498046875,4112.82568359375
2026-06-24 09:55:00+00:00,24016.0,7365.919921875,69274.6171875,23412.1796875,10423.259765625,24649.740234375,8449.5498046875,4112.82568359375
2026-06-24 09:56:00+00:00,24011.650390625,7365.919921875,69274.6171875,23412.1796875,10425.6904296875,24652.58984375,8449.5498046875,4112.82568359375
2026-06-24 09:57:00+00:00,24015.80078125,7365.919921875,69274.6171875,23412.1796875,10424.650390625,24646.939453125,8449.5498046875,4112.82568359375
2026-06-24 09:58:00+00:00,24016.69921875,7365.919921875,69274.6171875,23412.1796875,10426.240234375,24647.650390625,8449.5498046875,4112.82568359375
2026-06-24 09:59:00+00:00,24013.150390625,7365.919921875,69274.6171875,23412.1796875,10428.75,24655.630859375,8449.5498046875,4112.82568359375
2026-06-24 10:00:00+00:00,24013.150390625,7365.919921875,69274.6171875,23412.1796875,10426.33984375,24634.76953125,8449.5498046875,4112.82568359375
2026-06-24 10:01:00+00:00,24013.150390625,7365.919921875,69274.6171875,23412.1796875,10425.990234375,24628.970703125,8449.5498046875,4112.82568359375
2026-06-24 10:02:00+00:00,24013.150390625,7365.919921875,69274.6171875,23412.1796875,10425.83984375,24623.44921875,8449.5498046875,4112.82568359375
2026-06-24 10:03:00+00:00,24013.150390625,7365.919921875,69274.6171875,23412.1796875,10430.0703125,24640.849609375,8449.5498046875,4112.82568359375
2026-06-24 10:04:00+00:00,24013.150390625,7365.919921875,69274.6171875,23412.1796875,10429.2900390625,24637.880859375,8449.5498046875,4112.82568359375
2026-06-24 10:05:00+00:00,24013.150390625,7365.919921875,69274.6171875,23412.1796875,10430.419921875,24646.2890625,8449.5498046875,4112.82568359375
2026-06-24 10:06:00+00:00,24013.150390625,7365.919921875,69274.6171875,23412.1796875,10430.5703125,24641.150390625,8449.5498046875,4112.82568359375
2026-06-24 10:07:00+00:00,24013.150390625,7365.919921875,69274.6171875,23412.1796875,10430.4404296875,24640.310546875,8449.5498046875,4112.82568359375
2026-06-24 10:08:00+00:00,24013.150390625,7365.919921875,69274.6171875,23412.1796875,10429.25,24644.599609375,8449.5498046875,4112.82568359375
2026-06-24 10:09:00+00:00,24013.150390625,7365.919921875,69274.6171875,23412.1796875,10429.1904296875,24641.16015625,8449.5498046875,4112.82568359375
2026-06-24 10:10:00+00:00,24013.150390625,7365.919921875,69274.6171875,23412.1796875,10427.2197265625,24638.609375,8449.5498046875,4112.82568359375
2026-06-24 10:11:00+00:00,24013.150390625,7365.919921875,69274.6171875,23412.1796875,10426.76953125,24634.94921875,8449.5498046875,4112.82568359375
2026-06-24 10:12:00+00:00,24013.150390625,7365.919921875,69274.6171875,23412.1796875,10426.8701171875,24637.220703125,8449.5498046875,4112.82568359375
2026-06-24 10:13:00+00:00,24013.150390625,7365.919921875,69274.6171875,23412.1796875,10426.5595703125,24644.849609375,8449.5498046875,4112.82568359375
2026-06-24 10:14:00+00:00,24013.150390625,7365.919921875,69274.6171875,23412.1796875,10427.0703125,24647.0390625,8449.5498046875,4112.82568359375
2026-06-24 10:15:00+00:00,24013.150390625,7365.919921875,69274.6171875,23412.1796875,10427.8896484375,24652.119140625,8449.5498046875,4112.82568359375
2026-06-24 10:16:00+00:00,24013.150390625,7365.919921875,69274.6171875,23412.1796875,10428.5302734375,24654.7890625,8449.5498046875,4112.82568359375
2026-06-24 10:17:00+00:00,24013.150390625,7365.919921875,69274.6171875,23412.1796875,10433.849609375,24664.25,8449.5498046875,4112.82568359375
2026-06-24 10:18:00+00:00,24013.150390625,7365.919921875,69274.6171875,23412.1796875,10435.9296875,24667.630859375,8449.5498046875,4112.82568359375
2026-06-24 10:19:00+00:00,24013.150390625,7365.919921875,69274.6171875,23412.1796875,10437.25,24666.279296875,8449.5498046875,4112.82568359375
2026-06-24 10:20:00+00:00,24013.150390625,7365.919921875,69274.6171875,23412.1796875,10438.66015625,24669.650390625,8449.5498046875,4112.82568359375
2026-06-24 10:21:00+00:00,24013.150390625,7365.919921875,69274.6171875,23412.1796875,10439.1904296875,24666.919921875,8449.5498046875,4112.82568359375
2026-06-24 10:22:00+00:00,24013.150390625,7365.919921875,69274.6171875,23412.1796875,10438.4296875,24657.8203125,8449.5498046875,4112.82568359375
2026-06-24 10:23:00+00:00,24013.150390625,7365.919921875,69274.6171875,23412.1796875,10436.240234375,24654.05078125,8449.5498046875,4112.82568359375
2026-06-24 10:24:00+00:00,24013.150390625,7365.919921875,69274.6171875,23412.1796875,10437.73046875,24652.01953125,8449.5498046875,4112.82568359375
2026-06-24 10:25:00+00:00,24013.150390625,7365.919921875,69274.6171875,23412.1796875,10438.8798828125,24656.44921875,8449.5498046875,4112.82568359375
2026-06-24 10:26:00+00:00,24013.150390625,7365.919921875,69274.6171875,23412.1796875,10439.16015625,24657.8203125,8449.5498046875,4112.82568359375
2026-06-24 10:27:00+00:00,24013.150390625,7365.919921875,69274.6171875,23412.1796875,10438.75,24655.490234375,8449.5498046875,4112.82568359375
2026-06-24 10:28:00+00:00,24013.150390625,7365.919921875,69274.6171875,23412.1796875,10441.0400390625,24662.19921875,8449.5498046875,4112.82568359375
2026-06-24 10:29:00+00:00,24013.150390625,7365.919921875,69274.6171875,23412.1796875,10440.48046875,24671.060546875,8449.5498046875,4112.82568359375
2026-06-24 10:30:00+00:00,24013.150390625,7365.919921875,69274.6171875,23412.1796875,10441.7998046875,24669.869140625,8449.5498046875,4112.82568359375
2026-06-24 10:31:00+00:00,24013.150390625,7365.919921875,69274.6171875,23412.1796875,10441.0703125,24664.1796875,8449.5498046875,4112.82568359375
2026-06-24 10:32:00+00:00,24013.150390625,7365.919921875,69274.6171875,23412.1796875,10442.490234375,24667.310546875,8449.5498046875,4112.82568359375
2026-06-24 10:33:00+00:00,24013.150390625,7365.919921875,69274.6171875,23412.1796875,10441.3798828125,24656.349609375,8449.5498046875,4112.82568359375
2026-06-24 10:34:00+00:00,24013.150390625,7365.919921875,69274.6171875,23412.1796875,10439.58984375,24656.390625,8449.5498046875,4112.82568359375
2026-06-24 10:35:00+00:00,24013.150390625,7365.919921875,69274.6171875,23412.1796875,10441.25,24653.30078125,8449.5498046875,4112.82568359375
2026-06-24 10:36:00+00:00,24013.150390625,7365.919921875,69274.6171875,23412.1796875,10439.7197265625,24641.470703125,8449.5498046875,4112.82568359375
2026-06-24 10:37:00+00:00,24013.150390625,7365.919921875,69274.6171875,23412.1796875,10439.0595703125,24648.759765625,8449.5498046875,4112.82568359375
2026-06-24 10:38:00+00:00,24013.150390625,7365.919921875,69274.6171875,23412.1796875,10438.599609375,24648.26953125,8449.5498046875,4112.82568359375
2026-06-24 10:39:00+00:00,24013.150390625,7365.919921875,69274.6171875,23412.1796875,10433.3603515625,24637.109375,8449.5498046875,4112.82568359375
2026-06-24 10:40:00+00:00,24013.150390625,7365.919921875,69274.6171875,23412.1796875,10434.8203125,24650.529296875,8449.5498046875,4112.82568359375
2026-06-24 10:41:00+00:00,24013.150390625,7365.919921875,69274.6171875,23412.1796875,10435.849609375,24652.720703125,8449.5498046875,4112.82568359375
2026-06-24 10:42:00+00:00,24013.150390625,7365.919921875,69274.6171875,23412.1796875,10435.6796875,24648.5,8449.5498046875,4112.82568359375
2026-06-24 10:43:00+00:00,24013.150390625,7365.919921875,69274.6171875,23412.1796875,10437.1103515625,24657.060546875,8449.5498046875,4112.82568359375
2026-06-24 10:44:00+00:00,24013.150390625,7365.919921875,69274.6171875,23412.1796875,10436.419921875,24652.310546875,8449.5498046875,4112.82568359375
2026-06-24 10:45:00+00:00,24013.150390625,7365.919921875,69274.6171875,23412.1796875,10436.91015625,24662.8203125,8449.5498046875,4112.82568359375
2026-06-24 10:46:00+00:00,24013.150390625,7365.919921875,69274.6171875,23412.1796875,10437.330078125,24662.939453125,8449.5498046875,4112.82568359375
2026-06-24 10:47:00+00:00,24013.150390625,7365.919921875,69274.6171875,23412.1796875,10437.2998046875,24660.7109375,8449.5498046875,4112.82568359375
2026-06-24 10:48:00+00:00,24013.150390625,7365.919921875,69274.6171875,23412.1796875,10436.990234375,24661.009765625,8449.5498046875,4112.82568359375
2026-06-24 10:49:00+00:00,24013.150390625,7365.919921875,69274.6171875,23412.1796875,10435.7900390625,24661.05078125,8449.5498046875,4112.82568359375
2026-06-24 10:50:00+00:00,24013.150390625,7365.919921875,69274.6171875,23412.1796875,10433.7001953125,24652.859375,8449.5498046875,4112.82568359375
2026-06-24 10:51:00+00:00,24013.150390625,7365.919921875,69274.6171875,23412.1796875,10432.349609375,24638.91015625,8449.5498046875,4112.82568359375
2026-06-24 10:52:00+00:00,24013.150390625,7365.919921875,69274.6171875,23412.1796875,10433.2802734375,24640.0,8449.5498046875,4112.82568359375
2026-06-24 10:53:00+00:00,24013.150390625,7365.919921875,69274.6171875,23412.1796875,10434.9599609375,24646.890625,8449.5498046875,4112.82568359375
2026-06-24 10:54:00+00:00,24013.150390625,7365.919921875,69274.6171875,23412.1796875,10435.400390625,24644.44921875,8449.5498046875,4112.82568359375
2026-06-24 10:55:00+00:00,24013.150390625,7365.919921875,69274.6171875,23412.1796875,10435.2900390625,24641.939453125,8449.5498046875,4112.82568359375
2026-06-24 10:56:00+00:00,24013.150390625,7365.919921875,69274.6171875,23412.1796875,10437.26953125,24643.26953125,8449.5498046875,4112.82568359375
2026-06-24 10:57:00+00:00,24013.150390625,7365.919921875,69274.6171875,23412.1796875,10435.580078125,24638.369140625,8449.5498046875,4112.82568359375
2026-06-24 10:58:00+00:00,24013.150390625,7365.919921875,69274.6171875,23412.1796875,10435.58984375,24636.400390625,8449.5498046875,4112.82568359375
2026-06-24 10:59:00+00:00,24013.150390625,7365.919921875,69274.6171875,23412.1796875,10433.66015625,24633.8203125,8449.5498046875,4112.82568359375
2026-06-24 11:00:00+00:00,24013.150390625,7365.919921875,69274.6171875,23412.1796875,10437.099609375,24635.41015625,8449.5498046875,4112.82568359375
2026-06-24 11:01:00+00:00,24013.150390625,7365.919921875,69274.6171875,23412.1796875,10439.3701171875,24635.41015625,8449.5498046875,4112.82568359375
2026-06-24 11:02:00+00:00,24013.150390625,7365.919921875,69274.6171875,23412.1796875,10444.2197265625,24654.58984375,8449.5498046875,4112.82568359375
2026-06-24 11:03:00+00:00,24013.150390625,7365.919921875,69274.6171875,23412.1796875,10443.509765625,24644.119140625,8449.5498046875,4112.82568359375
2026-06-24 11:04:00+00:00,24013.150390625,7365.919921875,69274.6171875,23412.1796875,10442.4296875,24638.130859375,8449.5498046875,4112.82568359375
2026-06-24 11:05:00+00:00,24013.150390625,7365.919921875,69274.6171875,23412.1796875,10441.830078125,24636.060546875,8449.5498046875,4112.82568359375
2026-06-24 11:06:00+00:00,24013.150390625,7365.919921875,69274.6171875,23412.1796875,10440.4404296875,24638.740234375,8449.5498046875,4112.82568359375
2026-06-24 11:07:00+00:00,24013.150390625,7365.919921875,69274.6171875,23412.1796875,10441.8095703125,24642.619140625,8449.5498046875,4112.82568359375
2026-06-24 11:08:00+00:00,24013.150390625,7365.919921875,69274.6171875,23412.1796875,10442.0302734375,24649.130859375,8449.5498046875,4112.82568359375
2026-06-24 11:09:00+00:00,24013.150390625,7365.919921875,69274.6171875,23412.1796875,10442.349609375,24650.48046875,8449.5498046875,4112.82568359375
2026-06-24 11:10:00+00:00,24013.150390625,7365.919921875,69274.6171875,23412.1796875,10444.1103515625,24650.880859375,8449.5498046875,4112.82568359375
2026-06-24 11:11:00+00:00,24013.150390625,7365.919921875,69274.6171875,23412.1796875,10443.23046875,24651.169921875,8449.5498046875,4112.82568359375
2026-06-24 11:12:00+00:00,24013.150390625,7365.919921875,69274.6171875,23412.1796875,10443.1396484375,24645.609375,8449.5498046875,4112.82568359375
2026-06-24 11:13:00+00:00,24013.150390625,7365.919921875,69274.6171875,23412.1796875,10442.4599609375,24640.66015625,8449.5498046875,4112.82568359375
2026-06-24 11:14:00+00:00,24013.150390625,7365.919921875,69274.6171875,23412.1796875,10439.5595703125,24632.109375,8449.5498046875,4112.82568359375
2026-06-24 11:15:00+00:00,24013.150390625,7365.919921875,69274.6171875,23412.1796875,10436.490234375,24622.4609375,8449.5498046875,4112.82568359375
2026-06-24 11:16:00+00:00,24013.150390625,7365.919921875,69274.6171875,23412.1796875,10435.3798828125,24625.640625,8449.5498046875,4112.82568359375
2026-06-24 11:17:00+00:00,24013.150390625,7365.919921875,69274.6171875,23412.1796875,10434.7802734375,24626.26953125,8449.5498046875,4112.82568359375
2026-06-24 11:18:00+00:00,24013.150390625,7365.919921875,69274.6171875,23412.1796875,10435.7998046875,24626.669921875,8449.5498046875,4112.82568359375
2026-06-24 11:19:00+00:00,24013.150390625,7365.919921875,69274.6171875,23412.1796875,10434.830078125,24616.83984375,8449.5498046875,4112.82568359375
2026-06-24 11:20:00+00:00,24013.150390625,7365.919921875,69274.6171875,23412.1796875,10431.2099609375,24609.08984375,8449.5498046875,4112.82568359375
2026-06-24 11:21:00+00:00,24013.150390625,7365.919921875,69274.6171875,23412.1796875,10430.83984375,24608.900390625,8449.5498046875,4112.82568359375
2026-06-24 11:22:00+00:00,24013.150390625,7365.919921875,69274.6171875,23412.1796875,10431.0595703125,24613.5390625,8449.5498046875,4112.82568359375
2026-06-24 11:23:00+00:00,24013.150390625,7365.919921875,69274.6171875,23412.1796875,10429.349609375,24615.759765625,8449.5498046875,4112.82568359375
2026-06-24 11:24:00+00:00,24013.150390625,7365.919921875,69274.6171875,23412.1796875,10430.6904296875,24627.16015625,8449.5498046875,4112.82568359375
2026-06-24 11:25:00+00:00,24013.150390625,7365.919921875,69274.6171875,23412.1796875,10430.8701171875,24626.509765625,8449.5498046875,4112.82568359375
2026-06-24 11:26:00+00:00,24013.150390625,7365.919921875,69274.6171875,23412.1796875,10430.3095703125,24627.779296875,8449.5498046875,4112.82568359375
2026-06-24 11:27:00+00:00,24013.150390625,7365.919921875,69274.6171875,23412.1796875,10431.98046875,24642.44921875,8449.5498046875,4112.82568359375
2026-06-24 11:28:00+00:00,24013.150390625,7365.919921875,69274.6171875,23412.1796875,10431.7099609375,24642.150390625,8449.5498046875,4112.82568359375
2026-06-24 11:29:00+00:00,24013.150390625,7365.919921875,69274.6171875,23412.1796875,10429.8798828125,24640.380859375,8449.5498046875,4112.82568359375
2026-06-24 11:30:00+00:00,24013.150390625,7365.919921875,69274.6171875,23412.1796875,10432.2802734375,24645.650390625,8449.5498046875,4112.82568359375
2026-06-24 11:31:00+00:00,24013.150390625,7365.919921875,69274.6171875,23412.1796875,10434.5,24646.0,8449.5498046875,4112.82568359375
2026-06-24 11:32:00+00:00,24013.150390625,7365.919921875,69274.6171875,23412.1796875,10436.599609375,24653.650390625,8449.5498046875,4112.82568359375
2026-06-24 11:33:00+00:00,24013.150390625,7365.919921875,69274.6171875,23412.1796875,10437.6298828125,24648.779296875,8449.5498046875,4112.82568359375
2026-06-24 11:34:00+00:00,24013.150390625,7365.919921875,69274.6171875,23412.1796875,10434.8203125,24644.810546875,8449.5498046875,4112.82568359375
2026-06-24 11:35:00+00:00,24013.150390625,7365.919921875,69274.6171875,23412.1796875,10435.58984375,24644.1796875,8449.5498046875,4112.82568359375
2026-06-24 11:36:00+00:00,24013.150390625,7365.919921875,69274.6171875,23412.1796875,10434.7802734375,24642.08984375,8449.5498046875,4112.82568359375
2026-06-24 11:37:00+00:00,24013.150390625,7365.919921875,69274.6171875,23412.1796875,10436.419921875,24638.0,8449.5498046875,4112.82568359375
2026-06-24 11:38:00+00:00,24013.150390625,7365.919921875,69274.6171875,23412.1796875,10435.41015625,24638.990234375,8449.5498046875,4112.82568359375
2026-06-24 11:39:00+00:00,24013.150390625,7365.919921875,69274.6171875,23412.1796875,10434.2900390625,24628.9609375,8449.5498046875,4112.82568359375
2026-06-24 11:40:00+00:00,24013.150390625,7365.919921875,69274.6171875,23412.1796875,10431.150390625,24625.380859375,8449.5498046875,4112.82568359375
2026-06-24 11:41:00+00:00,24013.150390625,7365.919921875,69274.6171875,23412.1796875,10432.2099609375,24626.1796875,8449.5498046875,4112.82568359375
2026-06-24 11:42:00+00:00,24013.150390625,7365.919921875,69274.6171875,23412.1796875,10430.7802734375,24626.220703125,8449.5498046875,4112.82568359375
2026-06-24 11:43:00+00:00,24013.150390625,7365.919921875,69274.6171875,23412.1796875,10431.3203125,24629.33984375,8449.5498046875,4112.82568359375
2026-06-24 11:44:00+00:00,24013.150390625,7365.919921875,69274.6171875,23412.1796875,10430.08984375,24630.619140625,8449.5498046875,4112.82568359375
2026-06-24 11:45:00+00:00,24013.150390625,7365.919921875,69274.6171875,23412.1796875,10430.8203125,24635.7890625,8449.5498046875,4112.82568359375
2026-06-24 11:46:00+00:00,24013.150390625,7365.919921875,69274.6171875,23412.1796875,10431.8896484375,24642.44921875,8449.5498046875,4112.82568359375
2026-06-24 11:47:00+00:00,24013.150390625,7365.919921875,69274.6171875,23412.1796875,10432.73046875,24647.2890625,8449.5498046875,4112.82568359375
2026-06-24 11:48:00+00:00,24013.150390625,7365.919921875,69274.6171875,23412.1796875,10436.400390625,24651.859375,8449.5498046875,4112.82568359375
2026-06-24 11:49:00+00:00,24013.150390625,7365.919921875,69274.6171875,23412.1796875,10438.41015625,24667.099609375,8449.5498046875,4112.82568359375
2026-06-24 11:50:00+00:00,24013.150390625,7365.919921875,69274.6171875,23412.1796875,10436.5302734375,24658.1796875,8449.5498046875,4112.82568359375
2026-06-24 11:51:00+00:00,24013.150390625,7365.919921875,69274.6171875,23412.1796875,10435.990234375,24654.08984375,8449.5498046875,4112.82568359375
2026-06-24 11:52:00+00:00,24013.150390625,7365.919921875,69274.6171875,23412.1796875,10435.990234375,24656.919921875,8449.5498046875,4112.82568359375
2026-06-24 11:53:00+00:00,24013.150390625,7365.919921875,69274.6171875,23412.1796875,10435.4501953125,24656.689453125,8449.5498046875,4112.82568359375
2026-06-24 11:54:00+00:00,24013.150390625,7365.919921875,69274.6171875,23412.1796875,10435.33984375,24651.8203125,8449.5498046875,4112.82568359375
2026-06-24 11:55:00+00:00,24013.150390625,7365.919921875,69274.6171875,23412.1796875,10434.6201171875,24651.490234375,8449.5498046875,4112.82568359375
2026-06-24 11:56:00+00:00,24013.150390625,7365.919921875,69274.6171875,23412.1796875,10435.2998046875,24652.4609375,8449.5498046875,4112.82568359375
2026-06-24 11:57:00+00:00,24013.150390625,7365.919921875,69274.6171875,23412.1796875,10435.6396484375,24649.560546875,8449.5498046875,4112.82568359375
2026-06-24 11:58:00+00:00,24013.150390625,7365.919921875,69274.6171875,23412.1796875,10434.6298828125,24657.4609375,8449.5498046875,4112.82568359375
2026-06-24 11:59:00+00:00,24013.150390625,7365.919921875,69274.6171875,23412.1796875,10438.1298828125,24663.44921875,8449.5498046875,4112.82568359375
2026-06-24 12:00:00+00:00,24013.150390625,7365.919921875,69274.6171875,23412.1796875,10438.150390625,24664.720703125,8449.5498046875,4112.82568359375
2026-06-24 12:01:00+00:00,24013.150390625,7365.919921875,69274.6171875,23412.1796875,10437.01953125,24659.1796875,8449.5498046875,4112.82568359375
2026-06-24 12:02:00+00:00,24013.150390625,7365.919921875,69274.6171875,23412.1796875,10438.3701171875,24664.380859375,8449.5498046875,4112.82568359375
2026-06-24 12:03:00+00:00,24013.150390625,7365.919921875,69274.6171875,23412.1796875,10440.080078125,24665.669921875,8449.5498046875,4112.82568359375
2026-06-24 12:04:00+00:00,24013.150390625,7365.919921875,69274.6171875,23412.1796875,10439.5703125,24665.33984375,8449.5498046875,4112.82568359375
2026-06-24 12:05:00+00:00,24013.150390625,7365.919921875,69274.6171875,23412.1796875,10438.259765625,24662.349609375,8449.5498046875,4112.82568359375
2026-06-24 12:06:00+00:00,24013.150390625,7365.919921875,69274.6171875,23412.1796875,10435.6796875,24660.259765625,8449.5498046875,4112.82568359375
2026-06-24 12:07:00+00:00,24013.150390625,7365.919921875,69274.6171875,23412.1796875,10433.76953125,24649.609375,8449.5498046875,4112.82568359375
2026-06-24 12:08:00+00:00,24013.150390625,7365.919921875,69274.6171875,23412.1796875,10434.1201171875,24651.859375,8449.5498046875,4112.82568359375
2026-06-24 12:09:00+00:00,24013.150390625,7365.919921875,69274.6171875,23412.1796875,10436.3603515625,24654.26953125,8449.5498046875,4112.82568359375
2026-06-24 12:10:00+00:00,24013.150390625,7365.919921875,69274.6171875,23412.1796875,10437.3603515625,24652.640625,8449.5498046875,4112.82568359375
2026-06-24 12:11:00+00:00,24013.150390625,7365.919921875,69274.6171875,23412.1796875,10437.599609375,24664.169921875,8449.5498046875,4112.82568359375
2026-06-24 12:12:00+00:00,24013.150390625,7365.919921875,69274.6171875,23412.1796875,10439.6201171875,24667.400390625,8449.5498046875,4112.82568359375
2026-06-24 12:13:00+00:00,24013.150390625,7365.919921875,69274.6171875,23412.1796875,10438.759765625,24665.7890625,8449.5498046875,4112.82568359375
2026-06-24 12:14:00+00:00,24013.150390625,7365.919921875,69274.6171875,23412.1796875,10437.900390625,24667.890625,8449.5498046875,4112.82568359375
2026-06-24 12:15:00+00:00,24013.150390625,7365.919921875,69274.6171875,23412.1796875,10437.490234375,24672.23046875,8449.5498046875,4112.82568359375
2026-06-24 12:16:00+00:00,24013.150390625,7365.919921875,69274.6171875,23412.1796875,10437.169921875,24670.830078125,8449.5498046875,4112.82568359375
2026-06-24 12:17:00+00:00,24013.150390625,7365.919921875,69274.6171875,23412.1796875,10439.41015625,24675.9609375,8449.5498046875,4112.82568359375
2026-06-24 12:18:00+00:00,24013.150390625,7365.919921875,69274.6171875,23412.1796875,10442.1796875,24684.130859375,8449.5498046875,4112.82568359375
2026-06-24 12:19:00+00:00,24013.150390625,7365.919921875,69274.6171875,23412.1796875,10444.5,24691.810546875,8449.5498046875,4112.82568359375
2026-06-24 12:20:00+00:00,24013.150390625,7365.919921875,69274.6171875,23412.1796875,10443.8095703125,24685.08984375,8449.5498046875,4112.82568359375
2026-06-24 12:21:00+00:00,24013.150390625,7365.919921875,69274.6171875,23412.1796875,10444.7998046875,24685.220703125,8449.5498046875,4112.82568359375
2026-06-24 12:22:00+00:00,24013.150390625,7365.919921875,69274.6171875,23412.1796875,10445.5400390625,24680.75,8449.5498046875,4112.82568359375
2026-06-24 12:23:00+00:00,24013.150390625,7365.919921875,69274.6171875,23412.1796875,10444.1396484375,24672.470703125,8449.5498046875,4112.82568359375
2026-06-24 12:24:00+00:00,24013.150390625,7365.919921875,69274.6171875,23412.1796875,10447.1201171875,24681.720703125,8449.5498046875,4112.82568359375
2026-06-24 12:25:00+00:00,24013.150390625,7365.919921875,69274.6171875,23412.1796875,10446.1298828125,24678.740234375,8449.5498046875,4112.82568359375
2026-06-24 12:26:00+00:00,24013.150390625,7365.919921875,69274.6171875,23412.1796875,10444.0,24674.830078125,8449.5498046875,4112.82568359375
2026-06-24 12:27:00+00:00,24013.150390625,7365.919921875,69274.6171875,23412.1796875,10445.3798828125,24680.5390625,8449.5498046875,4112.82568359375
2026-06-24 12:28:00+00:00,24013.150390625,7365.919921875,69274.6171875,23412.1796875,10444.7802734375,24679.869140625,8449.5498046875,4112.82568359375
2026-06-24 12:29:00+00:00,24013.150390625,7365.919921875,69274.6171875,23412.1796875,10446.0595703125,24679.25,8449.5498046875,4112.82568359375
2026-06-24 12:30:00+00:00,24013.150390625,7365.919921875,69274.6171875,23412.1796875,10445.98046875,24675.19921875,8449.5498046875,4112.82568359375
2026-06-24 12:31:00+00:00,24013.150390625,7365.919921875,69274.6171875,23412.1796875,10444.1396484375,24671.5,8449.5498046875,4112.82568359375
2026-06-24 12:32:00+00:00,24013.150390625,7365.919921875,69274.6171875,23412.1796875,10445.240234375,24664.0,8449.5498046875,4112.82568359375
2026-06-24 12:33:00+00:00,24013.150390625,7365.919921875,69274.6171875,23412.1796875,10445.76953125,24663.4609375,8449.5498046875,4112.82568359375
2026-06-24 12:34:00+00:00,24013.150390625,7365.919921875,69274.6171875,23412.1796875,10447.08984375,24661.8203125,8449.5498046875,4112.82568359375
2026-06-24 12:35:00+00:00,24013.150390625,7365.919921875,69274.6171875,23412.1796875,10446.259765625,24662.26953125,8449.5498046875,4112.82568359375
2026-06-24 12:36:00+00:00,24013.150390625,7365.919921875,69274.6171875,23412.1796875,10445.849609375,24661.060546875,8449.5498046875,4112.82568359375
2026-06-24 12:37:00+00:00,24013.150390625,7365.919921875,69274.6171875,23412.1796875,10441.7802734375,24653.349609375,8449.5498046875,4112.82568359375
2026-06-24 12:38:00+00:00,24013.150390625,7365.919921875,69274.6171875,23412.1796875,10444.7998046875,24665.30078125,8449.5498046875,4112.82568359375
2026-06-24 12:39:00+00:00,24013.150390625,7365.919921875,69274.6171875,23412.1796875,10444.73046875,24662.529296875,8449.5498046875,4112.82568359375
2026-06-24 12:40:00+00:00,24013.150390625,7365.919921875,69274.6171875,23412.1796875,10443.33984375,24652.900390625,8449.5498046875,4112.82568359375
2026-06-24 12:41:00+00:00,24013.150390625,7365.919921875,69274.6171875,23412.1796875,10441.1396484375,24641.560546875,8449.5498046875,4112.82568359375
2026-06-24 12:42:00+00:00,24013.150390625,7365.919921875,69274.6171875,23412.1796875,10441.580078125,24652.3203125,8449.5498046875,4112.82568359375
2026-06-24 12:43:00+00:00,24013.150390625,7365.919921875,69274.6171875,23412.1796875,10438.3095703125,24652.41015625,8449.5498046875,4112.82568359375
2026-06-24 12:44:00+00:00,24013.150390625,7365.919921875,69274.6171875,23412.1796875,10439.33984375,24649.58984375,8449.5498046875,4112.82568359375
2026-06-24 12:45:00+00:00,24013.150390625,7365.919921875,69274.6171875,23412.1796875,10440.330078125,24647.9609375,8449.5498046875,4112.82568359375
2026-06-24 12:46:00+00:00,24013.150390625,7365.919921875,69274.6171875,23412.1796875,10442.599609375,24653.55078125,8449.5498046875,4112.82568359375
2026-06-24 12:47:00+00:00,24013.150390625,7365.919921875,69274.6171875,23412.1796875,10442.419921875,24650.26953125,8449.5498046875,4112.82568359375
2026-06-24 12:48:00+00:00,24013.150390625,7365.919921875,69274.6171875,23412.1796875,10441.5595703125,24645.119140625,8449.5498046875,4112.82568359375
2026-06-24 12:49:00+00:00,24013.150390625,7365.919921875,69274.6171875,23412.1796875,10440.8203125,24640.94921875,8449.5498046875,4112.82568359375
2026-06-24 12:50:00+00:00,24013.150390625,7365.919921875,69274.6171875,23412.1796875,10438.75,24636.130859375,8449.5498046875,4112.82568359375
2026-06-24 12:51:00+00:00,24013.150390625,7365.919921875,69274.6171875,23412.1796875,10437.51953125,24638.650390625,8449.5498046875,4112.82568359375
2026-06-24 12:52:00+00:00,24013.150390625,7365.919921875,69274.6171875,23412.1796875,10436.3095703125,24631.359375,8449.5498046875,4112.82568359375
2026-06-24 12:53:00+00:00,24013.150390625,7365.919921875,69274.6171875,23412.1796875,10435.83984375,24634.849609375,8449.5498046875,4112.82568359375
2026-06-24 12:54:00+00:00,24013.150390625,7365.919921875,69274.6171875,23412.1796875,10435.2001953125,24635.83984375,8449.5498046875,4112.82568359375
2026-06-24 12:55:00+00:00,24013.150390625,7365.919921875,69274.6171875,23412.1796875,10434.4697265625,24623.869140625,8449.5498046875,4112.82568359375
2026-06-24 12:56:00+00:00,24013.150390625,7365.919921875,69274.6171875,23412.1796875,10433.830078125,24620.669921875,8449.5498046875,4112.82568359375
2026-06-24 12:57:00+00:00,24013.150390625,7365.919921875,69274.6171875,23412.1796875,10435.2802734375,24627.76953125,8449.5498046875,4112.82568359375
2026-06-24 12:58:00+00:00,24013.150390625,7365.919921875,69274.6171875,23412.1796875,10435.349609375,24627.25,8449.5498046875,4112.82568359375
2026-06-24 12:59:00+00:00,24013.150390625,7365.919921875,69274.6171875,23412.1796875,10434.9599609375,24630.080078125,8449.5498046875,4112.82568359375
2026-06-24 13:00:00+00:00,24013.150390625,7365.919921875,69274.6171875,23412.1796875,10435.3603515625,24630.94921875,8449.5498046875,4112.82568359375
2026-06-24 13:01:00+00:00,24013.150390625,7365.919921875,69274.6171875,23412.1796875,10432.7099609375,24629.58984375,8449.5498046875,4112.82568359375
2026-06-24 13:02:00+00:00,24013.150390625,7365.919921875,69274.6171875,23412.1796875,10435.509765625,24639.759765625,8449.5498046875,4112.82568359375
2026-06-24 13:03:00+00:00,24013.150390625,7365.919921875,69274.6171875,23412.1796875,10437.3095703125,24640.80078125,8449.5498046875,4112.82568359375
2026-06-24 13:04:00+00:00,24013.150390625,7365.919921875,69274.6171875,23412.1796875,10437.0302734375,24640.5390625,8449.5498046875,4112.82568359375
2026-06-24 13:05:00+00:00,24013.150390625,7365.919921875,69274.6171875,23412.1796875,10438.1103515625,24643.16015625,8449.5498046875,4112.82568359375
2026-06-24 13:06:00+00:00,24013.150390625,7365.919921875,69274.6171875,23412.1796875,10437.830078125,24645.900390625,8449.5498046875,4112.82568359375
2026-06-24 13:07:00+00:00,24013.150390625,7365.919921875,69274.6171875,23412.1796875,10436.0,24646.380859375,8449.5498046875,4112.82568359375
2026-06-24 13:08:00+00:00,24013.150390625,7365.919921875,69274.6171875,23412.1796875,10434.169921875,24640.119140625,8449.5498046875,4112.82568359375
2026-06-24 13:09:00+00:00,24013.150390625,7365.919921875,69274.6171875,23412.1796875,10431.2099609375,24631.140625,8449.5498046875,4112.82568359375
2026-06-24 13:10:00+00:00,24013.150390625,7365.919921875,69274.6171875,23412.1796875,10429.4501953125,24629.0703125,8449.5498046875,4112.82568359375
2026-06-24 13:11:00+00:00,24013.150390625,7365.919921875,69274.6171875,23412.1796875,10428.0703125,24630.689453125,8449.5498046875,4112.82568359375
2026-06-24 13:12:00+00:00,24013.150390625,7365.919921875,69274.6171875,23412.1796875,10426.099609375,24622.990234375,8449.5498046875,4112.82568359375
2026-06-24 13:13:00+00:00,24013.150390625,7365.919921875,69274.6171875,23412.1796875,10424.75,24614.6796875,8449.5498046875,4112.82568359375
2026-06-24 13:14:00+00:00,24013.150390625,7365.919921875,69274.6171875,23412.1796875,10422.740234375,24610.66015625,8449.5498046875,4112.82568359375
2026-06-24 13:15:00+00:00,24013.150390625,7365.919921875,69274.6171875,23412.1796875,10418.2998046875,24604.470703125,8449.5498046875,4112.82568359375
2026-06-24 13:16:00+00:00,24013.150390625,7365.919921875,69274.6171875,23412.1796875,10421.9697265625,24613.490234375,8449.5498046875,4112.82568359375
2026-06-24 13:17:00+00:00,24013.150390625,7365.919921875,69274.6171875,23412.1796875,10423.5,24615.509765625,8449.5498046875,4112.82568359375
2026-06-24 13:18:00+00:00,24013.150390625,7365.919921875,69274.6171875,23412.1796875,10422.3095703125,24617.51953125,8449.5498046875,4112.82568359375
2026-06-24 13:19:00+00:00,24013.150390625,7365.919921875,69274.6171875,23412.1796875,10426.3603515625,24625.7890625,8449.5498046875,4112.82568359375
2026-06-24 13:20:00+00:00,24013.150390625,7365.919921875,69274.6171875,23412.1796875,10427.26953125,24622.560546875,8449.5498046875,4112.82568359375
2026-06-24 13:21:00+00:00,24013.150390625,7365.919921875,69274.6171875,23412.1796875,10427.9404296875,24610.33984375,8449.5498046875,4112.82568359375
2026-06-24 13:22:00+00:00,24013.150390625,7365.919921875,69274.6171875,23412.1796875,10428.2099609375,24609.30078125,8449.5498046875,4112.82568359375
2026-06-24 13:23:00+00:00,24013.150390625,7365.919921875,69274.6171875,23412.1796875,10427.48046875,24604.7109375,8449.5498046875,4112.82568359375
2026-06-24 13:24:00+00:00,24013.150390625,7365.919921875,69274.6171875,23412.1796875,10426.849609375,24606.330078125,8449.5498046875,4112.82568359375
2026-06-24 13:25:00+00:00,24013.150390625,7365.919921875,69274.6171875,23412.1796875,10428.1396484375,24617.640625,8449.5498046875,4112.82568359375
2026-06-24 13:26:00+00:00,24013.150390625,7365.919921875,69274.6171875,23412.1796875,10430.2998046875,24627.419921875,8449.5498046875,4112.82568359375
2026-06-24 13:27:00+00:00,24013.150390625,7365.919921875,69274.6171875,23412.1796875,10429.580078125,24625.4609375,8449.5498046875,4112.82568359375
2026-06-24 13:28:00+00:00,24013.150390625,7365.919921875,69274.6171875,23412.1796875,10429.990234375,24630.44921875,8449.5498046875,4112.82568359375
2026-06-24 13:29:00+00:00,24013.150390625,7365.919921875,69274.6171875,23412.1796875,10430.8798828125,24632.330078125,8449.5498046875,4112.82568359375
2026-06-24 13:30:00+00:00,24013.150390625,7375.31005859375,69274.6171875,23412.1796875,10434.98046875,24619.140625,8449.5498046875,4112.82568359375
2026-06-24 13:31:00+00:00,24013.150390625,7374.419921875,69274.6171875,23412.1796875,10432.25,24616.599609375,8449.5498046875,4112.82568359375
2026-06-24 13:32:00+00:00,24013.150390625,7390.93017578125,69274.6171875,23412.1796875,10433.33984375,24628.490234375,8449.5498046875,4112.82568359375
2026-06-24 13:33:00+00:00,24013.150390625,7396.77001953125,69274.6171875,23412.1796875,10436.73046875,24643.109375,8449.5498046875,4112.82568359375
2026-06-24 13:34:00+00:00,24013.150390625,7397.3701171875,69274.6171875,23412.1796875,10433.41015625,24641.2890625,8449.5498046875,4112.82568359375
2026-06-24 13:35:00+00:00,24013.150390625,7399.3701171875,69274.6171875,23412.1796875,10436.349609375,24659.23046875,8449.5498046875,4112.82568359375
2026-06-24 13:36:00+00:00,24013.150390625,7391.7099609375,69274.6171875,23412.1796875,10433.9404296875,24648.98046875,8449.5498046875,4112.82568359375
2026-06-24 13:37:00+00:00,24013.150390625,7399.72021484375,69274.6171875,23412.1796875,10429.990234375,24644.630859375,8449.5498046875,4112.82568359375
2026-06-24 13:38:00+00:00,24013.150390625,7397.7001953125,69274.6171875,23412.1796875,10436.0302734375,24642.8203125,8449.5498046875,4112.82568359375
2026-06-24 13:39:00+00:00,24013.150390625,7392.580078125,69274.6171875,23412.1796875,10435.08984375,24636.51953125,8449.5498046875,4112.82568359375
2026-06-24 13:40:00+00:00,24013.150390625,7383.43017578125,69274.6171875,23412.1796875,10431.3203125,24624.9609375,8449.5498046875,4112.82568359375
2026-06-24 13:41:00+00:00,24013.150390625,7380.91015625,69274.6171875,23412.1796875,10430.669921875,24605.130859375,8449.5498046875,4112.82568359375
2026-06-24 13:42:00+00:00,24013.150390625,7377.93994140625,69274.6171875,23412.1796875,10428.400390625,24603.890625,8449.5498046875,4112.82568359375
2026-06-24 13:43:00+00:00,24013.150390625,7380.169921875,69274.6171875,23412.1796875,10424.8896484375,24607.890625,8449.5498046875,4112.82568359375
2026-06-24 13:44:00+00:00,24013.150390625,7386.25,69274.6171875,23412.1796875,10436.7900390625,24629.099609375,8449.5498046875,4112.82568359375
2026-06-24 13:45:00+00:00,24013.150390625,7387.490234375,69274.6171875,23412.1796875,10434.6201171875,24619.279296875,8449.5498046875,4112.82568359375
2026-06-24 13:46:00+00:00,24013.150390625,7386.47998046875,69274.6171875,23412.1796875,10431.650390625,24634.419921875,8449.5498046875,4112.82568359375
2026-06-24 13:47:00+00:00,24013.150390625,7381.169921875,69274.6171875,23412.1796875,10431.2001953125,24623.060546875,8449.5498046875,4112.82568359375
2026-06-24 13:48:00+00:00,24013.150390625,7371.85986328125,69274.6171875,23412.1796875,10441.900390625,24629.890625,8449.5498046875,4112.82568359375
2026-06-24 13:49:00+00:00,24013.150390625,7383.77978515625,69274.6171875,23412.1796875,10443.240234375,24639.4609375,8449.5498046875,4112.82568359375
2026-06-24 13:50:00+00:00,24013.150390625,7394.52001953125,69274.6171875,23412.1796875,10452.1396484375,24658.7109375,8449.5498046875,4112.82568359375
2026-06-24 13:51:00+00:00,24013.150390625,7402.06982421875,69274.6171875,23412.1796875,10455.0595703125,24680.099609375,8449.5498046875,4112.82568359375
2026-06-24 13:52:00+00:00,24013.150390625,7402.10009765625,69274.6171875,23412.1796875,10455.4296875,24679.69921875,8449.5498046875,4112.82568359375
2026-06-24 13:53:00+00:00,24013.150390625,7403.35986328125,69274.6171875,23412.1796875,10456.2099609375,24685.44921875,8449.5498046875,4112.82568359375
2026-06-24 13:54:00+00:00,24013.150390625,7401.2099609375,69274.6171875,23412.1796875,10457.1796875,24680.119140625,8449.5498046875,4112.82568359375
2026-06-24 13:55:00+00:00,24013.150390625,7392.7900390625,69274.6171875,23412.1796875,10449.5703125,24656.4609375,8449.5498046875,4112.82568359375
2026-06-24 13:56:00+00:00,24013.150390625,7391.60986328125,69274.6171875,23412.1796875,10451.8603515625,24659.810546875,8449.5498046875,4112.82568359375
2026-06-24 13:57:00+00:00,24013.150390625,7388.330078125,69274.6171875,23412.1796875,10451.1298828125,24656.0703125,8449.5498046875,4112.82568359375
2026-06-24 13:58:00+00:00,24013.150390625,7390.3701171875,69274.6171875,23412.1796875,10457.0,24658.140625,8449.5498046875,4112.82568359375
2026-06-24 13:59:00+00:00,24013.150390625,7387.85009765625,69274.6171875,23412.1796875,10460.8798828125,24653.490234375,8449.5498046875,4112.82568359375
2026-06-24 14:00:00+00:00,24013.150390625,7384.10009765625,69274.6171875,23412.1796875,10465.4296875,24649.48046875,8449.5498046875,4112.82568359375
2026-06-24 14:01:00+00:00,24013.150390625,7385.6298828125,69274.6171875,23412.1796875,10463.66015625,24658.5703125,8449.5498046875,4112.82568359375
2026-06-24 14:02:00+00:00,24013.150390625,7386.7001953125,69274.6171875,23412.1796875,10462.650390625,24648.4609375,8449.5498046875,4112.82568359375
2026-06-24 14:03:00+00:00,24013.150390625,7380.93994140625,69274.6171875,23412.1796875,10459.8095703125,24641.16015625,8449.5498046875,4112.82568359375
2026-06-24 14:04:00+00:00,24013.150390625,7383.02001953125,69274.6171875,23412.1796875,10458.8603515625,24635.98046875,8449.5498046875,4112.82568359375
2026-06-24 14:05:00+00:00,24013.150390625,7387.77001953125,69274.6171875,23412.1796875,10459.9599609375,24636.810546875,8449.5498046875,4112.82568359375
2026-06-24 14:06:00+00:00,24013.150390625,7385.830078125,69274.6171875,23412.1796875,10462.5302734375,24639.720703125,8449.5498046875,4112.82568359375
2026-06-24 14:07:00+00:00,24013.150390625,7387.39013671875,69274.6171875,23412.1796875,10460.2099609375,24643.990234375,8449.5498046875,4112.82568359375
2026-06-24 14:08:00+00:00,24013.150390625,7381.64990234375,69274.6171875,23412.1796875,10461.7802734375,24645.580078125,8449.5498046875,4112.82568359375
2026-06-24 14:09:00+00:00,24013.150390625,7385.14013671875,69274.6171875,23412.1796875,10462.7099609375,24657.859375,8449.5498046875,4112.82568359375
2026-06-24 14:10:00+00:00,24013.150390625,7387.2001953125,69274.6171875,23412.1796875,10464.8896484375,24664.26953125,8449.5498046875,4112.82568359375
2026-06-24 14:11:00+00:00,24013.150390625,7382.97998046875,69274.6171875,23412.1796875,10464.3896484375,24654.849609375,8449.5498046875,4112.82568359375
2026-06-24 14:12:00+00:00,24013.150390625,7385.990234375,69274.6171875,23412.1796875,10466.5703125,24660.3203125,8449.5498046875,4112.82568359375
2026-06-24 14:13:00+00:00,24013.150390625,7382.68017578125,69274.6171875,23412.1796875,10460.75,24647.400390625,8449.5498046875,4112.82568359375
2026-06-24 14:14:00+00:00,24013.150390625,7384.2099609375,69274.6171875,23412.1796875,10457.7099609375,24639.619140625,8449.5498046875,4112.82568359375
2026-06-24 14:15:00+00:00,24013.150390625,7379.52001953125,69274.6171875,23412.1796875,10455.669921875,24622.5703125,8449.5498046875,4112.82568359375
2026-06-24 14:16:00+00:00,24013.150390625,7376.58984375,69274.6171875,23412.1796875,10452.98046875,24618.310546875,8449.5498046875,4112.82568359375
2026-06-24 14:17:00+00:00,24013.150390625,7375.64013671875,69274.6171875,23412.1796875,10452.6298828125,24617.169921875,8449.5498046875,4112.82568359375
2026-06-24 14:18:00+00:00,24013.150390625,7378.43017578125,69274.6171875,23412.1796875,10455.7998046875,24634.869140625,8449.5498046875,4112.82568359375
2026-06-24 14:19:00+00:00,24013.150390625,7377.33984375,69274.6171875,23412.1796875,10459.4501953125,24639.16015625,8449.5498046875,4112.82568359375
2026-06-24 14:20:00+00:00,24013.150390625,7375.5400390625,69274.6171875,23412.1796875,10461.5595703125,24637.5703125,8449.5498046875,4112.82568359375
2026-06-24 14:21:00+00:00,24013.150390625,7385.64013671875,69274.6171875,23412.1796875,10460.7998046875,24639.76953125,8449.5498046875,4112.82568359375
2026-06-24 14:22:00+00:00,24013.150390625,7387.7001953125,69274.6171875,23412.1796875,10464.419921875,24649.80078125,8449.5498046875,4112.82568359375
2026-06-24 14:23:00+00:00,24013.150390625,7388.66015625,69274.6171875,23412.1796875,10466.6201171875,24649.0390625,8449.5498046875,4112.82568359375
2026-06-24 14:24:00+00:00,24013.150390625,7391.56982421875,69274.6171875,23412.1796875,10466.7001953125,24644.759765625,8449.5498046875,4112.82568359375
2026-06-24 14:25:00+00:00,24013.150390625,7390.64990234375,69274.6171875,23412.1796875,10466.66015625,24648.25,8449.5498046875,4112.82568359375
2026-06-24 14:26:00+00:00,24013.150390625,7388.9501953125,69274.6171875,23412.1796875,10466.759765625,24645.66015625,8449.5498046875,4112.82568359375
2026-06-24 14:27:00+00:00,24013.150390625,7396.2099609375,69274.6171875,23412.1796875,10467.76953125,24649.349609375,8449.5498046875,4112.82568359375
2026-06-24 14:28:00+00:00,24013.150390625,7392.580078125,69274.6171875,23412.1796875,10467.3095703125,24636.400390625,8449.5498046875,4112.82568359375
2026-06-24 14:29:00+00:00,24013.150390625,7393.14990234375,69274.6171875,23412.1796875,10465.9697265625,24640.05078125,8449.5498046875,4112.82568359375
2026-06-24 14:30:00+00:00,24013.150390625,7399.2900390625,69274.6171875,23412.1796875,10466.150390625,24652.19921875,8449.5498046875,4112.82568359375
2026-06-24 14:31:00+00:00,24013.150390625,7400.06982421875,69274.6171875,23412.1796875,10465.7099609375,24662.3203125,8449.5498046875,4112.82568359375
2026-06-24 14:32:00+00:00,24013.150390625,7399.31982421875,69274.6171875,23412.1796875,10467.9296875,24668.0,8449.5498046875,4112.82568359375
2026-06-24 14:33:00+00:00,24013.150390625,7396.1201171875,69274.6171875,23412.1796875,10466.6103515625,24669.19921875,8449.5498046875,4112.82568359375
2026-06-24 14:34:00+00:00,24013.150390625,7398.02978515625,69274.6171875,23412.1796875,10465.9296875,24669.259765625,8449.5498046875,4112.82568359375
2026-06-24 14:35:00+00:00,24013.150390625,7397.77001953125,69274.6171875,23412.1796875,10464.83984375,24669.66015625,8449.5498046875,4112.82568359375
2026-06-24 14:36:00+00:00,24013.150390625,7397.3701171875,69274.6171875,23412.1796875,10467.75,24671.05078125,8449.5498046875,4112.82568359375
2026-06-24 14:37:00+00:00,24013.150390625,7396.89990234375,69274.6171875,23412.1796875,10468.400390625,24672.0703125,8449.5498046875,4112.82568359375
2026-06-24 14:38:00+00:00,24013.150390625,7395.93017578125,69274.6171875,23412.1796875,10467.169921875,24671.720703125,8449.5498046875,4112.82568359375
2026-06-24 14:39:00+00:00,24013.150390625,7390.68994140625,69274.6171875,23412.1796875,10461.400390625,24656.119140625,8449.5498046875,4112.82568359375
2026-06-24 14:40:00+00:00,24013.150390625,7395.52978515625,69274.6171875,23412.1796875,10462.490234375,24669.5703125,8449.5498046875,4112.82568359375
2026-06-24 14:41:00+00:00,24013.150390625,7393.75,69274.6171875,23412.1796875,10459.73046875,24664.650390625,8449.5498046875,4112.82568359375
2026-06-24 14:42:00+00:00,24013.150390625,7392.330078125,69274.6171875,23412.1796875,10459.6904296875,24661.109375,8449.5498046875,4112.82568359375
2026-06-24 14:43:00+00:00,24013.150390625,7393.72998046875,69274.6171875,23412.1796875,10457.48046875,24664.609375,8449.5498046875,4112.82568359375
2026-06-24 14:44:00+00:00,24013.150390625,7404.2998046875,69274.6171875,23412.1796875,10462.0498046875,24676.98046875,8449.5498046875,4112.82568359375
2026-06-24 14:45:00+00:00,24013.150390625,7405.25,69274.6171875,23412.1796875,10461.7001953125,24676.779296875,8449.5498046875,4112.82568359375
2026-06-24 14:46:00+00:00,24013.150390625,7412.259765625,69274.6171875,23412.1796875,10461.2802734375,24682.19921875,8449.5498046875,4112.82568359375
2026-06-24 14:47:00+00:00,24013.150390625,7415.02001953125,69274.6171875,23412.1796875,10462.669921875,24698.630859375,8449.5498046875,4112.82568359375
2026-06-24 14:48:00+00:00,24013.150390625,7412.830078125,69274.6171875,23412.1796875,10461.169921875,24696.2890625,8449.5498046875,4112.82568359375
2026-06-24 14:49:00+00:00,24013.150390625,7411.06982421875,69274.6171875,23412.1796875,10460.5,24695.810546875,8449.5498046875,4112.82568359375
2026-06-24 14:50:00+00:00,24013.150390625,7414.91015625,69274.6171875,23412.1796875,10460.830078125,24705.80078125,8449.5498046875,4112.82568359375
2026-06-24 14:51:00+00:00,24013.150390625,7415.77001953125,69274.6171875,23412.1796875,10460.2998046875,24699.05078125,8449.5498046875,4112.82568359375
2026-06-24 14:52:00+00:00,24013.150390625,7417.580078125,69274.6171875,23412.1796875,10459.41015625,24691.3203125,8449.5498046875,4112.82568359375
2026-06-24 14:53:00+00:00,24013.150390625,7417.56982421875,69274.6171875,23412.1796875,10458.0703125,24697.849609375,8449.5498046875,4112.82568359375
2026-06-24 14:54:00+00:00,24013.150390625,7412.7099609375,69274.6171875,23412.1796875,10454.98046875,24686.19921875,8449.5498046875,4112.82568359375
2026-06-24 14:55:00+00:00,24013.150390625,7411.990234375,69274.6171875,23412.1796875,10453.6904296875,24682.880859375,8449.5498046875,4112.82568359375
2026-06-24 14:56:00+00:00,24013.150390625,7415.39990234375,69274.6171875,23412.1796875,10454.6103515625,24687.560546875,8449.5498046875,4112.82568359375
2026-06-24 14:57:00+00:00,24013.150390625,7418.6201171875,69274.6171875,23412.1796875,10454.5400390625,24697.470703125,8449.5498046875,4112.82568359375
2026-06-24 14:58:00+00:00,24013.150390625,7421.27978515625,69274.6171875,23412.1796875,10453.490234375,24697.08984375,8449.5498046875,4112.82568359375
2026-06-24 14:59:00+00:00,24013.150390625,7424.919921875,69274.6171875,23412.1796875,10453.91015625,24705.23046875,8449.5498046875,4112.82568359375
2026-06-24 15:00:00+00:00,24013.150390625,7424.27001953125,69274.6171875,23412.1796875,10453.1396484375,24706.130859375,8449.5498046875,4112.82568359375
2026-06-24 15:01:00+00:00,24013.150390625,7426.4501953125,69274.6171875,23412.1796875,10452.2099609375,24699.5,8449.5498046875,4112.82568359375
2026-06-24 15:02:00+00:00,24013.150390625,7423.27978515625,69274.6171875,23412.1796875,10448.6904296875,24690.060546875,8449.5498046875,4112.82568359375
2026-06-24 15:03:00+00:00,24013.150390625,7423.93994140625,69274.6171875,23412.1796875,10447.6201171875,24693.169921875,8449.5498046875,4112.82568359375
2026-06-24 15:04:00+00:00,24013.150390625,7421.6201171875,69274.6171875,23412.1796875,10445.5595703125,24688.490234375,8449.5498046875,4112.82568359375
2026-06-24 15:05:00+00:00,24013.150390625,7421.16015625,69274.6171875,23412.1796875,10440.849609375,24674.099609375,8449.5498046875,4112.82568359375
2026-06-24 15:06:00+00:00,24013.150390625,7420.9599609375,69274.6171875,23412.1796875,10440.7998046875,24666.669921875,8449.5498046875,4112.82568359375
2026-06-24 15:07:00+00:00,24013.150390625,7417.990234375,69274.6171875,23412.1796875,10440.650390625,24660.01953125,8449.5498046875,4112.82568359375
2026-06-24 15:08:00+00:00,24013.150390625,7415.5400390625,69274.6171875,23412.1796875,10440.25,24664.4609375,8449.5498046875,4112.82568359375
2026-06-24 15:09:00+00:00,24013.150390625,7413.2099609375,69274.6171875,23412.1796875,10440.4599609375,24664.509765625,8449.5498046875,4112.82568359375
2026-06-24 15:10:00+00:00,24013.150390625,7414.58984375,69274.6171875,23412.1796875,10441.2900390625,24662.73046875,8449.5498046875,4112.82568359375
2026-06-24 15:11:00+00:00,24013.150390625,7415.3701171875,69274.6171875,23412.1796875,10439.580078125,24659.0703125,8449.5498046875,4112.82568359375
2026-06-24 15:12:00+00:00,24013.150390625,7410.7099609375,69274.6171875,23412.1796875,10438.4501953125,24652.5390625,8449.5498046875,4112.82568359375
2026-06-24 15:13:00+00:00,24013.150390625,7410.85009765625,69274.6171875,23412.1796875,10439.3896484375,24661.55078125,8449.5498046875,4112.82568359375
2026-06-24 15:14:00+00:00,24013.150390625,7412.8798828125,69274.6171875,23412.1796875,10439.8896484375,24662.33984375,8449.5498046875,4112.82568359375
2026-06-24 15:15:00+00:00,24013.150390625,7414.18994140625,69274.6171875,23412.1796875,10438.4404296875,24659.05078125,8449.5498046875,4112.82568359375
2026-06-24 15:16:00+00:00,24013.150390625,7419.169921875,69274.6171875,23412.1796875,10441.4697265625,24666.599609375,8449.5498046875,4112.82568359375
2026-06-24 15:17:00+00:00,24013.150390625,7421.580078125,69274.6171875,23412.1796875,10440.9296875,24669.609375,8449.5498046875,4112.82568359375
2026-06-24 15:18:00+00:00,24013.150390625,7419.7001953125,69274.6171875,23412.1796875,10441.7998046875,24676.5,8449.5498046875,4112.82568359375
2026-06-24 15:19:00+00:00,24013.150390625,7420.22021484375,69274.6171875,23412.1796875,10446.259765625,24687.759765625,8449.5498046875,4112.82568359375
2026-06-24 15:20:00+00:00,24013.150390625,7420.2001953125,69274.6171875,23412.1796875,10448.990234375,24692.9609375,8449.5498046875,4112.82568359375
2026-06-24 15:21:00+00:00,24013.150390625,7418.56005859375,69274.6171875,23412.1796875,10451.4296875,24701.08984375,8449.5498046875,4112.82568359375
2026-06-24 15:22:00+00:00,24013.150390625,7419.83984375,69274.6171875,23412.1796875,10448.66015625,24701.3203125,8449.5498046875,4112.82568359375
2026-06-24 15:23:00+00:00,24013.150390625,7421.02001953125,69274.6171875,23412.1796875,10449.16015625,24698.6796875,8449.5498046875,4112.82568359375
2026-06-24 15:24:00+00:00,24013.150390625,7415.9599609375,69274.6171875,23412.1796875,10447.419921875,24693.810546875,8449.5498046875,4112.82568359375
2026-06-24 15:25:00+00:00,24013.150390625,7410.5,69274.6171875,23412.1796875,10448.51953125,24698.48046875,8449.5498046875,4112.82568359375
2026-06-24 15:26:00+00:00,24013.150390625,7415.52978515625,69274.6171875,23412.1796875,10451.080078125,24710.1796875,8449.5498046875,4112.82568359375
2026-06-24 15:27:00+00:00,24013.150390625,7419.85009765625,69274.6171875,23412.1796875,10451.5703125,24715.259765625,8449.5498046875,4112.82568359375
2026-06-24 15:28:00+00:00,24013.150390625,7418.169921875,69274.6171875,23412.1796875,10451.33984375,24714.189453125,8449.5498046875,4112.82568359375
2026-06-24 15:29:00+00:00,24013.150390625,7424.60986328125,69274.6171875,23412.1796875,10455.2001953125,24713.509765625,8449.5498046875,4112.82568359375
2026-06-24 15:30:00+00:00,24013.150390625,7427.1298828125,69274.6171875,23412.1796875,10455.2001953125,24713.509765625,8449.5498046875,4112.82568359375
2026-06-24 15:31:00+00:00,24013.150390625,7422.43017578125,69274.6171875,23412.1796875,10455.2001953125,24713.509765625,8449.5498046875,4112.82568359375
2026-06-24 15:32:00+00:00,24013.150390625,7421.740234375,69274.6171875,23412.1796875,10455.2001953125,24713.509765625,8449.5498046875,4112.82568359375
2026-06-24 15:33:00+00:00,24013.150390625,7418.16015625,69274.6171875,23412.1796875,10455.2001953125,24713.509765625,8449.5498046875,4112.82568359375
2026-06-24 15:34:00+00:00,24013.150390625,7421.22021484375,69274.6171875,23412.1796875,10455.2001953125,24713.509765625,8449.5498046875,4112.82568359375
2026-06-24 15:35:00+00:00,24013.150390625,7423.10009765625,69274.6171875,23412.1796875,10455.2001953125,24713.509765625,8449.5498046875,4112.82568359375
2026-06-24 15:36:00+00:00,24013.150390625,7420.93994140625,69274.6171875,23412.1796875,10455.2001953125,24713.509765625,8449.5498046875,4112.82568359375
2026-06-24 15:37:00+00:00,24013.150390625,7422.52978515625,69274.6171875,23412.1796875,10455.2001953125,24713.509765625,8449.5498046875,4112.82568359375
2026-06-24 15:38:00+00:00,24013.150390625,7419.3798828125,69274.6171875,23412.1796875,10455.2001953125,24713.509765625,8449.5498046875,4112.82568359375
2026-06-24 15:39:00+00:00,24013.150390625,7416.68017578125,69274.6171875,23412.1796875,10455.2001953125,24713.509765625,8449.5498046875,4112.82568359375
2026-06-24 15:40:00+00:00,24013.150390625,7416.72998046875,69274.6171875,23412.1796875,10455.2001953125,24713.509765625,8449.5498046875,4112.82568359375
2026-06-24 15:41:00+00:00,24013.150390625,7414.39990234375,69274.6171875,23412.1796875,10455.2001953125,24713.509765625,8449.5498046875,4112.82568359375
2026-06-24 15:42:00+00:00,24013.150390625,7411.72021484375,69274.6171875,23412.1796875,10455.2001953125,24713.509765625,8449.5498046875,4112.82568359375
2026-06-24 15:43:00+00:00,24013.150390625,7411.27001953125,69274.6171875,23412.1796875,10455.2001953125,24713.509765625,8449.5498046875,4112.82568359375
2026-06-24 15:44:00+00:00,24013.150390625,7412.7099609375,69274.6171875,23412.1796875,10455.2001953125,24713.509765625,8449.5498046875,4112.82568359375
2026-06-24 15:45:00+00:00,24013.150390625,7409.93017578125,69274.6171875,23412.1796875,10455.2001953125,24713.509765625,8449.5498046875,4112.82568359375
2026-06-24 15:46:00+00:00,24013.150390625,7409.06982421875,69274.6171875,23412.1796875,10455.2001953125,24713.509765625,8449.5498046875,4112.82568359375
2026-06-24 15:47:00+00:00,24013.150390625,7408.3798828125,69274.6171875,23412.1796875,10455.2001953125,24713.509765625,8449.5498046875,4112.82568359375
2026-06-24 15:48:00+00:00,24013.150390625,7408.080078125,69274.6171875,23412.1796875,10455.2001953125,24713.509765625,8449.5498046875,4112.82568359375
2026-06-24 15:49:00+00:00,24013.150390625,7415.419921875,69274.6171875,23412.1796875,10455.2001953125,24713.509765625,8449.5498046875,4112.82568359375
2026-06-24 15:50:00+00:00,24013.150390625,7417.16015625,69274.6171875,23412.1796875,10455.2001953125,24713.509765625,8449.5498046875,4112.82568359375
2026-06-24 15:51:00+00:00,24013.150390625,7419.1298828125,69274.6171875,23412.1796875,10455.2001953125,24713.509765625,8449.5498046875,4112.82568359375
2026-06-24 15:52:00+00:00,24013.150390625,7420.08984375,69274.6171875,23412.1796875,10455.2001953125,24713.509765625,8449.5498046875,4112.82568359375
2026-06-24 15:53:00+00:00,24013.150390625,7419.89990234375,69274.6171875,23412.1796875,10455.2001953125,24713.509765625,8449.5498046875,4112.82568359375
2026-06-24 15:54:00+00:00,24013.150390625,7416.77978515625,69274.6171875,23412.1796875,10455.2001953125,24713.509765625,8449.5498046875,4112.82568359375
2026-06-24 15:55:00+00:00,24013.150390625,7416.8798828125,69274.6171875,23412.1796875,10455.2001953125,24713.509765625,8449.5498046875,4112.82568359375
2026-06-24 15:56:00+00:00,24013.150390625,7413.66015625,69274.6171875,23412.1796875,10455.2001953125,24713.509765625,8449.5498046875,4112.82568359375
2026-06-24 15:57:00+00:00,24013.150390625,7413.7001953125,69274.6171875,23412.1796875,10455.2001953125,24713.509765625,8449.5498046875,4112.82568359375
2026-06-24 15:58:00+00:00,24013.150390625,7410.35009765625,69274.6171875,23412.1796875,10455.2001953125,24713.509765625,8449.5498046875,4112.82568359375
2026-06-24 15:59:00+00:00,24013.150390625,7412.14990234375,69274.6171875,23412.1796875,10455.2001953125,24713.509765625,8449.5498046875,4112.82568359375
2026-06-24 16:00:00+00:00,24013.150390625,7411.7998046875,69274.6171875,23412.1796875,10455.2001953125,24713.509765625,8449.5498046875,4112.82568359375
2026-06-24 16:01:00+00:00,24013.150390625,7410.740234375,69274.6171875,23412.1796875,10455.2001953125,24713.509765625,8449.5498046875,4112.82568359375
2026-06-24 16:02:00+00:00,24013.150390625,7412.009765625,69274.6171875,23412.1796875,10455.2001953125,24713.509765625,8449.5498046875,4112.82568359375
2026-06-24 16:03:00+00:00,24013.150390625,7409.08984375,69274.6171875,23412.1796875,10455.2001953125,24713.509765625,8449.5498046875,4112.82568359375
2026-06-24 16:04:00+00:00,24013.150390625,7409.75,69274.6171875,23412.1796875,10455.2001953125,24713.509765625,8449.5498046875,4112.82568359375
2026-06-24 16:05:00+00:00,24013.150390625,7409.330078125,69274.6171875,23412.1796875,10455.2001953125,24713.509765625,8449.5498046875,4112.82568359375
2026-06-24 16:06:00+00:00,24013.150390625,7407.25,69274.6171875,23412.1796875,10455.2001953125,24713.509765625,8449.5498046875,4112.82568359375
2026-06-24 16:07:00+00:00,24013.150390625,7410.740234375,69274.6171875,23412.1796875,10455.2001953125,24713.509765625,8449.5498046875,4112.82568359375
2026-06-24 16:08:00+00:00,24013.150390625,7409.16015625,69274.6171875,23412.1796875,10455.2001953125,24713.509765625,8449.5498046875,4112.82568359375
2026-06-24 16:09:00+00:00,24013.150390625,7410.22021484375,69274.6171875,23412.1796875,10455.2001953125,24713.509765625,8449.5498046875,4112.82568359375
2026-06-24 16:10:00+00:00,24013.150390625,7413.89990234375,69274.6171875,23412.1796875,10455.2001953125,24713.509765625,8449.5498046875,4112.82568359375
2026-06-24 16:11:00+00:00,24013.150390625,7414.77001953125,69274.6171875,23412.1796875,10455.2001953125,24713.509765625,8449.5498046875,4112.82568359375
2026-06-24 16:12:00+00:00,24013.150390625,7413.7099609375,69274.6171875,23412.1796875,10455.2001953125,24713.509765625,8449.5498046875,4112.82568359375
2026-06-24 16:13:00+00:00,24013.150390625,7412.39013671875,69274.6171875,23412.1796875,10455.2001953125,24713.509765625,8449.5498046875,4112.82568359375
2026-06-24 16:14:00+00:00,24013.150390625,7413.22021484375,69274.6171875,23412.1796875,10455.2001953125,24713.509765625,8449.5498046875,4112.82568359375
2026-06-24 16:15:00+00:00,24013.150390625,7413.68994140625,69274.6171875,23412.1796875,10455.2001953125,24713.509765625,8449.5498046875,4112.82568359375
2026-06-24 16:16:00+00:00,24013.150390625,7413.47998046875,69274.6171875,23412.1796875,10455.2001953125,24713.509765625,8449.5498046875,4112.82568359375
2026-06-24 16:17:00+00:00,24013.150390625,7412.1201171875,69274.6171875,23412.1796875,10455.2001953125,24713.509765625,8449.5498046875,4112.82568359375
2026-06-24 16:18:00+00:00,24013.150390625,7412.2099609375,69274.6171875,23412.1796875,10455.2001953125,24713.509765625,8449.5498046875,4112.82568359375
2026-06-24 16:19:00+00:00,24013.150390625,7411.77978515625,69274.6171875,23412.1796875,10455.2001953125,24713.509765625,8449.5498046875,4112.82568359375
2026-06-24 16:20:00+00:00,24013.150390625,7410.27001953125,69274.6171875,23412.1796875,10455.2001953125,24713.509765625,8449.5498046875,4112.82568359375
2026-06-24 16:21:00+00:00,24013.150390625,7410.08984375,69274.6171875,23412.1796875,10455.2001953125,24713.509765625,8449.5498046875,4112.82568359375
2026-06-24 16:22:00+00:00,24013.150390625,7414.81982421875,69274.6171875,23412.1796875,10455.2001953125,24713.509765625,8449.5498046875,4112.82568359375
2026-06-24 16:23:00+00:00,24013.150390625,7414.89990234375,69274.6171875,23412.1796875,10455.2001953125,24713.509765625,8449.5498046875,4112.82568359375
2026-06-24 16:24:00+00:00,24013.150390625,7414.39013671875,69274.6171875,23412.1796875,10455.2001953125,24713.509765625,8449.5498046875,4112.82568359375
2026-06-24 16:25:00+00:00,24013.150390625,7409.35986328125,69274.6171875,23412.1796875,10455.2001953125,24713.509765625,8449.5498046875,4112.82568359375
2026-06-24 16:26:00+00:00,24013.150390625,7409.47998046875,69274.6171875,23412.1796875,10455.2001953125,24713.509765625,8449.5498046875,4112.82568359375
2026-06-24 16:27:00+00:00,24013.150390625,7409.5498046875,69274.6171875,23412.1796875,10455.2001953125,24713.509765625,8449.5498046875,4112.82568359375
2026-06-24 16:28:00+00:00,24013.150390625,7409.8798828125,69274.6171875,23412.1796875,10455.2001953125,24713.509765625,8449.5498046875,4112.82568359375
2026-06-24 16:29:00+00:00,24013.150390625,7409.5498046875,69274.6171875,23412.1796875,10455.2001953125,24713.509765625,8449.5498046875,4112.82568359375
2026-06-24 16:30:00+00:00,24013.150390625,7406.490234375,69274.6171875,23412.1796875,10455.2001953125,24713.509765625,8449.5498046875,4112.82568359375
2026-06-24 16:31:00+00:00,24013.150390625,7405.06982421875,69274.6171875,23412.1796875,10455.2001953125,24713.509765625,8449.5498046875,4112.82568359375
2026-06-24 16:32:00+00:00,24013.150390625,7404.0498046875,69274.6171875,23412.1796875,10455.2001953125,24713.509765625,8449.5498046875,4112.82568359375
2026-06-24 16:33:00+00:00,24013.150390625,7405.08984375,69274.6171875,23412.1796875,10455.2001953125,24713.509765625,8449.5498046875,4112.82568359375
2026-06-24 16:34:00+00:00,24013.150390625,7404.830078125,69274.6171875,23412.1796875,10455.2001953125,24713.509765625,8449.5498046875,4112.82568359375
2026-06-24 16:35:00+00:00,24013.150390625,7406.68017578125,69274.6171875,23412.1796875,10455.2001953125,24713.509765625,8449.5498046875,4112.82568359375
2026-06-24 16:36:00+00:00,24013.150390625,7400.2001953125,69274.6171875,23412.1796875,10455.2001953125,24713.509765625,8449.5498046875,4112.82568359375
2026-06-24 16:37:00+00:00,24013.150390625,7397.580078125,69274.6171875,23412.1796875,10455.2001953125,24713.509765625,8449.5498046875,4112.82568359375
2026-06-24 16:38:00+00:00,24013.150390625,7396.5498046875,69274.6171875,23412.1796875,10455.2001953125,24713.509765625,8449.5498046875,4112.82568359375
2026-06-24 16:39:00+00:00,24013.150390625,7393.85009765625,69274.6171875,23412.1796875,10455.2001953125,24713.509765625,8449.5498046875,4112.82568359375
2026-06-24 16:40:00+00:00,24013.150390625,7393.22021484375,69274.6171875,23412.1796875,10455.2001953125,24713.509765625,8449.5498046875,4112.82568359375
2026-06-24 16:41:00+00:00,24013.150390625,7391.990234375,69274.6171875,23412.1796875,10455.2001953125,24713.509765625,8449.5498046875,4112.82568359375
2026-06-24 16:42:00+00:00,24013.150390625,7390.4501953125,69274.6171875,23412.1796875,10455.2001953125,24713.509765625,8449.5498046875,4112.82568359375
2026-06-24 16:43:00+00:00,24013.150390625,7389.4501953125,69274.6171875,23412.1796875,10455.2001953125,24713.509765625,8449.5498046875,4112.82568359375
2026-06-24 16:44:00+00:00,24013.150390625,7391.5498046875,69274.6171875,23412.1796875,10455.2001953125,24713.509765625,8449.5498046875,4112.82568359375
2026-06-24 16:45:00+00:00,24013.150390625,7388.669921875,69274.6171875,23412.1796875,10455.2001953125,24713.509765625,8449.5498046875,4112.82568359375
2026-06-24 16:46:00+00:00,24013.150390625,7388.4599609375,69274.6171875,23412.1796875,10455.2001953125,24713.509765625,8449.5498046875,4112.82568359375
2026-06-24 16:47:00+00:00,24013.150390625,7391.72998046875,69274.6171875,23412.1796875,10455.2001953125,24713.509765625,8449.5498046875,4112.82568359375
2026-06-24 16:48:00+00:00,24013.150390625,7392.93994140625,69274.6171875,23412.1796875,10455.2001953125,24713.509765625,8449.5498046875,4112.82568359375
2026-06-24 16:49:00+00:00,24013.150390625,7392.3701171875,69274.6171875,23412.1796875,10455.2001953125,24713.509765625,8449.5498046875,4112.82568359375
2026-06-24 16:50:00+00:00,24013.150390625,7395.64013671875,69274.6171875,23412.1796875,10455.2001953125,24713.509765625,8449.5498046875,4112.82568359375
2026-06-24 16:51:00+00:00,24013.150390625,7394.33984375,69274.6171875,23412.1796875,10455.2001953125,24713.509765625,8449.5498046875,4112.82568359375
2026-06-24 16:52:00+00:00,24013.150390625,7391.43994140625,69274.6171875,23412.1796875,10455.2001953125,24713.509765625,8449.5498046875,4112.82568359375
2026-06-24 16:53:00+00:00,24013.150390625,7390.0400390625,69274.6171875,23412.1796875,10455.2001953125,24713.509765625,8449.5498046875,4112.82568359375
2026-06-24 16:54:00+00:00,24013.150390625,7386.759765625,69274.6171875,23412.1796875,10455.2001953125,24713.509765625,8449.5498046875,4112.82568359375
2026-06-24 16:55:00+00:00,24013.150390625,7386.35009765625,69274.6171875,23412.1796875,10455.2001953125,24713.509765625,8449.5498046875,4112.82568359375
2026-06-24 16:56:00+00:00,24013.150390625,7385.81982421875,69274.6171875,23412.1796875,10455.2001953125,24713.509765625,8449.5498046875,4112.82568359375
2026-06-24 16:57:00+00:00,24013.150390625,7385.990234375,69274.6171875,23412.1796875,10455.2001953125,24713.509765625,8449.5498046875,4112.82568359375
2026-06-24 16:58:00+00:00,24013.150390625,7386.580078125,69274.6171875,23412.1796875,10455.2001953125,24713.509765625,8449.5498046875,4112.82568359375
2026-06-24 16:59:00+00:00,24013.150390625,7385.18994140625,69274.6171875,23412.1796875,10455.2001953125,24713.509765625,8449.5498046875,4112.82568359375
2026-06-24 17:00:00+00:00,24013.150390625,7386.77978515625,69274.6171875,23412.1796875,10455.2001953125,24713.509765625,8449.5498046875,4112.82568359375
2026-06-24 17:01:00+00:00,24013.150390625,7387.6201171875,69274.6171875,23412.1796875,10455.2001953125,24713.509765625,8449.5498046875,4112.82568359375
2026-06-24 17:02:00+00:00,24013.150390625,7389.75,69274.6171875,23412.1796875,10455.2001953125,24713.509765625,8449.5498046875,4112.82568359375
2026-06-24 17:03:00+00:00,24013.150390625,7392.27978515625,69274.6171875,23412.1796875,10455.2001953125,24713.509765625,8449.5498046875,4112.82568359375
2026-06-24 17:04:00+00:00,24013.150390625,7392.4501953125,69274.6171875,23412.1796875,10455.2001953125,24713.509765625,8449.5498046875,4112.82568359375
2026-06-24 17:05:00+00:00,24013.150390625,7389.0400390625,69274.6171875,23412.1796875,10455.2001953125,24713.509765625,8449.5498046875,4112.82568359375
2026-06-24 17:06:00+00:00,24013.150390625,7383.330078125,69274.6171875,23412.1796875,10455.2001953125,24713.509765625,8449.5498046875,4112.82568359375
2026-06-24 17:07:00+00:00,24013.150390625,7376.89990234375,69274.6171875,23412.1796875,10455.2001953125,24713.509765625,8449.5498046875,4112.82568359375
2026-06-24 17:08:00+00:00,24013.150390625,7376.39013671875,69274.6171875,23412.1796875,10455.2001953125,24713.509765625,8449.5498046875,4112.82568359375
2026-06-24 17:09:00+00:00,24013.150390625,7377.89013671875,69274.6171875,23412.1796875,10455.2001953125,24713.509765625,8449.5498046875,4112.82568359375
2026-06-24 17:10:00+00:00,24013.150390625,7381.41015625,69274.6171875,23412.1796875,10455.2001953125,24713.509765625,8449.5498046875,4112.82568359375
2026-06-24 17:11:00+00:00,24013.150390625,7378.47998046875,69274.6171875,23412.1796875,10455.2001953125,24713.509765625,8449.5498046875,4112.82568359375
2026-06-24 17:12:00+00:00,24013.150390625,7378.41015625,69274.6171875,23412.1796875,10455.2001953125,24713.509765625,8449.5498046875,4112.82568359375
2026-06-24 17:13:00+00:00,24013.150390625,7374.740234375,69274.6171875,23412.1796875,10455.2001953125,24713.509765625,8449.5498046875,4112.82568359375
2026-06-24 17:14:00+00:00,24013.150390625,7376.259765625,69274.6171875,23412.1796875,10455.2001953125,24713.509765625,8449.5498046875,4112.82568359375
2026-06-24 17:15:00+00:00,24013.150390625,7376.81005859375,69274.6171875,23412.1796875,10455.2001953125,24713.509765625,8449.5498046875,4112.82568359375
2026-06-24 17:16:00+00:00,24013.150390625,7367.509765625,69274.6171875,23412.1796875,10455.2001953125,24713.509765625,8449.5498046875,4112.82568359375
2026-06-24 17:17:00+00:00,24013.150390625,7369.89990234375,69274.6171875,23412.1796875,10455.2001953125,24713.509765625,8449.5498046875,4112.82568359375
2026-06-24 17:18:00+00:00,24013.150390625,7366.1201171875,69274.6171875,23412.1796875,10455.2001953125,24713.509765625,8449.5498046875,4112.82568359375
2026-06-24 17:19:00+00:00,24013.150390625,7366.5498046875,69274.6171875,23412.1796875,10455.2001953125,24713.509765625,8449.5498046875,4112.82568359375
2026-06-24 17:20:00+00:00,24013.150390625,7360.93994140625,69274.6171875,23412.1796875,10455.2001953125,24713.509765625,8449.5498046875,4112.82568359375
2026-06-24 17:21:00+00:00,24013.150390625,7361.8798828125,69274.6171875,23412.1796875,10455.2001953125,24713.509765625,8449.5498046875,4112.82568359375
2026-06-24 17:22:00+00:00,24013.150390625,7362.8701171875,69274.6171875,23412.1796875,10455.2001953125,24713.509765625,8449.5498046875,4112.82568359375
2026-06-24 17:23:00+00:00,24013.150390625,7361.31982421875,69274.6171875,23412.1796875,10455.2001953125,24713.509765625,8449.5498046875,4112.82568359375
2026-06-24 17:24:00+00:00,24013.150390625,7359.77978515625,69274.6171875,23412.1796875,10455.2001953125,24713.509765625,8449.5498046875,4112.82568359375
2026-06-24 17:25:00+00:00,24013.150390625,7359.02001953125,69274.6171875,23412.1796875,10455.2001953125,24713.509765625,8449.5498046875,4112.82568359375
2026-06-24 17:26:00+00:00,24013.150390625,7357.33984375,69274.6171875,23412.1796875,10455.2001953125,24713.509765625,8449.5498046875,4112.82568359375
2026-06-24 17:27:00+00:00,24013.150390625,7355.919921875,69274.6171875,23412.1796875,10455.2001953125,24713.509765625,8449.5498046875,4112.82568359375
2026-06-24 17:28:00+00:00,24013.150390625,7349.66015625,69274.6171875,23412.1796875,10455.2001953125,24713.509765625,8449.5498046875,4112.82568359375
2026-06-24 17:29:00+00:00,24013.150390625,7350.27978515625,69274.6171875,23412.1796875,10455.2001953125,24713.509765625,8449.5498046875,4112.82568359375
2026-06-24 17:30:00+00:00,24013.150390625,7353.27978515625,69274.6171875,23412.1796875,10455.2001953125,24713.509765625,8449.5498046875,4112.82568359375
2026-06-24 17:31:00+00:00,24013.150390625,7345.740234375,69274.6171875,23412.1796875,10455.2001953125,24713.509765625,8449.5498046875,4112.82568359375
2026-06-24 17:32:00+00:00,24013.150390625,7345.18994140625,69274.6171875,23412.1796875,10455.2001953125,24713.509765625,8449.5498046875,4112.82568359375
2026-06-24 17:33:00+00:00,24013.150390625,7347.0400390625,69274.6171875,23412.1796875,10455.2001953125,24713.509765625,8449.5498046875,4112.82568359375
2026-06-24 17:34:00+00:00,24013.150390625,7351.6298828125,69274.6171875,23412.1796875,10455.2001953125,24713.509765625,8449.5498046875,4112.82568359375
2026-06-24 17:35:00+00:00,24013.150390625,7352.669921875,69274.6171875,23412.1796875,10455.2001953125,24713.509765625,8449.5498046875,4112.82568359375
2026-06-24 17:36:00+00:00,24013.150390625,7348.31005859375,69274.6171875,23412.1796875,10455.2001953125,24713.509765625,8449.5498046875,4112.82568359375
2026-06-24 17:37:00+00:00,24013.150390625,7348.1298828125,69274.6171875,23412.1796875,10455.2001953125,24713.509765625,8449.5498046875,4112.82568359375
2026-06-24 17:38:00+00:00,24013.150390625,7350.10009765625,69274.6171875,23412.1796875,10455.2001953125,24713.509765625,8449.5498046875,4112.82568359375
2026-06-24 17:39:00+00:00,24013.150390625,7353.35009765625,69274.6171875,23412.1796875,10455.2001953125,24713.509765625,8449.5498046875,4112.82568359375
2026-06-24 17:40:00+00:00,24013.150390625,7351.31005859375,69274.6171875,23412.1796875,10455.2001953125,24713.509765625,8449.5498046875,4112.82568359375
2026-06-24 17:41:00+00:00,24013.150390625,7353.81982421875,69274.6171875,23412.1796875,10455.2001953125,24713.509765625,8449.5498046875,4112.82568359375
2026-06-24 17:42:00+00:00,24013.150390625,7355.25,69274.6171875,23412.1796875,10455.2001953125,24713.509765625,8449.5498046875,4112.82568359375
2026-06-24 17:43:00+00:00,24013.150390625,7351.56005859375,69274.6171875,23412.1796875,10455.2001953125,24713.509765625,8449.5498046875,4112.82568359375
2026-06-24 17:44:00+00:00,24013.150390625,7347.66015625,69274.6171875,23412.1796875,10455.2001953125,24713.509765625,8449.5498046875,4112.82568359375
2026-06-24 17:45:00+00:00,24013.150390625,7346.47998046875,69274.6171875,23412.1796875,10455.2001953125,24713.509765625,8449.5498046875,4112.82568359375
2026-06-24 17:46:00+00:00,24013.150390625,7349.6298828125,69274.6171875,23412.1796875,10455.2001953125,24713.509765625,8449.5498046875,4112.82568359375
2026-06-24 17:47:00+00:00,24013.150390625,7353.31982421875,69274.6171875,23412.1796875,10455.2001953125,24713.509765625,8449.5498046875,4112.82568359375
2026-06-24 17:48:00+00:00,24013.150390625,7351.64990234375,69274.6171875,23412.1796875,10455.2001953125,24713.509765625,8449.5498046875,4112.82568359375
2026-06-24 17:49:00+00:00,24013.150390625,7352.75,69274.6171875,23412.1796875,10455.2001953125,24713.509765625,8449.5498046875,4112.82568359375
2026-06-24 17:50:00+00:00,24013.150390625,7351.66015625,69274.6171875,23412.1796875,10455.2001953125,24713.509765625,8449.5498046875,4112.82568359375
2026-06-24 17:51:00+00:00,24013.150390625,7352.240234375,69274.6171875,23412.1796875,10455.2001953125,24713.509765625,8449.5498046875,4112.82568359375
2026-06-24 17:52:00+00:00,24013.150390625,7350.18994140625,69274.6171875,23412.1796875,10455.2001953125,24713.509765625,8449.5498046875,4112.82568359375
2026-06-24 17:53:00+00:00,24013.150390625,7352.47021484375,69274.6171875,23412.1796875,10455.2001953125,24713.509765625,8449.5498046875,4112.82568359375
2026-06-24 17:54:00+00:00,24013.150390625,7353.330078125,69274.6171875,23412.1796875,10455.2001953125,24713.509765625,8449.5498046875,4112.82568359375
2026-06-24 17:55:00+00:00,24013.150390625,7357.9501953125,69274.6171875,23412.1796875,10455.2001953125,24713.509765625,8449.5498046875,4112.82568359375
2026-06-24 17:56:00+00:00,24013.150390625,7356.02978515625,69274.6171875,23412.1796875,10455.2001953125,24713.509765625,8449.5498046875,4112.82568359375
2026-06-24 17:57:00+00:00,24013.150390625,7350.52001953125,69274.6171875,23412.1796875,10455.2001953125,24713.509765625,8449.5498046875,4112.82568359375
2026-06-24 17:58:00+00:00,24013.150390625,7346.740234375,69274.6171875,23412.1796875,10455.2001953125,24713.509765625,8449.5498046875,4112.82568359375
2026-06-24 17:59:00+00:00,24013.150390625,7346.89013671875,69274.6171875,23412.1796875,10455.2001953125,24713.509765625,8449.5498046875,4112.82568359375
2026-06-24 18:00:00+00:00,24013.150390625,7348.8701171875,69274.6171875,23412.1796875,10455.2001953125,24713.509765625,8449.5498046875,4112.82568359375
2026-06-24 18:01:00+00:00,24013.150390625,7354.419921875,69274.6171875,23412.1796875,10455.2001953125,24713.509765625,8449.5498046875,4112.82568359375
2026-06-24 18:02:00+00:00,24013.150390625,7353.60986328125,69274.6171875,23412.1796875,10455.2001953125,24713.509765625,8449.5498046875,4112.82568359375
2026-06-24 18:03:00+00:00,24013.150390625,7353.08984375,69274.6171875,23412.1796875,10455.2001953125,24713.509765625,8449.5498046875,4112.82568359375
2026-06-24 18:04:00+00:00,24013.150390625,7354.18994140625,69274.6171875,23412.1796875,10455.2001953125,24713.509765625,8449.5498046875,4112.82568359375
2026-06-24 18:05:00+00:00,24013.150390625,7355.509765625,69274.6171875,23412.1796875,10455.2001953125,24713.509765625,8449.5498046875,4112.82568359375
2026-06-24 18:06:00+00:00,24013.150390625,7359.25,69274.6171875,23412.1796875,10455.2001953125,24713.509765625,8449.5498046875,4112.82568359375
2026-06-24 18:07:00+00:00,24013.150390625,7355.77978515625,69274.6171875,23412.1796875,10455.2001953125,24713.509765625,8449.5498046875,4112.82568359375
2026-06-24 18:08:00+00:00,24013.150390625,7356.22021484375,69274.6171875,23412.1796875,10455.2001953125,24713.509765625,8449.5498046875,4112.82568359375
2026-06-24 18:09:00+00:00,24013.150390625,7357.93994140625,69274.6171875,23412.1796875,10455.2001953125,24713.509765625,8449.5498046875,4112.82568359375
2026-06-24 18:10:00+00:00,24013.150390625,7358.52978515625,69274.6171875,23412.1796875,10455.2001953125,24713.509765625,8449.5498046875,4112.82568359375
2026-06-24 18:11:00+00:00,24013.150390625,7356.06005859375,69274.6171875,23412.1796875,10455.2001953125,24713.509765625,8449.5498046875,4112.82568359375
2026-06-24 18:12:00+00:00,24013.150390625,7355.10009765625,69274.6171875,23412.1796875,10455.2001953125,24713.509765625,8449.5498046875,4112.82568359375
2026-06-24 18:13:00+00:00,24013.150390625,7356.89013671875,69274.6171875,23412.1796875,10455.2001953125,24713.509765625,8449.5498046875,4112.82568359375
2026-06-24 18:14:00+00:00,24013.150390625,7357.169921875,69274.6171875,23412.1796875,10455.2001953125,24713.509765625,8449.5498046875,4112.82568359375
2026-06-24 18:15:00+00:00,24013.150390625,7363.9599609375,69274.6171875,23412.1796875,10455.2001953125,24713.509765625,8449.5498046875,4112.82568359375
2026-06-24 18:16:00+00:00,24013.150390625,7364.60986328125,69274.6171875,23412.1796875,10455.2001953125,24713.509765625,8449.5498046875,4112.82568359375
2026-06-24 18:17:00+00:00,24013.150390625,7362.81982421875,69274.6171875,23412.1796875,10455.2001953125,24713.509765625,8449.5498046875,4112.82568359375
2026-06-24 18:18:00+00:00,24013.150390625,7362.6298828125,69274.6171875,23412.1796875,10455.2001953125,24713.509765625,8449.5498046875,4112.82568359375
2026-06-24 18:19:00+00:00,24013.150390625,7365.830078125,69274.6171875,23412.1796875,10455.2001953125,24713.509765625,8449.5498046875,4112.82568359375
2026-06-24 18:20:00+00:00,24013.150390625,7364.7998046875,69274.6171875,23412.1796875,10455.2001953125,24713.509765625,8449.5498046875,4112.82568359375
2026-06-24 18:21:00+00:00,24013.150390625,7365.31005859375,69274.6171875,23412.1796875,10455.2001953125,24713.509765625,8449.5498046875,4112.82568359375
2026-06-24 18:22:00+00:00,24013.150390625,7366.35009765625,69274.6171875,23412.1796875,10455.2001953125,24713.509765625,8449.5498046875,4112.82568359375
2026-06-24 18:23:00+00:00,24013.150390625,7368.1201171875,69274.6171875,23412.1796875,10455.2001953125,24713.509765625,8449.5498046875,4112.82568359375
2026-06-24 18:24:00+00:00,24013.150390625,7370.66015625,69274.6171875,23412.1796875,10455.2001953125,24713.509765625,8449.5498046875,4112.82568359375
2026-06-24 18:25:00+00:00,24013.150390625,7373.5,69274.6171875,23412.1796875,10455.2001953125,24713.509765625,8449.5498046875,4112.82568359375
2026-06-24 18:26:00+00:00,24013.150390625,7370.4599609375,69274.6171875,23412.1796875,10455.2001953125,24713.509765625,8449.5498046875,4112.82568359375
2026-06-24 18:27:00+00:00,24013.150390625,7370.8701171875,69274.6171875,23412.1796875,10455.2001953125,24713.509765625,8449.5498046875,4112.82568359375
2026-06-24 18:28:00+00:00,24013.150390625,7373.3798828125,69274.6171875,23412.1796875,10455.2001953125,24713.509765625,8449.5498046875,4112.82568359375
2026-06-24 18:29:00+00:00,24013.150390625,7371.240234375,69274.6171875,23412.1796875,10455.2001953125,24713.509765625,8449.5498046875,4112.82568359375
2026-06-24 18:30:00+00:00,24013.150390625,7372.89013671875,69274.6171875,23412.1796875,10455.2001953125,24713.509765625,8449.5498046875,4112.82568359375
2026-06-24 18:31:00+00:00,24013.150390625,7372.7900390625,69274.6171875,23412.1796875,10455.2001953125,24713.509765625,8449.5498046875,4112.82568359375
2026-06-24 18:32:00+00:00,24013.150390625,7371.85986328125,69274.6171875,23412.1796875,10455.2001953125,24713.509765625,8449.5498046875,4112.82568359375
2026-06-24 18:33:00+00:00,24013.150390625,7368.22021484375,69274.6171875,23412.1796875,10455.2001953125,24713.509765625,8449.5498046875,4112.82568359375
2026-06-24 18:34:00+00:00,24013.150390625,7370.18994140625,69274.6171875,23412.1796875,10455.2001953125,24713.509765625,8449.5498046875,4112.82568359375
2026-06-24 18:35:00+00:00,24013.150390625,7366.18017578125,69274.6171875,23412.1796875,10455.2001953125,24713.509765625,8449.5498046875,4112.82568359375
2026-06-24 18:36:00+00:00,24013.150390625,7366.4599609375,69274.6171875,23412.1796875,10455.2001953125,24713.509765625,8449.5498046875,4112.82568359375
2026-06-24 18:37:00+00:00,24013.150390625,7366.81005859375,69274.6171875,23412.1796875,10455.2001953125,24713.509765625,8449.5498046875,4112.82568359375
2026-06-24 18:38:00+00:00,24013.150390625,7365.77978515625,69274.6171875,23412.1796875,10455.2001953125,24713.509765625,8449.5498046875,4112.82568359375
2026-06-24 18:39:00+00:00,24013.150390625,7364.22021484375,69274.6171875,23412.1796875,10455.2001953125,24713.509765625,8449.5498046875,4112.82568359375
2026-06-24 18:40:00+00:00,24013.150390625,7359.1298828125,69274.6171875,23412.1796875,10455.2001953125,24713.509765625,8449.5498046875,4112.82568359375
2026-06-24 18:41:00+00:00,24013.150390625,7361.68994140625,69274.6171875,23412.1796875,10455.2001953125,24713.509765625,8449.5498046875,4112.82568359375
2026-06-24 18:42:00+00:00,24013.150390625,7361.81005859375,69274.6171875,23412.1796875,10455.2001953125,24713.509765625,8449.5498046875,4112.82568359375
2026-06-24 18:43:00+00:00,24013.150390625,7357.5,69274.6171875,23412.1796875,10455.2001953125,24713.509765625,8449.5498046875,4112.82568359375
2026-06-24 18:44:00+00:00,24013.150390625,7360.39013671875,69274.6171875,23412.1796875,10455.2001953125,24713.509765625,8449.5498046875,4112.82568359375
2026-06-24 18:45:00+00:00,24013.150390625,7357.18994140625,69274.6171875,23412.1796875,10455.2001953125,24713.509765625,8449.5498046875,4112.82568359375
2026-06-24 18:46:00+00:00,24013.150390625,7353.43017578125,69274.6171875,23412.1796875,10455.2001953125,24713.509765625,8449.5498046875,4112.82568359375
2026-06-24 18:47:00+00:00,24013.150390625,7350.02978515625,69274.6171875,23412.1796875,10455.2001953125,24713.509765625,8449.5498046875,4112.82568359375
2026-06-24 18:48:00+00:00,24013.150390625,7348.490234375,69274.6171875,23412.1796875,10455.2001953125,24713.509765625,8449.5498046875,4112.82568359375
2026-06-24 18:49:00+00:00,24013.150390625,7345.93017578125,69274.6171875,23412.1796875,10455.2001953125,24713.509765625,8449.5498046875,4112.82568359375
2026-06-24 18:50:00+00:00,24013.150390625,7341.7099609375,69274.6171875,23412.1796875,10455.2001953125,24713.509765625,8449.5498046875,4112.82568359375
2026-06-24 18:51:00+00:00,24013.150390625,7341.47021484375,69274.6171875,23412.1796875,10455.2001953125,24713.509765625,8449.5498046875,4112.82568359375
2026-06-24 18:52:00+00:00,24013.150390625,7344.10009765625,69274.6171875,23412.1796875,10455.2001953125,24713.509765625,8449.5498046875,4112.82568359375
2026-06-24 18:53:00+00:00,24013.150390625,7345.5498046875,69274.6171875,23412.1796875,10455.2001953125,24713.509765625,8449.5498046875,4112.82568359375
2026-06-24 18:54:00+00:00,24013.150390625,7348.830078125,69274.6171875,23412.1796875,10455.2001953125,24713.509765625,8449.5498046875,4112.82568359375
2026-06-24 18:55:00+00:00,24013.150390625,7350.2900390625,69274.6171875,23412.1796875,10455.2001953125,24713.509765625,8449.5498046875,4112.82568359375
2026-06-24 18:56:00+00:00,24013.150390625,7352.16015625,69274.6171875,23412.1796875,10455.2001953125,24713.509765625,8449.5498046875,4112.82568359375
2026-06-24 18:57:00+00:00,24013.150390625,7350.18994140625,69274.6171875,23412.1796875,10455.2001953125,24713.509765625,8449.5498046875,4112.82568359375
2026-06-24 18:58:00+00:00,24013.150390625,7346.81982421875,69274.6171875,23412.1796875,10455.2001953125,24713.509765625,8449.5498046875,4112.82568359375
2026-06-24 18:59:00+00:00,24013.150390625,7347.0400390625,69274.6171875,23412.1796875,10455.2001953125,24713.509765625,8449.5498046875,4112.82568359375
2026-06-24 19:00:00+00:00,24013.150390625,7344.2001953125,69274.6171875,23412.1796875,10455.2001953125,24713.509765625,8449.5498046875,4112.82568359375
2026-06-24 19:01:00+00:00,24013.150390625,7341.7998046875,69274.6171875,23412.1796875,10455.2001953125,24713.509765625,8449.5498046875,4112.82568359375
2026-06-24 19:02:00+00:00,24013.150390625,7348.7998046875,69274.6171875,23412.1796875,10455.2001953125,24713.509765625,8449.5498046875,4112.82568359375
2026-06-24 19:03:00+00:00,24013.150390625,7355.06005859375,69274.6171875,23412.1796875,10455.2001953125,24713.509765625,8449.5498046875,4112.82568359375
2026-06-24 19:04:00+00:00,24013.150390625,7354.0,69274.6171875,23412.1796875,10455.2001953125,24713.509765625,8449.5498046875,4112.82568359375
2026-06-24 19:05:00+00:00,24013.150390625,7347.85009765625,69274.6171875,23412.1796875,10455.2001953125,24713.509765625,8449.5498046875,4112.82568359375
2026-06-24 19:06:00+00:00,24013.150390625,7341.1201171875,69274.6171875,23412.1796875,10455.2001953125,24713.509765625,8449.5498046875,4112.82568359375
2026-06-24 19:07:00+00:00,24013.150390625,7338.56982421875,69274.6171875,23412.1796875,10455.2001953125,24713.509765625,8449.5498046875,4112.82568359375
2026-06-24 19:08:00+00:00,24013.150390625,7339.509765625,69274.6171875,23412.1796875,10455.2001953125,24713.509765625,8449.5498046875,4112.82568359375
2026-06-24 19:09:00+00:00,24013.150390625,7341.7998046875,69274.6171875,23412.1796875,10455.2001953125,24713.509765625,8449.5498046875,4112.82568359375
2026-06-24 19:10:00+00:00,24013.150390625,7341.43994140625,69274.6171875,23412.1796875,10455.2001953125,24713.509765625,8449.5498046875,4112.82568359375
2026-06-24 19:11:00+00:00,24013.150390625,7338.9599609375,69274.6171875,23412.1796875,10455.2001953125,24713.509765625,8449.5498046875,4112.82568359375
2026-06-24 19:12:00+00:00,24013.150390625,7339.169921875,69274.6171875,23412.1796875,10455.2001953125,24713.509765625,8449.5498046875,4112.82568359375
2026-06-24 19:13:00+00:00,24013.150390625,7339.0498046875,69274.6171875,23412.1796875,10455.2001953125,24713.509765625,8449.5498046875,4112.82568359375
2026-06-24 19:14:00+00:00,24013.150390625,7344.27001953125,69274.6171875,23412.1796875,10455.2001953125,24713.509765625,8449.5498046875,4112.82568359375
2026-06-24 19:15:00+00:00,24013.150390625,7341.93994140625,69274.6171875,23412.1796875,10455.2001953125,24713.509765625,8449.5498046875,4112.82568359375
2026-06-24 19:16:00+00:00,24013.150390625,7341.5,69274.6171875,23412.1796875,10455.2001953125,24713.509765625,8449.5498046875,4112.82568359375
2026-06-24 19:17:00+00:00,24013.150390625,7342.08984375,69274.6171875,23412.1796875,10455.2001953125,24713.509765625,8449.5498046875,4112.82568359375
2026-06-24 19:18:00+00:00,24013.150390625,7342.919921875,69274.6171875,23412.1796875,10455.2001953125,24713.509765625,8449.5498046875,4112.82568359375
2026-06-24 19:19:00+00:00,24013.150390625,7343.830078125,69274.6171875,23412.1796875,10455.2001953125,24713.509765625,8449.5498046875,4112.82568359375
2026-06-24 19:20:00+00:00,24013.150390625,7341.85986328125,69274.6171875,23412.1796875,10455.2001953125,24713.509765625,8449.5498046875,4112.82568359375
2026-06-24 19:21:00+00:00,24013.150390625,7342.7900390625,69274.6171875,23412.1796875,10455.2001953125,24713.509765625,8449.5498046875,4112.82568359375
2026-06-24 19:22:00+00:00,24013.150390625,7343.22998046875,69274.6171875,23412.1796875,10455.2001953125,24713.509765625,8449.5498046875,4112.82568359375
2026-06-24 19:23:00+00:00,24013.150390625,7343.66015625,69274.6171875,23412.1796875,10455.2001953125,24713.509765625,8449.5498046875,4112.82568359375
2026-06-24 19:24:00+00:00,24013.150390625,7346.6298828125,69274.6171875,23412.1796875,10455.2001953125,24713.509765625,8449.5498046875,4112.82568359375
2026-06-24 19:25:00+00:00,24013.150390625,7348.0400390625,69274.6171875,23412.1796875,10455.2001953125,24713.509765625,8449.5498046875,4112.82568359375
2026-06-24 19:26:00+00:00,24013.150390625,7349.509765625,69274.6171875,23412.1796875,10455.2001953125,24713.509765625,8449.5498046875,4112.82568359375
2026-06-24 19:27:00+00:00,24013.150390625,7346.64990234375,69274.6171875,23412.1796875,10455.2001953125,24713.509765625,8449.5498046875,4112.82568359375
2026-06-24 19:28:00+00:00,24013.150390625,7347.4501953125,69274.6171875,23412.1796875,10455.2001953125,24713.509765625,8449.5498046875,4112.82568359375
2026-06-24 19:29:00+00:00,24013.150390625,7348.06005859375,69274.6171875,23412.1796875,10455.2001953125,24713.509765625,8449.5498046875,4112.82568359375
2026-06-24 19:30:00+00:00,24013.150390625,7349.1201171875,69274.6171875,23412.1796875,10455.2001953125,24713.509765625,8449.5498046875,4112.82568359375
2026-06-24 19:31:00+00:00,24013.150390625,7346.33984375,69274.6171875,23412.1796875,10455.2001953125,24713.509765625,8449.5498046875,4112.82568359375
2026-06-24 19:32:00+00:00,24013.150390625,7345.68994140625,69274.6171875,23412.1796875,10455.2001953125,24713.509765625,8449.5498046875,4112.82568359375
2026-06-24 19:33:00+00:00,24013.150390625,7345.06005859375,69274.6171875,23412.1796875,10455.2001953125,24713.509765625,8449.5498046875,4112.82568359375
2026-06-24 19:34:00+00:00,24013.150390625,7344.97998046875,69274.6171875,23412.1796875,10455.2001953125,24713.509765625,8449.5498046875,4112.82568359375
2026-06-24 19:35:00+00:00,24013.150390625,7343.509765625,69274.6171875,23412.1796875,10455.2001953125,24713.509765625,8449.5498046875,4112.82568359375
2026-06-24 19:36:00+00:00,24013.150390625,7347.6201171875,69274.6171875,23412.1796875,10455.2001953125,24713.509765625,8449.5498046875,4112.82568359375
2026-06-24 19:37:00+00:00,24013.150390625,7344.66015625,69274.6171875,23412.1796875,10455.2001953125,24713.509765625,8449.5498046875,4112.82568359375
2026-06-24 19:38:00+00:00,24013.150390625,7343.240234375,69274.6171875,23412.1796875,10455.2001953125,24713.509765625,8449.5498046875,4112.82568359375
2026-06-24 19:39:00+00:00,24013.150390625,7345.66015625,69274.6171875,23412.1796875,10455.2001953125,24713.509765625,8449.5498046875,4112.82568359375
2026-06-24 19:40:00+00:00,24013.150390625,7346.3798828125,69274.6171875,23412.1796875,10455.2001953125,24713.509765625,8449.5498046875,4112.82568359375
2026-06-24 19:41:00+00:00,24013.150390625,7341.759765625,69274.6171875,23412.1796875,10455.2001953125,24713.509765625,8449.5498046875,4112.82568359375
2026-06-24 19:42:00+00:00,24013.150390625,7338.43017578125,69274.6171875,23412.1796875,10455.2001953125,24713.509765625,8449.5498046875,4112.82568359375
2026-06-24 19:43:00+00:00,24013.150390625,7340.6298828125,69274.6171875,23412.1796875,10455.2001953125,24713.509765625,8449.5498046875,4112.82568359375
2026-06-24 19:44:00+00:00,24013.150390625,7343.18994140625,69274.6171875,23412.1796875,10455.2001953125,24713.509765625,8449.5498046875,4112.82568359375
2026-06-24 19:45:00+00:00,24013.150390625,7349.4599609375,69274.6171875,23412.1796875,10455.2001953125,24713.509765625,8449.5498046875,4112.82568359375
2026-06-24 19:46:00+00:00,24013.150390625,7346.6201171875,69274.6171875,23412.1796875,10455.2001953125,24713.509765625,8449.5498046875,4112.82568359375
2026-06-24 19:47:00+00:00,24013.150390625,7346.27978515625,69274.6171875,23412.1796875,10455.2001953125,24713.509765625,8449.5498046875,4112.82568359375
2026-06-24 19:48:00+00:00,24013.150390625,7346.8701171875,69274.6171875,23412.1796875,10455.2001953125,24713.509765625,8449.5498046875,4112.82568359375
2026-06-24 19:49:00+00:00,24013.150390625,7348.83984375,69274.6171875,23412.1796875,10455.2001953125,24713.509765625,8449.5498046875,4112.82568359375
2026-06-24 19:50:00+00:00,24013.150390625,7350.68994140625,69274.6171875,23412.1796875,10455.2001953125,24713.509765625,8449.5498046875,4112.82568359375
2026-06-24 19:51:00+00:00,24013.150390625,7354.14990234375,69274.6171875,23412.1796875,10455.2001953125,24713.509765625,8449.5498046875,4112.82568359375
2026-06-24 19:52:00+00:00,24013.150390625,7355.06005859375,69274.6171875,23412.1796875,10455.2001953125,24713.509765625,8449.5498046875,4112.82568359375
2026-06-24 19:53:00+00:00,24013.150390625,7357.8798828125,69274.6171875,23412.1796875,10455.2001953125,24713.509765625,8449.5498046875,4112.82568359375
2026-06-24 19:54:00+00:00,24013.150390625,7357.72021484375,69274.6171875,23412.1796875,10455.2001953125,24713.509765625,8449.5498046875,4112.82568359375
2026-06-24 19:55:00+00:00,24013.150390625,7355.64013671875,69274.6171875,23412.1796875,10455.2001953125,24713.509765625,8449.5498046875,4112.82568359375
2026-06-24 19:56:00+00:00,24013.150390625,7352.7900390625,69274.6171875,23412.1796875,10455.2001953125,24713.509765625,8449.5498046875,4112.82568359375
2026-06-24 19:57:00+00:00,24013.150390625,7351.669921875,69274.6171875,23412.1796875,10455.2001953125,24713.509765625,8449.5498046875,4112.82568359375
2026-06-24 19:58:00+00:00,24013.150390625,7351.580078125,69274.6171875,23412.1796875,10455.2001953125,24713.509765625,8449.5498046875,4112.82568359375
2026-06-24 19:59:00+00:00,24013.150390625,7359.89990234375,69274.6171875,23412.1796875,10455.2001953125,24713.509765625,8449.5498046875,4112.82568359375
2026-06-25 00:00:00+00:00,24013.150390625,7359.89990234375,70060.2734375,23412.1796875,10455.2001953125,24713.509765625,8713.3603515625,4112.82568359375
2026-06-25 00:01:00+00:00,24013.150390625,7359.89990234375,70048.8203125,23412.1796875,10455.2001953125,24713.509765625,8699.330078125,4112.82568359375
2026-06-25 00:02:00+00:00,24013.150390625,7359.89990234375,69998.6015625,23412.1796875,10455.2001953125,24713.509765625,8944.0703125,4112.82568359375
2026-06-25 00:03:00+00:00,24013.150390625,7359.89990234375,70475.1796875,23412.1796875,10455.2001953125,24713.509765625,8945.7900390625,4112.82568359375
2026-06-25 00:04:00+00:00,24013.150390625,7359.89990234375,70556.203125,23412.1796875,10455.2001953125,24713.509765625,8968.5302734375,4112.82568359375
2026-06-25 00:05:00+00:00,24013.150390625,7359.89990234375,70536.09375,23412.1796875,10455.2001953125,24713.509765625,8932.6904296875,4112.82568359375
2026-06-25 00:06:00+00:00,24013.150390625,7359.89990234375,70724.890625,23412.1796875,10455.2001953125,24713.509765625,8937.830078125,4112.82568359375
2026-06-25 00:07:00+00:00,24013.150390625,7359.89990234375,70639.4296875,23412.1796875,10455.2001953125,24713.509765625,8906.830078125,4112.82568359375
2026-06-25 00:08:00+00:00,24013.150390625,7359.89990234375,70744.8203125,23412.1796875,10455.2001953125,24713.509765625,8888.3798828125,4112.82568359375
2026-06-25 00:09:00+00:00,24013.150390625,7359.89990234375,70725.8828125,23412.1796875,10455.2001953125,24713.509765625,8886.7998046875,4112.82568359375
2026-06-25 00:10:00+00:00,24013.150390625,7359.89990234375,70865.578125,23412.1796875,10455.2001953125,24713.509765625,8900.4697265625,4112.82568359375
2026-06-25 00:11:00+00:00,24013.150390625,7359.89990234375,70927.4375,23412.1796875,10455.2001953125,24713.509765625,8915.849609375,4112.82568359375
2026-06-25 00:12:00+00:00,24013.150390625,7359.89990234375,71032.3125,23412.1796875,10455.2001953125,24713.509765625,8960.349609375,4112.82568359375
2026-06-25 00:13:00+00:00,24013.150390625,7359.89990234375,70944.1171875,23412.1796875,10455.2001953125,24713.509765625,8931.669921875,4112.82568359375
2026-06-25 00:14:00+00:00,24013.150390625,7359.89990234375,70958.59375,23412.1796875,10455.2001953125,24713.509765625,8940.1298828125,4112.82568359375
2026-06-25 00:15:00+00:00,24013.150390625,7359.89990234375,71025.7265625,23412.1796875,10455.2001953125,24713.509765625,8946.2099609375,4112.82568359375
2026-06-25 00:16:00+00:00,24013.150390625,7359.89990234375,71029.3828125,23412.1796875,10455.2001953125,24713.509765625,8936.8701171875,4112.82568359375
2026-06-25 00:17:00+00:00,24013.150390625,7359.89990234375,71002.3984375,23412.1796875,10455.2001953125,24713.509765625,8946.8896484375,4112.82568359375
2026-06-25 00:18:00+00:00,24013.150390625,7359.89990234375,71083.84375,23412.1796875,10455.2001953125,24713.509765625,8918.08984375,4112.82568359375
2026-06-25 00:19:00+00:00,24013.150390625,7359.89990234375,71064.0234375,23412.1796875,10455.2001953125,24713.509765625,8926.3603515625,4112.82568359375
2026-06-25 00:20:00+00:00,24013.150390625,7359.89990234375,70984.6015625,23412.1796875,10455.2001953125,24713.509765625,8904.5703125,4112.82568359375
2026-06-25 00:21:00+00:00,24013.150390625,7359.89990234375,71092.5703125,23412.1796875,10455.2001953125,24713.509765625,8932.259765625,4112.82568359375
2026-06-25 00:22:00+00:00,24013.150390625,7359.89990234375,71118.90625,23412.1796875,10455.2001953125,24713.509765625,8931.8701171875,4112.82568359375
2026-06-25 00:23:00+00:00,24013.150390625,7359.89990234375,71116.25,23412.1796875,10455.2001953125,24713.509765625,8962.33984375,4112.82568359375
2026-06-25 00:24:00+00:00,24013.150390625,7359.89990234375,70927.0390625,23412.1796875,10455.2001953125,24713.509765625,8945.259765625,4112.82568359375
2026-06-25 00:25:00+00:00,24013.150390625,7359.89990234375,70726.34375,23412.1796875,10455.2001953125,24713.509765625,8943.4404296875,4112.82568359375
2026-06-25 00:26:00+00:00,24013.150390625,7359.89990234375,70775.03125,23412.1796875,10455.2001953125,24713.509765625,8932.8701171875,4112.82568359375
2026-06-25 00:27:00+00:00,24013.150390625,7359.89990234375,70803.25,23412.1796875,10455.2001953125,24713.509765625,8947.759765625,4112.82568359375
2026-06-25 00:28:00+00:00,24013.150390625,7359.89990234375,70836.2421875,23412.1796875,10455.2001953125,24713.509765625,8946.01953125,4112.82568359375
2026-06-25 00:29:00+00:00,24013.150390625,7359.89990234375,70819.2890625,23412.1796875,10455.2001953125,24713.509765625,8947.650390625,4112.82568359375
2026-06-25 00:30:00+00:00,24013.150390625,7359.89990234375,70899.5390625,23412.1796875,10455.2001953125,24713.509765625,8982.2197265625,4112.82568359375
2026-06-25 00:31:00+00:00,24013.150390625,7359.89990234375,70784.1796875,23412.1796875,10455.2001953125,24713.509765625,8959.1396484375,4112.82568359375
2026-06-25 00:32:00+00:00,24013.150390625,7359.89990234375,70719.5,23412.1796875,10455.2001953125,24713.509765625,8962.330078125,4112.82568359375
2026-06-25 00:33:00+00:00,24013.150390625,7359.89990234375,70712.046875,23412.1796875,10455.2001953125,24713.509765625,8971.580078125,4112.82568359375
2026-06-25 00:34:00+00:00,24013.150390625,7359.89990234375,70762.171875,23412.1796875,10455.2001953125,24713.509765625,8970.26953125,4112.82568359375
2026-06-25 00:35:00+00:00,24013.150390625,7359.89990234375,70715.2421875,23412.1796875,10455.2001953125,24713.509765625,8956.849609375,4112.82568359375
2026-06-25 00:36:00+00:00,24013.150390625,7359.89990234375,70844.7734375,23412.1796875,10455.2001953125,24713.509765625,8942.9404296875,4112.82568359375
2026-06-25 00:37:00+00:00,24013.150390625,7359.89990234375,70954.1328125,23412.1796875,10455.2001953125,24713.509765625,8926.83984375,4112.82568359375
2026-06-25 00:38:00+00:00,24013.150390625,7359.89990234375,70996.0,23412.1796875,10455.2001953125,24713.509765625,8906.91015625,4112.82568359375
2026-06-25 00:39:00+00:00,24013.150390625,7359.89990234375,70903.3828125,23412.1796875,10455.2001953125,24713.509765625,8913.1201171875,4112.82568359375
2026-06-25 00:40:00+00:00,24013.150390625,7359.89990234375,70821.71875,23412.1796875,10455.2001953125,24713.509765625,8887.900390625,4112.82568359375
2026-06-25 00:41:00+00:00,24013.150390625,7359.89990234375,70731.2109375,23412.1796875,10455.2001953125,24713.509765625,8860.5302734375,4112.82568359375
2026-06-25 00:42:00+00:00,24013.150390625,7359.89990234375,70772.359375,23412.1796875,10455.2001953125,24713.509765625,8876.900390625,4112.82568359375
2026-06-25 00:43:00+00:00,24013.150390625,7359.89990234375,70809.1328125,23412.1796875,10455.2001953125,24713.509765625,8869.2001953125,4112.82568359375
2026-06-25 00:44:00+00:00,24013.150390625,7359.89990234375,70722.953125,23412.1796875,10455.2001953125,24713.509765625,8832.9296875,4112.82568359375
2026-06-25 00:45:00+00:00,24013.150390625,7359.89990234375,70765.0234375,23412.1796875,10455.2001953125,24713.509765625,8840.4697265625,4112.82568359375
2026-06-25 00:46:00+00:00,24013.150390625,7359.89990234375,70727.5625,23412.1796875,10455.2001953125,24713.509765625,8822.8701171875,4112.82568359375
2026-06-25 00:47:00+00:00,24013.150390625,7359.89990234375,70700.1484375,23412.1796875,10455.2001953125,24713.509765625,8808.4404296875,4112.82568359375
2026-06-25 00:48:00+00:00,24013.150390625,7359.89990234375,70715.140625,23412.1796875,10455.2001953125,24713.509765625,8799.349609375,4112.82568359375
2026-06-25 00:49:00+00:00,24013.150390625,7359.89990234375,70791.8984375,23412.1796875,10455.2001953125,24713.509765625,8823.73046875,4112.82568359375
2026-06-25 00:50:00+00:00,24013.150390625,7359.89990234375,70927.78125,23412.1796875,10455.2001953125,24713.509765625,8844.5498046875,4112.82568359375
2026-06-25 00:51:00+00:00,24013.150390625,7359.89990234375,71022.84375,23412.1796875,10455.2001953125,24713.509765625,8844.830078125,4112.82568359375
2026-06-25 00:52:00+00:00,24013.150390625,7359.89990234375,70976.25,23412.1796875,10455.2001953125,24713.509765625,8827.5,4112.82568359375
2026-06-25 00:53:00+00:00,24013.150390625,7359.89990234375,71087.1875,23412.1796875,10455.2001953125,24713.509765625,8843.91015625,4112.82568359375
2026-06-25 00:54:00+00:00,24013.150390625,7359.89990234375,71105.2890625,23412.1796875,10455.2001953125,24713.509765625,8849.76953125,4112.82568359375
2026-06-25 00:55:00+00:00,24013.150390625,7359.89990234375,71059.0390625,23412.1796875,10455.2001953125,24713.509765625,8820.6396484375,4112.82568359375
2026-06-25 00:56:00+00:00,24013.150390625,7359.89990234375,71053.5703125,23412.1796875,10455.2001953125,24713.509765625,8810.099609375,4112.82568359375
2026-06-25 00:57:00+00:00,24013.150390625,7359.89990234375,71098.1328125,23412.1796875,10455.2001953125,24713.509765625,8839.349609375,4112.82568359375
2026-06-25 00:58:00+00:00,24013.150390625,7359.89990234375,71037.1484375,23412.1796875,10455.2001953125,24713.509765625,8816.3798828125,4112.82568359375
2026-06-25 00:59:00+00:00,24013.150390625,7359.89990234375,71036.046875,23412.1796875,10455.2001953125,24713.509765625,8816.4501953125,4112.82568359375
2026-06-25 01:00:00+00:00,24013.150390625,7359.89990234375,71150.6796875,23412.1796875,10455.2001953125,24713.509765625,8857.599609375,4112.82568359375
2026-06-25 01:01:00+00:00,24013.150390625,7359.89990234375,71167.6875,23412.1796875,10455.2001953125,24713.509765625,8854.9404296875,4112.82568359375
2026-06-25 01:02:00+00:00,24013.150390625,7359.89990234375,71155.7421875,23412.1796875,10455.2001953125,24713.509765625,8842.5,4112.82568359375
2026-06-25 01:03:00+00:00,24013.150390625,7359.89990234375,71123.75,23412.1796875,10455.2001953125,24713.509765625,8827.3603515625,4112.82568359375
2026-06-25 01:04:00+00:00,24013.150390625,7359.89990234375,71094.703125,23412.1796875,10455.2001953125,24713.509765625,8817.9404296875,4112.82568359375
2026-06-25 01:05:00+00:00,24013.150390625,7359.89990234375,71128.2421875,23412.1796875,10455.2001953125,24713.509765625,8815.5400390625,4112.82568359375
2026-06-25 01:06:00+00:00,24013.150390625,7359.89990234375,71128.9921875,23412.1796875,10455.2001953125,24713.509765625,8806.4501953125,4112.82568359375
2026-06-25 01:07:00+00:00,24013.150390625,7359.89990234375,71047.59375,23412.1796875,10455.2001953125,24713.509765625,8823.33984375,4112.82568359375
2026-06-25 01:08:00+00:00,24013.150390625,7359.89990234375,71012.578125,23412.1796875,10455.2001953125,24713.509765625,8831.0302734375,4112.82568359375
2026-06-25 01:09:00+00:00,24013.150390625,7359.89990234375,71071.8203125,23412.1796875,10455.2001953125,24713.509765625,8845.75,4112.82568359375
2026-06-25 01:10:00+00:00,24013.150390625,7359.89990234375,71015.796875,23412.1796875,10455.2001953125,24713.509765625,8843.4404296875,4112.82568359375
2026-06-25 01:11:00+00:00,24013.150390625,7359.89990234375,71124.9296875,23412.1796875,10455.2001953125,24713.509765625,8861.7998046875,4112.82568359375
2026-06-25 01:12:00+00:00,24013.150390625,7359.89990234375,71123.2578125,23412.1796875,10455.2001953125,24713.509765625,8856.3798828125,4112.82568359375
2026-06-25 01:13:00+00:00,24013.150390625,7359.89990234375,71136.21875,23412.1796875,10455.2001953125,24713.509765625,8852.2001953125,4112.82568359375
2026-06-25 01:14:00+00:00,24013.150390625,7359.89990234375,71097.84375,23412.1796875,10455.2001953125,24713.509765625,8838.2802734375,4112.82568359375
2026-06-25 01:15:00+00:00,24013.150390625,7359.89990234375,71156.609375,23412.1796875,10455.2001953125,24713.509765625,8850.2001953125,4112.82568359375
2026-06-25 01:16:00+00:00,24013.150390625,7359.89990234375,71135.7734375,23412.1796875,10455.2001953125,24713.509765625,8839.6201171875,4112.82568359375
2026-06-25 01:17:00+00:00,24013.150390625,7359.89990234375,71230.4921875,23412.1796875,10455.2001953125,24713.509765625,8846.990234375,4112.82568359375
2026-06-25 01:18:00+00:00,24013.150390625,7359.89990234375,71207.390625,23412.1796875,10455.2001953125,24713.509765625,8832.91015625,4112.82568359375
2026-06-25 01:19:00+00:00,24013.150390625,7359.89990234375,71231.171875,23412.1796875,10455.2001953125,24713.509765625,8847.6298828125,4112.82568359375
2026-06-25 01:20:00+00:00,24013.150390625,7359.89990234375,71254.96875,23412.1796875,10455.2001953125,24713.509765625,8872.0498046875,4112.82568359375
2026-06-25 01:21:00+00:00,24013.150390625,7359.89990234375,71268.578125,23412.1796875,10455.2001953125,24713.509765625,8875.3701171875,4112.82568359375
2026-06-25 01:22:00+00:00,24013.150390625,7359.89990234375,71277.078125,23412.1796875,10455.2001953125,24713.509765625,8862.330078125,4112.82568359375
2026-06-25 01:23:00+00:00,24013.150390625,7359.89990234375,71259.078125,23412.1796875,10455.2001953125,24713.509765625,8854.33984375,4112.82568359375
2026-06-25 01:24:00+00:00,24013.150390625,7359.89990234375,71285.078125,23412.1796875,10455.2001953125,24713.509765625,8864.7197265625,4112.82568359375
2026-06-25 01:25:00+00:00,24013.150390625,7359.89990234375,71236.3828125,23412.1796875,10455.2001953125,24713.509765625,8847.6796875,4112.82568359375
2026-06-25 01:26:00+00:00,24013.150390625,7359.89990234375,71225.3125,23412.1796875,10455.2001953125,24713.509765625,8852.6201171875,4112.82568359375
2026-06-25 01:27:00+00:00,24013.150390625,7359.89990234375,71276.1875,23412.1796875,10455.2001953125,24713.509765625,8856.6103515625,4112.82568359375
2026-06-25 01:28:00+00:00,24013.150390625,7359.89990234375,71286.25,23412.1796875,10455.2001953125,24713.509765625,8856.400390625,4112.82568359375
2026-06-25 01:29:00+00:00,24013.150390625,7359.89990234375,71260.78125,23412.1796875,10455.2001953125,24713.509765625,8840.2099609375,4112.82568359375
2026-06-25 01:30:00+00:00,24013.150390625,7359.89990234375,71269.3671875,23298.75,10455.2001953125,24713.509765625,8837.5703125,4101.0400390625
2026-06-25 01:31:00+00:00,24013.150390625,7359.89990234375,71260.4921875,23309.080078125,10455.2001953125,24713.509765625,8849.3095703125,4096.07666015625
2026-06-25 01:32:00+00:00,24013.150390625,7359.89990234375,71301.75,23292.419921875,10455.2001953125,24713.509765625,8868.1201171875,4098.66650390625
2026-06-25 01:33:00+00:00,24013.150390625,7359.89990234375,71298.3984375,23252.30078125,10455.2001953125,24713.509765625,8865.7900390625,4094.994384765625
2026-06-25 01:34:00+00:00,24013.150390625,7359.89990234375,71393.8671875,23227.640625,10455.2001953125,24713.509765625,8859.7197265625,4097.92822265625
2026-06-25 01:35:00+00:00,24013.150390625,7359.89990234375,71436.0078125,23199.810546875,10455.2001953125,24713.509765625,8884.990234375,4098.48828125
2026-06-25 01:36:00+00:00,24013.150390625,7359.89990234375,71500.09375,23190.830078125,10455.2001953125,24713.509765625,8909.1796875,4095.263916015625
2026-06-25 01:37:00+00:00,24013.150390625,7359.89990234375,71558.6015625,23139.560546875,10455.2001953125,24713.509765625,8913.9404296875,4094.299072265625
2026-06-25 01:38:00+00:00,24013.150390625,7359.89990234375,71560.578125,23166.30078125,10455.2001953125,24713.509765625,8913.509765625,4093.357177734375
2026-06-25 01:39:00+00:00,24013.150390625,7359.89990234375,71536.7265625,23154.560546875,10455.2001953125,24713.509765625,8908.1103515625,4099.4326171875
2026-06-25 01:40:00+00:00,24013.150390625,7359.89990234375,71495.6015625,23150.400390625,10455.2001953125,24713.509765625,8912.98046875,4102.892578125
2026-06-25 01:41:00+00:00,24013.150390625,7359.89990234375,71489.2109375,23154.69921875,10455.2001953125,24713.509765625,8901.7001953125,4105.3251953125
2026-06-25 01:42:00+00:00,24013.150390625,7359.89990234375,71478.3515625,23150.419921875,10455.2001953125,24713.509765625,8906.259765625,4108.0400390625
2026-06-25 01:43:00+00:00,24013.150390625,7359.89990234375,71551.40625,23131.849609375,10455.2001953125,24713.509765625,8914.3095703125,4110.2734375
2026-06-25 01:44:00+00:00,24013.150390625,7359.89990234375,71485.3671875,23104.5390625,10455.2001953125,24713.509765625,8895.5703125,4116.3359375
2026-06-25 01:45:00+00:00,24013.150390625,7359.89990234375,71522.3515625,23105.5,10455.2001953125,24713.509765625,8892.7802734375,4117.20068359375
2026-06-25 01:46:00+00:00,24013.150390625,7359.89990234375,71549.828125,23096.91015625,10455.2001953125,24713.509765625,8914.1904296875,4115.90576171875
2026-06-25 01:47:00+00:00,24013.150390625,7359.89990234375,71590.34375,23100.640625,10455.2001953125,24713.509765625,8914.41015625,4115.08251953125
2026-06-25 01:48:00+00:00,24013.150390625,7359.89990234375,71592.65625,23083.890625,10455.2001953125,24713.509765625,8909.169921875,4108.08203125
2026-06-25 01:49:00+00:00,24013.150390625,7359.89990234375,71614.640625,23091.640625,10455.2001953125,24713.509765625,8925.5,4110.580078125
2026-06-25 01:50:00+00:00,24013.150390625,7359.89990234375,71609.546875,23087.5390625,10455.2001953125,24713.509765625,8934.51953125,4111.51904296875
2026-06-25 01:51:00+00:00,24013.150390625,7359.89990234375,71652.640625,23119.2890625,10455.2001953125,24713.509765625,8934.51953125,4105.58349609375
2026-06-25 01:52:00+00:00,24013.150390625,7359.89990234375,71694.2109375,23118.580078125,10455.2001953125,24713.509765625,8927.5400390625,4108.048828125
2026-06-25 01:53:00+00:00,24013.150390625,7359.89990234375,71705.0390625,23098.630859375,10455.2001953125,24713.509765625,8941.8203125,4105.41748046875
2026-06-25 01:54:00+00:00,24013.150390625,7359.89990234375,71660.4609375,23126.609375,10455.2001953125,24713.509765625,8930.6103515625,4097.9287109375
2026-06-25 01:55:00+00:00,24013.150390625,7359.89990234375,71727.5078125,23147.279296875,10455.2001953125,24713.509765625,8933.7998046875,4106.00537109375
2026-06-25 01:56:00+00:00,24013.150390625,7359.89990234375,71750.8671875,23147.080078125,10455.2001953125,24713.509765625,8940.1103515625,4101.4267578125
2026-06-25 01:57:00+00:00,24013.150390625,7359.89990234375,71735.9765625,23148.16015625,10455.2001953125,24713.509765625,8933.509765625,4108.38671875
2026-06-25 01:58:00+00:00,24013.150390625,7359.89990234375,71751.84375,23166.2109375,10455.2001953125,24713.509765625,8931.900390625,4105.68896484375
2026-06-25 01:59:00+00:00,24013.150390625,7359.89990234375,71739.3828125,23154.439453125,10455.2001953125,24713.509765625,8910.1103515625,4105.8818359375
2026-06-25 02:00:00+00:00,24013.150390625,7359.89990234375,71723.2421875,23168.0390625,10455.2001953125,24713.509765625,8907.900390625,4104.9599609375
2026-06-25 02:01:00+00:00,24013.150390625,7359.89990234375,71760.6171875,23143.369140625,10455.2001953125,24713.509765625,8913.1904296875,4109.416015625
2026-06-25 02:02:00+00:00,24013.150390625,7359.89990234375,71756.203125,23118.1796875,10455.2001953125,24713.509765625,8917.900390625,4110.6806640625
2026-06-25 02:03:00+00:00,24013.150390625,7359.89990234375,71750.609375,23137.650390625,10455.2001953125,24713.509765625,8922.169921875,4113.23291015625
2026-06-25 02:04:00+00:00,24013.150390625,7359.89990234375,71796.84375,23127.990234375,10455.2001953125,24713.509765625,8927.669921875,4114.92822265625
2026-06-25 02:05:00+00:00,24013.150390625,7359.89990234375,71834.953125,23103.599609375,10455.2001953125,24713.509765625,8933.7998046875,4111.21337890625
2026-06-25 02:06:00+00:00,24013.150390625,7359.89990234375,71785.390625,23102.6796875,10455.2001953125,24713.509765625,8943.0703125,4111.1806640625
2026-06-25 02:07:00+00:00,24013.150390625,7359.89990234375,71781.359375,23113.400390625,10455.2001953125,24713.509765625,8940.83984375,4106.79345703125
2026-06-25 02:08:00+00:00,24013.150390625,7359.89990234375,71776.0234375,23102.1796875,10455.2001953125,24713.509765625,8921.2900390625,4107.30029296875
2026-06-25 02:09:00+00:00,24013.150390625,7359.89990234375,71772.3671875,23086.3203125,10455.2001953125,24713.509765625,8920.51953125,4108.60009765625
2026-06-25 02:10:00+00:00,24013.150390625,7359.89990234375,71684.59375,23070.970703125,10455.2001953125,24713.509765625,8895.2099609375,4103.4580078125
2026-06-25 02:11:00+00:00,24013.150390625,7359.89990234375,71634.90625,23061.94921875,10455.2001953125,24713.509765625,8880.1796875,4107.59033203125
2026-06-25 02:12:00+00:00,24013.150390625,7359.89990234375,71570.9375,23053.369140625,10455.2001953125,24713.509765625,8861.6396484375,4103.95947265625
2026-06-25 02:13:00+00:00,24013.150390625,7359.89990234375,71618.5390625,23046.720703125,10455.2001953125,24713.509765625,8856.4296875,4102.99853515625
2026-06-25 02:14:00+00:00,24013.150390625,7359.89990234375,71563.0390625,23045.560546875,10455.2001953125,24713.509765625,8854.91015625,4103.65283203125
2026-06-25 02:15:00+00:00,24013.150390625,7359.89990234375,71495.71875,23049.759765625,10455.2001953125,24713.509765625,8860.490234375,4105.3193359375
2026-06-25 02:16:00+00:00,24013.150390625,7359.89990234375,71562.578125,23039.810546875,10455.2001953125,24713.509765625,8866.8203125,4105.8740234375
2026-06-25 02:17:00+00:00,24013.150390625,7359.89990234375,71616.78125,23042.83984375,10455.2001953125,24713.509765625,8877.1103515625,4105.83056640625
2026-06-25 02:18:00+00:00,24013.150390625,7359.89990234375,71649.0,23062.7109375,10455.2001953125,24713.509765625,8872.9296875,4107.234375
2026-06-25 02:19:00+00:00,24013.150390625,7359.89990234375,71718.4609375,23104.7109375,10455.2001953125,24713.509765625,8885.76953125,4114.73291015625
2026-06-25 02:20:00+00:00,24013.150390625,7359.89990234375,71775.9375,23097.779296875,10455.2001953125,24713.509765625,8876.849609375,4118.07568359375
2026-06-25 02:21:00+00:00,24013.150390625,7359.89990234375,71811.6171875,23068.9296875,10455.2001953125,24713.509765625,8881.3095703125,4113.9814453125
2026-06-25 02:22:00+00:00,24013.150390625,7359.89990234375,71863.2578125,23081.2109375,10455.2001953125,24713.509765625,8882.0595703125,4116.025390625
2026-06-25 02:23:00+00:00,24013.150390625,7359.89990234375,71839.2578125,23076.66015625,10455.2001953125,24713.509765625,8893.75,4112.92919921875
2026-06-25 02:24:00+00:00,24013.150390625,7359.89990234375,71791.1171875,23058.51953125,10455.2001953125,24713.509765625,8883.8701171875,4110.150390625
2026-06-25 02:25:00+00:00,24013.150390625,7359.89990234375,71792.4609375,23058.330078125,10455.2001953125,24713.509765625,8862.1103515625,4107.90625
2026-06-25 02:26:00+00:00,24013.150390625,7359.89990234375,71857.3828125,23042.099609375,10455.2001953125,24713.509765625,8880.16015625,4101.994140625
2026-06-25 02:27:00+00:00,24013.150390625,7359.89990234375,71861.359375,23045.2890625,10455.2001953125,24713.509765625,8891.41015625,4106.380859375
2026-06-25 02:28:00+00:00,24013.150390625,7359.89990234375,71849.1015625,23043.9296875,10455.2001953125,24713.509765625,8892.1396484375,4107.78173828125
2026-06-25 02:29:00+00:00,24013.150390625,7359.89990234375,71854.25,23035.439453125,10455.2001953125,24713.509765625,8891.3603515625,4111.865234375
2026-06-25 02:30:00+00:00,24013.150390625,7359.89990234375,71854.8828125,23019.330078125,10455.2001953125,24713.509765625,8891.759765625,4109.80859375
2026-06-25 02:31:00+00:00,24013.150390625,7359.89990234375,71854.8828125,23019.220703125,10455.2001953125,24713.509765625,8888.5302734375,4106.87646484375
2026-06-25 02:32:00+00:00,24013.150390625,7359.89990234375,71854.8828125,23007.630859375,10455.2001953125,24713.509765625,8893.1103515625,4108.14453125
2026-06-25 02:33:00+00:00,24013.150390625,7359.89990234375,71854.8828125,23012.0,10455.2001953125,24713.509765625,8893.740234375,4108.73779296875
2026-06-25 02:34:00+00:00,24013.150390625,7359.89990234375,71854.8828125,23016.8203125,10455.2001953125,24713.509765625,8904.599609375,4107.96875
2026-06-25 02:35:00+00:00,24013.150390625,7359.89990234375,71854.8828125,23013.44921875,10455.2001953125,24713.509765625,8900.48046875,4106.3203125
2026-06-25 02:36:00+00:00,24013.150390625,7359.89990234375,71854.8828125,23040.169921875,10455.2001953125,24713.509765625,8909.8896484375,4110.47021484375
2026-06-25 02:37:00+00:00,24013.150390625,7359.89990234375,71854.8828125,23047.76953125,10455.2001953125,24713.509765625,8904.900390625,4113.63623046875
2026-06-25 02:38:00+00:00,24013.150390625,7359.89990234375,71854.8828125,23066.779296875,10455.2001953125,24713.509765625,8903.1396484375,4112.4765625
2026-06-25 02:39:00+00:00,24013.150390625,7359.89990234375,71854.8828125,23058.599609375,10455.2001953125,24713.509765625,8910.9404296875,4115.16259765625
2026-06-25 02:40:00+00:00,24013.150390625,7359.89990234375,71854.8828125,23031.2890625,10455.2001953125,24713.509765625,8900.73046875,4110.8544921875
2026-06-25 02:41:00+00:00,24013.150390625,7359.89990234375,71854.8828125,23034.759765625,10455.2001953125,24713.509765625,8889.650390625,4107.55419921875
2026-06-25 02:42:00+00:00,24013.150390625,7359.89990234375,71854.8828125,23037.0,10455.2001953125,24713.509765625,8895.6796875,4105.2275390625
2026-06-25 02:43:00+00:00,24013.150390625,7359.89990234375,71854.8828125,23049.720703125,10455.2001953125,24713.509765625,8899.25,4106.779296875
2026-06-25 02:44:00+00:00,24013.150390625,7359.89990234375,71854.8828125,23068.91015625,10455.2001953125,24713.509765625,8902.41015625,4110.53271484375
2026-06-25 02:45:00+00:00,24013.150390625,7359.89990234375,71854.8828125,23079.369140625,10455.2001953125,24713.509765625,8905.3701171875,4109.7587890625
2026-06-25 02:46:00+00:00,24013.150390625,7359.89990234375,71854.8828125,23092.0,10455.2001953125,24713.509765625,8903.2099609375,4107.84765625
2026-06-25 02:47:00+00:00,24013.150390625,7359.89990234375,71854.8828125,23131.939453125,10455.2001953125,24713.509765625,8910.7099609375,4109.46484375
2026-06-25 02:48:00+00:00,24013.150390625,7359.89990234375,71854.8828125,23107.759765625,10455.2001953125,24713.509765625,8904.4697265625,4112.65673828125
2026-06-25 02:49:00+00:00,24013.150390625,7359.89990234375,71854.8828125,23113.26953125,10455.2001953125,24713.509765625,8907.7099609375,4114.15283203125
2026-06-25 02:50:00+00:00,24013.150390625,7359.89990234375,71854.8828125,23107.7890625,10455.2001953125,24713.509765625,8897.6201171875,4111.546875
2026-06-25 02:51:00+00:00,24013.150390625,7359.89990234375,71854.8828125,23102.240234375,10455.2001953125,24713.509765625,8900.8896484375,4110.111328125
2026-06-25 02:52:00+00:00,24013.150390625,7359.89990234375,71854.8828125,23114.7890625,10455.2001953125,24713.509765625,8905.7900390625,4112.318359375
2026-06-25 02:53:00+00:00,24013.150390625,7359.89990234375,71854.8828125,23137.08984375,10455.2001953125,24713.509765625,8907.9296875,4114.068359375
2026-06-25 02:54:00+00:00,24013.150390625,7359.89990234375,71854.8828125,23140.41015625,10455.2001953125,24713.509765625,8913.0400390625,4116.62890625
2026-06-25 02:55:00+00:00,24013.150390625,7359.89990234375,71854.8828125,23139.0,10455.2001953125,24713.509765625,8910.8701171875,4116.73291015625
2026-06-25 02:56:00+00:00,24013.150390625,7359.89990234375,71854.8828125,23148.7890625,10455.2001953125,24713.509765625,8914.2099609375,4121.85595703125
2026-06-25 02:57:00+00:00,24013.150390625,7359.89990234375,71854.8828125,23164.880859375,10455.2001953125,24713.509765625,8916.0400390625,4121.94091796875
2026-06-25 02:58:00+00:00,24013.150390625,7359.89990234375,71854.8828125,23194.33984375,10455.2001953125,24713.509765625,8924.26953125,4122.1416015625
2026-06-25 02:59:00+00:00,24013.150390625,7359.89990234375,71854.8828125,23190.599609375,10455.2001953125,24713.509765625,8930.8701171875,4123.54296875
2026-06-25 03:00:00+00:00,24013.150390625,7359.89990234375,71854.8828125,23173.01953125,10455.2001953125,24713.509765625,8916.3203125,4120.87548828125
2026-06-25 03:01:00+00:00,24013.150390625,7359.89990234375,71854.8828125,23189.26953125,10455.2001953125,24713.509765625,8933.1904296875,4125.50830078125
2026-06-25 03:02:00+00:00,24013.150390625,7359.89990234375,71854.8828125,23184.0703125,10455.2001953125,24713.509765625,8940.73046875,4125.3984375
2026-06-25 03:03:00+00:00,24013.150390625,7359.89990234375,71854.8828125,23185.16015625,10455.2001953125,24713.509765625,8936.0302734375,4119.48486328125
2026-06-25 03:04:00+00:00,24013.150390625,7359.89990234375,71854.8828125,23162.19921875,10455.2001953125,24713.509765625,8928.76953125,4118.3583984375
2026-06-25 03:05:00+00:00,24013.150390625,7359.89990234375,71854.8828125,23192.869140625,10455.2001953125,24713.509765625,8941.2197265625,4120.927734375
2026-06-25 03:06:00+00:00,24013.150390625,7359.89990234375,71854.8828125,23181.880859375,10455.2001953125,24713.509765625,8943.5498046875,4123.431640625
2026-06-25 03:07:00+00:00,24013.150390625,7359.89990234375,71854.8828125,23187.73046875,10455.2001953125,24713.509765625,8939.8095703125,4125.2705078125
2026-06-25 03:08:00+00:00,24013.150390625,7359.89990234375,71854.8828125,23180.380859375,10455.2001953125,24713.509765625,8943.669921875,4128.3525390625
2026-06-25 03:09:00+00:00,24013.150390625,7359.89990234375,71854.8828125,23169.970703125,10455.2001953125,24713.509765625,8928.3798828125,4123.4169921875
2026-06-25 03:10:00+00:00,24013.150390625,7359.89990234375,71854.8828125,23188.41015625,10455.2001953125,24713.509765625,8917.0400390625,4121.47314453125
2026-06-25 03:11:00+00:00,24013.150390625,7359.89990234375,71854.8828125,23172.0,10455.2001953125,24713.509765625,8924.83984375,4124.4853515625
2026-06-25 03:12:00+00:00,24013.150390625,7359.89990234375,71854.8828125,23165.029296875,10455.2001953125,24713.509765625,8922.7900390625,4121.50390625
2026-06-25 03:13:00+00:00,24013.150390625,7359.89990234375,71854.8828125,23156.7890625,10455.2001953125,24713.509765625,8913.580078125,4119.33203125
2026-06-25 03:14:00+00:00,24013.150390625,7359.89990234375,71854.8828125,23172.849609375,10455.2001953125,24713.509765625,8913.419921875,4120.35595703125
2026-06-25 03:15:00+00:00,24013.150390625,7359.89990234375,71854.8828125,23190.060546875,10455.2001953125,24713.509765625,8906.830078125,4124.529296875
2026-06-25 03:16:00+00:00,24013.150390625,7359.89990234375,71854.8828125,23204.470703125,10455.2001953125,24713.509765625,8918.6103515625,4126.81787109375
2026-06-25 03:17:00+00:00,24013.150390625,7359.89990234375,71854.8828125,23234.900390625,10455.2001953125,24713.509765625,8920.4599609375,4130.9912109375
2026-06-25 03:18:00+00:00,24013.150390625,7359.89990234375,71854.8828125,23248.810546875,10455.2001953125,24713.509765625,8926.75,4132.4375
2026-06-25 03:19:00+00:00,24013.150390625,7359.89990234375,71854.8828125,23226.720703125,10455.2001953125,24713.509765625,8921.0595703125,4130.28271484375
2026-06-25 03:20:00+00:00,24013.150390625,7359.89990234375,71854.8828125,23219.390625,10455.2001953125,24713.509765625,8922.6298828125,4129.9169921875
2026-06-25 03:21:00+00:00,24013.150390625,7359.89990234375,71854.8828125,23228.130859375,10455.2001953125,24713.509765625,8926.0703125,4130.2724609375
2026-06-25 03:22:00+00:00,24013.150390625,7359.89990234375,71854.8828125,23228.51953125,10455.2001953125,24713.509765625,8924.849609375,4129.974609375
2026-06-25 03:23:00+00:00,24013.150390625,7359.89990234375,71854.8828125,23232.5703125,10455.2001953125,24713.509765625,8930.740234375,4130.33056640625
2026-06-25 03:24:00+00:00,24013.150390625,7359.89990234375,71854.8828125,23216.259765625,10455.2001953125,24713.509765625,8929.7802734375,4130.544921875
2026-06-25 03:25:00+00:00,24013.150390625,7359.89990234375,71854.8828125,23220.189453125,10455.2001953125,24713.509765625,8929.150390625,4131.078125
2026-06-25 03:26:00+00:00,24013.150390625,7359.89990234375,71854.8828125,23206.830078125,10455.2001953125,24713.509765625,8937.41015625,4132.10693359375
2026-06-25 03:27:00+00:00,24013.150390625,7359.89990234375,71854.8828125,23186.759765625,10455.2001953125,24713.509765625,8934.400390625,4131.6162109375
2026-06-25 03:28:00+00:00,24013.150390625,7359.89990234375,71854.8828125,23168.810546875,10455.2001953125,24713.509765625,8933.7001953125,4126.00244140625
2026-06-25 03:29:00+00:00,24013.150390625,7359.89990234375,71854.8828125,23164.66015625,10455.2001953125,24713.509765625,8924.3203125,4126.4091796875
2026-06-25 03:30:00+00:00,24013.150390625,7359.89990234375,71988.7890625,23153.4296875,10455.2001953125,24713.509765625,8935.23046875,4125.75537109375
2026-06-25 03:31:00+00:00,24013.150390625,7359.89990234375,72035.7890625,23137.900390625,10455.2001953125,24713.509765625,8941.98046875,4125.75537109375
2026-06-25 03:32:00+00:00,24013.150390625,7359.89990234375,72012.921875,23124.189453125,10455.2001953125,24713.509765625,8935.08984375,4125.75537109375
2026-06-25 03:33:00+00:00,24013.150390625,7359.89990234375,71930.7578125,23125.130859375,10455.2001953125,24713.509765625,8926.9697265625,4125.75537109375
2026-06-25 03:34:00+00:00,24013.150390625,7359.89990234375,71991.109375,23127.390625,10455.2001953125,24713.509765625,8917.8603515625,4125.75537109375
2026-06-25 03:35:00+00:00,24013.150390625,7359.89990234375,71902.34375,23126.939453125,10455.2001953125,24713.509765625,8906.669921875,4125.75537109375
2026-06-25 03:36:00+00:00,24013.150390625,7359.89990234375,71929.84375,23109.939453125,10455.2001953125,24713.509765625,8901.91015625,4125.75537109375
2026-06-25 03:37:00+00:00,24013.150390625,7359.89990234375,71960.7265625,23096.849609375,10455.2001953125,24713.509765625,8902.599609375,4125.75537109375
2026-06-25 03:38:00+00:00,24013.150390625,7359.89990234375,71947.6015625,23088.560546875,10455.2001953125,24713.509765625,8901.6103515625,4125.75537109375
2026-06-25 03:39:00+00:00,24013.150390625,7359.89990234375,71977.84375,23067.16015625,10455.2001953125,24713.509765625,8905.3095703125,4125.75537109375
2026-06-25 03:40:00+00:00,24013.150390625,7359.89990234375,71974.5390625,23063.939453125,10455.2001953125,24713.509765625,8902.5,4125.75537109375
2026-06-25 03:41:00+00:00,24013.150390625,7359.89990234375,71980.390625,23071.08984375,10455.2001953125,24713.509765625,8911.3896484375,4125.75537109375
2026-06-25 03:42:00+00:00,24013.150390625,7359.89990234375,71993.03125,23062.470703125,10455.2001953125,24713.509765625,8895.580078125,4125.75537109375
2026-06-25 03:43:00+00:00,24013.150390625,7359.89990234375,71946.5625,23046.990234375,10455.2001953125,24713.509765625,8886.7099609375,4125.75537109375
2026-06-25 03:44:00+00:00,24013.150390625,7359.89990234375,71937.40625,23028.4296875,10455.2001953125,24713.509765625,8896.48046875,4125.75537109375
2026-06-25 03:45:00+00:00,24134.94921875,7359.89990234375,71927.7265625,23038.98046875,10455.2001953125,24713.509765625,8893.080078125,4125.75537109375
2026-06-25 03:46:00+00:00,24114.099609375,7359.89990234375,71939.96875,23033.3203125,10455.2001953125,24713.509765625,8887.16015625,4125.75537109375
2026-06-25 03:47:00+00:00,24115.25,7359.89990234375,71925.4375,23036.080078125,10455.2001953125,24713.509765625,8885.009765625,4125.75537109375
2026-06-25 03:48:00+00:00,24130.94921875,7359.89990234375,71949.2578125,23034.509765625,10455.2001953125,24713.509765625,8895.080078125,4125.75537109375
2026-06-25 03:49:00+00:00,24129.94921875,7359.89990234375,71987.1484375,23053.560546875,10455.2001953125,24713.509765625,8897.419921875,4125.75537109375
2026-06-25 03:50:00+00:00,24135.75,7359.89990234375,72002.5390625,23063.6796875,10455.2001953125,24713.509765625,8898.5,4125.75537109375
2026-06-25 03:51:00+00:00,24145.650390625,7359.89990234375,72006.8671875,23074.7109375,10455.2001953125,24713.509765625,8895.9697265625,4125.75537109375
2026-06-25 03:52:00+00:00,24144.0,7359.89990234375,72002.3984375,23083.48046875,10455.2001953125,24713.509765625,8903.7099609375,4125.75537109375
2026-06-25 03:53:00+00:00,24141.349609375,7359.89990234375,72045.90625,23086.4609375,10455.2001953125,24713.509765625,8908.8203125,4125.75537109375
2026-06-25 03:54:00+00:00,24156.349609375,7359.89990234375,72054.0625,23085.080078125,10455.2001953125,24713.509765625,8912.1796875,4125.75537109375
2026-06-25 03:55:00+00:00,24167.0,7359.89990234375,72033.5078125,23090.55078125,10455.2001953125,24713.509765625,8920.5400390625,4125.75537109375
2026-06-25 03:56:00+00:00,24161.5,7359.89990234375,72048.8515625,23102.83984375,10455.2001953125,24713.509765625,8923.8203125,4125.75537109375
2026-06-25 03:57:00+00:00,24157.5,7359.89990234375,72061.5078125,23093.849609375,10455.2001953125,24713.509765625,8926.650390625,4125.75537109375
2026-06-25 03:58:00+00:00,24145.44921875,7359.89990234375,72046.421875,23086.529296875,10455.2001953125,24713.509765625,8933.0302734375,4125.75537109375
2026-06-25 03:59:00+00:00,24147.099609375,7359.89990234375,72029.6171875,23091.740234375,10455.2001953125,24713.509765625,8923.58984375,4125.75537109375
2026-06-25 04:00:00+00:00,24146.900390625,7359.89990234375,72053.9609375,23088.869140625,10455.2001953125,24713.509765625,8931.5302734375,4125.75537109375
2026-06-25 04:01:00+00:00,24131.30078125,7359.89990234375,72074.8828125,23088.869140625,10455.2001953125,24713.509765625,8934.490234375,4125.75537109375
2026-06-25 04:02:00+00:00,24132.349609375,7359.89990234375,72035.25,23088.869140625,10455.2001953125,24713.509765625,8925.2998046875,4125.75537109375
2026-06-25 04:03:00+00:00,24135.900390625,7359.89990234375,72035.578125,23088.869140625,10455.2001953125,24713.509765625,8931.009765625,4125.75537109375
2026-06-25 04:04:00+00:00,24143.25,7359.89990234375,72044.109375,23088.869140625,10455.2001953125,24713.509765625,8941.01953125,4125.75537109375
2026-06-25 04:05:00+00:00,24139.849609375,7359.89990234375,72051.046875,23090.26953125,10455.2001953125,24713.509765625,8937.66015625,4125.75537109375
2026-06-25 04:06:00+00:00,24135.599609375,7359.89990234375,72022.03125,23090.26953125,10455.2001953125,24713.509765625,8938.23046875,4125.75537109375
2026-06-25 04:07:00+00:00,24146.849609375,7359.89990234375,72009.0078125,23090.26953125,10455.2001953125,24713.509765625,8941.51953125,4125.75537109375
2026-06-25 04:08:00+00:00,24141.599609375,7359.89990234375,71979.46875,23090.26953125,10455.2001953125,24713.509765625,8938.8095703125,4125.75537109375
2026-06-25 04:09:00+00:00,24145.599609375,7359.89990234375,72027.0234375,23090.26953125,10455.2001953125,24713.509765625,8946.8701171875,4125.75537109375
2026-06-25 04:10:00+00:00,24134.05078125,7359.89990234375,72015.0390625,23090.26953125,10455.2001953125,24713.509765625,8945.7802734375,4125.75537109375
2026-06-25 04:11:00+00:00,24131.80078125,7359.89990234375,72000.7578125,23090.26953125,10455.2001953125,24713.509765625,8949.1201171875,4125.75537109375
2026-06-25 04:12:00+00:00,24140.0,7359.89990234375,71988.4296875,23090.26953125,10455.2001953125,24713.509765625,8944.830078125,4125.75537109375
2026-06-25 04:13:00+00:00,24144.05078125,7359.89990234375,71974.7421875,23090.26953125,10455.2001953125,24713.509765625,8946.6396484375,4125.75537109375
2026-06-25 04:14:00+00:00,24140.5,7359.89990234375,71939.3125,23090.26953125,10455.2001953125,24713.509765625,8958.3798828125,4125.75537109375
2026-06-25 04:15:00+00:00,24153.349609375,7359.89990234375,71942.0390625,23090.26953125,10455.2001953125,24713.509765625,8946.91015625,4125.75537109375
2026-06-25 04:16:00+00:00,24157.099609375,7359.89990234375,71895.7734375,23090.26953125,10455.2001953125,24713.509765625,8946.08984375,4125.75537109375
2026-06-25 04:17:00+00:00,24161.94921875,7359.89990234375,71847.96875,23090.26953125,10455.2001953125,24713.509765625,8927.6904296875,4125.75537109375
2026-06-25 04:18:00+00:00,24159.400390625,7359.89990234375,71876.96875,23090.26953125,10455.2001953125,24713.509765625,8937.6904296875,4125.75537109375
2026-06-25 04:19:00+00:00,24165.849609375,7359.89990234375,71887.8515625,23090.26953125,10455.2001953125,24713.509765625,8942.4404296875,4125.75537109375
2026-06-25 04:20:00+00:00,24170.55078125,7359.89990234375,71963.0703125,23090.26953125,10455.2001953125,24713.509765625,8939.8896484375,4125.75537109375
2026-06-25 04:21:00+00:00,24174.099609375,7359.89990234375,71975.1484375,23090.26953125,10455.2001953125,24713.509765625,8952.919921875,4125.75537109375
2026-06-25 04:22:00+00:00,24183.599609375,7359.89990234375,71994.171875,23090.26953125,10455.2001953125,24713.509765625,8954.25,4125.75537109375
2026-06-25 04:23:00+00:00,24179.19921875,7359.89990234375,72006.609375,23090.26953125,10455.2001953125,24713.509765625,8954.66015625,4125.75537109375
2026-06-25 04:24:00+00:00,24172.349609375,7359.89990234375,72002.390625,23090.26953125,10455.2001953125,24713.509765625,8952.8798828125,4125.75537109375
2026-06-25 04:25:00+00:00,24174.099609375,7359.89990234375,71965.453125,23090.26953125,10455.2001953125,24713.509765625,8945.650390625,4125.75537109375
2026-06-25 04:26:00+00:00,24176.94921875,7359.89990234375,71968.0078125,23090.26953125,10455.2001953125,24713.509765625,8947.7802734375,4125.75537109375
2026-06-25 04:27:00+00:00,24180.599609375,7359.89990234375,71980.46875,23090.26953125,10455.2001953125,24713.509765625,8951.1103515625,4125.75537109375
2026-06-25 04:28:00+00:00,24175.44921875,7359.89990234375,71957.28125,23090.26953125,10455.2001953125,24713.509765625,8946.830078125,4125.75537109375
2026-06-25 04:29:00+00:00,24176.80078125,7359.89990234375,71909.65625,23090.26953125,10455.2001953125,24713.509765625,8950.2001953125,4125.75537109375
2026-06-25 04:30:00+00:00,24171.0,7359.89990234375,71863.1015625,23090.26953125,10455.2001953125,24713.509765625,8949.5595703125,4125.75537109375
2026-06-25 04:31:00+00:00,24170.69921875,7359.89990234375,71795.5078125,23090.26953125,10455.2001953125,24713.509765625,8936.4697265625,4125.75537109375
2026-06-25 04:32:00+00:00,24170.650390625,7359.89990234375,71815.2578125,23090.26953125,10455.2001953125,24713.509765625,8930.3896484375,4125.75537109375
2026-06-25 04:33:00+00:00,24167.599609375,7359.89990234375,71854.28125,23090.26953125,10455.2001953125,24713.509765625,8930.76953125,4125.75537109375
2026-06-25 04:34:00+00:00,24178.150390625,7359.89990234375,71875.7890625,23090.26953125,10455.2001953125,24713.509765625,8938.26953125,4125.75537109375
2026-06-25 04:35:00+00:00,24172.900390625,7359.89990234375,71833.96875,23090.26953125,10455.2001953125,24713.509765625,8938.509765625,4125.75537109375
2026-06-25 04:36:00+00:00,24167.69921875,7359.89990234375,71840.40625,23090.26953125,10455.2001953125,24713.509765625,8942.919921875,4125.75537109375
2026-06-25 04:37:00+00:00,24163.19921875,7359.89990234375,71838.3515625,23090.26953125,10455.2001953125,24713.509765625,8945.3701171875,4125.75537109375
2026-06-25 04:38:00+00:00,24164.0,7359.89990234375,71900.3203125,23090.26953125,10455.2001953125,24713.509765625,8949.580078125,4125.75537109375
2026-06-25 04:39:00+00:00,24166.650390625,7359.89990234375,71910.5,23090.26953125,10455.2001953125,24713.509765625,8949.91015625,4125.75537109375
2026-06-25 04:40:00+00:00,24168.849609375,7359.89990234375,71906.796875,23090.26953125,10455.2001953125,24713.509765625,8952.7802734375,4125.75537109375
2026-06-25 04:41:00+00:00,24163.69921875,7359.89990234375,71876.5078125,23090.26953125,10455.2001953125,24713.509765625,8942.580078125,4125.75537109375
2026-06-25 04:42:00+00:00,24162.900390625,7359.89990234375,71877.78125,23090.26953125,10455.2001953125,24713.509765625,8947.990234375,4125.75537109375
2026-06-25 04:43:00+00:00,24173.099609375,7359.89990234375,71940.890625,23090.26953125,10455.2001953125,24713.509765625,8954.6396484375,4125.75537109375
2026-06-25 04:44:00+00:00,24184.099609375,7359.89990234375,71982.8828125,23090.26953125,10455.2001953125,24713.509765625,8955.1904296875,4125.75537109375
2026-06-25 04:45:00+00:00,24188.25,7359.89990234375,71981.5703125,23090.26953125,10455.2001953125,24713.509765625,8958.4404296875,4125.75537109375
2026-06-25 04:46:00+00:00,24179.94921875,7359.89990234375,72000.5390625,23090.26953125,10455.2001953125,24713.509765625,8956.2802734375,4125.75537109375
2026-06-25 04:47:00+00:00,24174.599609375,7359.89990234375,72042.7578125,23090.26953125,10455.2001953125,24713.509765625,8957.75,4125.75537109375
2026-06-25 04:48:00+00:00,24175.19921875,7359.89990234375,72066.8515625,23090.26953125,10455.2001953125,24713.509765625,8959.4599609375,4125.75537109375
2026-06-25 04:49:00+00:00,24179.150390625,7359.89990234375,72051.0390625,23090.26953125,10455.2001953125,24713.509765625,8954.41015625,4125.75537109375
2026-06-25 04:50:00+00:00,24174.80078125,7359.89990234375,72088.4921875,23090.26953125,10455.2001953125,24713.509765625,8963.5,4125.75537109375
2026-06-25 04:51:00+00:00,24176.400390625,7359.89990234375,72094.78125,23090.26953125,10455.2001953125,24713.509765625,8968.26953125,4125.75537109375
2026-06-25 04:52:00+00:00,24174.849609375,7359.89990234375,72070.3515625,23090.26953125,10455.2001953125,24713.509765625,8970.099609375,4125.75537109375
2026-06-25 04:53:00+00:00,24169.80078125,7359.89990234375,72098.8984375,23090.26953125,10455.2001953125,24713.509765625,8978.580078125,4125.75537109375
2026-06-25 04:54:00+00:00,24169.599609375,7359.89990234375,72103.90625,23090.26953125,10455.2001953125,24713.509765625,8974.4697265625,4125.75537109375
2026-06-25 04:55:00+00:00,24174.30078125,7359.89990234375,72099.78125,23090.26953125,10455.2001953125,24713.509765625,8980.23046875,4125.75537109375
2026-06-25 04:56:00+00:00,24176.94921875,7359.89990234375,72068.828125,23090.26953125,10455.2001953125,24713.509765625,8984.51953125,4125.75537109375
2026-06-25 04:57:00+00:00,24170.05078125,7359.89990234375,72095.6171875,23090.26953125,10455.2001953125,24713.509765625,8980.990234375,4125.75537109375
2026-06-25 04:58:00+00:00,24169.44921875,7359.89990234375,72078.5390625,23090.26953125,10455.2001953125,24713.509765625,8973.9697265625,4125.75537109375
2026-06-25 04:59:00+00:00,24172.30078125,7359.89990234375,72067.8828125,23090.26953125,10455.2001953125,24713.509765625,8977.5302734375,4125.75537109375
2026-06-25 05:00:00+00:00,24173.150390625,7359.89990234375,72086.3515625,23106.7890625,10455.2001953125,24713.509765625,8972.9697265625,4127.2041015625
2026-06-25 05:01:00+00:00,24177.44921875,7359.89990234375,72170.6796875,23113.259765625,10455.2001953125,24713.509765625,8974.98046875,4121.98828125
2026-06-25 05:02:00+00:00,24176.349609375,7359.89990234375,72196.703125,23119.390625,10455.2001953125,24713.509765625,8969.3603515625,4124.28076171875
2026-06-25 05:03:00+00:00,24173.400390625,7359.89990234375,72204.8828125,23134.220703125,10455.2001953125,24713.509765625,8953.490234375,4121.26904296875
2026-06-25 05:04:00+00:00,24172.55078125,7359.89990234375,72197.8828125,23130.330078125,10455.2001953125,24713.509765625,8955.9501953125,4122.37939453125
2026-06-25 05:05:00+00:00,24173.44921875,7359.89990234375,72240.2578125,23109.720703125,10455.2001953125,24713.509765625,8964.240234375,4121.29248046875
2026-06-25 05:06:00+00:00,24177.5,7359.89990234375,72222.8203125,23080.939453125,10455.2001953125,24713.509765625,8957.580078125,4120.4384765625
2026-06-25 05:07:00+00:00,24180.150390625,7359.89990234375,72225.4296875,23069.619140625,10455.2001953125,24713.509765625,8960.2197265625,4118.27001953125
2026-06-25 05:08:00+00:00,24173.5,7359.89990234375,72240.9375,23072.5390625,10455.2001953125,24713.509765625,8974.7998046875,4119.7421875
2026-06-25 05:09:00+00:00,24169.80078125,7359.89990234375,72223.140625,23075.7109375,10455.2001953125,24713.509765625,8969.0400390625,4122.119140625
2026-06-25 05:10:00+00:00,24169.55078125,7359.89990234375,72251.3515625,23058.189453125,10455.2001953125,24713.509765625,8970.83984375,4119.8974609375
2026-06-25 05:11:00+00:00,24173.599609375,7359.89990234375,72227.4375,23064.830078125,10455.2001953125,24713.509765625,8963.240234375,4118.080078125
2026-06-25 05:12:00+00:00,24183.75,7359.89990234375,72233.6796875,23055.6796875,10455.2001953125,24713.509765625,8974.1103515625,4119.759765625
2026-06-25 05:13:00+00:00,24177.80078125,7359.89990234375,72244.3125,23055.6796875,10455.2001953125,24713.509765625,8972.6103515625,4121.05908203125
2026-06-25 05:14:00+00:00,24182.30078125,7359.89990234375,72254.5390625,23060.189453125,10455.2001953125,24713.509765625,8981.5595703125,4120.3212890625
2026-06-25 05:15:00+00:00,24188.849609375,7359.89990234375,72271.8125,23056.009765625,10455.2001953125,24713.509765625,8981.169921875,4121.017578125
2026-06-25 05:16:00+00:00,24193.5,7359.89990234375,72303.3671875,23045.23046875,10455.2001953125,24713.509765625,8989.7900390625,4120.15283203125
2026-06-25 05:17:00+00:00,24194.349609375,7359.89990234375,72287.671875,23053.259765625,10455.2001953125,24713.509765625,8986.3701171875,4122.041015625
2026-06-25 05:18:00+00:00,24193.150390625,7359.89990234375,72262.7265625,23040.689453125,10455.2001953125,24713.509765625,8975.669921875,4121.224609375
2026-06-25 05:19:00+00:00,24198.80078125,7359.89990234375,72221.078125,23032.4296875,10455.2001953125,24713.509765625,8982.5400390625,4118.30615234375
2026-06-25 05:20:00+00:00,24192.599609375,7359.89990234375,72208.890625,23036.5390625,10455.2001953125,24713.509765625,8985.5400390625,4118.12255859375
2026-06-25 05:21:00+00:00,24188.599609375,7359.89990234375,72204.7421875,23026.060546875,10455.2001953125,24713.509765625,8985.0302734375,4117.8564453125
2026-06-25 05:22:00+00:00,24185.900390625,7359.89990234375,72157.4375,23019.970703125,10455.2001953125,24713.509765625,8987.7802734375,4117.9482421875
2026-06-25 05:23:00+00:00,24184.400390625,7359.89990234375,72195.640625,23020.400390625,10455.2001953125,24713.509765625,8997.4501953125,4115.345703125
2026-06-25 05:24:00+00:00,24181.099609375,7359.89990234375,72221.1875,23020.759765625,10455.2001953125,24713.509765625,9004.83984375,4113.97216796875
2026-06-25 05:25:00+00:00,24185.349609375,7359.89990234375,72216.0625,23015.3203125,10455.2001953125,24713.509765625,9003.9697265625,4112.1552734375
2026-06-25 05:26:00+00:00,24188.44921875,7359.89990234375,72193.71875,23025.83984375,10455.2001953125,24713.509765625,9012.3798828125,4114.05712890625
2026-06-25 05:27:00+00:00,24188.25,7359.89990234375,72231.0703125,23023.779296875,10455.2001953125,24713.509765625,9012.3203125,4117.3779296875
2026-06-25 05:28:00+00:00,24190.25,7359.89990234375,72219.3515625,23024.560546875,10455.2001953125,24713.509765625,9006.1396484375,4117.39208984375
2026-06-25 05:29:00+00:00,24197.30078125,7359.89990234375,72204.6328125,23027.2890625,10455.2001953125,24713.509765625,9009.330078125,4117.1455078125
2026-06-25 05:30:00+00:00,24187.900390625,7359.89990234375,72255.8125,23023.05078125,10455.2001953125,24713.509765625,9014.1904296875,4118.5849609375
2026-06-25 05:31:00+00:00,24183.05078125,7359.89990234375,72288.6484375,23030.099609375,10455.2001953125,24713.509765625,9014.2099609375,4119.1025390625
2026-06-25 05:32:00+00:00,24185.75,7359.89990234375,72259.796875,23036.400390625,10455.2001953125,24713.509765625,9025.4501953125,4121.2158203125
2026-06-25 05:33:00+00:00,24183.69921875,7359.89990234375,72278.171875,23024.810546875,10455.2001953125,24713.509765625,9029.2001953125,4118.41259765625
2026-06-25 05:34:00+00:00,24180.849609375,7359.89990234375,72291.453125,23015.939453125,10455.2001953125,24713.509765625,9031.8203125,4116.2763671875
2026-06-25 05:35:00+00:00,24176.75,7359.89990234375,72287.90625,23008.2109375,10455.2001953125,24713.509765625,9008.1904296875,4116.8515625
2026-06-25 05:36:00+00:00,24180.599609375,7359.89990234375,72260.71875,23007.919921875,10455.2001953125,24713.509765625,9004.2998046875,4117.7666015625
2026-06-25 05:37:00+00:00,24182.19921875,7359.89990234375,72258.4609375,22996.810546875,10455.2001953125,24713.509765625,9010.3603515625,4117.005859375
2026-06-25 05:38:00+00:00,24184.30078125,7359.89990234375,72289.578125,22998.189453125,10455.2001953125,24713.509765625,9018.240234375,4116.8603515625
2026-06-25 05:39:00+00:00,24189.599609375,7359.89990234375,72307.640625,22998.560546875,10455.2001953125,24713.509765625,9022.4599609375,4115.6357421875
2026-06-25 05:40:00+00:00,24186.099609375,7359.89990234375,72314.21875,23020.259765625,10455.2001953125,24713.509765625,9036.2900390625,4117.03515625
2026-06-25 05:41:00+00:00,24191.849609375,7359.89990234375,72361.390625,23028.810546875,10455.2001953125,24713.509765625,9036.26953125,4117.126953125
2026-06-25 05:42:00+00:00,24191.900390625,7359.89990234375,72387.3984375,23021.0390625,10455.2001953125,24713.509765625,9043.0498046875,4114.17138671875
2026-06-25 05:43:00+00:00,24196.05078125,7359.89990234375,72404.2890625,23022.80078125,10455.2001953125,24713.509765625,9042.5400390625,4115.787109375
2026-06-25 05:44:00+00:00,24195.900390625,7359.89990234375,72404.8515625,23045.390625,10455.2001953125,24713.509765625,9033.1796875,4115.103515625
2026-06-25 05:45:00+00:00,24199.599609375,7359.89990234375,72389.0703125,23040.01953125,10455.2001953125,24713.509765625,9029.6796875,4115.27685546875
2026-06-25 05:46:00+00:00,24202.599609375,7359.89990234375,72383.1171875,23021.359375,10455.2001953125,24713.509765625,9032.91015625,4112.2529296875
2026-06-25 05:47:00+00:00,24198.69921875,7359.89990234375,72352.9921875,23010.08984375,10455.2001953125,24713.509765625,9016.080078125,4111.16552734375
2026-06-25 05:48:00+00:00,24195.55078125,7359.89990234375,72395.140625,23013.080078125,10455.2001953125,24713.509765625,9010.8603515625,4112.82763671875
2026-06-25 05:49:00+00:00,24196.650390625,7359.89990234375,72414.8203125,23014.400390625,10455.2001953125,24713.509765625,9019.509765625,4113.62158203125
2026-06-25 05:50:00+00:00,24197.94921875,7359.89990234375,72387.25,23013.310546875,10455.2001953125,24713.509765625,9001.3798828125,4112.04736328125
2026-06-25 05:51:00+00:00,24198.55078125,7359.89990234375,72384.140625,23021.060546875,10455.2001953125,24713.509765625,8992.25,4113.92138671875
2026-06-25 05:52:00+00:00,24197.599609375,7359.89990234375,72381.6875,23034.650390625,10455.2001953125,24713.509765625,8990.0498046875,4112.57861328125
2026-06-25 05:53:00+00:00,24193.400390625,7359.89990234375,72341.28125,23016.16015625,10455.2001953125,24713.509765625,8982.6396484375,4112.353515625
2026-06-25 05:54:00+00:00,24192.400390625,7359.89990234375,72362.59375,23006.23046875,10455.2001953125,24713.509765625,8981.2802734375,4110.81494140625
2026-06-25 05:55:00+00:00,24190.849609375,7359.89990234375,72326.4765625,23019.759765625,10455.2001953125,24713.509765625,8951.509765625,4107.4599609375
2026-06-25 05:56:00+00:00,24193.05078125,7359.89990234375,72355.453125,23032.029296875,10455.2001953125,24713.509765625,8962.6796875,4104.60546875
2026-06-25 05:57:00+00:00,24191.94921875,7359.89990234375,72338.0625,23020.939453125,10455.2001953125,24713.509765625,8959.9501953125,4103.333984375
2026-06-25 05:58:00+00:00,24190.349609375,7359.89990234375,72374.0,23020.240234375,10455.2001953125,24713.509765625,8968.0400390625,4103.34326171875
2026-06-25 05:59:00+00:00,24190.55078125,7359.89990234375,72372.9296875,23012.6796875,10455.2001953125,24713.509765625,8973.580078125,4102.31982421875
2026-06-25 06:00:00+00:00,24182.69921875,7359.89990234375,72434.6015625,23023.439453125,10455.2001953125,24713.509765625,8973.580078125,4107.72607421875
2026-06-25 06:01:00+00:00,24184.349609375,7359.89990234375,72406.96875,23029.4609375,10455.2001953125,24713.509765625,8973.580078125,4105.77294921875
2026-06-25 06:02:00+00:00,24184.650390625,7359.89990234375,72411.40625,23032.130859375,10455.2001953125,24713.509765625,8973.580078125,4106.990234375
2026-06-25 06:03:00+00:00,24185.55078125,7359.89990234375,72398.640625,23029.259765625,10455.2001953125,24713.509765625,8973.580078125,4105.3115234375
2026-06-25 06:04:00+00:00,24190.75,7359.89990234375,72393.09375,23033.080078125,10455.2001953125,24713.509765625,8973.580078125,4106.328125
2026-06-25 06:05:00+00:00,24191.099609375,7359.89990234375,72367.0390625,23051.060546875,10455.2001953125,24713.509765625,8973.580078125,4110.6015625
2026-06-25 06:06:00+00:00,24185.0,7359.89990234375,72369.2578125,23049.849609375,10455.2001953125,24713.509765625,8973.580078125,4111.716796875
2026-06-25 06:07:00+00:00,24185.150390625,7359.89990234375,72452.65625,23041.990234375,10455.2001953125,24713.509765625,8973.580078125,4110.50341796875
2026-06-25 06:08:00+00:00,24192.69921875,7359.89990234375,72464.296875,23040.939453125,10455.2001953125,24713.509765625,8973.580078125,4113.498046875
2026-06-25 06:09:00+00:00,24194.75,7359.89990234375,72481.1875,23038.2890625,10455.2001953125,24713.509765625,8973.580078125,4113.7919921875
2026-06-25 06:10:00+00:00,24194.400390625,7359.89990234375,72521.3515625,23036.259765625,10455.2001953125,24713.509765625,8973.580078125,4115.54931640625
2026-06-25 06:11:00+00:00,24193.05078125,7359.89990234375,72527.25,23030.30078125,10455.2001953125,24713.509765625,8973.580078125,4114.65673828125
2026-06-25 06:12:00+00:00,24196.599609375,7359.89990234375,72549.3671875,23016.73046875,10455.2001953125,24713.509765625,8973.580078125,4114.9755859375
2026-06-25 06:13:00+00:00,24196.80078125,7359.89990234375,72555.90625,23026.83984375,10455.2001953125,24713.509765625,8973.580078125,4115.12939453125
2026-06-25 06:14:00+00:00,24195.900390625,7359.89990234375,72536.0625,23015.7890625,10455.2001953125,24713.509765625,8973.580078125,4115.18017578125
2026-06-25 06:15:00+00:00,24195.25,7359.89990234375,72512.7265625,23015.990234375,10455.2001953125,24713.509765625,8973.580078125,4115.2421875
2026-06-25 06:16:00+00:00,24198.0,7359.89990234375,72538.0703125,23018.609375,10455.2001953125,24713.509765625,8973.580078125,4115.36669921875
2026-06-25 06:17:00+00:00,24202.75,7359.89990234375,72548.9375,23010.4609375,10455.2001953125,24713.509765625,8973.580078125,4113.3916015625
2026-06-25 06:18:00+00:00,24201.19921875,7359.89990234375,72575.8125,23033.599609375,10455.2001953125,24713.509765625,8973.580078125,4114.376953125
2026-06-25 06:19:00+00:00,24204.400390625,7359.89990234375,72582.6328125,23025.1796875,10455.2001953125,24713.509765625,8973.580078125,4112.970703125
2026-06-25 06:20:00+00:00,24208.849609375,7359.89990234375,72550.4609375,23032.380859375,10455.2001953125,24713.509765625,8973.580078125,4114.6552734375
2026-06-25 06:21:00+00:00,24200.69921875,7359.89990234375,72529.0,23040.619140625,10455.2001953125,24713.509765625,8973.580078125,4114.65869140625
2026-06-25 06:22:00+00:00,24204.0,7359.89990234375,72534.2578125,23031.66015625,10455.2001953125,24713.509765625,8973.580078125,4114.0087890625
2026-06-25 06:23:00+00:00,24208.599609375,7359.89990234375,72537.4609375,23029.099609375,10455.2001953125,24713.509765625,8973.580078125,4114.7666015625
2026-06-25 06:24:00+00:00,24208.25,7359.89990234375,72526.5703125,23022.029296875,10455.2001953125,24713.509765625,8973.580078125,4114.8701171875
2026-06-25 06:25:00+00:00,24210.400390625,7359.89990234375,72527.5234375,23012.66015625,10455.2001953125,24713.509765625,8973.580078125,4115.6689453125
2026-06-25 06:26:00+00:00,24214.25,7359.89990234375,72527.5234375,23012.119140625,10455.2001953125,24713.509765625,8973.580078125,4115.68701171875
2026-06-25 06:27:00+00:00,24230.650390625,7359.89990234375,72527.5234375,23020.9296875,10455.2001953125,24713.509765625,8973.580078125,4117.46923828125
2026-06-25 06:28:00+00:00,24235.349609375,7359.89990234375,72527.5234375,23026.279296875,10455.2001953125,24713.509765625,8973.580078125,4116.8828125
2026-06-25 06:29:00+00:00,24236.19921875,7359.89990234375,72527.5234375,23024.75,10455.2001953125,24713.509765625,8973.580078125,4116.71337890625
2026-06-25 06:30:00+00:00,24246.25,7359.89990234375,72527.5234375,23033.099609375,10455.2001953125,24713.509765625,8973.580078125,4118.37255859375
2026-06-25 06:31:00+00:00,24242.400390625,7359.89990234375,72527.5234375,23022.900390625,10455.2001953125,24713.509765625,8973.580078125,4116.96484375
2026-06-25 06:32:00+00:00,24240.25,7359.89990234375,72527.5234375,23014.23046875,10455.2001953125,24713.509765625,8973.580078125,4118.357421875
2026-06-25 06:33:00+00:00,24242.25,7359.89990234375,72527.5234375,23000.16015625,10455.2001953125,24713.509765625,8973.580078125,4116.1171875
2026-06-25 06:34:00+00:00,24247.55078125,7359.89990234375,72527.5234375,23004.970703125,10455.2001953125,24713.509765625,8973.580078125,4117.07568359375
2026-06-25 06:35:00+00:00,24246.650390625,7359.89990234375,72527.5234375,23006.69921875,10455.2001953125,24713.509765625,8973.580078125,4119.1259765625
2026-06-25 06:36:00+00:00,24247.0,7359.89990234375,72527.5234375,23014.25,10455.2001953125,24713.509765625,8973.580078125,4120.2021484375
2026-06-25 06:37:00+00:00,24248.80078125,7359.89990234375,72527.5234375,22998.279296875,10455.2001953125,24713.509765625,8973.580078125,4117.82080078125
2026-06-25 06:38:00+00:00,24249.30078125,7359.89990234375,72527.5234375,22999.2109375,10455.2001953125,24713.509765625,8973.580078125,4115.85595703125
2026-06-25 06:39:00+00:00,24249.349609375,7359.89990234375,72527.5234375,23005.669921875,10455.2001953125,24713.509765625,8973.580078125,4115.5458984375
2026-06-25 06:40:00+00:00,24251.599609375,7359.89990234375,72527.5234375,22999.6796875,10455.2001953125,24713.509765625,8973.580078125,4114.04296875
2026-06-25 06:41:00+00:00,24255.150390625,7359.89990234375,72527.5234375,23007.650390625,10455.2001953125,24713.509765625,8973.580078125,4113.1845703125
2026-06-25 06:42:00+00:00,24253.650390625,7359.89990234375,72527.5234375,23019.5,10455.2001953125,24713.509765625,8973.580078125,4114.8095703125
2026-06-25 06:43:00+00:00,24249.69921875,7359.89990234375,72527.5234375,23012.259765625,10455.2001953125,24713.509765625,8973.580078125,4115.9521484375
2026-06-25 06:44:00+00:00,24243.650390625,7359.89990234375,72527.5234375,23008.76953125,10455.2001953125,24713.509765625,8973.580078125,4115.73486328125
2026-06-25 06:45:00+00:00,24250.400390625,7359.89990234375,72527.5234375,23016.240234375,10455.2001953125,24713.509765625,8973.580078125,4114.84716796875
2026-06-25 06:46:00+00:00,24247.099609375,7359.89990234375,72527.5234375,23022.060546875,10455.2001953125,24713.509765625,8973.580078125,4115.36083984375
2026-06-25 06:47:00+00:00,24242.599609375,7359.89990234375,72527.5234375,23028.830078125,10455.2001953125,24713.509765625,8973.580078125,4117.64697265625
2026-06-25 06:48:00+00:00,24244.650390625,7359.89990234375,72527.5234375,23027.400390625,10455.2001953125,24713.509765625,8973.580078125,4118.92138671875
2026-06-25 06:49:00+00:00,24243.69921875,7359.89990234375,72527.5234375,23011.369140625,10455.2001953125,24713.509765625,8973.580078125,4119.49853515625
2026-06-25 06:50:00+00:00,24243.650390625,7359.89990234375,72527.5234375,23010.099609375,10455.2001953125,24713.509765625,8973.580078125,4120.9794921875
2026-06-25 06:51:00+00:00,24240.94921875,7359.89990234375,72527.5234375,23003.810546875,10455.2001953125,24713.509765625,8973.580078125,4120.451171875
2026-06-25 06:52:00+00:00,24236.900390625,7359.89990234375,72527.5234375,23001.5390625,10455.2001953125,24713.509765625,8973.580078125,4120.4052734375
2026-06-25 06:53:00+00:00,24225.849609375,7359.89990234375,72527.5234375,22988.970703125,10455.2001953125,24713.509765625,8973.580078125,4120.23095703125
2026-06-25 06:54:00+00:00,24225.900390625,7359.89990234375,72527.5234375,22984.94921875,10455.2001953125,24713.509765625,8973.580078125,4121.3779296875
2026-06-25 06:55:00+00:00,24220.80078125,7359.89990234375,72527.5234375,22978.58984375,10455.2001953125,24713.509765625,8973.580078125,4121.26318359375
2026-06-25 06:56:00+00:00,24220.55078125,7359.89990234375,72527.5234375,22992.1796875,10455.2001953125,24713.509765625,8973.580078125,4121.76171875
2026-06-25 06:57:00+00:00,24214.099609375,7359.89990234375,72527.5234375,22995.9609375,10455.2001953125,24713.509765625,8973.580078125,4123.2646484375
2026-06-25 06:58:00+00:00,24208.30078125,7359.89990234375,72527.5234375,22999.099609375,10455.2001953125,24713.509765625,8973.580078125,4123.2646484375
2026-06-25 06:59:00+00:00,24202.349609375,7359.89990234375,72527.5234375,23008.26953125,10455.2001953125,24713.509765625,8973.580078125,4123.2646484375
2026-06-25 07:00:00+00:00,24208.400390625,7359.89990234375,72527.5234375,23004.08984375,10422.83984375,24713.509765625,8973.580078125,4123.2646484375
2026-06-25 07:01:00+00:00,24186.80078125,7359.89990234375,72527.5234375,23007.109375,10419.8603515625,24713.509765625,8973.580078125,4123.2646484375
2026-06-25 07:02:00+00:00,24186.44921875,7359.89990234375,72527.5234375,23018.33984375,10427.259765625,24713.509765625,8973.580078125,4123.2646484375
2026-06-25 07:03:00+00:00,24189.75,7359.89990234375,72527.5234375,23031.169921875,10426.509765625,24789.060546875,8973.580078125,4123.2646484375
2026-06-25 07:04:00+00:00,24189.55078125,7359.89990234375,72527.5234375,23023.380859375,10427.7197265625,24769.470703125,8973.580078125,4123.2646484375
2026-06-25 07:05:00+00:00,24198.05078125,7359.89990234375,72527.5234375,23023.560546875,10436.3701171875,24769.01953125,8973.580078125,4123.2646484375
2026-06-25 07:06:00+00:00,24202.55078125,7359.89990234375,72527.5234375,23026.25,10438.6796875,24769.1796875,8973.580078125,4123.2646484375
2026-06-25 07:07:00+00:00,24199.849609375,7359.89990234375,72527.5234375,23026.630859375,10438.6796875,24783.740234375,8973.580078125,4123.2646484375
2026-06-25 07:08:00+00:00,24203.25,7359.89990234375,72527.5234375,23035.6796875,10439.91015625,24804.169921875,8973.580078125,4123.2646484375
2026-06-25 07:09:00+00:00,24207.099609375,7359.89990234375,72527.5234375,23034.630859375,10444.240234375,24807.240234375,8973.580078125,4123.2646484375
2026-06-25 07:10:00+00:00,24201.69921875,7359.89990234375,72527.5234375,23049.4609375,10450.7900390625,24808.48046875,8973.580078125,4123.2646484375
2026-06-25 07:11:00+00:00,24199.75,7359.89990234375,72527.5234375,23051.73046875,10452.900390625,24809.650390625,8973.580078125,4123.2646484375
2026-06-25 07:12:00+00:00,24199.099609375,7359.89990234375,72527.5234375,23048.41015625,10454.6796875,24802.080078125,8973.580078125,4123.2646484375
2026-06-25 07:13:00+00:00,24197.5,7359.89990234375,72527.5234375,23044.119140625,10455.6103515625,24810.169921875,8973.580078125,4123.2646484375
2026-06-25 07:14:00+00:00,24193.150390625,7359.89990234375,72527.5234375,23034.419921875,10456.2197265625,24814.419921875,8973.580078125,4123.2646484375
2026-06-25 07:15:00+00:00,24187.19921875,7359.89990234375,72527.5234375,23038.1796875,10458.9697265625,24828.7109375,8973.580078125,4123.2646484375
2026-06-25 07:16:00+00:00,24189.30078125,7359.89990234375,72527.5234375,23043.0703125,10462.1201171875,24836.259765625,8973.580078125,4123.2646484375
2026-06-25 07:17:00+00:00,24188.650390625,7359.89990234375,72527.5234375,23041.419921875,10461.3701171875,24839.73046875,8973.580078125,4123.2646484375
2026-06-25 07:18:00+00:00,24192.05078125,7359.89990234375,72527.5234375,23036.689453125,10456.919921875,24836.759765625,8973.580078125,4123.2646484375
2026-06-25 07:19:00+00:00,24193.599609375,7359.89990234375,72527.5234375,23037.849609375,10457.3203125,24830.0390625,8973.580078125,4123.2646484375
2026-06-25 07:20:00+00:00,24191.44921875,7359.89990234375,72527.5234375,23054.19921875,10454.7197265625,24827.26953125,8973.580078125,4123.2646484375
2026-06-25 07:21:00+00:00,24193.0,7359.89990234375,72527.5234375,23057.94921875,10456.8798828125,24826.48046875,8973.580078125,4123.2646484375
2026-06-25 07:22:00+00:00,24194.150390625,7359.89990234375,72527.5234375,23056.529296875,10457.5400390625,24829.7890625,8973.580078125,4123.2646484375
2026-06-25 07:23:00+00:00,24197.0,7359.89990234375,72527.5234375,23055.9296875,10459.0400390625,24829.740234375,8973.580078125,4123.2646484375
2026-06-25 07:24:00+00:00,24199.05078125,7359.89990234375,72527.5234375,23051.849609375,10458.759765625,24829.369140625,8973.580078125,4123.2646484375
2026-06-25 07:25:00+00:00,24197.75,7359.89990234375,72527.5234375,23047.9609375,10455.98046875,24814.98046875,8973.580078125,4123.2646484375
2026-06-25 07:26:00+00:00,24194.05078125,7359.89990234375,72527.5234375,23037.01953125,10456.4404296875,24813.169921875,8973.580078125,4123.2646484375
2026-06-25 07:27:00+00:00,24196.55078125,7359.89990234375,72527.5234375,23035.66015625,10457.7900390625,24814.580078125,8973.580078125,4123.2646484375
2026-06-25 07:28:00+00:00,24192.44921875,7359.89990234375,72527.5234375,23028.91015625,10459.8798828125,24821.51953125,8973.580078125,4123.2646484375
2026-06-25 07:29:00+00:00,24196.900390625,7359.89990234375,72527.5234375,23018.630859375,10464.4697265625,24815.19921875,8973.580078125,4123.2646484375
2026-06-25 07:30:00+00:00,24192.05078125,7359.89990234375,72527.5234375,23024.7109375,10466.240234375,24815.970703125,8973.580078125,4123.2646484375
2026-06-25 07:31:00+00:00,24196.150390625,7359.89990234375,72527.5234375,23029.5390625,10470.3896484375,24822.4296875,8973.580078125,4123.2646484375
2026-06-25 07:32:00+00:00,24203.80078125,7359.89990234375,72527.5234375,23031.240234375,10472.349609375,24827.0390625,8973.580078125,4123.2646484375
2026-06-25 07:33:00+00:00,24209.099609375,7359.89990234375,72527.5234375,23042.05078125,10471.08984375,24826.33984375,8973.580078125,4123.2646484375
2026-06-25 07:34:00+00:00,24203.55078125,7359.89990234375,72527.5234375,23047.69921875,10470.1201171875,24820.91015625,8973.580078125,4123.2646484375
2026-06-25 07:35:00+00:00,24202.150390625,7359.89990234375,72527.5234375,23045.630859375,10471.7998046875,24821.849609375,8973.580078125,4123.2646484375
2026-06-25 07:36:00+00:00,24201.5,7359.89990234375,72527.5234375,23032.630859375,10473.6796875,24824.900390625,8973.580078125,4123.2646484375
2026-06-25 07:37:00+00:00,24196.44921875,7359.89990234375,72527.5234375,23029.5,10473.759765625,24830.419921875,8973.580078125,4123.2646484375
2026-06-25 07:38:00+00:00,24192.30078125,7359.89990234375,72527.5234375,23045.490234375,10475.3095703125,24833.759765625,8973.580078125,4123.2646484375
2026-06-25 07:39:00+00:00,24195.849609375,7359.89990234375,72527.5234375,23053.490234375,10477.4296875,24839.490234375,8973.580078125,4123.2646484375
2026-06-25 07:40:00+00:00,24198.849609375,7359.89990234375,72527.5234375,23046.80078125,10477.740234375,24835.599609375,8973.580078125,4123.2646484375
2026-06-25 07:41:00+00:00,24193.55078125,7359.89990234375,72527.5234375,23056.23046875,10476.8798828125,24825.349609375,8973.580078125,4123.2646484375
2026-06-25 07:42:00+00:00,24187.80078125,7359.89990234375,72527.5234375,23052.41015625,10473.75,24826.330078125,8973.580078125,4123.2646484375
2026-06-25 07:43:00+00:00,24182.25,7359.89990234375,72527.5234375,23047.900390625,10475.26953125,24837.330078125,8973.580078125,4123.2646484375
2026-06-25 07:44:00+00:00,24172.849609375,7359.89990234375,72527.5234375,23040.58984375,10473.3203125,24825.859375,8973.580078125,4123.2646484375
2026-06-25 07:45:00+00:00,24175.05078125,7359.89990234375,72527.5234375,23038.109375,10470.8203125,24824.759765625,8973.580078125,4123.2646484375
2026-06-25 07:46:00+00:00,24177.400390625,7359.89990234375,72527.5234375,23032.4609375,10471.73046875,24825.759765625,8973.580078125,4123.2646484375
2026-06-25 07:47:00+00:00,24180.5,7359.89990234375,72527.5234375,23041.130859375,10469.51953125,24830.720703125,8973.580078125,4123.2646484375
2026-06-25 07:48:00+00:00,24185.80078125,7359.89990234375,72527.5234375,23043.44921875,10466.48046875,24833.94921875,8973.580078125,4123.2646484375
2026-06-25 07:49:00+00:00,24196.5,7359.89990234375,72527.5234375,23048.55078125,10468.099609375,24833.01953125,8973.580078125,4123.2646484375
2026-06-25 07:50:00+00:00,24195.150390625,7359.89990234375,72527.5234375,23051.130859375,10468.7099609375,24833.599609375,8973.580078125,4123.2646484375
2026-06-25 07:51:00+00:00,24191.30078125,7359.89990234375,72527.5234375,23063.169921875,10468.9404296875,24834.8203125,8973.580078125,4123.2646484375
2026-06-25 07:52:00+00:00,24191.599609375,7359.89990234375,72527.5234375,23067.2890625,10468.4404296875,24833.8203125,8973.580078125,4123.2646484375
2026-06-25 07:53:00+00:00,24193.44921875,7359.89990234375,72527.5234375,23070.9609375,10469.740234375,24836.029296875,8973.580078125,4123.2646484375
2026-06-25 07:54:00+00:00,24189.55078125,7359.89990234375,72527.5234375,23070.390625,10467.91015625,24831.7890625,8973.580078125,4123.2646484375
2026-06-25 07:55:00+00:00,24185.19921875,7359.89990234375,72527.5234375,23063.5,10471.1201171875,24833.130859375,8973.580078125,4123.2646484375
2026-06-25 07:56:00+00:00,24184.19921875,7359.89990234375,72527.5234375,23066.23046875,10470.990234375,24837.630859375,8973.580078125,4123.2646484375
2026-06-25 07:57:00+00:00,24178.900390625,7359.89990234375,72527.5234375,23063.119140625,10469.5302734375,24841.9609375,8973.580078125,4123.2646484375
2026-06-25 07:58:00+00:00,24183.25,7359.89990234375,72527.5234375,23073.01953125,10471.2900390625,24850.3203125,8973.580078125,4123.2646484375
2026-06-25 07:59:00+00:00,24181.599609375,7359.89990234375,72527.5234375,23089.1796875,10470.650390625,24859.240234375,8973.580078125,4123.2646484375
2026-06-25 08:00:00+00:00,24178.849609375,7359.89990234375,72527.5234375,23090.08984375,10469.3896484375,24860.48046875,8973.580078125,4123.2646484375
2026-06-25 08:01:00+00:00,24181.0,7359.89990234375,72527.5234375,23090.08984375,10470.41015625,24869.279296875,8973.580078125,4123.2646484375
2026-06-25 08:02:00+00:00,24184.599609375,7359.89990234375,72527.5234375,23090.08984375,10470.349609375,24867.33984375,8973.580078125,4123.2646484375
2026-06-25 08:03:00+00:00,24188.30078125,7359.89990234375,72527.5234375,23090.08984375,10468.9404296875,24860.7109375,8973.580078125,4123.2646484375
2026-06-25 08:04:00+00:00,24192.099609375,7359.89990234375,72527.5234375,23090.08984375,10470.66015625,24857.6796875,8973.580078125,4123.2646484375
2026-06-25 08:05:00+00:00,24195.099609375,7359.89990234375,72527.5234375,23090.08984375,10476.2197265625,24863.150390625,8973.580078125,4123.2646484375
2026-06-25 08:06:00+00:00,24192.150390625,7359.89990234375,72527.5234375,23090.08984375,10475.169921875,24864.66015625,8973.580078125,4123.2646484375
2026-06-25 08:07:00+00:00,24192.5,7359.89990234375,72527.5234375,23090.08984375,10475.48046875,24871.880859375,8973.580078125,4123.2646484375
2026-06-25 08:08:00+00:00,24192.05078125,7359.89990234375,72527.5234375,23076.91015625,10474.580078125,24868.939453125,8973.580078125,4123.2646484375
2026-06-25 08:09:00+00:00,24199.44921875,7359.89990234375,72527.5234375,23076.91015625,10475.1796875,24869.810546875,8973.580078125,4123.2646484375
2026-06-25 08:10:00+00:00,24208.150390625,7359.89990234375,72527.5234375,23076.91015625,10475.9599609375,24866.08984375,8973.580078125,4123.2646484375
2026-06-25 08:11:00+00:00,24208.80078125,7359.89990234375,72527.5234375,23076.91015625,10475.759765625,24860.26953125,8973.580078125,4123.2646484375
2026-06-25 08:12:00+00:00,24206.55078125,7359.89990234375,72527.5234375,23076.91015625,10478.2998046875,24862.109375,8973.580078125,4123.2646484375
2026-06-25 08:13:00+00:00,24202.80078125,7359.89990234375,72527.5234375,23076.91015625,10478.0595703125,24855.779296875,8973.580078125,4123.2646484375
2026-06-25 08:14:00+00:00,24200.5,7359.89990234375,72527.5234375,23076.91015625,10478.1396484375,24854.80078125,8973.580078125,4123.2646484375
2026-06-25 08:15:00+00:00,24200.400390625,7359.89990234375,72527.5234375,23076.91015625,10474.599609375,24845.419921875,8973.580078125,4123.2646484375
2026-06-25 08:16:00+00:00,24198.349609375,7359.89990234375,72527.5234375,23076.91015625,10472.6904296875,24833.33984375,8973.580078125,4123.2646484375
2026-06-25 08:17:00+00:00,24206.099609375,7359.89990234375,72527.5234375,23076.91015625,10473.3603515625,24841.1796875,8973.580078125,4123.2646484375
2026-06-25 08:18:00+00:00,24205.55078125,7359.89990234375,72527.5234375,23076.91015625,10472.7900390625,24838.630859375,8973.580078125,4123.2646484375
2026-06-25 08:19:00+00:00,24202.69921875,7359.89990234375,72527.5234375,23076.91015625,10476.740234375,24846.439453125,8973.580078125,4123.2646484375
2026-06-25 08:20:00+00:00,24200.5,7359.89990234375,72527.5234375,23076.91015625,10476.3095703125,24846.55078125,8973.580078125,4123.2646484375
2026-06-25 08:21:00+00:00,24200.150390625,7359.89990234375,72527.5234375,23076.91015625,10478.330078125,24862.970703125,8973.580078125,4123.2646484375
2026-06-25 08:22:00+00:00,24203.349609375,7359.89990234375,72527.5234375,23076.91015625,10479.6103515625,24858.529296875,8973.580078125,4123.2646484375
2026-06-25 08:23:00+00:00,24195.80078125,7359.89990234375,72527.5234375,23076.91015625,10478.3798828125,24856.869140625,8973.580078125,4123.2646484375
2026-06-25 08:24:00+00:00,24189.55078125,7359.89990234375,72527.5234375,23076.91015625,10477.4296875,24852.75,8973.580078125,4123.2646484375
2026-06-25 08:25:00+00:00,24187.19921875,7359.89990234375,72527.5234375,23076.91015625,10478.2900390625,24855.75,8973.580078125,4123.2646484375
2026-06-25 08:26:00+00:00,24186.650390625,7359.89990234375,72527.5234375,23076.91015625,10477.9697265625,24855.05078125,8973.580078125,4123.2646484375
2026-06-25 08:27:00+00:00,24176.25,7359.89990234375,72527.5234375,23076.91015625,10478.2998046875,24854.16015625,8973.580078125,4123.2646484375
2026-06-25 08:28:00+00:00,24185.55078125,7359.89990234375,72527.5234375,23076.91015625,10480.0498046875,24863.8203125,8973.580078125,4123.2646484375
2026-06-25 08:29:00+00:00,24179.5,7359.89990234375,72527.5234375,23076.91015625,10480.3798828125,24858.169921875,8973.580078125,4123.2646484375
2026-06-25 08:30:00+00:00,24176.150390625,7359.89990234375,72527.5234375,23076.91015625,10482.9599609375,24860.439453125,8973.580078125,4123.2646484375
2026-06-25 08:31:00+00:00,24178.650390625,7359.89990234375,72527.5234375,23076.91015625,10482.4599609375,24864.05078125,8973.580078125,4123.2646484375
2026-06-25 08:32:00+00:00,24177.650390625,7359.89990234375,72527.5234375,23076.91015625,10483.1396484375,24865.94921875,8973.580078125,4123.2646484375
2026-06-25 08:33:00+00:00,24184.849609375,7359.89990234375,72527.5234375,23076.91015625,10485.169921875,24872.849609375,8973.580078125,4123.2646484375
2026-06-25 08:34:00+00:00,24184.05078125,7359.89990234375,72527.5234375,23076.91015625,10488.73046875,24872.029296875,8973.580078125,4123.2646484375
2026-06-25 08:35:00+00:00,24180.30078125,7359.89990234375,72527.5234375,23076.91015625,10488.5703125,24875.419921875,8973.580078125,4123.2646484375
2026-06-25 08:36:00+00:00,24182.650390625,7359.89990234375,72527.5234375,23076.91015625,10488.2998046875,24883.029296875,8973.580078125,4123.2646484375
2026-06-25 08:37:00+00:00,24179.75,7359.89990234375,72527.5234375,23076.91015625,10487.900390625,24885.939453125,8973.580078125,4123.2646484375
2026-06-25 08:38:00+00:00,24179.5,7359.89990234375,72527.5234375,23076.91015625,10485.1298828125,24886.619140625,8973.580078125,4123.2646484375
2026-06-25 08:39:00+00:00,24172.900390625,7359.89990234375,72527.5234375,23076.91015625,10489.83984375,24891.599609375,8973.580078125,4123.2646484375
2026-06-25 08:40:00+00:00,24161.849609375,7359.89990234375,72527.5234375,23076.91015625,10490.6201171875,24893.80078125,8973.580078125,4123.2646484375
2026-06-25 08:41:00+00:00,24165.44921875,7359.89990234375,72527.5234375,23076.91015625,10491.58984375,24894.76953125,8973.580078125,4123.2646484375
2026-06-25 08:42:00+00:00,24155.25,7359.89990234375,72527.5234375,23076.91015625,10490.7197265625,24893.119140625,8973.580078125,4123.2646484375
2026-06-25 08:43:00+00:00,24139.80078125,7359.89990234375,72527.5234375,23076.91015625,10491.650390625,24895.5,8973.580078125,4123.2646484375
2026-06-25 08:44:00+00:00,24138.650390625,7359.89990234375,72527.5234375,23076.91015625,10488.51953125,24887.9296875,8973.580078125,4123.2646484375
2026-06-25 08:45:00+00:00,24114.349609375,7359.89990234375,72527.5234375,23076.91015625,10488.7998046875,24886.5,8973.580078125,4123.2646484375
2026-06-25 08:46:00+00:00,24118.849609375,7359.89990234375,72527.5234375,23076.91015625,10488.0595703125,24880.9296875,8973.580078125,4123.2646484375
2026-06-25 08:47:00+00:00,24132.0,7359.89990234375,72527.5234375,23076.91015625,10490.1298828125,24877.8203125,8973.580078125,4123.2646484375
2026-06-25 08:48:00+00:00,24120.849609375,7359.89990234375,72527.5234375,23076.91015625,10490.9697265625,24879.390625,8973.580078125,4123.2646484375
2026-06-25 08:49:00+00:00,24117.650390625,7359.89990234375,72527.5234375,23076.91015625,10492.1298828125,24882.30078125,8973.580078125,4123.2646484375
2026-06-25 08:50:00+00:00,24118.75,7359.89990234375,72527.5234375,23076.91015625,10492.2001953125,24883.669921875,8973.580078125,4123.2646484375
2026-06-25 08:51:00+00:00,24118.55078125,7359.89990234375,72527.5234375,23076.91015625,10491.98046875,24880.990234375,8973.580078125,4123.2646484375
2026-06-25 08:52:00+00:00,24122.5,7359.89990234375,72527.5234375,23076.91015625,10493.73046875,24878.91015625,8973.580078125,4123.2646484375
2026-06-25 08:53:00+00:00,24099.849609375,7359.89990234375,72527.5234375,23076.91015625,10492.919921875,24880.240234375,8973.580078125,4123.2646484375
2026-06-25 08:54:00+00:00,24110.69921875,7359.89990234375,72527.5234375,23076.91015625,10493.16015625,24879.529296875,8973.580078125,4123.2646484375
2026-06-25 08:55:00+00:00,24097.75,7359.89990234375,72527.5234375,23076.91015625,10491.5595703125,24883.900390625,8973.580078125,4123.2646484375
2026-06-25 08:56:00+00:00,24099.349609375,7359.89990234375,72527.5234375,23076.91015625,10490.6201171875,24874.310546875,8973.580078125,4123.2646484375
2026-06-25 08:57:00+00:00,24101.400390625,7359.89990234375,72527.5234375,23076.91015625,10491.8095703125,24874.5,8973.580078125,4123.2646484375
2026-06-25 08:58:00+00:00,24097.349609375,7359.89990234375,72527.5234375,23076.91015625,10493.5302734375,24875.41015625,8973.580078125,4123.2646484375
2026-06-25 08:59:00+00:00,24108.0,7359.89990234375,72527.5234375,23076.91015625,10492.1201171875,24877.76953125,8973.580078125,4123.2646484375
2026-06-25 09:00:00+00:00,24117.349609375,7359.89990234375,72527.5234375,23076.91015625,10492.6103515625,24883.19921875,8973.580078125,4123.2646484375
2026-06-25 09:01:00+00:00,24109.849609375,7359.89990234375,72527.5234375,23076.91015625,10493.2197265625,24878.4296875,8973.580078125,4123.2646484375
2026-06-25 09:02:00+00:00,24106.5,7359.89990234375,72527.5234375,23076.91015625,10496.6103515625,24884.609375,8973.580078125,4123.2646484375
2026-06-25 09:03:00+00:00,24104.75,7359.89990234375,72527.5234375,23076.91015625,10498.9697265625,24889.150390625,8973.580078125,4123.2646484375
2026-06-25 09:04:00+00:00,24105.849609375,7359.89990234375,72527.5234375,23076.91015625,10498.7802734375,24892.01953125,8973.580078125,4123.2646484375
2026-06-25 09:05:00+00:00,24125.349609375,7359.89990234375,72527.5234375,23076.91015625,10500.48046875,24899.599609375,8973.580078125,4123.2646484375
2026-06-25 09:06:00+00:00,24114.44921875,7359.89990234375,72527.5234375,23076.91015625,10502.669921875,24902.599609375,8973.580078125,4123.2646484375
2026-06-25 09:07:00+00:00,24112.150390625,7359.89990234375,72527.5234375,23076.91015625,10501.509765625,24904.5703125,8973.580078125,4123.2646484375
2026-06-25 09:08:00+00:00,24104.75,7359.89990234375,72527.5234375,23076.91015625,10501.3603515625,24898.630859375,8973.580078125,4123.2646484375
2026-06-25 09:09:00+00:00,24100.80078125,7359.89990234375,72527.5234375,23076.91015625,10501.740234375,24899.4609375,8973.580078125,4123.2646484375
2026-06-25 09:10:00+00:00,24107.94921875,7359.89990234375,72527.5234375,23076.91015625,10502.6201171875,24890.9609375,8973.580078125,4123.2646484375
2026-06-25 09:11:00+00:00,24101.150390625,7359.89990234375,72527.5234375,23076.91015625,10502.5498046875,24900.66015625,8973.580078125,4123.2646484375
2026-06-25 09:12:00+00:00,24081.849609375,7359.89990234375,72527.5234375,23076.91015625,10504.33984375,24909.5390625,8973.580078125,4123.2646484375
2026-06-25 09:13:00+00:00,24070.55078125,7359.89990234375,72527.5234375,23076.91015625,10505.73046875,24912.380859375,8973.580078125,4123.2646484375
2026-06-25 09:14:00+00:00,24071.05078125,7359.89990234375,72527.5234375,23076.91015625,10505.5302734375,24911.880859375,8973.580078125,4123.2646484375
2026-06-25 09:15:00+00:00,24082.349609375,7359.89990234375,72527.5234375,23076.91015625,10502.6796875,24907.1796875,8973.580078125,4123.2646484375
2026-06-25 09:16:00+00:00,24083.849609375,7359.89990234375,72527.5234375,23076.91015625,10505.58984375,24914.2890625,8973.580078125,4123.2646484375
2026-06-25 09:17:00+00:00,24089.30078125,7359.89990234375,72527.5234375,23076.91015625,10499.0703125,24902.259765625,8973.580078125,4123.2646484375
2026-06-25 09:18:00+00:00,24087.30078125,7359.89990234375,72527.5234375,23076.91015625,10495.2001953125,24892.279296875,8973.580078125,4123.2646484375
2026-06-25 09:19:00+00:00,24072.75,7359.89990234375,72527.5234375,23076.91015625,10495.919921875,24887.30078125,8973.580078125,4123.2646484375
2026-06-25 09:20:00+00:00,24080.05078125,7359.89990234375,72527.5234375,23076.91015625,10495.58984375,24887.189453125,8973.580078125,4123.2646484375
2026-06-25 09:21:00+00:00,24084.150390625,7359.89990234375,72527.5234375,23076.91015625,10496.580078125,24890.060546875,8973.580078125,4123.2646484375
2026-06-25 09:22:00+00:00,24092.099609375,7359.89990234375,72527.5234375,23076.91015625,10494.1904296875,24893.130859375,8973.580078125,4123.2646484375
2026-06-25 09:23:00+00:00,24112.05078125,7359.89990234375,72527.5234375,23076.91015625,10491.8203125,24889.80078125,8973.580078125,4123.2646484375
2026-06-25 09:24:00+00:00,24102.94921875,7359.89990234375,72527.5234375,23076.91015625,10490.9404296875,24890.23046875,8973.580078125,4123.2646484375
2026-06-25 09:25:00+00:00,24104.05078125,7359.89990234375,72527.5234375,23076.91015625,10491.1103515625,24887.05078125,8973.580078125,4123.2646484375
2026-06-25 09:26:00+00:00,24100.44921875,7359.89990234375,72527.5234375,23076.91015625,10491.099609375,24887.73046875,8973.580078125,4123.2646484375
2026-06-25 09:27:00+00:00,24095.5,7359.89990234375,72527.5234375,23076.91015625,10490.4697265625,24886.009765625,8973.580078125,4123.2646484375
2026-06-25 09:28:00+00:00,24096.05078125,7359.89990234375,72527.5234375,23076.91015625,10490.5498046875,24888.099609375,8973.580078125,4123.2646484375
2026-06-25 09:29:00+00:00,24090.0,7359.89990234375,72527.5234375,23076.91015625,10491.1103515625,24889.26953125,8973.580078125,4123.2646484375
2026-06-25 09:30:00+00:00,24060.94921875,7359.89990234375,72527.5234375,23076.91015625,10490.9296875,24881.5703125,8973.580078125,4123.2646484375
2026-06-25 09:31:00+00:00,24060.80078125,7359.89990234375,72527.5234375,23076.91015625,10486.8603515625,24879.080078125,8973.580078125,4123.2646484375
2026-06-25 09:32:00+00:00,24055.349609375,7359.89990234375,72527.5234375,23076.91015625,10487.599609375,24878.900390625,8973.580078125,4123.2646484375
2026-06-25 09:33:00+00:00,24053.5,7359.89990234375,72527.5234375,23076.91015625,10488.5400390625,24880.9609375,8973.580078125,4123.2646484375
2026-06-25 09:34:00+00:00,24059.94921875,7359.89990234375,72527.5234375,23076.91015625,10488.3095703125,24877.400390625,8973.580078125,4123.2646484375
2026-06-25 09:35:00+00:00,24062.19921875,7359.89990234375,72527.5234375,23076.91015625,10488.900390625,24887.009765625,8973.580078125,4123.2646484375
2026-06-25 09:36:00+00:00,24071.099609375,7359.89990234375,72527.5234375,23076.91015625,10488.240234375,24895.7109375,8973.580078125,4123.2646484375
2026-06-25 09:37:00+00:00,24068.80078125,7359.89990234375,72527.5234375,23076.91015625,10488.7197265625,24901.240234375,8973.580078125,4123.2646484375
2026-06-25 09:38:00+00:00,24069.55078125,7359.89990234375,72527.5234375,23076.91015625,10490.0498046875,24907.189453125,8973.580078125,4123.2646484375
2026-06-25 09:39:00+00:00,24060.099609375,7359.89990234375,72527.5234375,23076.91015625,10489.83984375,24905.130859375,8973.580078125,4123.2646484375
2026-06-25 09:40:00+00:00,24068.400390625,7359.89990234375,72527.5234375,23076.91015625,10489.7900390625,24901.33984375,8973.580078125,4123.2646484375
2026-06-25 09:41:00+00:00,24056.55078125,7359.89990234375,72527.5234375,23076.91015625,10489.01953125,24898.05078125,8973.580078125,4123.2646484375
2026-06-25 09:42:00+00:00,24057.849609375,7359.89990234375,72527.5234375,23076.91015625,10485.2197265625,24898.240234375,8973.580078125,4123.2646484375
2026-06-25 09:43:00+00:00,24060.650390625,7359.89990234375,72527.5234375,23076.91015625,10485.1904296875,24900.630859375,8973.580078125,4123.2646484375
2026-06-25 09:44:00+00:00,24055.30078125,7359.89990234375,72527.5234375,23076.91015625,10484.7001953125,24900.76953125,8973.580078125,4123.2646484375
2026-06-25 09:45:00+00:00,24048.94921875,7359.89990234375,72527.5234375,23076.91015625,10483.080078125,24895.509765625,8973.580078125,4123.2646484375
2026-06-25 09:46:00+00:00,24064.849609375,7359.89990234375,72527.5234375,23076.91015625,10482.9501953125,24893.30078125,8973.580078125,4123.2646484375
2026-06-25 09:47:00+00:00,24052.849609375,7359.89990234375,72527.5234375,23076.91015625,10483.3095703125,24895.8203125,8973.580078125,4123.2646484375
2026-06-25 09:48:00+00:00,24053.55078125,7359.89990234375,72527.5234375,23076.91015625,10484.0703125,24895.470703125,8973.580078125,4123.2646484375
2026-06-25 09:49:00+00:00,24058.55078125,7359.89990234375,72527.5234375,23076.91015625,10485.3603515625,24896.119140625,8973.580078125,4123.2646484375
2026-06-25 09:50:00+00:00,24048.349609375,7359.89990234375,72527.5234375,23076.91015625,10485.7197265625,24892.890625,8973.580078125,4123.2646484375
2026-06-25 09:51:00+00:00,24040.55078125,7359.89990234375,72527.5234375,23076.91015625,10486.7197265625,24897.94921875,8973.580078125,4123.2646484375
2026-06-25 09:52:00+00:00,24042.30078125,7359.89990234375,72527.5234375,23076.91015625,10489.900390625,24907.029296875,8973.580078125,4123.2646484375
2026-06-25 09:53:00+00:00,24045.599609375,7359.89990234375,72527.5234375,23076.91015625,10490.8095703125,24914.73046875,8973.580078125,4123.2646484375
2026-06-25 09:54:00+00:00,24047.900390625,7359.89990234375,72527.5234375,23076.91015625,10492.08984375,24913.30078125,8973.580078125,4123.2646484375
2026-06-25 09:55:00+00:00,24042.599609375,7359.89990234375,72527.5234375,23076.91015625,10490.8603515625,24909.619140625,8973.580078125,4123.2646484375
2026-06-25 09:56:00+00:00,24044.75,7359.89990234375,72527.5234375,23076.91015625,10491.41015625,24911.8203125,8973.580078125,4123.2646484375
2026-06-25 09:57:00+00:00,24052.19921875,7359.89990234375,72527.5234375,23076.91015625,10492.3095703125,24902.98046875,8973.580078125,4123.2646484375
2026-06-25 09:58:00+00:00,24048.69921875,7359.89990234375,72527.5234375,23076.91015625,10492.98046875,24909.169921875,8973.580078125,4123.2646484375
2026-06-25 09:59:00+00:00,24052.80078125,7359.89990234375,72527.5234375,23076.91015625,10491.259765625,24910.720703125,8973.580078125,4123.2646484375
2026-06-25 10:00:00+00:00,24052.80078125,7359.89990234375,72527.5234375,23076.91015625,10491.1904296875,24905.009765625,8973.580078125,4123.2646484375
2026-06-25 10:01:00+00:00,24052.80078125,7359.89990234375,72527.5234375,23076.91015625,10491.0595703125,24909.439453125,8973.580078125,4123.2646484375
2026-06-25 10:02:00+00:00,24052.80078125,7359.89990234375,72527.5234375,23076.91015625,10491.6103515625,24912.05078125,8973.580078125,4123.2646484375
2026-06-25 10:03:00+00:00,24052.80078125,7359.89990234375,72527.5234375,23076.91015625,10494.2802734375,24918.3203125,8973.580078125,4123.2646484375
2026-06-25 10:04:00+00:00,24052.80078125,7359.89990234375,72527.5234375,23076.91015625,10493.73046875,24923.30078125,8973.580078125,4123.2646484375
2026-06-25 10:05:00+00:00,24052.80078125,7359.89990234375,72527.5234375,23076.91015625,10495.2197265625,24921.099609375,8973.580078125,4123.2646484375
2026-06-25 10:06:00+00:00,24052.80078125,7359.89990234375,72527.5234375,23076.91015625,10495.5400390625,24923.69921875,8973.580078125,4123.2646484375
2026-06-25 10:07:00+00:00,24052.80078125,7359.89990234375,72527.5234375,23076.91015625,10495.9697265625,24925.099609375,8973.580078125,4123.2646484375
2026-06-25 10:08:00+00:00,24052.80078125,7359.89990234375,72527.5234375,23076.91015625,10495.3095703125,24921.51953125,8973.580078125,4123.2646484375
2026-06-25 10:09:00+00:00,24052.80078125,7359.89990234375,72527.5234375,23076.91015625,10496.48046875,24919.080078125,8973.580078125,4123.2646484375
2026-06-25 10:10:00+00:00,24052.80078125,7359.89990234375,72527.5234375,23076.91015625,10496.169921875,24915.83984375,8973.580078125,4123.2646484375
2026-06-25 10:11:00+00:00,24052.80078125,7359.89990234375,72527.5234375,23076.91015625,10495.48046875,24912.0,8973.580078125,4123.2646484375
2026-06-25 10:12:00+00:00,24052.80078125,7359.89990234375,72527.5234375,23076.91015625,10494.9296875,24913.310546875,8973.580078125,4123.2646484375
2026-06-25 10:13:00+00:00,24052.80078125,7359.89990234375,72527.5234375,23076.91015625,10496.9296875,24910.080078125,8973.580078125,4123.2646484375
2026-06-25 10:14:00+00:00,24052.80078125,7359.89990234375,72527.5234375,23076.91015625,10496.349609375,24900.650390625,8973.580078125,4123.2646484375
2026-06-25 10:15:00+00:00,24052.80078125,7359.89990234375,72527.5234375,23076.91015625,10498.4404296875,24905.6796875,8973.580078125,4123.2646484375
2026-06-25 10:16:00+00:00,24052.80078125,7359.89990234375,72527.5234375,23076.91015625,10500.5302734375,24908.859375,8973.580078125,4123.2646484375
2026-06-25 10:17:00+00:00,24052.80078125,7359.89990234375,72527.5234375,23076.91015625,10497.51953125,24903.76953125,8973.580078125,4123.2646484375
2026-06-25 10:18:00+00:00,24052.80078125,7359.89990234375,72527.5234375,23076.91015625,10496.01953125,24900.51953125,8973.580078125,4123.2646484375
2026-06-25 10:19:00+00:00,24052.80078125,7359.89990234375,72527.5234375,23076.91015625,10494.8203125,24898.5703125,8973.580078125,4123.2646484375
2026-06-25 10:20:00+00:00,24052.80078125,7359.89990234375,72527.5234375,23076.91015625,10493.6103515625,24889.720703125,8973.580078125,4123.2646484375
2026-06-25 10:21:00+00:00,24052.80078125,7359.89990234375,72527.5234375,23076.91015625,10494.0400390625,24899.08984375,8973.580078125,4123.2646484375
2026-06-25 10:22:00+00:00,24052.80078125,7359.89990234375,72527.5234375,23076.91015625,10495.73046875,24906.630859375,8973.580078125,4123.2646484375
2026-06-25 10:23:00+00:00,24052.80078125,7359.89990234375,72527.5234375,23076.91015625,10494.8896484375,24912.169921875,8973.580078125,4123.2646484375
2026-06-25 10:24:00+00:00,24052.80078125,7359.89990234375,72527.5234375,23076.91015625,10495.400390625,24911.919921875,8973.580078125,4123.2646484375
2026-06-25 10:25:00+00:00,24052.80078125,7359.89990234375,72527.5234375,23076.91015625,10496.330078125,24910.26953125,8973.580078125,4123.2646484375
2026-06-25 10:26:00+00:00,24052.80078125,7359.89990234375,72527.5234375,23076.91015625,10495.7802734375,24910.939453125,8973.580078125,4123.2646484375
2026-06-25 10:27:00+00:00,24052.80078125,7359.89990234375,72527.5234375,23076.91015625,10496.080078125,24918.609375,8973.580078125,4123.2646484375
2026-06-25 10:28:00+00:00,24052.80078125,7359.89990234375,72527.5234375,23076.91015625,10495.830078125,24915.51953125,8973.580078125,4123.2646484375
2026-06-25 10:29:00+00:00,24052.80078125,7359.89990234375,72527.5234375,23076.91015625,10496.66015625,24911.7109375,8973.580078125,4123.2646484375
2026-06-25 10:30:00+00:00,24052.80078125,7359.89990234375,72527.5234375,23076.91015625,10495.6904296875,24899.599609375,8973.580078125,4123.2646484375
2026-06-25 10:31:00+00:00,24052.80078125,7359.89990234375,72527.5234375,23076.91015625,10497.240234375,24904.490234375,8973.580078125,4123.2646484375
2026-06-25 10:32:00+00:00,24052.80078125,7359.89990234375,72527.5234375,23076.91015625,10496.349609375,24907.310546875,8973.580078125,4123.2646484375
2026-06-25 10:33:00+00:00,24052.80078125,7359.89990234375,72527.5234375,23076.91015625,10496.2001953125,24906.3203125,8973.580078125,4123.2646484375
2026-06-25 10:34:00+00:00,24052.80078125,7359.89990234375,72527.5234375,23076.91015625,10496.25,24908.48046875,8973.580078125,4123.2646484375
2026-06-25 10:35:00+00:00,24052.80078125,7359.89990234375,72527.5234375,23076.91015625,10495.7802734375,24907.939453125,8973.580078125,4123.2646484375
2026-06-25 10:36:00+00:00,24052.80078125,7359.89990234375,72527.5234375,23076.91015625,10494.26953125,24911.029296875,8973.580078125,4123.2646484375
2026-06-25 10:37:00+00:00,24052.80078125,7359.89990234375,72527.5234375,23076.91015625,10493.5498046875,24911.130859375,8973.580078125,4123.2646484375
2026-06-25 10:38:00+00:00,24052.80078125,7359.89990234375,72527.5234375,23076.91015625,10493.3203125,24915.560546875,8973.580078125,4123.2646484375
2026-06-25 10:39:00+00:00,24052.80078125,7359.89990234375,72527.5234375,23076.91015625,10493.01953125,24916.310546875,8973.580078125,4123.2646484375
2026-06-25 10:40:00+00:00,24052.80078125,7359.89990234375,72527.5234375,23076.91015625,10493.6201171875,24918.390625,8973.580078125,4123.2646484375
2026-06-25 10:41:00+00:00,24052.80078125,7359.89990234375,72527.5234375,23076.91015625,10494.9697265625,24913.08984375,8973.580078125,4123.2646484375
2026-06-25 10:42:00+00:00,24052.80078125,7359.89990234375,72527.5234375,23076.91015625,10495.6201171875,24917.5703125,8973.580078125,4123.2646484375
2026-06-25 10:43:00+00:00,24052.80078125,7359.89990234375,72527.5234375,23076.91015625,10495.150390625,24917.75,8973.580078125,4123.2646484375
2026-06-25 10:44:00+00:00,24052.80078125,7359.89990234375,72527.5234375,23076.91015625,10494.900390625,24908.740234375,8973.580078125,4123.2646484375
2026-06-25 10:45:00+00:00,24052.80078125,7359.89990234375,72527.5234375,23076.91015625,10494.73046875,24905.73046875,8973.580078125,4123.2646484375
2026-06-25 10:46:00+00:00,24052.80078125,7359.89990234375,72527.5234375,23076.91015625,10496.8798828125,24916.130859375,8973.580078125,4123.2646484375
2026-06-25 10:47:00+00:00,24052.80078125,7359.89990234375,72527.5234375,23076.91015625,10497.5703125,24917.7109375,8973.580078125,4123.2646484375
2026-06-25 10:48:00+00:00,24052.80078125,7359.89990234375,72527.5234375,23076.91015625,10500.169921875,24922.640625,8973.580078125,4123.2646484375
2026-06-25 10:49:00+00:00,24052.80078125,7359.89990234375,72527.5234375,23076.91015625,10501.0498046875,24924.400390625,8973.580078125,4123.2646484375
2026-06-25 10:50:00+00:00,24052.80078125,7359.89990234375,72527.5234375,23076.91015625,10501.580078125,24925.98046875,8973.580078125,4123.2646484375
2026-06-25 10:51:00+00:00,24052.80078125,7359.89990234375,72527.5234375,23076.91015625,10502.5400390625,24926.609375,8973.580078125,4123.2646484375
2026-06-25 10:52:00+00:00,24052.80078125,7359.89990234375,72527.5234375,23076.91015625,10500.6796875,24928.359375,8973.580078125,4123.2646484375
2026-06-25 10:53:00+00:00,24052.80078125,7359.89990234375,72527.5234375,23076.91015625,10499.7802734375,24927.41015625,8973.580078125,4123.2646484375
2026-06-25 10:54:00+00:00,24052.80078125,7359.89990234375,72527.5234375,23076.91015625,10500.6904296875,24924.9609375,8973.580078125,4123.2646484375
2026-06-25 10:55:00+00:00,24052.80078125,7359.89990234375,72527.5234375,23076.91015625,10500.330078125,24923.66015625,8973.580078125,4123.2646484375
2026-06-25 10:56:00+00:00,24052.80078125,7359.89990234375,72527.5234375,23076.91015625,10502.3896484375,24920.3203125,8973.580078125,4123.2646484375
2026-06-25 10:57:00+00:00,24052.80078125,7359.89990234375,72527.5234375,23076.91015625,10501.8603515625,24919.650390625,8973.580078125,4123.2646484375
2026-06-25 10:58:00+00:00,24052.80078125,7359.89990234375,72527.5234375,23076.91015625,10502.5400390625,24922.669921875,8973.580078125,4123.2646484375
2026-06-25 10:59:00+00:00,24052.80078125,7359.89990234375,72527.5234375,23076.91015625,10501.4697265625,24925.16015625,8973.580078125,4123.2646484375
2026-06-25 11:00:00+00:00,24052.80078125,7359.89990234375,72527.5234375,23076.91015625,10501.2900390625,24925.390625,8973.580078125,4123.2646484375
2026-06-25 11:01:00+00:00,24052.80078125,7359.89990234375,72527.5234375,23076.91015625,10502.849609375,24925.390625,8973.580078125,4123.2646484375
2026-06-25 11:02:00+00:00,24052.80078125,7359.89990234375,72527.5234375,23076.91015625,10503.6796875,24917.1796875,8973.580078125,4123.2646484375
2026-06-25 11:03:00+00:00,24052.80078125,7359.89990234375,72527.5234375,23076.91015625,10505.9404296875,24914.650390625,8973.580078125,4123.2646484375
2026-06-25 11:04:00+00:00,24052.80078125,7359.89990234375,72527.5234375,23076.91015625,10507.48046875,24918.630859375,8973.580078125,4123.2646484375
2026-06-25 11:05:00+00:00,24052.80078125,7359.89990234375,72527.5234375,23076.91015625,10505.8203125,24913.740234375,8973.580078125,4123.2646484375
2026-06-25 11:06:00+00:00,24052.80078125,7359.89990234375,72527.5234375,23076.91015625,10504.0400390625,24903.0703125,8973.580078125,4123.2646484375
2026-06-25 11:07:00+00:00,24052.80078125,7359.89990234375,72527.5234375,23076.91015625,10504.169921875,24899.189453125,8973.580078125,4123.2646484375
2026-06-25 11:08:00+00:00,24052.80078125,7359.89990234375,72527.5234375,23076.91015625,10505.0,24902.779296875,8973.580078125,4123.2646484375
2026-06-25 11:09:00+00:00,24052.80078125,7359.89990234375,72527.5234375,23076.91015625,10509.1796875,24902.23046875,8973.580078125,4123.2646484375
2026-06-25 11:10:00+00:00,24052.80078125,7359.89990234375,72527.5234375,23076.91015625,10510.580078125,24901.3203125,8973.580078125,4123.2646484375
2026-06-25 11:11:00+00:00,24052.80078125,7359.89990234375,72527.5234375,23076.91015625,10511.1904296875,24903.080078125,8973.580078125,4123.2646484375
2026-06-25 11:12:00+00:00,24052.80078125,7359.89990234375,72527.5234375,23076.91015625,10509.75,24903.1796875,8973.580078125,4123.2646484375
2026-06-25 11:13:00+00:00,24052.80078125,7359.89990234375,72527.5234375,23076.91015625,10510.4501953125,24901.23046875,8973.580078125,4123.2646484375
2026-06-25 11:14:00+00:00,24052.80078125,7359.89990234375,72527.5234375,23076.91015625,10510.75,24898.130859375,8973.580078125,4123.2646484375
2026-06-25 11:15:00+00:00,24052.80078125,7359.89990234375,72527.5234375,23076.91015625,10509.5400390625,24893.2109375,8973.580078125,4123.2646484375
2026-06-25 11:16:00+00:00,24052.80078125,7359.89990234375,72527.5234375,23076.91015625,10509.1298828125,24893.640625,8973.580078125,4123.2646484375
2026-06-25 11:17:00+00:00,24052.80078125,7359.89990234375,72527.5234375,23076.91015625,10509.3701171875,24892.890625,8973.580078125,4123.2646484375
2026-06-25 11:18:00+00:00,24052.80078125,7359.89990234375,72527.5234375,23076.91015625,10509.7001953125,24896.109375,8973.580078125,4123.2646484375
2026-06-25 11:19:00+00:00,24052.80078125,7359.89990234375,72527.5234375,23076.91015625,10506.66015625,24891.150390625,8973.580078125,4123.2646484375
2026-06-25 11:20:00+00:00,24052.80078125,7359.89990234375,72527.5234375,23076.91015625,10504.8095703125,24885.169921875,8973.580078125,4123.2646484375
2026-06-25 11:21:00+00:00,24052.80078125,7359.89990234375,72527.5234375,23076.91015625,10504.7802734375,24875.189453125,8973.580078125,4123.2646484375
2026-06-25 11:22:00+00:00,24052.80078125,7359.89990234375,72527.5234375,23076.91015625,10505.1396484375,24873.689453125,8973.580078125,4123.2646484375
2026-06-25 11:23:00+00:00,24052.80078125,7359.89990234375,72527.5234375,23076.91015625,10507.7099609375,24868.890625,8973.580078125,4123.2646484375
2026-06-25 11:24:00+00:00,24052.80078125,7359.89990234375,72527.5234375,23076.91015625,10507.990234375,24869.9296875,8973.580078125,4123.2646484375
2026-06-25 11:25:00+00:00,24052.80078125,7359.89990234375,72527.5234375,23076.91015625,10507.7197265625,24869.279296875,8973.580078125,4123.2646484375
2026-06-25 11:26:00+00:00,24052.80078125,7359.89990234375,72527.5234375,23076.91015625,10508.8896484375,24864.2890625,8973.580078125,4123.2646484375
2026-06-25 11:27:00+00:00,24052.80078125,7359.89990234375,72527.5234375,23076.91015625,10510.83984375,24870.25,8973.580078125,4123.2646484375
2026-06-25 11:28:00+00:00,24052.80078125,7359.89990234375,72527.5234375,23076.91015625,10512.8203125,24871.810546875,8973.580078125,4123.2646484375
2026-06-25 11:29:00+00:00,24052.80078125,7359.89990234375,72527.5234375,23076.91015625,10512.3701171875,24872.619140625,8973.580078125,4123.2646484375
2026-06-25 11:30:00+00:00,24052.80078125,7359.89990234375,72527.5234375,23076.91015625,10512.91015625,24870.470703125,8973.580078125,4123.2646484375
2026-06-25 11:31:00+00:00,24052.80078125,7359.89990234375,72527.5234375,23076.91015625,10513.6796875,24873.400390625,8973.580078125,4123.2646484375
2026-06-25 11:32:00+00:00,24052.80078125,7359.89990234375,72527.5234375,23076.91015625,10515.0,24877.220703125,8973.580078125,4123.2646484375
2026-06-25 11:33:00+00:00,24052.80078125,7359.89990234375,72527.5234375,23076.91015625,10517.76953125,24884.240234375,8973.580078125,4123.2646484375
2026-06-25 11:34:00+00:00,24052.80078125,7359.89990234375,72527.5234375,23076.91015625,10518.150390625,24886.099609375,8973.580078125,4123.2646484375
2026-06-25 11:35:00+00:00,24052.80078125,7359.89990234375,72527.5234375,23076.91015625,10519.4599609375,24891.30078125,8973.580078125,4123.2646484375
2026-06-25 11:36:00+00:00,24052.80078125,7359.89990234375,72527.5234375,23076.91015625,10517.1396484375,24891.689453125,8973.580078125,4123.2646484375
2026-06-25 11:37:00+00:00,24052.80078125,7359.89990234375,72527.5234375,23076.91015625,10516.3896484375,24888.75,8973.580078125,4123.2646484375
2026-06-25 11:38:00+00:00,24052.80078125,7359.89990234375,72527.5234375,23076.91015625,10517.0400390625,24895.69921875,8973.580078125,4123.2646484375
2026-06-25 11:39:00+00:00,24052.80078125,7359.89990234375,72527.5234375,23076.91015625,10520.5703125,24896.490234375,8973.580078125,4123.2646484375
2026-06-25 11:40:00+00:00,24052.80078125,7359.89990234375,72527.5234375,23076.91015625,10519.58984375,24893.01953125,8973.580078125,4123.2646484375
2026-06-25 11:41:00+00:00,24052.80078125,7359.89990234375,72527.5234375,23076.91015625,10519.1796875,24889.5703125,8973.580078125,4123.2646484375
2026-06-25 11:42:00+00:00,24052.80078125,7359.89990234375,72527.5234375,23076.91015625,10520.6396484375,24891.109375,8973.580078125,4123.2646484375
2026-06-25 11:43:00+00:00,24052.80078125,7359.89990234375,72527.5234375,23076.91015625,10520.01953125,24896.2109375,8973.580078125,4123.2646484375
2026-06-25 11:44:00+00:00,24052.80078125,7359.89990234375,72527.5234375,23076.91015625,10521.3701171875,24899.150390625,8973.580078125,4123.2646484375
2026-06-25 11:45:00+00:00,24052.80078125,7359.89990234375,72527.5234375,23076.91015625,10525.8701171875,24907.990234375,8973.580078125,4123.2646484375
2026-06-25 11:46:00+00:00,24052.80078125,7359.89990234375,72527.5234375,23076.91015625,10525.0703125,24906.4609375,8973.580078125,4123.2646484375
2026-06-25 11:47:00+00:00,24052.80078125,7359.89990234375,72527.5234375,23076.91015625,10525.3896484375,24903.189453125,8973.580078125,4123.2646484375
2026-06-25 11:48:00+00:00,24052.80078125,7359.89990234375,72527.5234375,23076.91015625,10527.23046875,24910.2109375,8973.580078125,4123.2646484375
2026-06-25 11:49:00+00:00,24052.80078125,7359.89990234375,72527.5234375,23076.91015625,10527.599609375,24913.1796875,8973.580078125,4123.2646484375
2026-06-25 11:50:00+00:00,24052.80078125,7359.89990234375,72527.5234375,23076.91015625,10528.3603515625,24916.6796875,8973.580078125,4123.2646484375
2026-06-25 11:51:00+00:00,24052.80078125,7359.89990234375,72527.5234375,23076.91015625,10528.2802734375,24920.2109375,8973.580078125,4123.2646484375
2026-06-25 11:52:00+00:00,24052.80078125,7359.89990234375,72527.5234375,23076.91015625,10528.48046875,24917.439453125,8973.580078125,4123.2646484375
2026-06-25 11:53:00+00:00,24052.80078125,7359.89990234375,72527.5234375,23076.91015625,10529.0,24917.26953125,8973.580078125,4123.2646484375
2026-06-25 11:54:00+00:00,24052.80078125,7359.89990234375,72527.5234375,23076.91015625,10527.6904296875,24910.83984375,8973.580078125,4123.2646484375
2026-06-25 11:55:00+00:00,24052.80078125,7359.89990234375,72527.5234375,23076.91015625,10529.3203125,24913.099609375,8973.580078125,4123.2646484375
2026-06-25 11:56:00+00:00,24052.80078125,7359.89990234375,72527.5234375,23076.91015625,10529.6396484375,24915.830078125,8973.580078125,4123.2646484375
2026-06-25 11:57:00+00:00,24052.80078125,7359.89990234375,72527.5234375,23076.91015625,10530.6298828125,24918.83984375,8973.580078125,4123.2646484375
2026-06-25 11:58:00+00:00,24052.80078125,7359.89990234375,72527.5234375,23076.91015625,10528.0400390625,24915.630859375,8973.580078125,4123.2646484375
2026-06-25 11:59:00+00:00,24052.80078125,7359.89990234375,72527.5234375,23076.91015625,10527.8203125,24910.880859375,8973.580078125,4123.2646484375
2026-06-25 12:00:00+00:00,24052.80078125,7359.89990234375,72527.5234375,23076.91015625,10525.4404296875,24914.51953125,8973.580078125,4123.2646484375
2026-06-25 12:01:00+00:00,24052.80078125,7359.89990234375,72527.5234375,23076.91015625,10525.0703125,24916.66015625,8973.580078125,4123.2646484375
2026-06-25 12:02:00+00:00,24052.80078125,7359.89990234375,72527.5234375,23076.91015625,10526.83984375,24911.73046875,8973.580078125,4123.2646484375
2026-06-25 12:03:00+00:00,24052.80078125,7359.89990234375,72527.5234375,23076.91015625,10527.5595703125,24914.51953125,8973.580078125,4123.2646484375
2026-06-25 12:04:00+00:00,24052.80078125,7359.89990234375,72527.5234375,23076.91015625,10526.9501953125,24913.26953125,8973.580078125,4123.2646484375
2026-06-25 12:05:00+00:00,24052.80078125,7359.89990234375,72527.5234375,23076.91015625,10526.4404296875,24921.23046875,8973.580078125,4123.2646484375
2026-06-25 12:06:00+00:00,24052.80078125,7359.89990234375,72527.5234375,23076.91015625,10529.76953125,24924.80078125,8973.580078125,4123.2646484375
2026-06-25 12:07:00+00:00,24052.80078125,7359.89990234375,72527.5234375,23076.91015625,10533.7802734375,24930.369140625,8973.580078125,4123.2646484375
2026-06-25 12:08:00+00:00,24052.80078125,7359.89990234375,72527.5234375,23076.91015625,10534.8701171875,24941.33984375,8973.580078125,4123.2646484375
2026-06-25 12:09:00+00:00,24052.80078125,7359.89990234375,72527.5234375,23076.91015625,10534.1103515625,24938.580078125,8973.580078125,4123.2646484375
2026-06-25 12:10:00+00:00,24052.80078125,7359.89990234375,72527.5234375,23076.91015625,10534.3896484375,24932.990234375,8973.580078125,4123.2646484375
2026-06-25 12:11:00+00:00,24052.80078125,7359.89990234375,72527.5234375,23076.91015625,10535.7802734375,24937.939453125,8973.580078125,4123.2646484375
2026-06-25 12:12:00+00:00,24052.80078125,7359.89990234375,72527.5234375,23076.91015625,10538.2802734375,24942.48046875,8973.580078125,4123.2646484375
2026-06-25 12:13:00+00:00,24052.80078125,7359.89990234375,72527.5234375,23076.91015625,10538.3203125,24938.16015625,8973.580078125,4123.2646484375
2026-06-25 12:14:00+00:00,24052.80078125,7359.89990234375,72527.5234375,23076.91015625,10538.16015625,24940.109375,8973.580078125,4123.2646484375
2026-06-25 12:15:00+00:00,24052.80078125,7359.89990234375,72527.5234375,23076.91015625,10540.4296875,24942.6796875,8973.580078125,4123.2646484375
2026-06-25 12:16:00+00:00,24052.80078125,7359.89990234375,72527.5234375,23076.91015625,10539.6796875,24938.630859375,8973.580078125,4123.2646484375
2026-06-25 12:17:00+00:00,24052.80078125,7359.89990234375,72527.5234375,23076.91015625,10539.23046875,24934.810546875,8973.580078125,4123.2646484375
2026-06-25 12:18:00+00:00,24052.80078125,7359.89990234375,72527.5234375,23076.91015625,10540.5,24936.740234375,8973.580078125,4123.2646484375
2026-06-25 12:19:00+00:00,24052.80078125,7359.89990234375,72527.5234375,23076.91015625,10546.76953125,24942.609375,8973.580078125,4123.2646484375
2026-06-25 12:20:00+00:00,24052.80078125,7359.89990234375,72527.5234375,23076.91015625,10548.8095703125,24931.599609375,8973.580078125,4123.2646484375
2026-06-25 12:21:00+00:00,24052.80078125,7359.89990234375,72527.5234375,23076.91015625,10546.7900390625,24931.939453125,8973.580078125,4123.2646484375
2026-06-25 12:22:00+00:00,24052.80078125,7359.89990234375,72527.5234375,23076.91015625,10547.51953125,24936.9609375,8973.580078125,4123.2646484375
2026-06-25 12:23:00+00:00,24052.80078125,7359.89990234375,72527.5234375,23076.91015625,10546.3798828125,24936.419921875,8973.580078125,4123.2646484375
2026-06-25 12:24:00+00:00,24052.80078125,7359.89990234375,72527.5234375,23076.91015625,10546.990234375,24937.779296875,8973.580078125,4123.2646484375
2026-06-25 12:25:00+00:00,24052.80078125,7359.89990234375,72527.5234375,23076.91015625,10544.849609375,24932.9296875,8973.580078125,4123.2646484375
2026-06-25 12:26:00+00:00,24052.80078125,7359.89990234375,72527.5234375,23076.91015625,10540.73046875,24924.740234375,8973.580078125,4123.2646484375
2026-06-25 12:27:00+00:00,24052.80078125,7359.89990234375,72527.5234375,23076.91015625,10541.7099609375,24926.73046875,8973.580078125,4123.2646484375
2026-06-25 12:28:00+00:00,24052.80078125,7359.89990234375,72527.5234375,23076.91015625,10539.01953125,24922.369140625,8973.580078125,4123.2646484375
2026-06-25 12:29:00+00:00,24052.80078125,7359.89990234375,72527.5234375,23076.91015625,10537.6904296875,24920.759765625,8973.580078125,4123.2646484375
2026-06-25 12:30:00+00:00,24052.80078125,7359.89990234375,72527.5234375,23076.91015625,10551.16015625,24961.91015625,8973.580078125,4123.2646484375
2026-06-25 12:31:00+00:00,24052.80078125,7359.89990234375,72527.5234375,23076.91015625,10551.4501953125,24959.560546875,8973.580078125,4123.2646484375
2026-06-25 12:32:00+00:00,24052.80078125,7359.89990234375,72527.5234375,23076.91015625,10551.0,24962.58984375,8973.580078125,4123.2646484375
2026-06-25 12:33:00+00:00,24052.80078125,7359.89990234375,72527.5234375,23076.91015625,10551.240234375,24971.380859375,8973.580078125,4123.2646484375
2026-06-25 12:34:00+00:00,24052.80078125,7359.89990234375,72527.5234375,23076.91015625,10550.330078125,24979.029296875,8973.580078125,4123.2646484375
2026-06-25 12:35:00+00:00,24052.80078125,7359.89990234375,72527.5234375,23076.91015625,10547.990234375,24977.849609375,8973.580078125,4123.2646484375
2026-06-25 12:36:00+00:00,24052.80078125,7359.89990234375,72527.5234375,23076.91015625,10549.9296875,24980.609375,8973.580078125,4123.2646484375
2026-06-25 12:37:00+00:00,24052.80078125,7359.89990234375,72527.5234375,23076.91015625,10550.349609375,24981.099609375,8973.580078125,4123.2646484375
2026-06-25 12:38:00+00:00,24052.80078125,7359.89990234375,72527.5234375,23076.91015625,10546.490234375,24976.740234375,8973.580078125,4123.2646484375
2026-06-25 12:39:00+00:00,24052.80078125,7359.89990234375,72527.5234375,23076.91015625,10545.2998046875,24971.599609375,8973.580078125,4123.2646484375
2026-06-25 12:40:00+00:00,24052.80078125,7359.89990234375,72527.5234375,23076.91015625,10547.900390625,24968.16015625,8973.580078125,4123.2646484375
2026-06-25 12:41:00+00:00,24052.80078125,7359.89990234375,72527.5234375,23076.91015625,10545.740234375,24969.509765625,8973.580078125,4123.2646484375
2026-06-25 12:42:00+00:00,24052.80078125,7359.89990234375,72527.5234375,23076.91015625,10547.0302734375,24974.470703125,8973.580078125,4123.2646484375
2026-06-25 12:43:00+00:00,24052.80078125,7359.89990234375,72527.5234375,23076.91015625,10545.25,24959.939453125,8973.580078125,4123.2646484375
2026-06-25 12:44:00+00:00,24052.80078125,7359.89990234375,72527.5234375,23076.91015625,10546.0,24964.16015625,8973.580078125,4123.2646484375
2026-06-25 12:45:00+00:00,24052.80078125,7359.89990234375,72527.5234375,23076.91015625,10547.330078125,24971.359375,8973.580078125,4123.2646484375
2026-06-25 12:46:00+00:00,24052.80078125,7359.89990234375,72527.5234375,23076.91015625,10548.1904296875,24977.08984375,8973.580078125,4123.2646484375
2026-06-25 12:47:00+00:00,24052.80078125,7359.89990234375,72527.5234375,23076.91015625,10549.8095703125,24982.94921875,8973.580078125,4123.2646484375
2026-06-25 12:48:00+00:00,24052.80078125,7359.89990234375,72527.5234375,23076.91015625,10551.83984375,24983.939453125,8973.580078125,4123.2646484375
2026-06-25 12:49:00+00:00,24052.80078125,7359.89990234375,72527.5234375,23076.91015625,10551.1298828125,24986.259765625,8973.580078125,4123.2646484375
2026-06-25 12:50:00+00:00,24052.80078125,7359.89990234375,72527.5234375,23076.91015625,10556.98046875,24991.140625,8973.580078125,4123.2646484375
2026-06-25 12:51:00+00:00,24052.80078125,7359.89990234375,72527.5234375,23076.91015625,10556.6298828125,24989.9296875,8973.580078125,4123.2646484375
2026-06-25 12:52:00+00:00,24052.80078125,7359.89990234375,72527.5234375,23076.91015625,10555.099609375,24989.400390625,8973.580078125,4123.2646484375
2026-06-25 12:53:00+00:00,24052.80078125,7359.89990234375,72527.5234375,23076.91015625,10553.240234375,24986.48046875,8973.580078125,4123.2646484375
2026-06-25 12:54:00+00:00,24052.80078125,7359.89990234375,72527.5234375,23076.91015625,10552.98046875,24992.619140625,8973.580078125,4123.2646484375
2026-06-25 12:55:00+00:00,24052.80078125,7359.89990234375,72527.5234375,23076.91015625,10552.7802734375,24994.849609375,8973.580078125,4123.2646484375
2026-06-25 12:56:00+00:00,24052.80078125,7359.89990234375,72527.5234375,23076.91015625,10550.509765625,24985.150390625,8973.580078125,4123.2646484375
2026-06-25 12:57:00+00:00,24052.80078125,7359.89990234375,72527.5234375,23076.91015625,10551.7001953125,24989.5,8973.580078125,4123.2646484375
2026-06-25 12:58:00+00:00,24052.80078125,7359.89990234375,72527.5234375,23076.91015625,10549.6396484375,24979.109375,8973.580078125,4123.2646484375
2026-06-25 12:59:00+00:00,24052.80078125,7359.89990234375,72527.5234375,23076.91015625,10549.66015625,24980.970703125,8973.580078125,4123.2646484375
2026-06-25 13:00:00+00:00,24052.80078125,7359.89990234375,72527.5234375,23076.91015625,10546.919921875,24977.7109375,8973.580078125,4123.2646484375
2026-06-25 13:01:00+00:00,24052.80078125,7359.89990234375,72527.5234375,23076.91015625,10549.8896484375,24983.609375,8973.580078125,4123.2646484375
2026-06-25 13:02:00+00:00,24052.80078125,7359.89990234375,72527.5234375,23076.91015625,10551.4599609375,24987.48046875,8973.580078125,4123.2646484375
2026-06-25 13:03:00+00:00,24052.80078125,7359.89990234375,72527.5234375,23076.91015625,10554.6298828125,24989.4296875,8973.580078125,4123.2646484375
2026-06-25 13:04:00+00:00,24052.80078125,7359.89990234375,72527.5234375,23076.91015625,10554.7099609375,24993.0,8973.580078125,4123.2646484375
2026-06-25 13:05:00+00:00,24052.80078125,7359.89990234375,72527.5234375,23076.91015625,10551.0703125,24984.919921875,8973.580078125,4123.2646484375
2026-06-25 13:06:00+00:00,24052.80078125,7359.89990234375,72527.5234375,23076.91015625,10548.8701171875,24978.83984375,8973.580078125,4123.2646484375
2026-06-25 13:07:00+00:00,24052.80078125,7359.89990234375,72527.5234375,23076.91015625,10552.48046875,24988.05078125,8973.580078125,4123.2646484375
2026-06-25 13:08:00+00:00,24052.80078125,7359.89990234375,72527.5234375,23076.91015625,10552.83984375,24986.640625,8973.580078125,4123.2646484375
2026-06-25 13:09:00+00:00,24052.80078125,7359.89990234375,72527.5234375,23076.91015625,10553.240234375,24989.94921875,8973.580078125,4123.2646484375
2026-06-25 13:10:00+00:00,24052.80078125,7359.89990234375,72527.5234375,23076.91015625,10552.1396484375,24991.44921875,8973.580078125,4123.2646484375
2026-06-25 13:11:00+00:00,24052.80078125,7359.89990234375,72527.5234375,23076.91015625,10551.4404296875,24990.91015625,8973.580078125,4123.2646484375
2026-06-25 13:12:00+00:00,24052.80078125,7359.89990234375,72527.5234375,23076.91015625,10550.9501953125,24989.419921875,8973.580078125,4123.2646484375
2026-06-25 13:13:00+00:00,24052.80078125,7359.89990234375,72527.5234375,23076.91015625,10552.580078125,24995.23046875,8973.580078125,4123.2646484375
2026-06-25 13:14:00+00:00,24052.80078125,7359.89990234375,72527.5234375,23076.91015625,10551.4296875,24987.48046875,8973.580078125,4123.2646484375
2026-06-25 13:15:00+00:00,24052.80078125,7359.89990234375,72527.5234375,23076.91015625,10546.2001953125,24987.490234375,8973.580078125,4123.2646484375
2026-06-25 13:16:00+00:00,24052.80078125,7359.89990234375,72527.5234375,23076.91015625,10547.1904296875,24988.890625,8973.580078125,4123.2646484375
2026-06-25 13:17:00+00:00,24052.80078125,7359.89990234375,72527.5234375,23076.91015625,10544.650390625,24983.7109375,8973.580078125,4123.2646484375
2026-06-25 13:18:00+00:00,24052.80078125,7359.89990234375,72527.5234375,23076.91015625,10540.8798828125,24974.099609375,8973.580078125,4123.2646484375
2026-06-25 13:19:00+00:00,24052.80078125,7359.89990234375,72527.5234375,23076.91015625,10543.4697265625,24978.2890625,8973.580078125,4123.2646484375
2026-06-25 13:20:00+00:00,24052.80078125,7359.89990234375,72527.5234375,23076.91015625,10540.4697265625,24974.390625,8973.580078125,4123.2646484375
2026-06-25 13:21:00+00:00,24052.80078125,7359.89990234375,72527.5234375,23076.91015625,10538.91015625,24979.4609375,8973.580078125,4123.2646484375
2026-06-25 13:22:00+00:00,24052.80078125,7359.89990234375,72527.5234375,23076.91015625,10540.41015625,24984.2109375,8973.580078125,4123.2646484375
2026-06-25 13:23:00+00:00,24052.80078125,7359.89990234375,72527.5234375,23076.91015625,10538.2197265625,24975.119140625,8973.580078125,4123.2646484375
2026-06-25 13:24:00+00:00,24052.80078125,7359.89990234375,72527.5234375,23076.91015625,10537.2802734375,24974.7109375,8973.580078125,4123.2646484375
2026-06-25 13:25:00+00:00,24052.80078125,7359.89990234375,72527.5234375,23076.91015625,10540.01953125,24983.30078125,8973.580078125,4123.2646484375
2026-06-25 13:26:00+00:00,24052.80078125,7359.89990234375,72527.5234375,23076.91015625,10537.26953125,24982.189453125,8973.580078125,4123.2646484375
2026-06-25 13:27:00+00:00,24052.80078125,7359.89990234375,72527.5234375,23076.91015625,10536.33984375,24982.6796875,8973.580078125,4123.2646484375
2026-06-25 13:28:00+00:00,24052.80078125,7359.89990234375,72527.5234375,23076.91015625,10538.009765625,24989.349609375,8973.580078125,4123.2646484375
2026-06-25 13:29:00+00:00,24052.80078125,7359.89990234375,72527.5234375,23076.91015625,10537.169921875,24996.48046875,8973.580078125,4123.2646484375
2026-06-25 13:30:00+00:00,24052.80078125,7417.4599609375,72527.5234375,23076.91015625,10538.26953125,25009.470703125,8973.580078125,4123.2646484375
2026-06-25 13:31:00+00:00,24052.80078125,7406.830078125,72527.5234375,23076.91015625,10533.4296875,24993.970703125,8973.580078125,4123.2646484375
2026-06-25 13:32:00+00:00,24052.80078125,7400.22021484375,72527.5234375,23076.91015625,10532.4296875,24987.19921875,8973.580078125,4123.2646484375
2026-06-25 13:33:00+00:00,24052.80078125,7399.31982421875,72527.5234375,23076.91015625,10529.490234375,24974.44921875,8973.580078125,4123.2646484375
2026-06-25 13:34:00+00:00,24052.80078125,7399.22021484375,72527.5234375,23076.91015625,10527.0498046875,24974.849609375,8973.580078125,4123.2646484375
2026-06-25 13:35:00+00:00,24052.80078125,7403.8701171875,72527.5234375,23076.91015625,10526.2900390625,24982.439453125,8973.580078125,4123.2646484375
2026-06-25 13:36:00+00:00,24052.80078125,7404.2099609375,72527.5234375,23076.91015625,10530.8896484375,24985.599609375,8973.580078125,4123.2646484375
2026-06-25 13:37:00+00:00,24052.80078125,7400.8798828125,72527.5234375,23076.91015625,10535.9501953125,24992.4609375,8973.580078125,4123.2646484375
2026-06-25 13:38:00+00:00,24052.80078125,7396.72021484375,72527.5234375,23076.91015625,10534.650390625,24991.470703125,8973.580078125,4123.2646484375
2026-06-25 13:39:00+00:00,24052.80078125,7396.2900390625,72527.5234375,23076.91015625,10539.2802734375,24992.849609375,8973.580078125,4123.2646484375
2026-06-25 13:40:00+00:00,24052.80078125,7391.35986328125,72527.5234375,23076.91015625,10536.6298828125,24982.66015625,8973.580078125,4123.2646484375
2026-06-25 13:41:00+00:00,24052.80078125,7387.5,72527.5234375,23076.91015625,10539.490234375,24976.23046875,8973.580078125,4123.2646484375
2026-06-25 13:42:00+00:00,24052.80078125,7380.31982421875,72527.5234375,23076.91015625,10541.240234375,24970.859375,8973.580078125,4123.2646484375
2026-06-25 13:43:00+00:00,24052.80078125,7369.080078125,72527.5234375,23076.91015625,10533.76953125,24951.4296875,8973.580078125,4123.2646484375
2026-06-25 13:44:00+00:00,24052.80078125,7370.56982421875,72527.5234375,23076.91015625,10531.0595703125,24936.4296875,8973.580078125,4123.2646484375
2026-06-25 13:45:00+00:00,24052.80078125,7361.5,72527.5234375,23076.91015625,10528.8095703125,24911.189453125,8973.580078125,4123.2646484375
2026-06-25 13:46:00+00:00,24052.80078125,7351.919921875,72527.5234375,23076.91015625,10527.6396484375,24895.859375,8973.580078125,4123.2646484375
2026-06-25 13:47:00+00:00,24052.80078125,7350.7099609375,72527.5234375,23076.91015625,10528.26953125,24891.669921875,8973.580078125,4123.2646484375
2026-06-25 13:48:00+00:00,24052.80078125,7344.64013671875,72527.5234375,23076.91015625,10529.51953125,24883.23046875,8973.580078125,4123.2646484375
2026-06-25 13:49:00+00:00,24052.80078125,7356.75,72527.5234375,23076.91015625,10535.2900390625,24905.310546875,8973.580078125,4123.2646484375
2026-06-25 13:50:00+00:00,24052.80078125,7360.9501953125,72527.5234375,23076.91015625,10534.7197265625,24916.220703125,8973.580078125,4123.2646484375
2026-06-25 13:51:00+00:00,24052.80078125,7349.27978515625,72527.5234375,23076.91015625,10531.8095703125,24890.3203125,8973.580078125,4123.2646484375
2026-06-25 13:52:00+00:00,24052.80078125,7345.06005859375,72527.5234375,23076.91015625,10523.6796875,24878.109375,8973.580078125,4123.2646484375
2026-06-25 13:53:00+00:00,24052.80078125,7339.27978515625,72527.5234375,23076.91015625,10522.1396484375,24868.419921875,8973.580078125,4123.2646484375
2026-06-25 13:54:00+00:00,24052.80078125,7334.02978515625,72527.5234375,23076.91015625,10519.1796875,24866.330078125,8973.580078125,4123.2646484375
2026-06-25 13:55:00+00:00,24052.80078125,7328.72021484375,72527.5234375,23076.91015625,10517.9599609375,24856.130859375,8973.580078125,4123.2646484375
2026-06-25 13:56:00+00:00,24052.80078125,7331.97998046875,72527.5234375,23076.91015625,10520.25,24855.08984375,8973.580078125,4123.2646484375
2026-06-25 13:57:00+00:00,24052.80078125,7334.919921875,72527.5234375,23076.91015625,10522.5595703125,24862.580078125,8973.580078125,4123.2646484375
2026-06-25 13:58:00+00:00,24052.80078125,7329.830078125,72527.5234375,23076.91015625,10525.8896484375,24852.25,8973.580078125,4123.2646484375
2026-06-25 13:59:00+00:00,24052.80078125,7325.83984375,72527.5234375,23076.91015625,10525.6796875,24846.189453125,8973.580078125,4123.2646484375
2026-06-25 14:00:00+00:00,24052.80078125,7333.169921875,72527.5234375,23076.91015625,10529.0302734375,24865.119140625,8973.580078125,4123.2646484375
2026-06-25 14:01:00+00:00,24052.80078125,7342.6298828125,72527.5234375,23076.91015625,10532.7099609375,24902.939453125,8973.580078125,4123.2646484375
2026-06-25 14:02:00+00:00,24052.80078125,7354.39013671875,72527.5234375,23076.91015625,10537.4296875,24925.23046875,8973.580078125,4123.2646484375
2026-06-25 14:03:00+00:00,24052.80078125,7361.169921875,72527.5234375,23076.91015625,10544.2197265625,24905.939453125,8973.580078125,4123.2646484375
2026-06-25 14:04:00+00:00,24052.80078125,7359.58984375,72527.5234375,23076.91015625,10543.83984375,24903.08984375,8973.580078125,4123.2646484375
2026-06-25 14:05:00+00:00,24052.80078125,7365.14013671875,72527.5234375,23076.91015625,10546.33984375,24989.220703125,8973.580078125,4123.2646484375
2026-06-25 14:06:00+00:00,24052.80078125,7372.2998046875,72527.5234375,23076.91015625,10547.7998046875,24982.599609375,8973.580078125,4123.2646484375
2026-06-25 14:07:00+00:00,24052.80078125,7373.35986328125,72527.5234375,23076.91015625,10545.66015625,24984.19921875,8973.580078125,4123.2646484375
2026-06-25 14:08:00+00:00,24052.80078125,7374.919921875,72527.5234375,23076.91015625,10545.16015625,24979.689453125,8973.580078125,4123.2646484375
2026-06-25 14:09:00+00:00,24052.80078125,7376.43017578125,72527.5234375,23076.91015625,10546.6103515625,24983.0390625,8973.580078125,4123.2646484375
2026-06-25 14:10:00+00:00,24052.80078125,7382.2900390625,72527.5234375,23076.91015625,10553.9599609375,25010.41015625,8973.580078125,4123.2646484375
2026-06-25 14:11:00+00:00,24052.80078125,7382.5498046875,72527.5234375,23076.91015625,10555.98046875,25023.150390625,8973.580078125,4123.2646484375
2026-06-25 14:12:00+00:00,24052.80078125,7378.43994140625,72527.5234375,23076.91015625,10561.25,25019.880859375,8973.580078125,4123.2646484375
2026-06-25 14:13:00+00:00,24052.80078125,7372.169921875,72527.5234375,23076.91015625,10558.8603515625,25000.599609375,8973.580078125,4123.2646484375
2026-06-25 14:14:00+00:00,24052.80078125,7369.31005859375,72527.5234375,23076.91015625,10555.4697265625,25007.98046875,8973.580078125,4123.2646484375
2026-06-25 14:15:00+00:00,24052.80078125,7368.06005859375,72527.5234375,23076.91015625,10556.509765625,25009.0703125,8973.580078125,4123.2646484375
2026-06-25 14:16:00+00:00,24052.80078125,7361.990234375,72527.5234375,23076.91015625,10555.1796875,25002.9609375,8973.580078125,4123.2646484375
2026-06-25 14:17:00+00:00,24052.80078125,7368.14013671875,72527.5234375,23076.91015625,10559.259765625,25024.7890625,8973.580078125,4123.2646484375
2026-06-25 14:18:00+00:00,24052.80078125,7368.75,72527.5234375,23076.91015625,10562.3095703125,25028.380859375,8973.580078125,4123.2646484375
2026-06-25 14:19:00+00:00,24052.80078125,7383.0400390625,72527.5234375,23076.91015625,10569.0703125,25067.509765625,8973.580078125,4123.2646484375
2026-06-25 14:20:00+00:00,24052.80078125,7389.4501953125,72527.5234375,23076.91015625,10572.1103515625,25081.75,8973.580078125,4123.2646484375
2026-06-25 14:21:00+00:00,24052.80078125,7391.56982421875,72527.5234375,23076.91015625,10567.2900390625,25079.1796875,8973.580078125,4123.2646484375
2026-06-25 14:22:00+00:00,24052.80078125,7382.89990234375,72527.5234375,23076.91015625,10565.41015625,25067.349609375,8973.580078125,4123.2646484375
2026-06-25 14:23:00+00:00,24052.80078125,7380.68994140625,72527.5234375,23076.91015625,10569.4501953125,25058.26953125,8973.580078125,4123.2646484375
2026-06-25 14:24:00+00:00,24052.80078125,7377.740234375,72527.5234375,23076.91015625,10567.849609375,25050.029296875,8973.580078125,4123.2646484375
2026-06-25 14:25:00+00:00,24052.80078125,7380.330078125,72527.5234375,23076.91015625,10565.919921875,25064.4296875,8973.580078125,4123.2646484375
2026-06-25 14:26:00+00:00,24052.80078125,7383.18017578125,72527.5234375,23076.91015625,10563.73046875,25063.359375,8973.580078125,4123.2646484375
2026-06-25 14:27:00+00:00,24052.80078125,7378.81982421875,72527.5234375,23076.91015625,10562.900390625,25048.83984375,8973.580078125,4123.2646484375
2026-06-25 14:28:00+00:00,24052.80078125,7383.009765625,72527.5234375,23076.91015625,10561.5,25054.220703125,8973.580078125,4123.2646484375
2026-06-25 14:29:00+00:00,24052.80078125,7382.93017578125,72527.5234375,23076.91015625,10562.66015625,25061.080078125,8973.580078125,4123.2646484375
2026-06-25 14:30:00+00:00,24052.80078125,7382.64990234375,72527.5234375,23076.91015625,10562.1201171875,25063.19921875,8973.580078125,4123.2646484375
2026-06-25 14:31:00+00:00,24052.80078125,7385.77001953125,72527.5234375,23076.91015625,10564.6904296875,25066.869140625,8973.580078125,4123.2646484375
2026-06-25 14:32:00+00:00,24052.80078125,7391.91015625,72527.5234375,23076.91015625,10563.669921875,25074.4296875,8973.580078125,4123.2646484375
2026-06-25 14:33:00+00:00,24052.80078125,7393.47998046875,72527.5234375,23076.91015625,10561.8603515625,25076.7109375,8973.580078125,4123.2646484375
2026-06-25 14:34:00+00:00,24052.80078125,7391.68994140625,72527.5234375,23076.91015625,10563.4599609375,25074.169921875,8973.580078125,4123.2646484375
2026-06-25 14:35:00+00:00,24052.80078125,7390.25,72527.5234375,23076.91015625,10556.5302734375,25062.0390625,8973.580078125,4123.2646484375
2026-06-25 14:36:00+00:00,24052.80078125,7392.669921875,72527.5234375,23076.91015625,10563.650390625,25075.01953125,8973.580078125,4123.2646484375
2026-06-25 14:37:00+00:00,24052.80078125,7386.47998046875,72527.5234375,23076.91015625,10562.0595703125,25067.23046875,8973.580078125,4123.2646484375
2026-06-25 14:38:00+00:00,24052.80078125,7388.10986328125,72527.5234375,23076.91015625,10560.9697265625,25068.9609375,8973.580078125,4123.2646484375
2026-06-25 14:39:00+00:00,24052.80078125,7394.60986328125,72527.5234375,23076.91015625,10561.5498046875,25080.66015625,8973.580078125,4123.2646484375
2026-06-25 14:40:00+00:00,24052.80078125,7393.33984375,72527.5234375,23076.91015625,10557.849609375,25073.029296875,8973.580078125,4123.2646484375
2026-06-25 14:41:00+00:00,24052.80078125,7387.31005859375,72527.5234375,23076.91015625,10556.4697265625,25072.640625,8973.580078125,4123.2646484375
2026-06-25 14:42:00+00:00,24052.80078125,7384.89990234375,72527.5234375,23076.91015625,10556.830078125,25072.51953125,8973.580078125,4123.2646484375
2026-06-25 14:43:00+00:00,24052.80078125,7379.35009765625,72527.5234375,23076.91015625,10551.41015625,25050.509765625,8973.580078125,4123.2646484375
2026-06-25 14:44:00+00:00,24052.80078125,7381.2998046875,72527.5234375,23076.91015625,10548.3095703125,25048.919921875,8973.580078125,4123.2646484375
2026-06-25 14:45:00+00:00,24052.80078125,7380.06982421875,72527.5234375,23076.91015625,10547.6103515625,25032.26953125,8973.580078125,4123.2646484375
2026-06-25 14:46:00+00:00,24052.80078125,7378.2998046875,72527.5234375,23076.91015625,10548.259765625,25026.859375,8973.580078125,4123.2646484375
2026-06-25 14:47:00+00:00,24052.80078125,7381.3701171875,72527.5234375,23076.91015625,10549.1201171875,25031.1796875,8973.580078125,4123.2646484375
2026-06-25 14:48:00+00:00,24052.80078125,7388.27978515625,72527.5234375,23076.91015625,10548.9599609375,25042.869140625,8973.580078125,4123.2646484375
2026-06-25 14:49:00+00:00,24052.80078125,7390.990234375,72527.5234375,23076.91015625,10549.3603515625,25045.1796875,8973.580078125,4123.2646484375
2026-06-25 14:50:00+00:00,24052.80078125,7389.97021484375,72527.5234375,23076.91015625,10550.8701171875,25057.130859375,8973.580078125,4123.2646484375
2026-06-25 14:51:00+00:00,24052.80078125,7401.31005859375,72527.5234375,23076.91015625,10551.83984375,25066.939453125,8973.580078125,4123.2646484375
2026-06-25 14:52:00+00:00,24052.80078125,7405.509765625,72527.5234375,23076.91015625,10550.9404296875,25067.869140625,8973.580078125,4123.2646484375
2026-06-25 14:53:00+00:00,24052.80078125,7399.990234375,72527.5234375,23076.91015625,10550.25,25059.919921875,8973.580078125,4123.2646484375
2026-06-25 14:54:00+00:00,24052.80078125,7405.830078125,72527.5234375,23076.91015625,10552.33984375,25071.5,8973.580078125,4123.2646484375
2026-06-25 14:55:00+00:00,24052.80078125,7400.66015625,72527.5234375,23076.91015625,10550.419921875,25065.220703125,8973.580078125,4123.2646484375
2026-06-25 14:56:00+00:00,24052.80078125,7395.2099609375,72527.5234375,23076.91015625,10550.0,25062.51953125,8973.580078125,4123.2646484375
2026-06-25 14:57:00+00:00,24052.80078125,7381.259765625,72527.5234375,23076.91015625,10545.91015625,25044.41015625,8973.580078125,4123.2646484375
2026-06-25 14:58:00+00:00,24052.80078125,7381.2099609375,72527.5234375,23076.91015625,10550.1201171875,25050.30078125,8973.580078125,4123.2646484375
2026-06-25 14:59:00+00:00,24052.80078125,7379.919921875,72527.5234375,23076.91015625,10551.169921875,25053.66015625,8973.580078125,4123.2646484375
2026-06-25 15:00:00+00:00,24052.80078125,7380.91015625,72527.5234375,23076.91015625,10550.9404296875,25053.669921875,8973.580078125,4123.2646484375
2026-06-25 15:01:00+00:00,24052.80078125,7382.97021484375,72527.5234375,23076.91015625,10549.6201171875,25046.75,8973.580078125,4123.2646484375
2026-06-25 15:02:00+00:00,24052.80078125,7386.6298828125,72527.5234375,23076.91015625,10548.150390625,25046.630859375,8973.580078125,4123.2646484375
2026-06-25 15:03:00+00:00,24052.80078125,7383.27978515625,72527.5234375,23076.91015625,10546.6103515625,25044.919921875,8973.580078125,4123.2646484375
2026-06-25 15:04:00+00:00,24052.80078125,7389.85986328125,72527.5234375,23076.91015625,10545.169921875,25064.0703125,8973.580078125,4123.2646484375
2026-06-25 15:05:00+00:00,24052.80078125,7381.6201171875,72527.5234375,23076.91015625,10543.9501953125,25047.330078125,8973.580078125,4123.2646484375
2026-06-25 15:06:00+00:00,24052.80078125,7377.35986328125,72527.5234375,23076.91015625,10540.83984375,25037.05078125,8973.580078125,4123.2646484375
2026-06-25 15:07:00+00:00,24052.80078125,7377.97998046875,72527.5234375,23076.91015625,10542.9599609375,25024.16015625,8973.580078125,4123.2646484375
2026-06-25 15:08:00+00:00,24052.80078125,7376.6298828125,72527.5234375,23076.91015625,10543.009765625,25021.890625,8973.580078125,4123.2646484375
2026-06-25 15:09:00+00:00,24052.80078125,7375.89013671875,72527.5234375,23076.91015625,10541.2900390625,25015.640625,8973.580078125,4123.2646484375
2026-06-25 15:10:00+00:00,24052.80078125,7374.56982421875,72527.5234375,23076.91015625,10537.759765625,25007.259765625,8973.580078125,4123.2646484375
2026-06-25 15:11:00+00:00,24052.80078125,7366.81982421875,72527.5234375,23076.91015625,10535.2001953125,24991.470703125,8973.580078125,4123.2646484375
2026-06-25 15:12:00+00:00,24052.80078125,7357.72998046875,72527.5234375,23076.91015625,10528.2998046875,24978.1796875,8973.580078125,4123.2646484375
2026-06-25 15:13:00+00:00,24052.80078125,7357.39013671875,72527.5234375,23076.91015625,10534.0302734375,24983.69921875,8973.580078125,4123.2646484375
2026-06-25 15:14:00+00:00,24052.80078125,7357.35009765625,72527.5234375,23076.91015625,10533.3603515625,24982.849609375,8973.580078125,4123.2646484375
2026-06-25 15:15:00+00:00,24052.80078125,7350.83984375,72527.5234375,23076.91015625,10526.259765625,24967.5390625,8973.580078125,4123.2646484375
2026-06-25 15:16:00+00:00,24052.80078125,7350.35986328125,72527.5234375,23076.91015625,10525.8095703125,24962.529296875,8973.580078125,4123.2646484375
2026-06-25 15:17:00+00:00,24052.80078125,7356.56982421875,72527.5234375,23076.91015625,10526.76953125,24973.33984375,8973.580078125,4123.2646484375
2026-06-25 15:18:00+00:00,24052.80078125,7360.60009765625,72527.5234375,23076.91015625,10526.990234375,24974.8203125,8973.580078125,4123.2646484375
2026-06-25 15:19:00+00:00,24052.80078125,7364.669921875,72527.5234375,23076.91015625,10528.4296875,24980.94921875,8973.580078125,4123.2646484375
2026-06-25 15:20:00+00:00,24052.80078125,7359.56982421875,72527.5234375,23076.91015625,10530.759765625,24990.51953125,8973.580078125,4123.2646484375
2026-06-25 15:21:00+00:00,24052.80078125,7369.56005859375,72527.5234375,23076.91015625,10537.759765625,25014.439453125,8973.580078125,4123.2646484375
2026-06-25 15:22:00+00:00,24052.80078125,7369.0400390625,72527.5234375,23076.91015625,10535.1796875,25006.900390625,8973.580078125,4123.2646484375
2026-06-25 15:23:00+00:00,24052.80078125,7369.35986328125,72527.5234375,23076.91015625,10534.98046875,25010.51953125,8973.580078125,4123.2646484375
2026-06-25 15:24:00+00:00,24052.80078125,7373.330078125,72527.5234375,23076.91015625,10538.650390625,25016.33984375,8973.580078125,4123.2646484375
2026-06-25 15:25:00+00:00,24052.80078125,7369.990234375,72527.5234375,23076.91015625,10537.0,25009.970703125,8973.580078125,4123.2646484375
2026-06-25 15:26:00+00:00,24052.80078125,7370.68017578125,72527.5234375,23076.91015625,10536.099609375,25002.689453125,8973.580078125,4123.2646484375
2026-06-25 15:27:00+00:00,24052.80078125,7374.0400390625,72527.5234375,23076.91015625,10534.7900390625,24997.8203125,8973.580078125,4123.2646484375
2026-06-25 15:28:00+00:00,24052.80078125,7371.080078125,72527.5234375,23076.91015625,10535.740234375,24993.30078125,8973.580078125,4123.2646484375
2026-06-25 15:29:00+00:00,24052.80078125,7369.72998046875,72527.5234375,23076.91015625,10536.8603515625,24995.689453125,8973.580078125,4123.2646484375
2026-06-25 15:30:00+00:00,24052.80078125,7372.31982421875,72527.5234375,23076.91015625,10536.8603515625,24995.689453125,8973.580078125,4123.2646484375
2026-06-25 15:31:00+00:00,24052.80078125,7374.77001953125,72527.5234375,23076.91015625,10536.8603515625,24995.689453125,8973.580078125,4123.2646484375
2026-06-25 15:32:00+00:00,24052.80078125,7380.72021484375,72527.5234375,23076.91015625,10536.8603515625,24995.689453125,8973.580078125,4123.2646484375
2026-06-25 15:33:00+00:00,24052.80078125,7377.81982421875,72527.5234375,23076.91015625,10536.8603515625,24995.689453125,8973.580078125,4123.2646484375
2026-06-25 15:34:00+00:00,24052.80078125,7370.58984375,72527.5234375,23076.91015625,10536.8603515625,24995.689453125,8973.580078125,4123.2646484375
2026-06-25 15:35:00+00:00,24052.80078125,7372.52001953125,72527.5234375,23076.91015625,10536.8603515625,24995.689453125,8973.580078125,4123.2646484375
2026-06-25 15:36:00+00:00,24052.80078125,7374.5,72527.5234375,23076.91015625,10536.8603515625,24995.689453125,8973.580078125,4123.2646484375
2026-06-25 15:37:00+00:00,24052.80078125,7374.72998046875,72527.5234375,23076.91015625,10536.8603515625,24995.689453125,8973.580078125,4123.2646484375
2026-06-25 15:38:00+00:00,24052.80078125,7373.47998046875,72527.5234375,23076.91015625,10536.8603515625,24995.689453125,8973.580078125,4123.2646484375
2026-06-25 15:39:00+00:00,24052.80078125,7370.52001953125,72527.5234375,23076.91015625,10536.8603515625,24995.689453125,8973.580078125,4123.2646484375
2026-06-25 15:40:00+00:00,24052.80078125,7370.85986328125,72527.5234375,23076.91015625,10536.8603515625,24995.689453125,8973.580078125,4123.2646484375
2026-06-25 15:41:00+00:00,24052.80078125,7371.18994140625,72527.5234375,23076.91015625,10536.8603515625,24995.689453125,8973.580078125,4123.2646484375
2026-06-25 15:42:00+00:00,24052.80078125,7371.2099609375,72527.5234375,23076.91015625,10536.8603515625,24995.689453125,8973.580078125,4123.2646484375
2026-06-25 15:43:00+00:00,24052.80078125,7371.81982421875,72527.5234375,23076.91015625,10536.8603515625,24995.689453125,8973.580078125,4123.2646484375
2026-06-25 15:44:00+00:00,24052.80078125,7376.14013671875,72527.5234375,23076.91015625,10536.8603515625,24995.689453125,8973.580078125,4123.2646484375
2026-06-25 15:45:00+00:00,24052.80078125,7382.60009765625,72527.5234375,23076.91015625,10536.8603515625,24995.689453125,8973.580078125,4123.2646484375
2026-06-25 15:46:00+00:00,24052.80078125,7383.25,72527.5234375,23076.91015625,10536.8603515625,24995.689453125,8973.580078125,4123.2646484375
2026-06-25 15:47:00+00:00,24052.80078125,7383.2099609375,72527.5234375,23076.91015625,10536.8603515625,24995.689453125,8973.580078125,4123.2646484375
2026-06-25 15:48:00+00:00,24052.80078125,7376.47021484375,72527.5234375,23076.91015625,10536.8603515625,24995.689453125,8973.580078125,4123.2646484375
2026-06-25 15:49:00+00:00,24052.80078125,7373.009765625,72527.5234375,23076.91015625,10536.8603515625,24995.689453125,8973.580078125,4123.2646484375
2026-06-25 15:50:00+00:00,24052.80078125,7372.35009765625,72527.5234375,23076.91015625,10536.8603515625,24995.689453125,8973.580078125,4123.2646484375
2026-06-25 15:51:00+00:00,24052.80078125,7372.8701171875,72527.5234375,23076.91015625,10536.8603515625,24995.689453125,8973.580078125,4123.2646484375
2026-06-25 15:52:00+00:00,24052.80078125,7371.990234375,72527.5234375,23076.91015625,10536.8603515625,24995.689453125,8973.580078125,4123.2646484375
2026-06-25 15:53:00+00:00,24052.80078125,7371.06982421875,72527.5234375,23076.91015625,10536.8603515625,24995.689453125,8973.580078125,4123.2646484375
2026-06-25 15:54:00+00:00,24052.80078125,7373.93017578125,72527.5234375,23076.91015625,10536.8603515625,24995.689453125,8973.580078125,4123.2646484375
2026-06-25 15:55:00+00:00,24052.80078125,7373.64013671875,72527.5234375,23076.91015625,10536.8603515625,24995.689453125,8973.580078125,4123.2646484375
2026-06-25 15:56:00+00:00,24052.80078125,7374.08984375,72527.5234375,23076.91015625,10536.8603515625,24995.689453125,8973.580078125,4123.2646484375
2026-06-25 15:57:00+00:00,24052.80078125,7374.490234375,72527.5234375,23076.91015625,10536.8603515625,24995.689453125,8973.580078125,4123.2646484375
2026-06-25 15:58:00+00:00,24052.80078125,7371.25,72527.5234375,23076.91015625,10536.8603515625,24995.689453125,8973.580078125,4123.2646484375
2026-06-25 15:59:00+00:00,24052.80078125,7369.2900390625,72527.5234375,23076.91015625,10536.8603515625,24995.689453125,8973.580078125,4123.2646484375
2026-06-25 16:00:00+00:00,24052.80078125,7370.080078125,72527.5234375,23076.91015625,10536.8603515625,24995.689453125,8973.580078125,4123.2646484375
2026-06-25 16:01:00+00:00,24052.80078125,7369.080078125,72527.5234375,23076.91015625,10536.8603515625,24995.689453125,8973.580078125,4123.2646484375
2026-06-25 16:02:00+00:00,24052.80078125,7366.27978515625,72527.5234375,23076.91015625,10536.8603515625,24995.689453125,8973.580078125,4123.2646484375
2026-06-25 16:03:00+00:00,24052.80078125,7366.5,72527.5234375,23076.91015625,10536.8603515625,24995.689453125,8973.580078125,4123.2646484375
2026-06-25 16:04:00+00:00,24052.80078125,7369.06982421875,72527.5234375,23076.91015625,10536.8603515625,24995.689453125,8973.580078125,4123.2646484375
2026-06-25 16:05:00+00:00,24052.80078125,7371.740234375,72527.5234375,23076.91015625,10536.8603515625,24995.689453125,8973.580078125,4123.2646484375
2026-06-25 16:06:00+00:00,24052.80078125,7379.72021484375,72527.5234375,23076.91015625,10536.8603515625,24995.689453125,8973.580078125,4123.2646484375
2026-06-25 16:07:00+00:00,24052.80078125,7377.18994140625,72527.5234375,23076.91015625,10536.8603515625,24995.689453125,8973.580078125,4123.2646484375
2026-06-25 16:08:00+00:00,24052.80078125,7378.66015625,72527.5234375,23076.91015625,10536.8603515625,24995.689453125,8973.580078125,4123.2646484375
2026-06-25 16:09:00+00:00,24052.80078125,7381.02001953125,72527.5234375,23076.91015625,10536.8603515625,24995.689453125,8973.580078125,4123.2646484375
2026-06-25 16:10:00+00:00,24052.80078125,7385.919921875,72527.5234375,23076.91015625,10536.8603515625,24995.689453125,8973.580078125,4123.2646484375
2026-06-25 16:11:00+00:00,24052.80078125,7383.18994140625,72527.5234375,23076.91015625,10536.8603515625,24995.689453125,8973.580078125,4123.2646484375
2026-06-25 16:12:00+00:00,24052.80078125,7383.02001953125,72527.5234375,23076.91015625,10536.8603515625,24995.689453125,8973.580078125,4123.2646484375
2026-06-25 16:13:00+00:00,24052.80078125,7386.919921875,72527.5234375,23076.91015625,10536.8603515625,24995.689453125,8973.580078125,4123.2646484375
2026-06-25 16:14:00+00:00,24052.80078125,7384.77001953125,72527.5234375,23076.91015625,10536.8603515625,24995.689453125,8973.580078125,4123.2646484375
2026-06-25 16:15:00+00:00,24052.80078125,7387.9599609375,72527.5234375,23076.91015625,10536.8603515625,24995.689453125,8973.580078125,4123.2646484375
2026-06-25 16:16:00+00:00,24052.80078125,7389.2998046875,72527.5234375,23076.91015625,10536.8603515625,24995.689453125,8973.580078125,4123.2646484375
2026-06-25 16:17:00+00:00,24052.80078125,7388.2099609375,72527.5234375,23076.91015625,10536.8603515625,24995.689453125,8973.580078125,4123.2646484375
2026-06-25 16:18:00+00:00,24052.80078125,7386.66015625,72527.5234375,23076.91015625,10536.8603515625,24995.689453125,8973.580078125,4123.2646484375
2026-06-25 16:19:00+00:00,24052.80078125,7383.0,72527.5234375,23076.91015625,10536.8603515625,24995.689453125,8973.580078125,4123.2646484375
2026-06-25 16:20:00+00:00,24052.80078125,7382.31005859375,72527.5234375,23076.91015625,10536.8603515625,24995.689453125,8973.580078125,4123.2646484375
2026-06-25 16:21:00+00:00,24052.80078125,7383.64990234375,72527.5234375,23076.91015625,10536.8603515625,24995.689453125,8973.580078125,4123.2646484375
2026-06-25 16:22:00+00:00,24052.80078125,7378.93017578125,72527.5234375,23076.91015625,10536.8603515625,24995.689453125,8973.580078125,4123.2646484375
2026-06-25 16:23:00+00:00,24052.80078125,7372.66015625,72527.5234375,23076.91015625,10536.8603515625,24995.689453125,8973.580078125,4123.2646484375
2026-06-25 16:24:00+00:00,24052.80078125,7372.89013671875,72527.5234375,23076.91015625,10536.8603515625,24995.689453125,8973.580078125,4123.2646484375
2026-06-25 16:25:00+00:00,24052.80078125,7369.41015625,72527.5234375,23076.91015625,10536.8603515625,24995.689453125,8973.580078125,4123.2646484375
2026-06-25 16:26:00+00:00,24052.80078125,7370.85009765625,72527.5234375,23076.91015625,10536.8603515625,24995.689453125,8973.580078125,4123.2646484375
2026-06-25 16:27:00+00:00,24052.80078125,7370.10009765625,72527.5234375,23076.91015625,10536.8603515625,24995.689453125,8973.580078125,4123.2646484375
2026-06-25 16:28:00+00:00,24052.80078125,7369.27001953125,72527.5234375,23076.91015625,10536.8603515625,24995.689453125,8973.580078125,4123.2646484375
2026-06-25 16:29:00+00:00,24052.80078125,7370.2001953125,72527.5234375,23076.91015625,10536.8603515625,24995.689453125,8973.580078125,4123.2646484375
2026-06-25 16:30:00+00:00,24052.80078125,7365.0498046875,72527.5234375,23076.91015625,10536.8603515625,24995.689453125,8973.580078125,4123.2646484375
2026-06-25 16:31:00+00:00,24052.80078125,7362.52001953125,72527.5234375,23076.91015625,10536.8603515625,24995.689453125,8973.580078125,4123.2646484375
2026-06-25 16:32:00+00:00,24052.80078125,7362.06982421875,72527.5234375,23076.91015625,10536.8603515625,24995.689453125,8973.580078125,4123.2646484375
2026-06-25 16:33:00+00:00,24052.80078125,7361.7998046875,72527.5234375,23076.91015625,10536.8603515625,24995.689453125,8973.580078125,4123.2646484375
2026-06-25 16:34:00+00:00,24052.80078125,7361.009765625,72527.5234375,23076.91015625,10536.8603515625,24995.689453125,8973.580078125,4123.2646484375
2026-06-25 16:35:00+00:00,24052.80078125,7360.31005859375,72527.5234375,23076.91015625,10536.8603515625,24995.689453125,8973.580078125,4123.2646484375
2026-06-25 16:36:00+00:00,24052.80078125,7360.27001953125,72527.5234375,23076.91015625,10536.8603515625,24995.689453125,8973.580078125,4123.2646484375
2026-06-25 16:37:00+00:00,24052.80078125,7359.64990234375,72527.5234375,23076.91015625,10536.8603515625,24995.689453125,8973.580078125,4123.2646484375
2026-06-25 16:38:00+00:00,24052.80078125,7358.83984375,72527.5234375,23076.91015625,10536.8603515625,24995.689453125,8973.580078125,4123.2646484375
2026-06-25 16:39:00+00:00,24052.80078125,7356.08984375,72527.5234375,23076.91015625,10536.8603515625,24995.689453125,8973.580078125,4123.2646484375
2026-06-25 16:40:00+00:00,24052.80078125,7355.47998046875,72527.5234375,23076.91015625,10536.8603515625,24995.689453125,8973.580078125,4123.2646484375
2026-06-25 16:41:00+00:00,24052.80078125,7352.39990234375,72527.5234375,23076.91015625,10536.8603515625,24995.689453125,8973.580078125,4123.2646484375
2026-06-25 16:42:00+00:00,24052.80078125,7352.9501953125,72527.5234375,23076.91015625,10536.8603515625,24995.689453125,8973.580078125,4123.2646484375
2026-06-25 16:43:00+00:00,24052.80078125,7350.31982421875,72527.5234375,23076.91015625,10536.8603515625,24995.689453125,8973.580078125,4123.2646484375
2026-06-25 16:44:00+00:00,24052.80078125,7350.2099609375,72527.5234375,23076.91015625,10536.8603515625,24995.689453125,8973.580078125,4123.2646484375
2026-06-25 16:45:00+00:00,24052.80078125,7344.33984375,72527.5234375,23076.91015625,10536.8603515625,24995.689453125,8973.580078125,4123.2646484375
2026-06-25 16:46:00+00:00,24052.80078125,7349.2001953125,72527.5234375,23076.91015625,10536.8603515625,24995.689453125,8973.580078125,4123.2646484375
2026-06-25 16:47:00+00:00,24052.80078125,7352.5,72527.5234375,23076.91015625,10536.8603515625,24995.689453125,8973.580078125,4123.2646484375
2026-06-25 16:48:00+00:00,24052.80078125,7354.52001953125,72527.5234375,23076.91015625,10536.8603515625,24995.689453125,8973.580078125,4123.2646484375
2026-06-25 16:49:00+00:00,24052.80078125,7356.1201171875,72527.5234375,23076.91015625,10536.8603515625,24995.689453125,8973.580078125,4123.2646484375
2026-06-25 16:50:00+00:00,24052.80078125,7356.7099609375,72527.5234375,23076.91015625,10536.8603515625,24995.689453125,8973.580078125,4123.2646484375
2026-06-25 16:51:00+00:00,24052.80078125,7353.740234375,72527.5234375,23076.91015625,10536.8603515625,24995.689453125,8973.580078125,4123.2646484375
2026-06-25 16:52:00+00:00,24052.80078125,7355.830078125,72527.5234375,23076.91015625,10536.8603515625,24995.689453125,8973.580078125,4123.2646484375
2026-06-25 16:53:00+00:00,24052.80078125,7355.25,72527.5234375,23076.91015625,10536.8603515625,24995.689453125,8973.580078125,4123.2646484375
2026-06-25 16:54:00+00:00,24052.80078125,7354.7001953125,72527.5234375,23076.91015625,10536.8603515625,24995.689453125,8973.580078125,4123.2646484375
2026-06-25 16:55:00+00:00,24052.80078125,7351.08984375,72527.5234375,23076.91015625,10536.8603515625,24995.689453125,8973.580078125,4123.2646484375
2026-06-25 16:56:00+00:00,24052.80078125,7349.72998046875,72527.5234375,23076.91015625,10536.8603515625,24995.689453125,8973.580078125,4123.2646484375
2026-06-25 16:57:00+00:00,24052.80078125,7349.27978515625,72527.5234375,23076.91015625,10536.8603515625,24995.689453125,8973.580078125,4123.2646484375
2026-06-25 16:58:00+00:00,24052.80078125,7351.7099609375,72527.5234375,23076.91015625,10536.8603515625,24995.689453125,8973.580078125,4123.2646484375
2026-06-25 16:59:00+00:00,24052.80078125,7353.31005859375,72527.5234375,23076.91015625,10536.8603515625,24995.689453125,8973.580078125,4123.2646484375
2026-06-25 17:00:00+00:00,24052.80078125,7356.41015625,72527.5234375,23076.91015625,10536.8603515625,24995.689453125,8973.580078125,4123.2646484375
2026-06-25 17:01:00+00:00,24052.80078125,7356.85009765625,72527.5234375,23076.91015625,10536.8603515625,24995.689453125,8973.580078125,4123.2646484375
2026-06-25 17:02:00+00:00,24052.80078125,7356.10009765625,72527.5234375,23076.91015625,10536.8603515625,24995.689453125,8973.580078125,4123.2646484375
2026-06-25 17:03:00+00:00,24052.80078125,7356.72998046875,72527.5234375,23076.91015625,10536.8603515625,24995.689453125,8973.580078125,4123.2646484375
2026-06-25 17:04:00+00:00,24052.80078125,7353.56982421875,72527.5234375,23076.91015625,10536.8603515625,24995.689453125,8973.580078125,4123.2646484375
2026-06-25 17:05:00+00:00,24052.80078125,7353.72021484375,72527.5234375,23076.91015625,10536.8603515625,24995.689453125,8973.580078125,4123.2646484375
2026-06-25 17:06:00+00:00,24052.80078125,7350.97021484375,72527.5234375,23076.91015625,10536.8603515625,24995.689453125,8973.580078125,4123.2646484375
2026-06-25 17:07:00+00:00,24052.80078125,7352.97021484375,72527.5234375,23076.91015625,10536.8603515625,24995.689453125,8973.580078125,4123.2646484375
2026-06-25 17:08:00+00:00,24052.80078125,7353.77001953125,72527.5234375,23076.91015625,10536.8603515625,24995.689453125,8973.580078125,4123.2646484375
2026-06-25 17:09:00+00:00,24052.80078125,7354.91015625,72527.5234375,23076.91015625,10536.8603515625,24995.689453125,8973.580078125,4123.2646484375
2026-06-25 17:10:00+00:00,24052.80078125,7360.43017578125,72527.5234375,23076.91015625,10536.8603515625,24995.689453125,8973.580078125,4123.2646484375
2026-06-25 17:11:00+00:00,24052.80078125,7361.740234375,72527.5234375,23076.91015625,10536.8603515625,24995.689453125,8973.580078125,4123.2646484375
2026-06-25 17:12:00+00:00,24052.80078125,7359.330078125,72527.5234375,23076.91015625,10536.8603515625,24995.689453125,8973.580078125,4123.2646484375
2026-06-25 17:13:00+00:00,24052.80078125,7362.490234375,72527.5234375,23076.91015625,10536.8603515625,24995.689453125,8973.580078125,4123.2646484375
2026-06-25 17:14:00+00:00,24052.80078125,7360.490234375,72527.5234375,23076.91015625,10536.8603515625,24995.689453125,8973.580078125,4123.2646484375
2026-06-25 17:15:00+00:00,24052.80078125,7367.8701171875,72527.5234375,23076.91015625,10536.8603515625,24995.689453125,8973.580078125,4123.2646484375
2026-06-25 17:16:00+00:00,24052.80078125,7366.43017578125,72527.5234375,23076.91015625,10536.8603515625,24995.689453125,8973.580078125,4123.2646484375
2026-06-25 17:17:00+00:00,24052.80078125,7364.85009765625,72527.5234375,23076.91015625,10536.8603515625,24995.689453125,8973.580078125,4123.2646484375
2026-06-25 17:18:00+00:00,24052.80078125,7360.1201171875,72527.5234375,23076.91015625,10536.8603515625,24995.689453125,8973.580078125,4123.2646484375
2026-06-25 17:19:00+00:00,24052.80078125,7353.9501953125,72527.5234375,23076.91015625,10536.8603515625,24995.689453125,8973.580078125,4123.2646484375
2026-06-25 17:20:00+00:00,24052.80078125,7356.10009765625,72527.5234375,23076.91015625,10536.8603515625,24995.689453125,8973.580078125,4123.2646484375
2026-06-25 17:21:00+00:00,24052.80078125,7356.759765625,72527.5234375,23076.91015625,10536.8603515625,24995.689453125,8973.580078125,4123.2646484375
2026-06-25 17:22:00+00:00,24052.80078125,7356.330078125,72527.5234375,23076.91015625,10536.8603515625,24995.689453125,8973.580078125,4123.2646484375
2026-06-25 17:23:00+00:00,24052.80078125,7356.0400390625,72527.5234375,23076.91015625,10536.8603515625,24995.689453125,8973.580078125,4123.2646484375
2026-06-25 17:24:00+00:00,24052.80078125,7357.66015625,72527.5234375,23076.91015625,10536.8603515625,24995.689453125,8973.580078125,4123.2646484375
2026-06-25 17:25:00+00:00,24052.80078125,7358.43017578125,72527.5234375,23076.91015625,10536.8603515625,24995.689453125,8973.580078125,4123.2646484375
2026-06-25 17:26:00+00:00,24052.80078125,7364.0400390625,72527.5234375,23076.91015625,10536.8603515625,24995.689453125,8973.580078125,4123.2646484375
2026-06-25 17:27:00+00:00,24052.80078125,7362.7900390625,72527.5234375,23076.91015625,10536.8603515625,24995.689453125,8973.580078125,4123.2646484375
2026-06-25 17:28:00+00:00,24052.80078125,7358.8798828125,72527.5234375,23076.91015625,10536.8603515625,24995.689453125,8973.580078125,4123.2646484375
2026-06-25 17:29:00+00:00,24052.80078125,7360.66015625,72527.5234375,23076.91015625,10536.8603515625,24995.689453125,8973.580078125,4123.2646484375
2026-06-25 17:30:00+00:00,24052.80078125,7362.52978515625,72527.5234375,23076.91015625,10536.8603515625,24995.689453125,8973.580078125,4123.2646484375
2026-06-25 17:31:00+00:00,24052.80078125,7359.25,72527.5234375,23076.91015625,10536.8603515625,24995.689453125,8973.580078125,4123.2646484375
2026-06-25 17:32:00+00:00,24052.80078125,7356.759765625,72527.5234375,23076.91015625,10536.8603515625,24995.689453125,8973.580078125,4123.2646484375
2026-06-25 17:33:00+00:00,24052.80078125,7357.919921875,72527.5234375,23076.91015625,10536.8603515625,24995.689453125,8973.580078125,4123.2646484375
2026-06-25 17:34:00+00:00,24052.80078125,7357.1298828125,72527.5234375,23076.91015625,10536.8603515625,24995.689453125,8973.580078125,4123.2646484375
2026-06-25 17:35:00+00:00,24052.80078125,7359.669921875,72527.5234375,23076.91015625,10536.8603515625,24995.689453125,8973.580078125,4123.2646484375
2026-06-25 17:36:00+00:00,24052.80078125,7361.64990234375,72527.5234375,23076.91015625,10536.8603515625,24995.689453125,8973.580078125,4123.2646484375
2026-06-25 17:37:00+00:00,24052.80078125,7359.580078125,72527.5234375,23076.91015625,10536.8603515625,24995.689453125,8973.580078125,4123.2646484375
2026-06-25 17:38:00+00:00,24052.80078125,7361.8798828125,72527.5234375,23076.91015625,10536.8603515625,24995.689453125,8973.580078125,4123.2646484375
2026-06-25 17:39:00+00:00,24052.80078125,7360.8798828125,72527.5234375,23076.91015625,10536.8603515625,24995.689453125,8973.580078125,4123.2646484375
2026-06-25 17:40:00+00:00,24052.80078125,7363.919921875,72527.5234375,23076.91015625,10536.8603515625,24995.689453125,8973.580078125,4123.2646484375
2026-06-25 17:41:00+00:00,24052.80078125,7362.02978515625,72527.5234375,23076.91015625,10536.8603515625,24995.689453125,8973.580078125,4123.2646484375
2026-06-25 17:42:00+00:00,24052.80078125,7360.5,72527.5234375,23076.91015625,10536.8603515625,24995.689453125,8973.580078125,4123.2646484375
2026-06-25 17:43:00+00:00,24052.80078125,7356.81982421875,72527.5234375,23076.91015625,10536.8603515625,24995.689453125,8973.580078125,4123.2646484375
2026-06-25 17:44:00+00:00,24052.80078125,7354.18017578125,72527.5234375,23076.91015625,10536.8603515625,24995.689453125,8973.580078125,4123.2646484375
2026-06-25 17:45:00+00:00,24052.80078125,7349.7001953125,72527.5234375,23076.91015625,10536.8603515625,24995.689453125,8973.580078125,4123.2646484375
2026-06-25 17:46:00+00:00,24052.80078125,7349.89990234375,72527.5234375,23076.91015625,10536.8603515625,24995.689453125,8973.580078125,4123.2646484375
2026-06-25 17:47:00+00:00,24052.80078125,7347.41015625,72527.5234375,23076.91015625,10536.8603515625,24995.689453125,8973.580078125,4123.2646484375
2026-06-25 17:48:00+00:00,24052.80078125,7346.83984375,72527.5234375,23076.91015625,10536.8603515625,24995.689453125,8973.580078125,4123.2646484375
2026-06-25 17:49:00+00:00,24052.80078125,7346.669921875,72527.5234375,23076.91015625,10536.8603515625,24995.689453125,8973.580078125,4123.2646484375
2026-06-25 17:50:00+00:00,24052.80078125,7346.52978515625,72527.5234375,23076.91015625,10536.8603515625,24995.689453125,8973.580078125,4123.2646484375
2026-06-25 17:51:00+00:00,24052.80078125,7345.8701171875,72527.5234375,23076.91015625,10536.8603515625,24995.689453125,8973.580078125,4123.2646484375
2026-06-25 17:52:00+00:00,24052.80078125,7347.39990234375,72527.5234375,23076.91015625,10536.8603515625,24995.689453125,8973.580078125,4123.2646484375
2026-06-25 17:53:00+00:00,24052.80078125,7354.10009765625,72527.5234375,23076.91015625,10536.8603515625,24995.689453125,8973.580078125,4123.2646484375
2026-06-25 17:54:00+00:00,24052.80078125,7353.66015625,72527.5234375,23076.91015625,10536.8603515625,24995.689453125,8973.580078125,4123.2646484375
2026-06-25 17:55:00+00:00,24052.80078125,7355.60009765625,72527.5234375,23076.91015625,10536.8603515625,24995.689453125,8973.580078125,4123.2646484375
2026-06-25 17:56:00+00:00,24052.80078125,7355.93994140625,72527.5234375,23076.91015625,10536.8603515625,24995.689453125,8973.580078125,4123.2646484375
2026-06-25 17:57:00+00:00,24052.80078125,7359.0,72527.5234375,23076.91015625,10536.8603515625,24995.689453125,8973.580078125,4123.2646484375
2026-06-25 17:58:00+00:00,24052.80078125,7362.06982421875,72527.5234375,23076.91015625,10536.8603515625,24995.689453125,8973.580078125,4123.2646484375
2026-06-25 17:59:00+00:00,24052.80078125,7363.0,72527.5234375,23076.91015625,10536.8603515625,24995.689453125,8973.580078125,4123.2646484375
2026-06-25 18:00:00+00:00,24052.80078125,7360.7900390625,72527.5234375,23076.91015625,10536.8603515625,24995.689453125,8973.580078125,4123.2646484375
2026-06-25 18:01:00+00:00,24052.80078125,7360.18994140625,72527.5234375,23076.91015625,10536.8603515625,24995.689453125,8973.580078125,4123.2646484375
2026-06-25 18:02:00+00:00,24052.80078125,7345.72998046875,72527.5234375,23076.91015625,10536.8603515625,24995.689453125,8973.580078125,4123.2646484375
2026-06-25 18:03:00+00:00,24052.80078125,7343.64990234375,72527.5234375,23076.91015625,10536.8603515625,24995.689453125,8973.580078125,4123.2646484375
2026-06-25 18:04:00+00:00,24052.80078125,7347.72021484375,72527.5234375,23076.91015625,10536.8603515625,24995.689453125,8973.580078125,4123.2646484375
2026-06-25 18:05:00+00:00,24052.80078125,7349.66015625,72527.5234375,23076.91015625,10536.8603515625,24995.689453125,8973.580078125,4123.2646484375
2026-06-25 18:06:00+00:00,24052.80078125,7355.5498046875,72527.5234375,23076.91015625,10536.8603515625,24995.689453125,8973.580078125,4123.2646484375
2026-06-25 18:07:00+00:00,24052.80078125,7358.41015625,72527.5234375,23076.91015625,10536.8603515625,24995.689453125,8973.580078125,4123.2646484375
2026-06-25 18:08:00+00:00,24052.80078125,7358.56005859375,72527.5234375,23076.91015625,10536.8603515625,24995.689453125,8973.580078125,4123.2646484375
2026-06-25 18:09:00+00:00,24052.80078125,7362.240234375,72527.5234375,23076.91015625,10536.8603515625,24995.689453125,8973.580078125,4123.2646484375
2026-06-25 18:10:00+00:00,24052.80078125,7361.75,72527.5234375,23076.91015625,10536.8603515625,24995.689453125,8973.580078125,4123.2646484375
2026-06-25 18:11:00+00:00,24052.80078125,7365.02001953125,72527.5234375,23076.91015625,10536.8603515625,24995.689453125,8973.580078125,4123.2646484375
2026-06-25 18:12:00+00:00,24052.80078125,7364.72021484375,72527.5234375,23076.91015625,10536.8603515625,24995.689453125,8973.580078125,4123.2646484375
2026-06-25 18:13:00+00:00,24052.80078125,7359.06982421875,72527.5234375,23076.91015625,10536.8603515625,24995.689453125,8973.580078125,4123.2646484375
2026-06-25 18:14:00+00:00,24052.80078125,7360.52978515625,72527.5234375,23076.91015625,10536.8603515625,24995.689453125,8973.580078125,4123.2646484375
2026-06-25 18:15:00+00:00,24052.80078125,7360.06982421875,72527.5234375,23076.91015625,10536.8603515625,24995.689453125,8973.580078125,4123.2646484375
2026-06-25 18:16:00+00:00,24052.80078125,7366.18017578125,72527.5234375,23076.91015625,10536.8603515625,24995.689453125,8973.580078125,4123.2646484375
2026-06-25 18:17:00+00:00,24052.80078125,7366.77001953125,72527.5234375,23076.91015625,10536.8603515625,24995.689453125,8973.580078125,4123.2646484375
2026-06-25 18:18:00+00:00,24052.80078125,7374.02001953125,72527.5234375,23076.91015625,10536.8603515625,24995.689453125,8973.580078125,4123.2646484375
2026-06-25 18:19:00+00:00,24052.80078125,7376.72998046875,72527.5234375,23076.91015625,10536.8603515625,24995.689453125,8973.580078125,4123.2646484375
2026-06-25 18:20:00+00:00,24052.80078125,7376.06982421875,72527.5234375,23076.91015625,10536.8603515625,24995.689453125,8973.580078125,4123.2646484375
2026-06-25 18:21:00+00:00,24052.80078125,7372.52978515625,72527.5234375,23076.91015625,10536.8603515625,24995.689453125,8973.580078125,4123.2646484375
2026-06-25 18:22:00+00:00,24052.80078125,7375.97998046875,72527.5234375,23076.91015625,10536.8603515625,24995.689453125,8973.580078125,4123.2646484375
2026-06-25 18:23:00+00:00,24052.80078125,7376.66015625,72527.5234375,23076.91015625,10536.8603515625,24995.689453125,8973.580078125,4123.2646484375
2026-06-25 18:24:00+00:00,24052.80078125,7377.97021484375,72527.5234375,23076.91015625,10536.8603515625,24995.689453125,8973.580078125,4123.2646484375
2026-06-25 18:25:00+00:00,24052.80078125,7383.39990234375,72527.5234375,23076.91015625,10536.8603515625,24995.689453125,8973.580078125,4123.2646484375
2026-06-25 18:26:00+00:00,24052.80078125,7384.509765625,72527.5234375,23076.91015625,10536.8603515625,24995.689453125,8973.580078125,4123.2646484375
2026-06-25 18:27:00+00:00,24052.80078125,7384.83984375,72527.5234375,23076.91015625,10536.8603515625,24995.689453125,8973.580078125,4123.2646484375
2026-06-25 18:28:00+00:00,24052.80078125,7385.43017578125,72527.5234375,23076.91015625,10536.8603515625,24995.689453125,8973.580078125,4123.2646484375
2026-06-25 18:29:00+00:00,24052.80078125,7386.580078125,72527.5234375,23076.91015625,10536.8603515625,24995.689453125,8973.580078125,4123.2646484375
2026-06-25 18:30:00+00:00,24052.80078125,7378.990234375,72527.5234375,23076.91015625,10536.8603515625,24995.689453125,8973.580078125,4123.2646484375
2026-06-25 18:31:00+00:00,24052.80078125,7377.669921875,72527.5234375,23076.91015625,10536.8603515625,24995.689453125,8973.580078125,4123.2646484375
2026-06-25 18:32:00+00:00,24052.80078125,7373.93017578125,72527.5234375,23076.91015625,10536.8603515625,24995.689453125,8973.580078125,4123.2646484375
2026-06-25 18:33:00+00:00,24052.80078125,7369.16015625,72527.5234375,23076.91015625,10536.8603515625,24995.689453125,8973.580078125,4123.2646484375
2026-06-25 18:34:00+00:00,24052.80078125,7368.10986328125,72527.5234375,23076.91015625,10536.8603515625,24995.689453125,8973.580078125,4123.2646484375
2026-06-25 18:35:00+00:00,24052.80078125,7369.22998046875,72527.5234375,23076.91015625,10536.8603515625,24995.689453125,8973.580078125,4123.2646484375
2026-06-25 18:36:00+00:00,24052.80078125,7370.330078125,72527.5234375,23076.91015625,10536.8603515625,24995.689453125,8973.580078125,4123.2646484375
2026-06-25 18:37:00+00:00,24052.80078125,7372.72021484375,72527.5234375,23076.91015625,10536.8603515625,24995.689453125,8973.580078125,4123.2646484375
2026-06-25 18:38:00+00:00,24052.80078125,7373.02978515625,72527.5234375,23076.91015625,10536.8603515625,24995.689453125,8973.580078125,4123.2646484375
2026-06-25 18:39:00+00:00,24052.80078125,7371.60986328125,72527.5234375,23076.91015625,10536.8603515625,24995.689453125,8973.580078125,4123.2646484375
2026-06-25 18:40:00+00:00,24052.80078125,7371.9599609375,72527.5234375,23076.91015625,10536.8603515625,24995.689453125,8973.580078125,4123.2646484375
2026-06-25 18:41:00+00:00,24052.80078125,7368.02001953125,72527.5234375,23076.91015625,10536.8603515625,24995.689453125,8973.580078125,4123.2646484375
2026-06-25 18:42:00+00:00,24052.80078125,7368.85009765625,72527.5234375,23076.91015625,10536.8603515625,24995.689453125,8973.580078125,4123.2646484375
2026-06-25 18:43:00+00:00,24052.80078125,7369.990234375,72527.5234375,23076.91015625,10536.8603515625,24995.689453125,8973.580078125,4123.2646484375
2026-06-25 18:44:00+00:00,24052.80078125,7367.7001953125,72527.5234375,23076.91015625,10536.8603515625,24995.689453125,8973.580078125,4123.2646484375
2026-06-25 18:45:00+00:00,24052.80078125,7362.259765625,72527.5234375,23076.91015625,10536.8603515625,24995.689453125,8973.580078125,4123.2646484375
2026-06-25 18:46:00+00:00,24052.80078125,7359.68017578125,72527.5234375,23076.91015625,10536.8603515625,24995.689453125,8973.580078125,4123.2646484375
2026-06-25 18:47:00+00:00,24052.80078125,7359.31982421875,72527.5234375,23076.91015625,10536.8603515625,24995.689453125,8973.580078125,4123.2646484375
2026-06-25 18:48:00+00:00,24052.80078125,7360.7001953125,72527.5234375,23076.91015625,10536.8603515625,24995.689453125,8973.580078125,4123.2646484375
2026-06-25 18:49:00+00:00,24052.80078125,7363.919921875,72527.5234375,23076.91015625,10536.8603515625,24995.689453125,8973.580078125,4123.2646484375
2026-06-25 18:50:00+00:00,24052.80078125,7365.22998046875,72527.5234375,23076.91015625,10536.8603515625,24995.689453125,8973.580078125,4123.2646484375
2026-06-25 18:51:00+00:00,24052.80078125,7362.81005859375,72527.5234375,23076.91015625,10536.8603515625,24995.689453125,8973.580078125,4123.2646484375
2026-06-25 18:52:00+00:00,24052.80078125,7370.93994140625,72527.5234375,23076.91015625,10536.8603515625,24995.689453125,8973.580078125,4123.2646484375
2026-06-25 18:53:00+00:00,24052.80078125,7368.18994140625,72527.5234375,23076.91015625,10536.8603515625,24995.689453125,8973.580078125,4123.2646484375
2026-06-25 18:54:00+00:00,24052.80078125,7365.31005859375,72527.5234375,23076.91015625,10536.8603515625,24995.689453125,8973.580078125,4123.2646484375
2026-06-25 18:55:00+00:00,24052.80078125,7367.35009765625,72527.5234375,23076.91015625,10536.8603515625,24995.689453125,8973.580078125,4123.2646484375
2026-06-25 18:56:00+00:00,24052.80078125,7366.740234375,72527.5234375,23076.91015625,10536.8603515625,24995.689453125,8973.580078125,4123.2646484375
2026-06-25 18:57:00+00:00,24052.80078125,7366.22998046875,72527.5234375,23076.91015625,10536.8603515625,24995.689453125,8973.580078125,4123.2646484375
2026-06-25 18:58:00+00:00,24052.80078125,7365.2998046875,72527.5234375,23076.91015625,10536.8603515625,24995.689453125,8973.580078125,4123.2646484375
2026-06-25 18:59:00+00:00,24052.80078125,7366.14013671875,72527.5234375,23076.91015625,10536.8603515625,24995.689453125,8973.580078125,4123.2646484375
2026-06-25 19:00:00+00:00,24052.80078125,7364.919921875,72527.5234375,23076.91015625,10536.8603515625,24995.689453125,8973.580078125,4123.2646484375
2026-06-25 19:01:00+00:00,24052.80078125,7362.06982421875,72527.5234375,23076.91015625,10536.8603515625,24995.689453125,8973.580078125,4123.2646484375
2026-06-25 19:02:00+00:00,24052.80078125,7359.77978515625,72527.5234375,23076.91015625,10536.8603515625,24995.689453125,8973.580078125,4123.2646484375
2026-06-25 19:03:00+00:00,24052.80078125,7358.56005859375,72527.5234375,23076.91015625,10536.8603515625,24995.689453125,8973.580078125,4123.2646484375
2026-06-25 19:04:00+00:00,24052.80078125,7357.72998046875,72527.5234375,23076.91015625,10536.8603515625,24995.689453125,8973.580078125,4123.2646484375
2026-06-25 19:05:00+00:00,24052.80078125,7356.22998046875,72527.5234375,23076.91015625,10536.8603515625,24995.689453125,8973.580078125,4123.2646484375
2026-06-25 19:06:00+00:00,24052.80078125,7358.52001953125,72527.5234375,23076.91015625,10536.8603515625,24995.689453125,8973.580078125,4123.2646484375
2026-06-25 19:07:00+00:00,24052.80078125,7359.5400390625,72527.5234375,23076.91015625,10536.8603515625,24995.689453125,8973.580078125,4123.2646484375
2026-06-25 19:08:00+00:00,24052.80078125,7358.580078125,72527.5234375,23076.91015625,10536.8603515625,24995.689453125,8973.580078125,4123.2646484375
2026-06-25 19:09:00+00:00,24052.80078125,7358.91015625,72527.5234375,23076.91015625,10536.8603515625,24995.689453125,8973.580078125,4123.2646484375
2026-06-25 19:10:00+00:00,24052.80078125,7358.06982421875,72527.5234375,23076.91015625,10536.8603515625,24995.689453125,8973.580078125,4123.2646484375
2026-06-25 19:11:00+00:00,24052.80078125,7356.97998046875,72527.5234375,23076.91015625,10536.8603515625,24995.689453125,8973.580078125,4123.2646484375
2026-06-25 19:12:00+00:00,24052.80078125,7356.25,72527.5234375,23076.91015625,10536.8603515625,24995.689453125,8973.580078125,4123.2646484375
2026-06-25 19:13:00+00:00,24052.80078125,7353.0400390625,72527.5234375,23076.91015625,10536.8603515625,24995.689453125,8973.580078125,4123.2646484375
2026-06-25 19:14:00+00:00,24052.80078125,7352.2998046875,72527.5234375,23076.91015625,10536.8603515625,24995.689453125,8973.580078125,4123.2646484375
2026-06-25 19:15:00+00:00,24052.80078125,7349.91015625,72527.5234375,23076.91015625,10536.8603515625,24995.689453125,8973.580078125,4123.2646484375
2026-06-25 19:16:00+00:00,24052.80078125,7351.56982421875,72527.5234375,23076.91015625,10536.8603515625,24995.689453125,8973.580078125,4123.2646484375
2026-06-25 19:17:00+00:00,24052.80078125,7347.68017578125,72527.5234375,23076.91015625,10536.8603515625,24995.689453125,8973.580078125,4123.2646484375
2026-06-25 19:18:00+00:00,24052.80078125,7347.66015625,72527.5234375,23076.91015625,10536.8603515625,24995.689453125,8973.580078125,4123.2646484375
2026-06-25 19:19:00+00:00,24052.80078125,7350.31982421875,72527.5234375,23076.91015625,10536.8603515625,24995.689453125,8973.580078125,4123.2646484375
2026-06-25 19:20:00+00:00,24052.80078125,7349.2998046875,72527.5234375,23076.91015625,10536.8603515625,24995.689453125,8973.580078125,4123.2646484375
2026-06-25 19:21:00+00:00,24052.80078125,7351.22021484375,72527.5234375,23076.91015625,10536.8603515625,24995.689453125,8973.580078125,4123.2646484375
2026-06-25 19:22:00+00:00,24052.80078125,7353.18017578125,72527.5234375,23076.91015625,10536.8603515625,24995.689453125,8973.580078125,4123.2646484375
2026-06-25 19:23:00+00:00,24052.80078125,7352.39990234375,72527.5234375,23076.91015625,10536.8603515625,24995.689453125,8973.580078125,4123.2646484375
2026-06-25 19:24:00+00:00,24052.80078125,7353.64990234375,72527.5234375,23076.91015625,10536.8603515625,24995.689453125,8973.580078125,4123.2646484375
2026-06-25 19:25:00+00:00,24052.80078125,7354.18994140625,72527.5234375,23076.91015625,10536.8603515625,24995.689453125,8973.580078125,4123.2646484375
2026-06-25 19:26:00+00:00,24052.80078125,7354.7099609375,72527.5234375,23076.91015625,10536.8603515625,24995.689453125,8973.580078125,4123.2646484375
2026-06-25 19:27:00+00:00,24052.80078125,7350.8701171875,72527.5234375,23076.91015625,10536.8603515625,24995.689453125,8973.580078125,4123.2646484375
2026-06-25 19:28:00+00:00,24052.80078125,7349.6298828125,72527.5234375,23076.91015625,10536.8603515625,24995.689453125,8973.580078125,4123.2646484375
2026-06-25 19:29:00+00:00,24052.80078125,7352.5400390625,72527.5234375,23076.91015625,10536.8603515625,24995.689453125,8973.580078125,4123.2646484375
2026-06-25 19:30:00+00:00,24052.80078125,7349.68017578125,72527.5234375,23076.91015625,10536.8603515625,24995.689453125,8973.580078125,4123.2646484375
2026-06-25 19:31:00+00:00,24052.80078125,7346.97998046875,72527.5234375,23076.91015625,10536.8603515625,24995.689453125,8973.580078125,4123.2646484375
2026-06-25 19:32:00+00:00,24052.80078125,7346.419921875,72527.5234375,23076.91015625,10536.8603515625,24995.689453125,8973.580078125,4123.2646484375
2026-06-25 19:33:00+00:00,24052.80078125,7348.31982421875,72527.5234375,23076.91015625,10536.8603515625,24995.689453125,8973.580078125,4123.2646484375
2026-06-25 19:34:00+00:00,24052.80078125,7350.0498046875,72527.5234375,23076.91015625,10536.8603515625,24995.689453125,8973.580078125,4123.2646484375
2026-06-25 19:35:00+00:00,24052.80078125,7346.9599609375,72527.5234375,23076.91015625,10536.8603515625,24995.689453125,8973.580078125,4123.2646484375
2026-06-25 19:36:00+00:00,24052.80078125,7346.740234375,72527.5234375,23076.91015625,10536.8603515625,24995.689453125,8973.580078125,4123.2646484375
2026-06-25 19:37:00+00:00,24052.80078125,7347.52001953125,72527.5234375,23076.91015625,10536.8603515625,24995.689453125,8973.580078125,4123.2646484375
2026-06-25 19:38:00+00:00,24052.80078125,7345.8701171875,72527.5234375,23076.91015625,10536.8603515625,24995.689453125,8973.580078125,4123.2646484375
2026-06-25 19:39:00+00:00,24052.80078125,7348.2900390625,72527.5234375,23076.91015625,10536.8603515625,24995.689453125,8973.580078125,4123.2646484375
2026-06-25 19:40:00+00:00,24052.80078125,7348.10009765625,72527.5234375,23076.91015625,10536.8603515625,24995.689453125,8973.580078125,4123.2646484375
2026-06-25 19:41:00+00:00,24052.80078125,7348.85009765625,72527.5234375,23076.91015625,10536.8603515625,24995.689453125,8973.580078125,4123.2646484375
2026-06-25 19:42:00+00:00,24052.80078125,7347.93017578125,72527.5234375,23076.91015625,10536.8603515625,24995.689453125,8973.580078125,4123.2646484375
2026-06-25 19:43:00+00:00,24052.80078125,7348.68017578125,72527.5234375,23076.91015625,10536.8603515625,24995.689453125,8973.580078125,4123.2646484375
2026-06-25 19:44:00+00:00,24052.80078125,7347.60986328125,72527.5234375,23076.91015625,10536.8603515625,24995.689453125,8973.580078125,4123.2646484375
2026-06-25 19:45:00+00:00,24052.80078125,7344.64013671875,72527.5234375,23076.91015625,10536.8603515625,24995.689453125,8973.580078125,4123.2646484375
2026-06-25 19:46:00+00:00,24052.80078125,7344.169921875,72527.5234375,23076.91015625,10536.8603515625,24995.689453125,8973.580078125,4123.2646484375
2026-06-25 19:47:00+00:00,24052.80078125,7344.64990234375,72527.5234375,23076.91015625,10536.8603515625,24995.689453125,8973.580078125,4123.2646484375
2026-06-25 19:48:00+00:00,24052.80078125,7342.85009765625,72527.5234375,23076.91015625,10536.8603515625,24995.689453125,8973.580078125,4123.2646484375
2026-06-25 19:49:00+00:00,24052.80078125,7344.72021484375,72527.5234375,23076.91015625,10536.8603515625,24995.689453125,8973.580078125,4123.2646484375
2026-06-25 19:50:00+00:00,24052.80078125,7343.9501953125,72527.5234375,23076.91015625,10536.8603515625,24995.689453125,8973.580078125,4123.2646484375
2026-06-25 19:51:00+00:00,24052.80078125,7347.10986328125,72527.5234375,23076.91015625,10536.8603515625,24995.689453125,8973.580078125,4123.2646484375
2026-06-25 19:52:00+00:00,24052.80078125,7350.08984375,72527.5234375,23076.91015625,10536.8603515625,24995.689453125,8973.580078125,4123.2646484375
2026-06-25 19:53:00+00:00,24052.80078125,7351.81005859375,72527.5234375,23076.91015625,10536.8603515625,24995.689453125,8973.580078125,4123.2646484375
2026-06-25 19:54:00+00:00,24052.80078125,7353.14990234375,72527.5234375,23076.91015625,10536.8603515625,24995.689453125,8973.580078125,4123.2646484375
2026-06-25 19:55:00+00:00,24052.80078125,7351.43017578125,72527.5234375,23076.91015625,10536.8603515625,24995.689453125,8973.580078125,4123.2646484375
2026-06-25 19:56:00+00:00,24052.80078125,7350.60009765625,72527.5234375,23076.91015625,10536.8603515625,24995.689453125,8973.580078125,4123.2646484375
2026-06-25 19:57:00+00:00,24052.80078125,7350.7998046875,72527.5234375,23076.91015625,10536.8603515625,24995.689453125,8973.580078125,4123.2646484375
2026-06-25 19:58:00+00:00,24052.80078125,7348.4501953125,72527.5234375,23076.91015625,10536.8603515625,24995.689453125,8973.580078125,4123.2646484375
2026-06-25 19:59:00+00:00,24052.80078125,7357.169921875,72527.5234375,23076.91015625,10536.8603515625,24995.689453125,8973.580078125,4123.2646484375
2026-06-26 00:00:00+00:00,24052.80078125,7357.169921875,71711.7265625,23076.91015625,10536.8603515625,24995.689453125,8861.7001953125,4123.2646484375
2026-06-26 00:01:00+00:00,24052.80078125,7357.169921875,71705.71875,23076.91015625,10536.8603515625,24995.689453125,8796.26953125,4123.2646484375
2026-06-26 00:02:00+00:00,24052.80078125,7357.169921875,71749.6875,23076.91015625,10536.8603515625,24995.689453125,8816.4404296875,4123.2646484375
2026-06-26 00:03:00+00:00,24052.80078125,7357.169921875,71339.7578125,23076.91015625,10536.8603515625,24995.689453125,8809.759765625,4123.2646484375
2026-06-26 00:04:00+00:00,24052.80078125,7357.169921875,71527.8984375,23076.91015625,10536.8603515625,24995.689453125,8771.5595703125,4123.2646484375
2026-06-26 00:05:00+00:00,24052.80078125,7357.169921875,71666.75,23076.91015625,10536.8603515625,24995.689453125,8752.41015625,4123.2646484375
2026-06-26 00:06:00+00:00,24052.80078125,7357.169921875,71484.9765625,23076.91015625,10536.8603515625,24995.689453125,8765.9697265625,4123.2646484375
2026-06-26 00:07:00+00:00,24052.80078125,7357.169921875,71392.359375,23076.91015625,10536.8603515625,24995.689453125,8738.8203125,4123.2646484375
2026-06-26 00:08:00+00:00,24052.80078125,7357.169921875,71308.59375,23076.91015625,10536.8603515625,24995.689453125,8764.0400390625,4123.2646484375
2026-06-26 00:09:00+00:00,24052.80078125,7357.169921875,71308.890625,23076.91015625,10536.8603515625,24995.689453125,8756.5302734375,4123.2646484375
2026-06-26 00:10:00+00:00,24052.80078125,7357.169921875,71275.1484375,23076.91015625,10536.8603515625,24995.689453125,8789.099609375,4123.2646484375
2026-06-26 00:11:00+00:00,24052.80078125,7357.169921875,71100.296875,23076.91015625,10536.8603515625,24995.689453125,8769.599609375,4123.2646484375
2026-06-26 00:12:00+00:00,24052.80078125,7357.169921875,70928.0625,23076.91015625,10536.8603515625,24995.689453125,8757.9599609375,4123.2646484375
2026-06-26 00:13:00+00:00,24052.80078125,7357.169921875,70900.21875,23076.91015625,10536.8603515625,24995.689453125,8770.4697265625,4123.2646484375
2026-06-26 00:14:00+00:00,24052.80078125,7357.169921875,70917.53125,23076.91015625,10536.8603515625,24995.689453125,8780.0703125,4123.2646484375
2026-06-26 00:15:00+00:00,24052.80078125,7357.169921875,70828.3515625,23076.91015625,10536.8603515625,24995.689453125,8768.990234375,4123.2646484375
2026-06-26 00:16:00+00:00,24052.80078125,7357.169921875,70651.3671875,23076.91015625,10536.8603515625,24995.689453125,8741.0302734375,4123.2646484375
2026-06-26 00:17:00+00:00,24052.80078125,7357.169921875,70809.8203125,23076.91015625,10536.8603515625,24995.689453125,8750.8095703125,4123.2646484375
2026-06-26 00:18:00+00:00,24052.80078125,7357.169921875,70671.3515625,23076.91015625,10536.8603515625,24995.689453125,8729.08984375,4123.2646484375
2026-06-26 00:19:00+00:00,24052.80078125,7357.169921875,70518.25,23076.91015625,10536.8603515625,24995.689453125,8704.01953125,4123.2646484375
2026-06-26 00:20:00+00:00,24052.80078125,7357.169921875,70588.4296875,23076.91015625,10536.8603515625,24995.689453125,8706.08984375,4123.2646484375
2026-06-26 00:21:00+00:00,24052.80078125,7357.169921875,70525.7265625,23076.91015625,10536.8603515625,24995.689453125,8714.08984375,4123.2646484375
2026-06-26 00:22:00+00:00,24052.80078125,7357.169921875,70458.890625,23076.91015625,10536.8603515625,24995.689453125,8720.01953125,4123.2646484375
2026-06-26 00:23:00+00:00,24052.80078125,7357.169921875,70455.1484375,23076.91015625,10536.8603515625,24995.689453125,8708.73046875,4123.2646484375
2026-06-26 00:24:00+00:00,24052.80078125,7357.169921875,70333.828125,23076.91015625,10536.8603515625,24995.689453125,8682.490234375,4123.2646484375
2026-06-26 00:25:00+00:00,24052.80078125,7357.169921875,70289.546875,23076.91015625,10536.8603515625,24995.689453125,8689.25,4123.2646484375
2026-06-26 00:26:00+00:00,24052.80078125,7357.169921875,70098.2578125,23076.91015625,10536.8603515625,24995.689453125,8650.5595703125,4123.2646484375
2026-06-26 00:27:00+00:00,24052.80078125,7357.169921875,70141.2265625,23076.91015625,10536.8603515625,24995.689453125,8644.4501953125,4123.2646484375
2026-06-26 00:28:00+00:00,24052.80078125,7357.169921875,70355.46875,23076.91015625,10536.8603515625,24995.689453125,8676.51953125,4123.2646484375
2026-06-26 00:29:00+00:00,24052.80078125,7357.169921875,70420.46875,23076.91015625,10536.8603515625,24995.689453125,8658.259765625,4123.2646484375
2026-06-26 00:30:00+00:00,24052.80078125,7357.169921875,70426.8515625,23076.91015625,10536.8603515625,24995.689453125,8632.169921875,4123.2646484375
2026-06-26 00:31:00+00:00,24052.80078125,7357.169921875,70502.1484375,23076.91015625,10536.8603515625,24995.689453125,8640.0595703125,4123.2646484375
2026-06-26 00:32:00+00:00,24052.80078125,7357.169921875,70372.15625,23076.91015625,10536.8603515625,24995.689453125,8610.0498046875,4123.2646484375
2026-06-26 00:33:00+00:00,24052.80078125,7357.169921875,70331.0625,23076.91015625,10536.8603515625,24995.689453125,8609.1103515625,4123.2646484375
2026-06-26 00:34:00+00:00,24052.80078125,7357.169921875,70339.4921875,23076.91015625,10536.8603515625,24995.689453125,8586.169921875,4123.2646484375
2026-06-26 00:35:00+00:00,24052.80078125,7357.169921875,70343.6796875,23076.91015625,10536.8603515625,24995.689453125,8586.8701171875,4123.2646484375
2026-06-26 00:36:00+00:00,24052.80078125,7357.169921875,70464.8125,23076.91015625,10536.8603515625,24995.689453125,8630.150390625,4123.2646484375
2026-06-26 00:37:00+00:00,24052.80078125,7357.169921875,70487.078125,23076.91015625,10536.8603515625,24995.689453125,8634.0,4123.2646484375
2026-06-26 00:38:00+00:00,24052.80078125,7357.169921875,70493.4375,23076.91015625,10536.8603515625,24995.689453125,8608.23046875,4123.2646484375
2026-06-26 00:39:00+00:00,24052.80078125,7357.169921875,70503.0234375,23076.91015625,10536.8603515625,24995.689453125,8614.2197265625,4123.2646484375
2026-06-26 00:40:00+00:00,24052.80078125,7357.169921875,70620.40625,23076.91015625,10536.8603515625,24995.689453125,8659.8798828125,4123.2646484375
2026-06-26 00:41:00+00:00,24052.80078125,7357.169921875,70419.5234375,23076.91015625,10536.8603515625,24995.689453125,8624.16015625,4123.2646484375
2026-06-26 00:42:00+00:00,24052.80078125,7357.169921875,70472.0,23076.91015625,10536.8603515625,24995.689453125,8657.2900390625,4123.2646484375
2026-06-26 00:43:00+00:00,24052.80078125,7357.169921875,70425.328125,23076.91015625,10536.8603515625,24995.689453125,8654.5703125,4123.2646484375
2026-06-26 00:44:00+00:00,24052.80078125,7357.169921875,70387.453125,23076.91015625,10536.8603515625,24995.689453125,8643.4501953125,4123.2646484375
2026-06-26 00:45:00+00:00,24052.80078125,7357.169921875,70450.0703125,23076.91015625,10536.8603515625,24995.689453125,8645.1103515625,4123.2646484375
2026-06-26 00:46:00+00:00,24052.80078125,7357.169921875,70422.7109375,23076.91015625,10536.8603515625,24995.689453125,8660.650390625,4123.2646484375
2026-06-26 00:47:00+00:00,24052.80078125,7357.169921875,70468.0234375,23076.91015625,10536.8603515625,24995.689453125,8685.830078125,4123.2646484375
2026-06-26 00:48:00+00:00,24052.80078125,7357.169921875,70496.3984375,23076.91015625,10536.8603515625,24995.689453125,8694.1396484375,4123.2646484375
2026-06-26 00:49:00+00:00,24052.80078125,7357.169921875,70403.1875,23076.91015625,10536.8603515625,24995.689453125,8666.98046875,4123.2646484375
2026-06-26 00:50:00+00:00,24052.80078125,7357.169921875,70269.5625,23076.91015625,10536.8603515625,24995.689453125,8658.41015625,4123.2646484375
2026-06-26 00:51:00+00:00,24052.80078125,7357.169921875,70411.5390625,23076.91015625,10536.8603515625,24995.689453125,8681.16015625,4123.2646484375
2026-06-26 00:52:00+00:00,24052.80078125,7357.169921875,70353.59375,23076.91015625,10536.8603515625,24995.689453125,8692.6904296875,4123.2646484375
2026-06-26 00:53:00+00:00,24052.80078125,7357.169921875,70304.28125,23076.91015625,10536.8603515625,24995.689453125,8670.349609375,4123.2646484375
2026-06-26 00:54:00+00:00,24052.80078125,7357.169921875,70224.5234375,23076.91015625,10536.8603515625,24995.689453125,8648.26953125,4123.2646484375
2026-06-26 00:55:00+00:00,24052.80078125,7357.169921875,70242.078125,23076.91015625,10536.8603515625,24995.689453125,8629.3603515625,4123.2646484375
2026-06-26 00:56:00+00:00,24052.80078125,7357.169921875,70253.5,23076.91015625,10536.8603515625,24995.689453125,8625.3701171875,4123.2646484375
2026-06-26 00:57:00+00:00,24052.80078125,7357.169921875,70248.296875,23076.91015625,10536.8603515625,24995.689453125,8613.7900390625,4123.2646484375
2026-06-26 00:58:00+00:00,24052.80078125,7357.169921875,70322.5625,23076.91015625,10536.8603515625,24995.689453125,8635.8896484375,4123.2646484375
2026-06-26 00:59:00+00:00,24052.80078125,7357.169921875,70237.2421875,23076.91015625,10536.8603515625,24995.689453125,8621.4501953125,4123.2646484375
2026-06-26 01:00:00+00:00,24052.80078125,7357.169921875,70299.8671875,23076.91015625,10536.8603515625,24995.689453125,8623.2197265625,4123.2646484375
2026-06-26 01:01:00+00:00,24052.80078125,7357.169921875,70333.5234375,23076.91015625,10536.8603515625,24995.689453125,8655.240234375,4123.2646484375
2026-06-26 01:02:00+00:00,24052.80078125,7357.169921875,70363.140625,23076.91015625,10536.8603515625,24995.689453125,8647.98046875,4123.2646484375
2026-06-26 01:03:00+00:00,24052.80078125,7357.169921875,70372.703125,23076.91015625,10536.8603515625,24995.689453125,8650.7900390625,4123.2646484375
2026-06-26 01:04:00+00:00,24052.80078125,7357.169921875,70291.9375,23076.91015625,10536.8603515625,24995.689453125,8626.1396484375,4123.2646484375
2026-06-26 01:05:00+00:00,24052.80078125,7357.169921875,70153.1328125,23076.91015625,10536.8603515625,24995.689453125,8595.080078125,4123.2646484375
2026-06-26 01:06:00+00:00,24052.80078125,7357.169921875,70187.3125,23076.91015625,10536.8603515625,24995.689453125,8585.23046875,4123.2646484375
2026-06-26 01:07:00+00:00,24052.80078125,7357.169921875,70208.9609375,23076.91015625,10536.8603515625,24995.689453125,8596.7099609375,4123.2646484375
2026-06-26 01:08:00+00:00,24052.80078125,7357.169921875,70277.7265625,23076.91015625,10536.8603515625,24995.689453125,8622.33984375,4123.2646484375
2026-06-26 01:09:00+00:00,24052.80078125,7357.169921875,70257.9296875,23076.91015625,10536.8603515625,24995.689453125,8617.8603515625,4123.2646484375
2026-06-26 01:10:00+00:00,24052.80078125,7357.169921875,70278.390625,23076.91015625,10536.8603515625,24995.689453125,8620.9404296875,4123.2646484375
2026-06-26 01:11:00+00:00,24052.80078125,7357.169921875,70440.609375,23076.91015625,10536.8603515625,24995.689453125,8628.7001953125,4123.2646484375
2026-06-26 01:12:00+00:00,24052.80078125,7357.169921875,70441.6875,23076.91015625,10536.8603515625,24995.689453125,8640.66015625,4123.2646484375
2026-06-26 01:13:00+00:00,24052.80078125,7357.169921875,70449.03125,23076.91015625,10536.8603515625,24995.689453125,8643.2998046875,4123.2646484375
2026-06-26 01:14:00+00:00,24052.80078125,7357.169921875,70411.4375,23076.91015625,10536.8603515625,24995.689453125,8650.41015625,4123.2646484375
2026-06-26 01:15:00+00:00,24052.80078125,7357.169921875,70476.3125,23076.91015625,10536.8603515625,24995.689453125,8687.5,4123.2646484375
2026-06-26 01:16:00+00:00,24052.80078125,7357.169921875,70534.1015625,23076.91015625,10536.8603515625,24995.689453125,8683.6201171875,4123.2646484375
2026-06-26 01:17:00+00:00,24052.80078125,7357.169921875,70572.1328125,23076.91015625,10536.8603515625,24995.689453125,8697.2197265625,4123.2646484375
2026-06-26 01:18:00+00:00,24052.80078125,7357.169921875,70529.7734375,23076.91015625,10536.8603515625,24995.689453125,8691.2802734375,4123.2646484375
2026-06-26 01:19:00+00:00,24052.80078125,7357.169921875,70538.7109375,23076.91015625,10536.8603515625,24995.689453125,8692.240234375,4123.2646484375
2026-06-26 01:20:00+00:00,24052.80078125,7357.169921875,70519.3125,23076.91015625,10536.8603515625,24995.689453125,8713.740234375,4123.2646484375
2026-06-26 01:21:00+00:00,24052.80078125,7357.169921875,70477.046875,23076.91015625,10536.8603515625,24995.689453125,8694.3603515625,4123.2646484375
2026-06-26 01:22:00+00:00,24052.80078125,7357.169921875,70481.8125,23076.91015625,10536.8603515625,24995.689453125,8696.169921875,4123.2646484375
2026-06-26 01:23:00+00:00,24052.80078125,7357.169921875,70416.5,23076.91015625,10536.8603515625,24995.689453125,8694.76953125,4123.2646484375
2026-06-26 01:24:00+00:00,24052.80078125,7357.169921875,70429.328125,23076.91015625,10536.8603515625,24995.689453125,8689.419921875,4123.2646484375
2026-06-26 01:25:00+00:00,24052.80078125,7357.169921875,70405.046875,23076.91015625,10536.8603515625,24995.689453125,8672.98046875,4123.2646484375
2026-06-26 01:26:00+00:00,24052.80078125,7357.169921875,70319.9296875,23076.91015625,10536.8603515625,24995.689453125,8672.0,4123.2646484375
2026-06-26 01:27:00+00:00,24052.80078125,7357.169921875,70403.3984375,23076.91015625,10536.8603515625,24995.689453125,8676.66015625,4123.2646484375
2026-06-26 01:28:00+00:00,24052.80078125,7357.169921875,70310.9609375,23076.91015625,10536.8603515625,24995.689453125,8659.4697265625,4123.2646484375
2026-06-26 01:29:00+00:00,24052.80078125,7357.169921875,70299.2421875,23076.91015625,10536.8603515625,24995.689453125,8657.349609375,4123.2646484375
2026-06-26 01:30:00+00:00,24052.80078125,7357.169921875,70233.4609375,22837.060546875,10536.8603515625,24995.689453125,8640.08984375,4096.45654296875
2026-06-26 01:31:00+00:00,24052.80078125,7357.169921875,70290.5078125,22854.69921875,10536.8603515625,24995.689453125,8668.1396484375,4096.08935546875
2026-06-26 01:32:00+00:00,24052.80078125,7357.169921875,70043.7421875,22847.779296875,10536.8603515625,24995.689453125,8633.5595703125,4096.72607421875
2026-06-26 01:33:00+00:00,24052.80078125,7357.169921875,69992.6484375,22830.41015625,10536.8603515625,24995.689453125,8623.01953125,4095.045166015625
2026-06-26 01:34:00+00:00,24052.80078125,7357.169921875,70004.9609375,22811.740234375,10536.8603515625,24995.689453125,8610.900390625,4091.033447265625
2026-06-26 01:35:00+00:00,24052.80078125,7357.169921875,69969.53125,22826.640625,10536.8603515625,24995.689453125,8617.58984375,4090.05810546875
2026-06-26 01:36:00+00:00,24052.80078125,7357.169921875,69986.8828125,22817.390625,10536.8603515625,24995.689453125,8630.4697265625,4090.646728515625
2026-06-26 01:37:00+00:00,24052.80078125,7357.169921875,70054.3671875,22829.419921875,10536.8603515625,24995.689453125,8627.26953125,4095.9248046875
2026-06-26 01:38:00+00:00,24052.80078125,7357.169921875,69979.7109375,22803.51953125,10536.8603515625,24995.689453125,8625.599609375,4095.895263671875
2026-06-26 01:39:00+00:00,24052.80078125,7357.169921875,70062.5,22811.30078125,10536.8603515625,24995.689453125,8639.5595703125,4097.68212890625
2026-06-26 01:40:00+00:00,24052.80078125,7357.169921875,70052.4921875,22796.609375,10536.8603515625,24995.689453125,8627.6904296875,4095.358642578125
2026-06-26 01:41:00+00:00,24052.80078125,7357.169921875,70059.9375,22760.259765625,10536.8603515625,24995.689453125,8619.330078125,4093.990478515625
2026-06-26 01:42:00+00:00,24052.80078125,7357.169921875,70008.7421875,22796.099609375,10536.8603515625,24995.689453125,8612.2099609375,4090.67041015625
2026-06-26 01:43:00+00:00,24052.80078125,7357.169921875,69988.453125,22800.849609375,10536.8603515625,24995.689453125,8610.5703125,4096.88525390625
2026-06-26 01:44:00+00:00,24052.80078125,7357.169921875,69984.9921875,22806.0,10536.8603515625,24995.689453125,8606.6796875,4092.699951171875
2026-06-26 01:45:00+00:00,24052.80078125,7357.169921875,69969.28125,22792.66015625,10536.8603515625,24995.689453125,8600.23046875,4088.82958984375
2026-06-26 01:46:00+00:00,24052.80078125,7357.169921875,69928.96875,22789.30078125,10536.8603515625,24995.689453125,8594.490234375,4087.422119140625
2026-06-26 01:47:00+00:00,24052.80078125,7357.169921875,70047.078125,22793.0390625,10536.8603515625,24995.689453125,8605.75,4087.62353515625
2026-06-26 01:48:00+00:00,24052.80078125,7357.169921875,70058.4296875,22833.349609375,10536.8603515625,24995.689453125,8615.1298828125,4086.2275390625
2026-06-26 01:49:00+00:00,24052.80078125,7357.169921875,70050.5078125,22859.490234375,10536.8603515625,24995.689453125,8608.650390625,4082.739501953125
2026-06-26 01:50:00+00:00,24052.80078125,7357.169921875,70063.09375,22853.080078125,10536.8603515625,24995.689453125,8593.8095703125,4082.673583984375
2026-06-26 01:51:00+00:00,24052.80078125,7357.169921875,70077.7265625,22886.75,10536.8603515625,24995.689453125,8592.2900390625,4085.585693359375
2026-06-26 01:52:00+00:00,24052.80078125,7357.169921875,70044.2109375,22871.26953125,10536.8603515625,24995.689453125,8577.7099609375,4082.52197265625
2026-06-26 01:53:00+00:00,24052.80078125,7357.169921875,70018.0703125,22875.740234375,10536.8603515625,24995.689453125,8564.75,4076.089111328125
2026-06-26 01:54:00+00:00,24052.80078125,7357.169921875,69936.6796875,22874.33984375,10536.8603515625,24995.689453125,8560.080078125,4077.69140625
2026-06-26 01:55:00+00:00,24052.80078125,7357.169921875,69982.5703125,22856.9296875,10536.8603515625,24995.689453125,8568.349609375,4076.070556640625
2026-06-26 01:56:00+00:00,24052.80078125,7357.169921875,69894.4375,22817.3203125,10536.8603515625,24995.689453125,8552.58984375,4077.32470703125
2026-06-26 01:57:00+00:00,24052.80078125,7357.169921875,69859.1328125,22812.560546875,10536.8603515625,24995.689453125,8529.5595703125,4077.0029296875
2026-06-26 01:58:00+00:00,24052.80078125,7357.169921875,69770.8125,22798.33984375,10536.8603515625,24995.689453125,8534.0400390625,4077.18212890625
2026-06-26 01:59:00+00:00,24052.80078125,7357.169921875,69921.7109375,22804.5,10536.8603515625,24995.689453125,8531.5703125,4076.25439453125
2026-06-26 02:00:00+00:00,24052.80078125,7357.169921875,69891.78125,22775.900390625,10536.8603515625,24995.689453125,8546.08984375,4074.845458984375
2026-06-26 02:01:00+00:00,24052.80078125,7357.169921875,69896.7109375,22777.880859375,10536.8603515625,24995.689453125,8523.740234375,4074.089599609375
2026-06-26 02:02:00+00:00,24052.80078125,7357.169921875,69941.2578125,22799.2890625,10536.8603515625,24995.689453125,8509.740234375,4075.87890625
2026-06-26 02:03:00+00:00,24052.80078125,7357.169921875,69949.3828125,22808.490234375,10536.8603515625,24995.689453125,8522.7900390625,4079.617431640625
2026-06-26 02:04:00+00:00,24052.80078125,7357.169921875,69848.859375,22808.25,10536.8603515625,24995.689453125,8516.51953125,4079.259521484375
2026-06-26 02:05:00+00:00,24052.80078125,7357.169921875,69829.4296875,22795.48046875,10536.8603515625,24995.689453125,8544.080078125,4078.55810546875
2026-06-26 02:06:00+00:00,24052.80078125,7357.169921875,69786.359375,22783.380859375,10536.8603515625,24995.689453125,8540.2099609375,4075.72998046875
2026-06-26 02:07:00+00:00,24052.80078125,7357.169921875,69835.4921875,22764.830078125,10536.8603515625,24995.689453125,8537.0,4075.026123046875
2026-06-26 02:08:00+00:00,24052.80078125,7357.169921875,69853.078125,22745.4609375,10536.8603515625,24995.689453125,8526.5302734375,4075.33740234375
2026-06-26 02:09:00+00:00,24052.80078125,7357.169921875,69748.96875,22745.310546875,10536.8603515625,24995.689453125,8516.5703125,4074.6171875
2026-06-26 02:10:00+00:00,24052.80078125,7357.169921875,69771.9375,22738.4609375,10536.8603515625,24995.689453125,8504.8603515625,4073.02197265625
2026-06-26 02:11:00+00:00,24052.80078125,7357.169921875,69740.8984375,22711.48046875,10536.8603515625,24995.689453125,8477.7802734375,4068.116943359375
2026-06-26 02:12:00+00:00,24052.80078125,7357.169921875,69690.828125,22703.740234375,10536.8603515625,24995.689453125,8499.830078125,4067.92919921875
2026-06-26 02:13:00+00:00,24052.80078125,7357.169921875,69676.359375,22693.439453125,10536.8603515625,24995.689453125,8484.0400390625,4071.783203125
2026-06-26 02:14:00+00:00,24052.80078125,7357.169921875,69682.2421875,22702.75,10536.8603515625,24995.689453125,8487.83984375,4071.760498046875
2026-06-26 02:15:00+00:00,24052.80078125,7357.169921875,69703.8515625,22695.919921875,10536.8603515625,24995.689453125,8483.7099609375,4070.26904296875
2026-06-26 02:16:00+00:00,24052.80078125,7357.169921875,69743.21875,22714.240234375,10536.8603515625,24995.689453125,8482.8701171875,4067.624267578125
2026-06-26 02:17:00+00:00,24052.80078125,7357.169921875,69787.0390625,22713.26953125,10536.8603515625,24995.689453125,8462.759765625,4070.397705078125
2026-06-26 02:18:00+00:00,24052.80078125,7357.169921875,69704.8828125,22692.779296875,10536.8603515625,24995.689453125,8446.5400390625,4071.960205078125
2026-06-26 02:19:00+00:00,24052.80078125,7357.169921875,69611.65625,22688.939453125,10536.8603515625,24995.689453125,8425.5302734375,4071.810546875
2026-06-26 02:20:00+00:00,24052.80078125,7357.169921875,69641.8828125,22671.869140625,10536.8603515625,24995.689453125,8433.150390625,4070.68408203125
2026-06-26 02:21:00+00:00,24052.80078125,7357.169921875,69640.1796875,22683.369140625,10536.8603515625,24995.689453125,8428.3798828125,4073.968994140625
2026-06-26 02:22:00+00:00,24052.80078125,7357.169921875,69667.09375,22682.470703125,10536.8603515625,24995.689453125,8416.58984375,4071.71142578125
2026-06-26 02:23:00+00:00,24052.80078125,7357.169921875,69599.21875,22675.75,10536.8603515625,24995.689453125,8398.7001953125,4072.144287109375
2026-06-26 02:24:00+00:00,24052.80078125,7357.169921875,69537.28125,22666.009765625,10536.8603515625,24995.689453125,8405.23046875,4071.0439453125
2026-06-26 02:25:00+00:00,24052.80078125,7357.169921875,69526.4375,22646.189453125,10536.8603515625,24995.689453125,8412.48046875,4066.10693359375
2026-06-26 02:26:00+00:00,24052.80078125,7357.169921875,69541.46875,22647.689453125,10536.8603515625,24995.689453125,8431.76953125,4065.244873046875
2026-06-26 02:27:00+00:00,24052.80078125,7357.169921875,69495.9609375,22637.169921875,10536.8603515625,24995.689453125,8422.2099609375,4059.336181640625
2026-06-26 02:28:00+00:00,24052.80078125,7357.169921875,69566.8984375,22642.150390625,10536.8603515625,24995.689453125,8451.5595703125,4058.3349609375
2026-06-26 02:29:00+00:00,24052.80078125,7357.169921875,69612.40625,22635.55078125,10536.8603515625,24995.689453125,8452.6201171875,4054.501708984375
2026-06-26 02:30:00+00:00,24052.80078125,7357.169921875,69602.71875,22620.400390625,10536.8603515625,24995.689453125,8463.91015625,4054.332275390625
2026-06-26 02:31:00+00:00,24052.80078125,7357.169921875,69602.71875,22633.330078125,10536.8603515625,24995.689453125,8462.5498046875,4053.23828125
2026-06-26 02:32:00+00:00,24052.80078125,7357.169921875,69602.71875,22611.810546875,10536.8603515625,24995.689453125,8422.33984375,4050.518310546875
2026-06-26 02:33:00+00:00,24052.80078125,7357.169921875,69602.71875,22626.66015625,10536.8603515625,24995.689453125,8422.2001953125,4050.981201171875
2026-06-26 02:34:00+00:00,24052.80078125,7357.169921875,69602.71875,22619.349609375,10536.8603515625,24995.689453125,8425.830078125,4051.541015625
2026-06-26 02:35:00+00:00,24052.80078125,7357.169921875,69602.71875,22625.359375,10536.8603515625,24995.689453125,8403.7998046875,4054.39453125
2026-06-26 02:36:00+00:00,24052.80078125,7357.169921875,69602.71875,22611.4296875,10536.8603515625,24995.689453125,8399.2197265625,4052.06884765625
2026-06-26 02:37:00+00:00,24052.80078125,7357.169921875,69602.71875,22599.630859375,10536.8603515625,24995.689453125,8374.990234375,4046.639892578125
2026-06-26 02:38:00+00:00,24052.80078125,7357.169921875,69602.71875,22584.41015625,10536.8603515625,24995.689453125,8353.6796875,4046.164306640625
2026-06-26 02:39:00+00:00,24052.80078125,7357.169921875,69602.71875,22593.060546875,10536.8603515625,24995.689453125,8374.4697265625,4047.760009765625
2026-06-26 02:40:00+00:00,24052.80078125,7357.169921875,69602.71875,22577.720703125,10536.8603515625,24995.689453125,8358.33984375,4046.46923828125
2026-06-26 02:41:00+00:00,24052.80078125,7357.169921875,69602.71875,22582.9296875,10536.8603515625,24995.689453125,8349.7900390625,4043.561767578125
2026-06-26 02:42:00+00:00,24052.80078125,7357.169921875,69602.71875,22610.0390625,10536.8603515625,24995.689453125,8372.900390625,4043.47802734375
2026-06-26 02:43:00+00:00,24052.80078125,7357.169921875,69602.71875,22600.259765625,10536.8603515625,24995.689453125,8366.2197265625,4042.855712890625
2026-06-26 02:44:00+00:00,24052.80078125,7357.169921875,69602.71875,22607.5703125,10536.8603515625,24995.689453125,8358.5595703125,4044.107177734375
2026-06-26 02:45:00+00:00,24052.80078125,7357.169921875,69602.71875,22597.80078125,10536.8603515625,24995.689453125,8350.080078125,4044.284423828125
2026-06-26 02:46:00+00:00,24052.80078125,7357.169921875,69602.71875,22594.0,10536.8603515625,24995.689453125,8359.169921875,4042.192626953125
2026-06-26 02:47:00+00:00,24052.80078125,7357.169921875,69602.71875,22577.80078125,10536.8603515625,24995.689453125,8338.98046875,4039.86474609375
2026-06-26 02:48:00+00:00,24052.80078125,7357.169921875,69602.71875,22563.9609375,10536.8603515625,24995.689453125,8321.099609375,4036.423095703125
2026-06-26 02:49:00+00:00,24052.80078125,7357.169921875,69602.71875,22559.330078125,10536.8603515625,24995.689453125,8307.650390625,4035.339599609375
2026-06-26 02:50:00+00:00,24052.80078125,7357.169921875,69602.71875,22555.099609375,10536.8603515625,24995.689453125,8313.41015625,4031.55029296875
2026-06-26 02:51:00+00:00,24052.80078125,7357.169921875,69602.71875,22554.279296875,10536.8603515625,24995.689453125,8300.009765625,4028.576171875
2026-06-26 02:52:00+00:00,24052.80078125,7357.169921875,69602.71875,22547.619140625,10536.8603515625,24995.689453125,8290.41015625,4026.764892578125
2026-06-26 02:53:00+00:00,24052.80078125,7357.169921875,69602.71875,22542.4609375,10536.8603515625,24995.689453125,8284.48046875,4023.8056640625
2026-06-26 02:54:00+00:00,24052.80078125,7357.169921875,69602.71875,22548.05078125,10536.8603515625,24995.689453125,8281.2802734375,4020.573486328125
2026-06-26 02:55:00+00:00,24052.80078125,7357.169921875,69602.71875,22549.69921875,10536.8603515625,24995.689453125,8260.849609375,4017.2470703125
2026-06-26 02:56:00+00:00,24052.80078125,7357.169921875,69602.71875,22565.009765625,10536.8603515625,24995.689453125,8279.099609375,4013.09814453125
2026-06-26 02:57:00+00:00,24052.80078125,7357.169921875,69602.71875,22571.2890625,10536.8603515625,24995.689453125,8271.6396484375,4010.29345703125
2026-06-26 02:58:00+00:00,24052.80078125,7357.169921875,69602.71875,22574.5390625,10536.8603515625,24995.689453125,8294.1796875,4014.112548828125
2026-06-26 02:59:00+00:00,24052.80078125,7357.169921875,69602.71875,22576.900390625,10536.8603515625,24995.689453125,8288.259765625,4019.5302734375
2026-06-26 03:00:00+00:00,24052.80078125,7357.169921875,69602.71875,22594.119140625,10536.8603515625,24995.689453125,8258.3701171875,4025.789306640625
2026-06-26 03:01:00+00:00,24052.80078125,7357.169921875,69602.71875,22574.669921875,10536.8603515625,24995.689453125,8247.7900390625,4026.732421875
2026-06-26 03:02:00+00:00,24052.80078125,7357.169921875,69602.71875,22559.470703125,10536.8603515625,24995.689453125,8244.0595703125,4028.19384765625
2026-06-26 03:03:00+00:00,24052.80078125,7357.169921875,69602.71875,22561.630859375,10536.8603515625,24995.689453125,8254.5302734375,4024.595947265625
2026-06-26 03:04:00+00:00,24052.80078125,7357.169921875,69602.71875,22560.779296875,10536.8603515625,24995.689453125,8251.2001953125,4024.39990234375
2026-06-26 03:05:00+00:00,24052.80078125,7357.169921875,69602.71875,22554.91015625,10536.8603515625,24995.689453125,8241.990234375,4027.302490234375
2026-06-26 03:06:00+00:00,24052.80078125,7357.169921875,69602.71875,22571.490234375,10536.8603515625,24995.689453125,8236.5400390625,4027.327392578125
2026-06-26 03:07:00+00:00,24052.80078125,7357.169921875,69602.71875,22564.26953125,10536.8603515625,24995.689453125,8207.8798828125,4031.556396484375
2026-06-26 03:08:00+00:00,24052.80078125,7357.169921875,69602.71875,22564.009765625,10536.8603515625,24995.689453125,8229.8896484375,4032.30908203125
2026-06-26 03:09:00+00:00,24052.80078125,7357.169921875,69602.71875,22577.640625,10536.8603515625,24995.689453125,8196.9296875,4038.7177734375
2026-06-26 03:10:00+00:00,24052.80078125,7357.169921875,69602.71875,22583.630859375,10536.8603515625,24995.689453125,8199.8095703125,4036.68896484375
2026-06-26 03:11:00+00:00,24052.80078125,7357.169921875,69602.71875,22567.98046875,10536.8603515625,24995.689453125,8199.8095703125,4029.6259765625
2026-06-26 03:12:00+00:00,24052.80078125,7357.169921875,69602.71875,22563.279296875,10536.8603515625,24995.689453125,8199.8095703125,4024.52978515625
2026-06-26 03:13:00+00:00,24052.80078125,7357.169921875,69602.71875,22566.140625,10536.8603515625,24995.689453125,8199.8095703125,4028.685546875
2026-06-26 03:14:00+00:00,24052.80078125,7357.169921875,69602.71875,22558.509765625,10536.8603515625,24995.689453125,8199.8095703125,4027.3271484375
2026-06-26 03:15:00+00:00,24052.80078125,7357.169921875,69602.71875,22568.140625,10536.8603515625,24995.689453125,8199.8095703125,4025.26123046875
2026-06-26 03:16:00+00:00,24052.80078125,7357.169921875,69602.71875,22563.75,10536.8603515625,24995.689453125,8199.8095703125,4028.246337890625
2026-06-26 03:17:00+00:00,24052.80078125,7357.169921875,69602.71875,22560.76953125,10536.8603515625,24995.689453125,8199.8095703125,4032.05859375
2026-06-26 03:18:00+00:00,24052.80078125,7357.169921875,69602.71875,22535.759765625,10536.8603515625,24995.689453125,8199.8095703125,4032.625
2026-06-26 03:19:00+00:00,24052.80078125,7357.169921875,69602.71875,22536.7890625,10536.8603515625,24995.689453125,8199.8095703125,4030.92041015625
2026-06-26 03:20:00+00:00,24052.80078125,7357.169921875,69602.71875,22536.76953125,10536.8603515625,24995.689453125,8199.8095703125,4032.054443359375
2026-06-26 03:21:00+00:00,24052.80078125,7357.169921875,69602.71875,22537.44921875,10536.8603515625,24995.689453125,8199.8095703125,4031.491943359375
2026-06-26 03:22:00+00:00,24052.80078125,7357.169921875,69602.71875,22538.400390625,10536.8603515625,24995.689453125,8199.8095703125,4023.781494140625
2026-06-26 03:23:00+00:00,24052.80078125,7357.169921875,69602.71875,22548.560546875,10536.8603515625,24995.689453125,8199.8095703125,4020.00927734375
2026-06-26 03:24:00+00:00,24052.80078125,7357.169921875,69602.71875,22566.16015625,10536.8603515625,24995.689453125,8199.8095703125,4018.044921875
2026-06-26 03:25:00+00:00,24052.80078125,7357.169921875,69602.71875,22558.4609375,10536.8603515625,24995.689453125,8199.8095703125,4021.1650390625
2026-06-26 03:26:00+00:00,24052.80078125,7357.169921875,69602.71875,22581.26953125,10536.8603515625,24995.689453125,8199.8095703125,4024.595703125
2026-06-26 03:27:00+00:00,24052.80078125,7357.169921875,69602.71875,22595.359375,10536.8603515625,24995.689453125,8199.8095703125,4028.25
2026-06-26 03:28:00+00:00,24052.80078125,7357.169921875,69602.71875,22568.439453125,10536.8603515625,24995.689453125,8199.8095703125,4026.975341796875
2026-06-26 03:29:00+00:00,24052.80078125,7357.169921875,69602.71875,22556.98046875,10536.8603515625,24995.689453125,8199.8095703125,4031.668701171875
2026-06-26 03:30:00+00:00,24052.80078125,7357.169921875,69036.0703125,22545.060546875,10536.8603515625,24995.689453125,8199.8095703125,4032.298583984375
2026-06-26 03:31:00+00:00,24052.80078125,7357.169921875,68968.1875,22531.080078125,10536.8603515625,24995.689453125,8199.8095703125,4032.298583984375
2026-06-26 03:32:00+00:00,24052.80078125,7357.169921875,68990.96875,22519.279296875,10536.8603515625,24995.689453125,8199.8095703125,4032.298583984375
2026-06-26 03:33:00+00:00,24052.80078125,7357.169921875,68884.953125,22533.7109375,10536.8603515625,24995.689453125,8199.8095703125,4032.298583984375
2026-06-26 03:34:00+00:00,24052.80078125,7357.169921875,68863.5703125,22543.119140625,10536.8603515625,24995.689453125,8199.8095703125,4032.298583984375
2026-06-26 03:35:00+00:00,24052.80078125,7357.169921875,68755.8515625,22536.9296875,10536.8603515625,24995.689453125,8199.8095703125,4032.298583984375
2026-06-26 03:36:00+00:00,24052.80078125,7357.169921875,68768.3671875,22537.0,10536.8603515625,24995.689453125,8199.8095703125,4032.298583984375
2026-06-26 03:37:00+00:00,24052.80078125,7357.169921875,68667.890625,22535.619140625,10536.8603515625,24995.689453125,8199.8095703125,4032.298583984375
2026-06-26 03:38:00+00:00,24052.80078125,7357.169921875,68689.6484375,22536.76953125,10536.8603515625,24995.689453125,8199.8095703125,4032.298583984375
2026-06-26 03:39:00+00:00,24052.80078125,7357.169921875,68771.4921875,22540.94921875,10536.8603515625,24995.689453125,8199.8095703125,4032.298583984375
2026-06-26 03:40:00+00:00,24052.80078125,7357.169921875,68849.25,22547.240234375,10536.8603515625,24995.689453125,8208.0498046875,4032.298583984375
2026-06-26 03:41:00+00:00,24052.80078125,7357.169921875,68957.296875,22551.0390625,10536.8603515625,24995.689453125,8232.8603515625,4032.298583984375
2026-06-26 03:42:00+00:00,24052.80078125,7357.169921875,68839.0625,22547.130859375,10536.8603515625,24995.689453125,8135.490234375,4032.298583984375
2026-06-26 03:43:00+00:00,24052.80078125,7357.169921875,68863.8671875,22550.30078125,10536.8603515625,24995.689453125,8185.22021484375,4032.298583984375
2026-06-26 03:44:00+00:00,24052.80078125,7357.169921875,68927.7421875,22547.05078125,10536.8603515625,24995.689453125,8226.2802734375,4032.298583984375
2026-06-26 03:45:00+00:00,24052.80078125,7357.169921875,68974.2890625,22558.33984375,10536.8603515625,24995.689453125,8207.099609375,4032.298583984375
2026-06-26 03:46:00+00:00,24052.80078125,7357.169921875,68903.5234375,22559.619140625,10536.8603515625,24995.689453125,8176.0,4032.298583984375
2026-06-26 03:47:00+00:00,24052.80078125,7357.169921875,68867.2578125,22559.849609375,10536.8603515625,24995.689453125,8165.2998046875,4032.298583984375
2026-06-26 03:48:00+00:00,24052.80078125,7357.169921875,68877.4765625,22560.9296875,10536.8603515625,24995.689453125,8164.64990234375,4032.298583984375
2026-06-26 03:49:00+00:00,24052.80078125,7357.169921875,68812.0390625,22553.5,10536.8603515625,24995.689453125,8142.08984375,4032.298583984375
2026-06-26 03:50:00+00:00,24052.80078125,7357.169921875,68863.2421875,22563.080078125,10536.8603515625,24995.689453125,8174.64013671875,4032.298583984375
2026-06-26 03:51:00+00:00,24052.80078125,7357.169921875,68910.28125,22565.580078125,10536.8603515625,24995.689453125,8178.259765625,4032.298583984375
2026-06-26 03:52:00+00:00,24052.80078125,7357.169921875,69032.3515625,22596.01953125,10536.8603515625,24995.689453125,8207.75,4032.298583984375
2026-06-26 03:53:00+00:00,24052.80078125,7357.169921875,69038.8828125,22604.44921875,10536.8603515625,24995.689453125,8202.5400390625,4032.298583984375
2026-06-26 03:54:00+00:00,24052.80078125,7357.169921875,69085.7109375,22614.130859375,10536.8603515625,24995.689453125,8236.490234375,4032.298583984375
2026-06-26 03:55:00+00:00,24052.80078125,7357.169921875,69105.6171875,22614.08984375,10536.8603515625,24995.689453125,8225.0498046875,4032.298583984375
2026-06-26 03:56:00+00:00,24052.80078125,7357.169921875,69107.8671875,22616.669921875,10536.8603515625,24995.689453125,8233.349609375,4032.298583984375
2026-06-26 03:57:00+00:00,24052.80078125,7357.169921875,69130.5703125,22628.25,10536.8603515625,24995.689453125,8231.75,4032.298583984375
2026-06-26 03:58:00+00:00,24052.80078125,7357.169921875,69118.15625,22640.58984375,10536.8603515625,24995.689453125,8281.8095703125,4032.298583984375
2026-06-26 03:59:00+00:00,24052.80078125,7357.169921875,69223.2109375,22643.779296875,10536.8603515625,24995.689453125,8303.0302734375,4032.298583984375
2026-06-26 04:00:00+00:00,24052.80078125,7357.169921875,69259.7734375,22644.25,10536.8603515625,24995.689453125,8304.7900390625,4032.298583984375
2026-06-26 04:01:00+00:00,24052.80078125,7357.169921875,69228.453125,22644.25,10536.8603515625,24995.689453125,8288.91015625,4032.298583984375
2026-06-26 04:02:00+00:00,24052.80078125,7357.169921875,69174.3984375,22644.25,10536.8603515625,24995.689453125,8255.8896484375,4032.298583984375
2026-06-26 04:03:00+00:00,24052.80078125,7357.169921875,69167.1796875,22644.25,10536.8603515625,24995.689453125,8265.0703125,4032.298583984375
2026-06-26 04:04:00+00:00,24052.80078125,7357.169921875,69191.703125,22644.25,10536.8603515625,24995.689453125,8276.33984375,4032.298583984375
2026-06-26 04:05:00+00:00,24052.80078125,7357.169921875,69231.5234375,22644.490234375,10536.8603515625,24995.689453125,8276.900390625,4032.298583984375
2026-06-26 04:06:00+00:00,24052.80078125,7357.169921875,69194.3203125,22644.490234375,10536.8603515625,24995.689453125,8257.1396484375,4032.298583984375
2026-06-26 04:07:00+00:00,24052.80078125,7357.169921875,69307.65625,22644.490234375,10536.8603515625,24995.689453125,8264.330078125,4032.298583984375
2026-06-26 04:08:00+00:00,24052.80078125,7357.169921875,69365.609375,22644.490234375,10536.8603515625,24995.689453125,8300.8603515625,4032.298583984375
2026-06-26 04:09:00+00:00,24052.80078125,7357.169921875,69353.1171875,22644.490234375,10536.8603515625,24995.689453125,8283.400390625,4032.298583984375
2026-06-26 04:10:00+00:00,24052.80078125,7357.169921875,69358.640625,22644.490234375,10536.8603515625,24995.689453125,8264.740234375,4032.298583984375
2026-06-26 04:11:00+00:00,24052.80078125,7357.169921875,69407.9296875,22644.490234375,10536.8603515625,24995.689453125,8292.2099609375,4032.298583984375
2026-06-26 04:12:00+00:00,24052.80078125,7357.169921875,69363.75,22644.490234375,10536.8603515625,24995.689453125,8275.4697265625,4032.298583984375
2026-06-26 04:13:00+00:00,24052.80078125,7357.169921875,69316.03125,22644.490234375,10536.8603515625,24995.689453125,8283.75,4032.298583984375
2026-06-26 04:14:00+00:00,24052.80078125,7357.169921875,69317.6015625,22644.490234375,10536.8603515625,24995.689453125,8276.91015625,4032.298583984375
2026-06-26 04:15:00+00:00,24052.80078125,7357.169921875,69393.8984375,22644.490234375,10536.8603515625,24995.689453125,8312.0703125,4032.298583984375
2026-06-26 04:16:00+00:00,24052.80078125,7357.169921875,69463.5390625,22644.490234375,10536.8603515625,24995.689453125,8323.3203125,4032.298583984375
2026-06-26 04:17:00+00:00,24052.80078125,7357.169921875,69439.1328125,22644.490234375,10536.8603515625,24995.689453125,8326.0,4032.298583984375
2026-06-26 04:18:00+00:00,24052.80078125,7357.169921875,69352.2890625,22644.490234375,10536.8603515625,24995.689453125,8299.599609375,4032.298583984375
2026-06-26 04:19:00+00:00,24052.80078125,7357.169921875,69321.1875,22644.490234375,10536.8603515625,24995.689453125,8283.5400390625,4032.298583984375
2026-06-26 04:20:00+00:00,24052.80078125,7357.169921875,69317.4921875,22644.490234375,10536.8603515625,24995.689453125,8283.4599609375,4032.298583984375
2026-06-26 04:21:00+00:00,24052.80078125,7357.169921875,69254.1015625,22644.490234375,10536.8603515625,24995.689453125,8288.9296875,4032.298583984375
2026-06-26 04:22:00+00:00,24052.80078125,7357.169921875,69237.1796875,22644.490234375,10536.8603515625,24995.689453125,8277.5400390625,4032.298583984375
2026-06-26 04:23:00+00:00,24052.80078125,7357.169921875,69196.7578125,22644.490234375,10536.8603515625,24995.689453125,8276.01953125,4032.298583984375
2026-06-26 04:24:00+00:00,24052.80078125,7357.169921875,69143.0234375,22644.490234375,10536.8603515625,24995.689453125,8247.2802734375,4032.298583984375
2026-06-26 04:25:00+00:00,24052.80078125,7357.169921875,69081.203125,22644.490234375,10536.8603515625,24995.689453125,8224.5703125,4032.298583984375
2026-06-26 04:26:00+00:00,24052.80078125,7357.169921875,69143.6875,22644.490234375,10536.8603515625,24995.689453125,8233.650390625,4032.298583984375
2026-06-26 04:27:00+00:00,24052.80078125,7357.169921875,69222.6171875,22644.490234375,10536.8603515625,24995.689453125,8241.5400390625,4032.298583984375
2026-06-26 04:28:00+00:00,24052.80078125,7357.169921875,69249.2109375,22644.490234375,10536.8603515625,24995.689453125,8253.5,4032.298583984375
2026-06-26 04:29:00+00:00,24052.80078125,7357.169921875,69295.15625,22644.490234375,10536.8603515625,24995.689453125,8262.8798828125,4032.298583984375
2026-06-26 04:30:00+00:00,24052.80078125,7357.169921875,69307.4296875,22644.490234375,10536.8603515625,24995.689453125,8278.91015625,4032.298583984375
2026-06-26 04:31:00+00:00,24052.80078125,7357.169921875,69261.5625,22644.490234375,10536.8603515625,24995.689453125,8268.5302734375,4032.298583984375
2026-06-26 04:32:00+00:00,24052.80078125,7357.169921875,69203.15625,22644.490234375,10536.8603515625,24995.689453125,8244.080078125,4032.298583984375
2026-06-26 04:33:00+00:00,24052.80078125,7357.169921875,69152.1328125,22644.490234375,10536.8603515625,24995.689453125,8232.4404296875,4032.298583984375
2026-06-26 04:34:00+00:00,24052.80078125,7357.169921875,69053.5390625,22644.490234375,10536.8603515625,24995.689453125,8219.419921875,4032.298583984375
2026-06-26 04:35:00+00:00,24052.80078125,7357.169921875,69065.546875,22644.490234375,10536.8603515625,24995.689453125,8204.9296875,4032.298583984375
2026-06-26 04:36:00+00:00,24052.80078125,7357.169921875,69041.84375,22644.490234375,10536.8603515625,24995.689453125,8205.900390625,4032.298583984375
2026-06-26 04:37:00+00:00,24052.80078125,7357.169921875,68988.828125,22644.490234375,10536.8603515625,24995.689453125,8216.33984375,4032.298583984375
2026-06-26 04:38:00+00:00,24052.80078125,7357.169921875,68992.78125,22644.490234375,10536.8603515625,24995.689453125,8210.2099609375,4032.298583984375
2026-06-26 04:39:00+00:00,24052.80078125,7357.169921875,68947.03125,22644.490234375,10536.8603515625,24995.689453125,8200.7998046875,4032.298583984375
2026-06-26 04:40:00+00:00,24052.80078125,7357.169921875,68984.9375,22644.490234375,10536.8603515625,24995.689453125,8214.8203125,4032.298583984375
2026-06-26 04:41:00+00:00,24052.80078125,7357.169921875,69005.96875,22644.490234375,10536.8603515625,24995.689453125,8209.9599609375,4032.298583984375
2026-06-26 04:42:00+00:00,24052.80078125,7357.169921875,68940.453125,22644.490234375,10536.8603515625,24995.689453125,8193.76953125,4032.298583984375
2026-06-26 04:43:00+00:00,24052.80078125,7357.169921875,68950.21875,22644.490234375,10536.8603515625,24995.689453125,8196.9501953125,4032.298583984375
2026-06-26 04:44:00+00:00,24052.80078125,7357.169921875,68963.6171875,22644.490234375,10536.8603515625,24995.689453125,8218.9599609375,4032.298583984375
2026-06-26 04:45:00+00:00,24052.80078125,7357.169921875,68930.2578125,22644.490234375,10536.8603515625,24995.689453125,8198.2099609375,4032.298583984375
2026-06-26 04:46:00+00:00,24052.80078125,7357.169921875,68939.5625,22644.490234375,10536.8603515625,24995.689453125,8192.3603515625,4032.298583984375
2026-06-26 04:47:00+00:00,24052.80078125,7357.169921875,68903.296875,22644.490234375,10536.8603515625,24995.689453125,8175.0,4032.298583984375
2026-06-26 04:48:00+00:00,24052.80078125,7357.169921875,68861.0703125,22644.490234375,10536.8603515625,24995.689453125,8173.60986328125,4032.298583984375
2026-06-26 04:49:00+00:00,24052.80078125,7357.169921875,68830.7734375,22644.490234375,10536.8603515625,24995.689453125,8173.0,4032.298583984375
2026-06-26 04:50:00+00:00,24052.80078125,7357.169921875,68807.8671875,22644.490234375,10536.8603515625,24995.689453125,8179.58984375,4032.298583984375
2026-06-26 04:51:00+00:00,24052.80078125,7357.169921875,68789.09375,22644.490234375,10536.8603515625,24995.689453125,8187.8798828125,4032.298583984375
2026-06-26 04:52:00+00:00,24052.80078125,7357.169921875,68754.6171875,22644.490234375,10536.8603515625,24995.689453125,8175.580078125,4032.298583984375
2026-06-26 04:53:00+00:00,24052.80078125,7357.169921875,68743.578125,22644.490234375,10536.8603515625,24995.689453125,8174.7998046875,4032.298583984375
2026-06-26 04:54:00+00:00,24052.80078125,7357.169921875,68847.34375,22644.490234375,10536.8603515625,24995.689453125,8184.72021484375,4032.298583984375
2026-06-26 04:55:00+00:00,24052.80078125,7357.169921875,68792.7734375,22644.490234375,10536.8603515625,24995.689453125,8184.490234375,4032.298583984375
2026-06-26 04:56:00+00:00,24052.80078125,7357.169921875,68853.8671875,22644.490234375,10536.8603515625,24995.689453125,8179.60009765625,4032.298583984375
2026-06-26 04:57:00+00:00,24052.80078125,7357.169921875,68876.96875,22644.490234375,10536.8603515625,24995.689453125,8176.31005859375,4032.298583984375
2026-06-26 04:58:00+00:00,24052.80078125,7357.169921875,68865.6328125,22644.490234375,10536.8603515625,24995.689453125,8187.18017578125,4032.298583984375
2026-06-26 04:59:00+00:00,24052.80078125,7357.169921875,68863.9375,22644.490234375,10536.8603515625,24995.689453125,8199.8603515625,4032.298583984375
2026-06-26 05:00:00+00:00,24052.80078125,7357.169921875,68897.1796875,22566.83984375,10536.8603515625,24995.689453125,8247.580078125,4027.905029296875
2026-06-26 05:01:00+00:00,24052.80078125,7357.169921875,68871.15625,22591.630859375,10536.8603515625,24995.689453125,8234.4697265625,4030.775634765625
2026-06-26 05:02:00+00:00,24052.80078125,7357.169921875,68938.09375,22626.51953125,10536.8603515625,24995.689453125,8237.419921875,4028.975341796875
2026-06-26 05:03:00+00:00,24052.80078125,7357.169921875,68857.5234375,22628.759765625,10536.8603515625,24995.689453125,8227.0498046875,4031.759033203125
2026-06-26 05:04:00+00:00,24052.80078125,7357.169921875,68847.21875,22625.4296875,10536.8603515625,24995.689453125,8222.0,4033.21826171875
2026-06-26 05:05:00+00:00,24052.80078125,7357.169921875,68845.7734375,22627.439453125,10536.8603515625,24995.689453125,8225.5302734375,4032.9296875
2026-06-26 05:06:00+00:00,24052.80078125,7357.169921875,68897.65625,22647.9609375,10536.8603515625,24995.689453125,8234.75,4035.33984375
2026-06-26 05:07:00+00:00,24052.80078125,7357.169921875,68961.1484375,22661.73046875,10536.8603515625,24995.689453125,8264.9599609375,4033.8662109375
2026-06-26 05:08:00+00:00,24052.80078125,7357.169921875,68923.78125,22662.0390625,10536.8603515625,24995.689453125,8263.33984375,4036.830322265625
2026-06-26 05:09:00+00:00,24052.80078125,7357.169921875,68945.6875,22643.83984375,10536.8603515625,24995.689453125,8266.8603515625,4037.839599609375
2026-06-26 05:10:00+00:00,24052.80078125,7357.169921875,69012.8671875,22656.099609375,10536.8603515625,24995.689453125,8281.01953125,4039.916015625
2026-06-26 05:11:00+00:00,24052.80078125,7357.169921875,69006.390625,22644.9609375,10536.8603515625,24995.689453125,8283.2001953125,4041.616455078125
2026-06-26 05:12:00+00:00,24052.80078125,7357.169921875,69052.28125,22643.140625,10536.8603515625,24995.689453125,8308.6103515625,4041.598876953125
2026-06-26 05:13:00+00:00,24052.80078125,7357.169921875,69125.1015625,22682.5390625,10536.8603515625,24995.689453125,8321.419921875,4044.953369140625
2026-06-26 05:14:00+00:00,24052.80078125,7357.169921875,69140.78125,22691.109375,10536.8603515625,24995.689453125,8334.08984375,4046.407958984375
2026-06-26 05:15:00+00:00,24052.80078125,7357.169921875,69203.2421875,22710.08984375,10536.8603515625,24995.689453125,8341.0498046875,4050.03076171875
2026-06-26 05:16:00+00:00,24052.80078125,7357.169921875,69082.1796875,22707.830078125,10536.8603515625,24995.689453125,8334.150390625,4052.546630859375
2026-06-26 05:17:00+00:00,24052.80078125,7357.169921875,69115.7109375,22675.099609375,10536.8603515625,24995.689453125,8320.16015625,4050.499267578125
2026-06-26 05:18:00+00:00,24052.80078125,7357.169921875,69119.9765625,22680.66015625,10536.8603515625,24995.689453125,8299.9404296875,4045.7021484375
2026-06-26 05:19:00+00:00,24052.80078125,7357.169921875,69113.3828125,22700.48046875,10536.8603515625,24995.689453125,8322.0498046875,4047.786865234375
2026-06-26 05:20:00+00:00,24052.80078125,7357.169921875,69105.2734375,22689.220703125,10536.8603515625,24995.689453125,8312.830078125,4050.853515625
2026-06-26 05:21:00+00:00,24052.80078125,7357.169921875,69138.7265625,22699.380859375,10536.8603515625,24995.689453125,8318.3701171875,4055.8505859375
2026-06-26 05:22:00+00:00,24052.80078125,7357.169921875,69141.4375,22694.939453125,10536.8603515625,24995.689453125,8331.6396484375,4056.74658203125
2026-06-26 05:23:00+00:00,24052.80078125,7357.169921875,69130.7265625,22693.359375,10536.8603515625,24995.689453125,8318.2998046875,4057.243408203125
2026-06-26 05:24:00+00:00,24052.80078125,7357.169921875,69152.953125,22698.26953125,10536.8603515625,24995.689453125,8316.5302734375,4056.414306640625
2026-06-26 05:25:00+00:00,24052.80078125,7357.169921875,69190.8203125,22712.890625,10536.8603515625,24995.689453125,8357.240234375,4052.783935546875
2026-06-26 05:26:00+00:00,24052.80078125,7357.169921875,69249.5625,22725.9609375,10536.8603515625,24995.689453125,8380.7802734375,4058.08642578125
2026-06-26 05:27:00+00:00,24052.80078125,7357.169921875,69262.359375,22727.599609375,10536.8603515625,24995.689453125,8397.330078125,4060.8134765625
2026-06-26 05:28:00+00:00,24052.80078125,7357.169921875,69277.140625,22710.369140625,10536.8603515625,24995.689453125,8400.33984375,4054.4609375
2026-06-26 05:29:00+00:00,24052.80078125,7357.169921875,69217.9375,22717.779296875,10536.8603515625,24995.689453125,8403.6201171875,4051.079345703125
2026-06-26 05:30:00+00:00,24052.80078125,7357.169921875,69348.359375,22712.279296875,10536.8603515625,24995.689453125,8400.2998046875,4050.68359375
2026-06-26 05:31:00+00:00,24052.80078125,7357.169921875,69307.03125,22705.810546875,10536.8603515625,24995.689453125,8422.169921875,4048.493408203125
2026-06-26 05:32:00+00:00,24052.80078125,7357.169921875,69319.859375,22719.900390625,10536.8603515625,24995.689453125,8434.1103515625,4050.716552734375
2026-06-26 05:33:00+00:00,24052.80078125,7357.169921875,69345.8203125,22726.130859375,10536.8603515625,24995.689453125,8424.580078125,4056.358154296875
2026-06-26 05:34:00+00:00,24052.80078125,7357.169921875,69306.2421875,22710.0390625,10536.8603515625,24995.689453125,8439.4404296875,4056.65625
2026-06-26 05:35:00+00:00,24052.80078125,7357.169921875,69290.0078125,22703.859375,10536.8603515625,24995.689453125,8414.0498046875,4053.42431640625
2026-06-26 05:36:00+00:00,24052.80078125,7357.169921875,69239.0625,22722.44921875,10536.8603515625,24995.689453125,8413.25,4055.857666015625
2026-06-26 05:37:00+00:00,24052.80078125,7357.169921875,69223.8671875,22718.0390625,10536.8603515625,24995.689453125,8398.51953125,4057.060302734375
2026-06-26 05:38:00+00:00,24052.80078125,7357.169921875,69136.703125,22711.4296875,10536.8603515625,24995.689453125,8388.7900390625,4056.5283203125
2026-06-26 05:39:00+00:00,24052.80078125,7357.169921875,69140.171875,22707.7890625,10536.8603515625,24995.689453125,8387.6796875,4053.482177734375
2026-06-26 05:40:00+00:00,24052.80078125,7357.169921875,69166.6796875,22705.369140625,10536.8603515625,24995.689453125,8363.8798828125,4053.79931640625
2026-06-26 05:41:00+00:00,24052.80078125,7357.169921875,69125.828125,22696.009765625,10536.8603515625,24995.689453125,8335.0,4053.81689453125
2026-06-26 05:42:00+00:00,24052.80078125,7357.169921875,69093.03125,22700.91015625,10536.8603515625,24995.689453125,8336.0,4055.044921875
2026-06-26 05:43:00+00:00,24052.80078125,7357.169921875,69096.21875,22695.80078125,10536.8603515625,24995.689453125,8330.76953125,4058.17529296875
2026-06-26 05:44:00+00:00,24052.80078125,7357.169921875,69031.5,22681.759765625,10536.8603515625,24995.689453125,8294.3701171875,4059.39990234375
2026-06-26 05:45:00+00:00,24052.80078125,7357.169921875,68982.1484375,22664.259765625,10536.8603515625,24995.689453125,8297.9697265625,4057.263671875
2026-06-26 05:46:00+00:00,24052.80078125,7357.169921875,68994.9921875,22651.189453125,10536.8603515625,24995.689453125,8297.8701171875,4054.279541015625
2026-06-26 05:47:00+00:00,24052.80078125,7357.169921875,69021.046875,22660.849609375,10536.8603515625,24995.689453125,8308.7001953125,4058.051513671875
2026-06-26 05:48:00+00:00,24052.80078125,7357.169921875,68943.4609375,22662.849609375,10536.8603515625,24995.689453125,8300.150390625,4058.930419921875
2026-06-26 05:49:00+00:00,24052.80078125,7357.169921875,69007.21875,22674.609375,10536.8603515625,24995.689453125,8307.599609375,4059.4697265625
2026-06-26 05:50:00+00:00,24052.80078125,7357.169921875,69089.34375,22691.099609375,10536.8603515625,24995.689453125,8309.3798828125,4065.0751953125
2026-06-26 05:51:00+00:00,24052.80078125,7357.169921875,69127.2109375,22686.08984375,10536.8603515625,24995.689453125,8320.16015625,4064.634521484375
2026-06-26 05:52:00+00:00,24052.80078125,7357.169921875,69094.109375,22684.619140625,10536.8603515625,24995.689453125,8323.349609375,4065.00341796875
2026-06-26 05:53:00+00:00,24052.80078125,7357.169921875,69112.75,22703.439453125,10536.8603515625,24995.689453125,8333.4404296875,4062.836181640625
2026-06-26 05:54:00+00:00,24052.80078125,7357.169921875,69138.578125,22718.740234375,10536.8603515625,24995.689453125,8327.4599609375,4066.110107421875
2026-06-26 05:55:00+00:00,24052.80078125,7357.169921875,69067.03125,22726.689453125,10536.8603515625,24995.689453125,8303.419921875,4067.44140625
2026-06-26 05:56:00+00:00,24052.80078125,7357.169921875,69118.6796875,22711.150390625,10536.8603515625,24995.689453125,8309.48046875,4066.89453125
2026-06-26 05:57:00+00:00,24052.80078125,7357.169921875,69109.6171875,22710.650390625,10536.8603515625,24995.689453125,8314.2197265625,4065.689697265625
2026-06-26 05:58:00+00:00,24052.80078125,7357.169921875,69141.5,22709.0,10536.8603515625,24995.689453125,8302.1396484375,4063.626708984375
2026-06-26 05:59:00+00:00,24052.80078125,7357.169921875,69113.6328125,22686.330078125,10536.8603515625,24995.689453125,8292.26953125,4061.9423828125
2026-06-26 06:00:00+00:00,24052.80078125,7357.169921875,69124.5234375,22690.720703125,10536.8603515625,24995.689453125,8292.26953125,4058.650634765625
2026-06-26 06:01:00+00:00,24052.80078125,7357.169921875,69076.15625,22689.69921875,10536.8603515625,24995.689453125,8292.26953125,4055.468994140625
2026-06-26 06:02:00+00:00,24052.80078125,7357.169921875,69138.8671875,22688.69921875,10536.8603515625,24995.689453125,8292.26953125,4057.917236328125
2026-06-26 06:03:00+00:00,24052.80078125,7357.169921875,69101.5078125,22678.919921875,10536.8603515625,24995.689453125,8292.26953125,4056.184326171875
2026-06-26 06:04:00+00:00,24052.80078125,7357.169921875,69087.5234375,22663.609375,10536.8603515625,24995.689453125,8292.26953125,4057.093017578125
2026-06-26 06:05:00+00:00,24052.80078125,7357.169921875,69078.5390625,22660.880859375,10536.8603515625,24995.689453125,8292.26953125,4053.462158203125
2026-06-26 06:06:00+00:00,24052.80078125,7357.169921875,69059.390625,22652.0703125,10536.8603515625,24995.689453125,8292.26953125,4051.8935546875
2026-06-26 06:07:00+00:00,24052.80078125,7357.169921875,69100.4921875,22645.26953125,10536.8603515625,24995.689453125,8292.26953125,4047.01416015625
2026-06-26 06:08:00+00:00,24052.80078125,7357.169921875,69061.15625,22628.5390625,10536.8603515625,24995.689453125,8292.26953125,4043.1015625
2026-06-26 06:09:00+00:00,24052.80078125,7357.169921875,69044.6796875,22625.869140625,10536.8603515625,24995.689453125,8292.26953125,4044.8916015625
2026-06-26 06:10:00+00:00,24052.80078125,7357.169921875,69021.6875,22621.080078125,10536.8603515625,24995.689453125,8292.26953125,4043.218017578125
2026-06-26 06:11:00+00:00,24052.80078125,7357.169921875,69048.7109375,22609.349609375,10536.8603515625,24995.689453125,8292.26953125,4041.587890625
2026-06-26 06:12:00+00:00,24052.80078125,7357.169921875,69078.59375,22623.0703125,10536.8603515625,24995.689453125,8292.26953125,4040.6005859375
2026-06-26 06:13:00+00:00,24052.80078125,7357.169921875,69094.2890625,22618.76953125,10536.8603515625,24995.689453125,8292.26953125,4038.466796875
2026-06-26 06:14:00+00:00,24052.80078125,7357.169921875,69133.1484375,22630.7890625,10536.8603515625,24995.689453125,8292.26953125,4036.1123046875
2026-06-26 06:15:00+00:00,24052.80078125,7357.169921875,69157.2265625,22651.939453125,10536.8603515625,24995.689453125,8292.26953125,4036.295166015625
2026-06-26 06:16:00+00:00,24052.80078125,7357.169921875,69220.84375,22672.599609375,10536.8603515625,24995.689453125,8292.26953125,4035.896484375
2026-06-26 06:17:00+00:00,24052.80078125,7357.169921875,69194.65625,22662.2109375,10536.8603515625,24995.689453125,8292.26953125,4038.7421875
2026-06-26 06:18:00+00:00,24052.80078125,7357.169921875,69177.1171875,22627.69921875,10536.8603515625,24995.689453125,8292.26953125,4037.25927734375
2026-06-26 06:19:00+00:00,24052.80078125,7357.169921875,69101.328125,22640.259765625,10536.8603515625,24995.689453125,8292.26953125,4036.584228515625
2026-06-26 06:20:00+00:00,24052.80078125,7357.169921875,69168.75,22647.2109375,10536.8603515625,24995.689453125,8292.26953125,4037.86376953125
2026-06-26 06:21:00+00:00,24052.80078125,7357.169921875,69195.6171875,22659.55078125,10536.8603515625,24995.689453125,8292.26953125,4042.37841796875
2026-06-26 06:22:00+00:00,24052.80078125,7357.169921875,69179.5390625,22650.25,10536.8603515625,24995.689453125,8292.26953125,4042.6044921875
2026-06-26 06:23:00+00:00,24052.80078125,7357.169921875,69130.7109375,22658.529296875,10536.8603515625,24995.689453125,8292.26953125,4041.431640625
2026-06-26 06:24:00+00:00,24052.80078125,7357.169921875,69106.34375,22650.44921875,10536.8603515625,24995.689453125,8292.26953125,4040.715576171875
2026-06-26 06:25:00+00:00,24052.80078125,7357.169921875,69105.796875,22652.220703125,10536.8603515625,24995.689453125,8292.26953125,4042.249267578125
2026-06-26 06:26:00+00:00,24052.80078125,7357.169921875,69105.796875,22645.810546875,10536.8603515625,24995.689453125,8292.26953125,4042.987060546875
2026-06-26 06:27:00+00:00,24052.80078125,7357.169921875,69105.796875,22626.880859375,10536.8603515625,24995.689453125,8292.26953125,4041.904296875
2026-06-26 06:28:00+00:00,24052.80078125,7357.169921875,69105.796875,22616.26953125,10536.8603515625,24995.689453125,8292.26953125,4038.935302734375
2026-06-26 06:29:00+00:00,24052.80078125,7357.169921875,69105.796875,22632.51953125,10536.8603515625,24995.689453125,8292.26953125,4038.326171875
2026-06-26 06:30:00+00:00,24052.80078125,7357.169921875,69105.796875,22630.689453125,10536.8603515625,24995.689453125,8292.26953125,4037.302978515625
2026-06-26 06:31:00+00:00,24052.80078125,7357.169921875,69105.796875,22630.400390625,10536.8603515625,24995.689453125,8292.26953125,4034.31640625
2026-06-26 06:32:00+00:00,24052.80078125,7357.169921875,69105.796875,22634.490234375,10536.8603515625,24995.689453125,8292.26953125,4036.699462890625
2026-06-26 06:33:00+00:00,24052.80078125,7357.169921875,69105.796875,22637.740234375,10536.8603515625,24995.689453125,8292.26953125,4037.458251953125
2026-06-26 06:34:00+00:00,24052.80078125,7357.169921875,69105.796875,22628.25,10536.8603515625,24995.689453125,8292.26953125,4036.279541015625
2026-06-26 06:35:00+00:00,24052.80078125,7357.169921875,69105.796875,22626.55078125,10536.8603515625,24995.689453125,8292.26953125,4036.660400390625
2026-06-26 06:36:00+00:00,24052.80078125,7357.169921875,69105.796875,22639.220703125,10536.8603515625,24995.689453125,8292.26953125,4039.710205078125
2026-06-26 06:37:00+00:00,24052.80078125,7357.169921875,69105.796875,22656.44921875,10536.8603515625,24995.689453125,8292.26953125,4041.569091796875
2026-06-26 06:38:00+00:00,24052.80078125,7357.169921875,69105.796875,22659.55078125,10536.8603515625,24995.689453125,8292.26953125,4044.55908203125
2026-06-26 06:39:00+00:00,24052.80078125,7357.169921875,69105.796875,22675.259765625,10536.8603515625,24995.689453125,8292.26953125,4049.807861328125
2026-06-26 06:40:00+00:00,24052.80078125,7357.169921875,69105.796875,22668.880859375,10536.8603515625,24995.689453125,8292.26953125,4050.200927734375
2026-06-26 06:41:00+00:00,24052.80078125,7357.169921875,69105.796875,22662.119140625,10536.8603515625,24995.689453125,8292.26953125,4046.125244140625
2026-06-26 06:42:00+00:00,24052.80078125,7357.169921875,69105.796875,22658.470703125,10536.8603515625,24995.689453125,8292.26953125,4043.794189453125
2026-06-26 06:43:00+00:00,24052.80078125,7357.169921875,69105.796875,22679.060546875,10536.8603515625,24995.689453125,8292.26953125,4047.5693359375
2026-06-26 06:44:00+00:00,24052.80078125,7357.169921875,69105.796875,22678.30078125,10536.8603515625,24995.689453125,8292.26953125,4047.697265625
2026-06-26 06:45:00+00:00,24052.80078125,7357.169921875,69105.796875,22662.2109375,10536.8603515625,24995.689453125,8292.26953125,4046.357421875
2026-06-26 06:46:00+00:00,24052.80078125,7357.169921875,69105.796875,22667.25,10536.8603515625,24995.689453125,8292.26953125,4046.2900390625
2026-06-26 06:47:00+00:00,24052.80078125,7357.169921875,69105.796875,22668.330078125,10536.8603515625,24995.689453125,8292.26953125,4045.689208984375
2026-06-26 06:48:00+00:00,24052.80078125,7357.169921875,69105.796875,22666.720703125,10536.8603515625,24995.689453125,8292.26953125,4043.43359375
2026-06-26 06:49:00+00:00,24052.80078125,7357.169921875,69105.796875,22658.1796875,10536.8603515625,24995.689453125,8292.26953125,4042.55908203125
2026-06-26 06:50:00+00:00,24052.80078125,7357.169921875,69105.796875,22655.0,10536.8603515625,24995.689453125,8292.26953125,4042.352783203125
2026-06-26 06:51:00+00:00,24052.80078125,7357.169921875,69105.796875,22646.91015625,10536.8603515625,24995.689453125,8292.26953125,4038.623779296875
2026-06-26 06:52:00+00:00,24052.80078125,7357.169921875,69105.796875,22651.609375,10536.8603515625,24995.689453125,8292.26953125,4034.34716796875
2026-06-26 06:53:00+00:00,24052.80078125,7357.169921875,69105.796875,22660.529296875,10536.8603515625,24995.689453125,8292.26953125,4030.967041015625
2026-06-26 06:54:00+00:00,24052.80078125,7357.169921875,69105.796875,22670.55078125,10536.8603515625,24995.689453125,8292.26953125,4030.1923828125
2026-06-26 06:55:00+00:00,24052.80078125,7357.169921875,69105.796875,22660.619140625,10536.8603515625,24995.689453125,8292.26953125,4028.627685546875
2026-06-26 06:56:00+00:00,24052.80078125,7357.169921875,69105.796875,22671.390625,10536.8603515625,24995.689453125,8292.26953125,4028.122802734375
2026-06-26 06:57:00+00:00,24052.80078125,7357.169921875,69105.796875,22685.30078125,10536.8603515625,24995.689453125,8292.26953125,4028.36474609375
2026-06-26 06:58:00+00:00,24052.80078125,7357.169921875,69105.796875,22672.189453125,10536.8603515625,24995.689453125,8292.26953125,4028.36474609375
2026-06-26 06:59:00+00:00,24052.80078125,7357.169921875,69105.796875,22661.919921875,10536.8603515625,24995.689453125,8292.26953125,4028.36474609375
2026-06-26 07:00:00+00:00,24052.80078125,7357.169921875,69105.796875,22683.130859375,10507.3798828125,24995.689453125,8292.26953125,4028.36474609375
2026-06-26 07:01:00+00:00,24052.80078125,7357.169921875,69105.796875,22693.83984375,10498.48046875,24995.689453125,8292.26953125,4028.36474609375
2026-06-26 07:02:00+00:00,24052.80078125,7357.169921875,69105.796875,22682.169921875,10499.400390625,24848.509765625,8292.26953125,4028.36474609375
2026-06-26 07:03:00+00:00,24052.80078125,7357.169921875,69105.796875,22672.720703125,10494.4697265625,24833.130859375,8292.26953125,4028.36474609375
2026-06-26 07:04:00+00:00,24052.80078125,7357.169921875,69105.796875,22674.080078125,10491.7998046875,24826.16015625,8292.26953125,4028.36474609375
2026-06-26 07:05:00+00:00,24052.80078125,7357.169921875,69105.796875,22664.41015625,10489.7802734375,24809.150390625,8292.26953125,4028.36474609375
2026-06-26 07:06:00+00:00,24052.80078125,7357.169921875,69105.796875,22662.01953125,10490.1298828125,24812.6796875,8292.26953125,4028.36474609375
2026-06-26 07:07:00+00:00,24052.80078125,7357.169921875,69105.796875,22653.44921875,10486.2001953125,24826.029296875,8292.26953125,4028.36474609375
2026-06-26 07:08:00+00:00,24052.80078125,7357.169921875,69105.796875,22655.009765625,10482.080078125,24816.240234375,8292.26953125,4028.36474609375
2026-06-26 07:09:00+00:00,24052.80078125,7357.169921875,69105.796875,22656.94921875,10478.900390625,24798.76953125,8292.26953125,4028.36474609375
2026-06-26 07:10:00+00:00,24052.80078125,7357.169921875,69105.796875,22678.740234375,10490.0400390625,24804.41015625,8292.26953125,4028.36474609375
2026-06-26 07:11:00+00:00,24052.80078125,7357.169921875,69105.796875,22712.140625,10498.9296875,24828.119140625,8292.26953125,4028.36474609375
2026-06-26 07:12:00+00:00,24052.80078125,7357.169921875,69105.796875,22709.390625,10500.1298828125,24826.9609375,8292.26953125,4028.36474609375
2026-06-26 07:13:00+00:00,24052.80078125,7357.169921875,69105.796875,22719.689453125,10503.7802734375,24839.51953125,8292.26953125,4028.36474609375
2026-06-26 07:14:00+00:00,24052.80078125,7357.169921875,69105.796875,22719.30078125,10500.330078125,24832.939453125,8292.26953125,4028.36474609375
2026-06-26 07:15:00+00:00,24052.80078125,7357.169921875,69105.796875,22706.650390625,10497.099609375,24823.25,8292.26953125,4028.36474609375
2026-06-26 07:16:00+00:00,24052.80078125,7357.169921875,69105.796875,22715.349609375,10497.7998046875,24826.5390625,8292.26953125,4028.36474609375
2026-06-26 07:17:00+00:00,24052.80078125,7357.169921875,69105.796875,22718.7109375,10495.98046875,24827.66015625,8292.26953125,4028.36474609375
2026-06-26 07:18:00+00:00,24052.80078125,7357.169921875,69105.796875,22712.189453125,10492.6103515625,24821.619140625,8292.26953125,4028.36474609375
2026-06-26 07:19:00+00:00,24052.80078125,7357.169921875,69105.796875,22712.970703125,10491.7998046875,24830.349609375,8292.26953125,4028.36474609375
2026-06-26 07:20:00+00:00,24052.80078125,7357.169921875,69105.796875,22705.619140625,10488.0703125,24833.259765625,8292.26953125,4028.36474609375
2026-06-26 07:21:00+00:00,24052.80078125,7357.169921875,69105.796875,22696.3203125,10488.7099609375,24841.109375,8292.26953125,4028.36474609375
2026-06-26 07:22:00+00:00,24052.80078125,7357.169921875,69105.796875,22698.609375,10492.150390625,24836.560546875,8292.26953125,4028.36474609375
2026-06-26 07:23:00+00:00,24052.80078125,7357.169921875,69105.796875,22689.5390625,10488.98046875,24834.0390625,8292.26953125,4028.36474609375
2026-06-26 07:24:00+00:00,24052.80078125,7357.169921875,69105.796875,22695.009765625,10490.5400390625,24850.23046875,8292.26953125,4028.36474609375
2026-06-26 07:25:00+00:00,24052.80078125,7357.169921875,69105.796875,22682.1796875,10490.66015625,24849.23046875,8292.26953125,4028.36474609375
2026-06-26 07:26:00+00:00,24052.80078125,7357.169921875,69105.796875,22679.689453125,10491.4697265625,24846.109375,8292.26953125,4028.36474609375
2026-06-26 07:27:00+00:00,24052.80078125,7357.169921875,69105.796875,22686.099609375,10493.259765625,24843.240234375,8292.26953125,4028.36474609375
2026-06-26 07:28:00+00:00,24052.80078125,7357.169921875,69105.796875,22698.630859375,10494.6904296875,24854.880859375,8292.26953125,4028.36474609375
2026-06-26 07:29:00+00:00,24052.80078125,7357.169921875,69105.796875,22686.359375,10495.7998046875,24853.939453125,8292.26953125,4028.36474609375
2026-06-26 07:30:00+00:00,24052.80078125,7357.169921875,69105.796875,22687.23046875,10497.8603515625,24862.509765625,8292.26953125,4028.36474609375
2026-06-26 07:31:00+00:00,24052.80078125,7357.169921875,69105.796875,22691.66015625,10501.9501953125,24867.349609375,8292.26953125,4028.36474609375
2026-06-26 07:32:00+00:00,24052.80078125,7357.169921875,69105.796875,22693.150390625,10502.740234375,24867.48046875,8292.26953125,4028.36474609375
2026-06-26 07:33:00+00:00,24052.80078125,7357.169921875,69105.796875,22703.69921875,10504.740234375,24858.369140625,8292.26953125,4028.36474609375
2026-06-26 07:34:00+00:00,24052.80078125,7357.169921875,69105.796875,22700.169921875,10505.1298828125,24852.349609375,8292.26953125,4028.36474609375
2026-06-26 07:35:00+00:00,24052.80078125,7357.169921875,69105.796875,22684.779296875,10502.8203125,24847.490234375,8292.26953125,4028.36474609375
2026-06-26 07:36:00+00:00,24052.80078125,7357.169921875,69105.796875,22682.509765625,10502.0302734375,24841.759765625,8292.26953125,4028.36474609375
2026-06-26 07:37:00+00:00,24052.80078125,7357.169921875,69105.796875,22682.19921875,10502.400390625,24844.640625,8292.26953125,4028.36474609375
2026-06-26 07:38:00+00:00,24052.80078125,7357.169921875,69105.796875,22690.80078125,10499.419921875,24842.849609375,8292.26953125,4028.36474609375
2026-06-26 07:39:00+00:00,24052.80078125,7357.169921875,69105.796875,22693.609375,10498.490234375,24845.5390625,8292.26953125,4028.36474609375
2026-06-26 07:40:00+00:00,24052.80078125,7357.169921875,69105.796875,22694.23046875,10495.98046875,24831.759765625,8292.26953125,4028.36474609375
2026-06-26 07:41:00+00:00,24052.80078125,7357.169921875,69105.796875,22696.390625,10492.3603515625,24811.5,8292.26953125,4028.36474609375
2026-06-26 07:42:00+00:00,24052.80078125,7357.169921875,69105.796875,22695.41015625,10488.400390625,24796.580078125,8292.26953125,4028.36474609375
2026-06-26 07:43:00+00:00,24052.80078125,7357.169921875,69105.796875,22691.76953125,10489.76953125,24808.470703125,8292.26953125,4028.36474609375
2026-06-26 07:44:00+00:00,24052.80078125,7357.169921875,69105.796875,22685.189453125,10491.1396484375,24802.48046875,8292.26953125,4028.36474609375
2026-06-26 07:45:00+00:00,24052.80078125,7357.169921875,69105.796875,22672.740234375,10490.7802734375,24795.640625,8292.26953125,4028.36474609375
2026-06-26 07:46:00+00:00,24052.80078125,7357.169921875,69105.796875,22671.650390625,10491.169921875,24805.919921875,8292.26953125,4028.36474609375
2026-06-26 07:47:00+00:00,24052.80078125,7357.169921875,69105.796875,22664.830078125,10489.0595703125,24799.8203125,8292.26953125,4028.36474609375
2026-06-26 07:48:00+00:00,24052.80078125,7357.169921875,69105.796875,22656.9609375,10490.1298828125,24800.970703125,8292.26953125,4028.36474609375
2026-06-26 07:49:00+00:00,24052.80078125,7357.169921875,69105.796875,22647.83984375,10487.4296875,24797.009765625,8292.26953125,4028.36474609375
2026-06-26 07:50:00+00:00,24052.80078125,7357.169921875,69105.796875,22645.080078125,10485.6904296875,24801.390625,8292.26953125,4028.36474609375
2026-06-26 07:51:00+00:00,24052.80078125,7357.169921875,69105.796875,22649.55078125,10485.6298828125,24803.23046875,8292.26953125,4028.36474609375
2026-06-26 07:52:00+00:00,24052.80078125,7357.169921875,69105.796875,22653.4609375,10482.9296875,24799.51953125,8292.26953125,4028.36474609375
2026-06-26 07:53:00+00:00,24052.80078125,7357.169921875,69105.796875,22659.279296875,10485.400390625,24811.169921875,8292.26953125,4028.36474609375
2026-06-26 07:54:00+00:00,24052.80078125,7357.169921875,69105.796875,22671.08984375,10488.4599609375,24817.69921875,8292.26953125,4028.36474609375
2026-06-26 07:55:00+00:00,24052.80078125,7357.169921875,69105.796875,22666.44921875,10488.8203125,24815.5703125,8292.26953125,4028.36474609375
2026-06-26 07:56:00+00:00,24052.80078125,7357.169921875,69105.796875,22676.890625,10489.0,24809.859375,8292.26953125,4028.36474609375
2026-06-26 07:57:00+00:00,24052.80078125,7357.169921875,69105.796875,22683.48046875,10488.2099609375,24813.189453125,8292.26953125,4028.36474609375
2026-06-26 07:58:00+00:00,24052.80078125,7357.169921875,69105.796875,22680.5390625,10489.83984375,24814.1796875,8292.26953125,4028.36474609375
2026-06-26 07:59:00+00:00,24052.80078125,7357.169921875,69105.796875,22681.26953125,10489.400390625,24818.810546875,8292.26953125,4028.36474609375
2026-06-26 08:00:00+00:00,24052.80078125,7357.169921875,69105.796875,22684.08984375,10492.23046875,24814.279296875,8292.26953125,4028.36474609375
2026-06-26 08:01:00+00:00,24052.80078125,7357.169921875,69105.796875,22684.08984375,10488.400390625,24799.83984375,8292.26953125,4028.36474609375
2026-06-26 08:02:00+00:00,24052.80078125,7357.169921875,69105.796875,22684.08984375,10489.1201171875,24799.759765625,8292.26953125,4028.36474609375
2026-06-26 08:03:00+00:00,24052.80078125,7357.169921875,69105.796875,22684.08984375,10490.759765625,24797.380859375,8292.26953125,4028.36474609375
2026-06-26 08:04:00+00:00,24052.80078125,7357.169921875,69105.796875,22684.08984375,10487.490234375,24786.490234375,8292.26953125,4028.36474609375
2026-06-26 08:05:00+00:00,24052.80078125,7357.169921875,69105.796875,22684.08984375,10485.580078125,24779.880859375,8292.26953125,4028.36474609375
2026-06-26 08:06:00+00:00,24052.80078125,7357.169921875,69105.796875,22684.08984375,10488.9296875,24786.609375,8292.26953125,4028.36474609375
2026-06-26 08:07:00+00:00,24052.80078125,7357.169921875,69105.796875,22684.08984375,10492.7001953125,24796.41015625,8292.26953125,4028.36474609375
2026-06-26 08:08:00+00:00,24052.80078125,7357.169921875,69105.796875,22671.859375,10497.0302734375,24812.099609375,8292.26953125,4028.36474609375
2026-06-26 08:09:00+00:00,24052.80078125,7357.169921875,69105.796875,22671.859375,10497.3203125,24809.029296875,8292.26953125,4028.36474609375
2026-06-26 08:10:00+00:00,24052.80078125,7357.169921875,69105.796875,22671.859375,10497.3203125,24799.91015625,8292.26953125,4028.36474609375
2026-06-26 08:11:00+00:00,24052.80078125,7357.169921875,69105.796875,22671.859375,10496.8203125,24801.330078125,8292.26953125,4028.36474609375
2026-06-26 08:12:00+00:00,24052.80078125,7357.169921875,69105.796875,22671.859375,10492.9599609375,24792.91015625,8292.26953125,4028.36474609375
2026-06-26 08:13:00+00:00,24052.80078125,7357.169921875,69105.796875,22671.859375,10490.599609375,24794.169921875,8292.26953125,4028.36474609375
2026-06-26 08:14:00+00:00,24052.80078125,7357.169921875,69105.796875,22671.859375,10485.8701171875,24783.0703125,8292.26953125,4028.36474609375
2026-06-26 08:15:00+00:00,24052.80078125,7357.169921875,69105.796875,22671.859375,10485.7802734375,24790.109375,8292.26953125,4028.36474609375
2026-06-26 08:16:00+00:00,24052.80078125,7357.169921875,69105.796875,22671.859375,10487.6201171875,24798.26953125,8292.26953125,4028.36474609375
2026-06-26 08:17:00+00:00,24052.80078125,7357.169921875,69105.796875,22671.859375,10486.1396484375,24800.1796875,8292.26953125,4028.36474609375
2026-06-26 08:18:00+00:00,24052.80078125,7357.169921875,69105.796875,22671.859375,10482.099609375,24788.650390625,8292.26953125,4028.36474609375
2026-06-26 08:19:00+00:00,24052.80078125,7357.169921875,69105.796875,22671.859375,10481.509765625,24788.0703125,8292.26953125,4028.36474609375
2026-06-26 08:20:00+00:00,24052.80078125,7357.169921875,69105.796875,22671.859375,10477.73046875,24783.390625,8292.26953125,4028.36474609375
2026-06-26 08:21:00+00:00,24052.80078125,7357.169921875,69105.796875,22671.859375,10480.83984375,24794.0,8292.26953125,4028.36474609375
2026-06-26 08:22:00+00:00,24052.80078125,7357.169921875,69105.796875,22671.859375,10478.73046875,24791.41015625,8292.26953125,4028.36474609375
2026-06-26 08:23:00+00:00,24052.80078125,7357.169921875,69105.796875,22671.859375,10476.1103515625,24787.400390625,8292.26953125,4028.36474609375
2026-06-26 08:24:00+00:00,24052.80078125,7357.169921875,69105.796875,22671.859375,10479.6201171875,24796.48046875,8292.26953125,4028.36474609375
2026-06-26 08:25:00+00:00,24052.80078125,7357.169921875,69105.796875,22671.859375,10479.4296875,24794.609375,8292.26953125,4028.36474609375
2026-06-26 08:26:00+00:00,24052.80078125,7357.169921875,69105.796875,22671.859375,10481.8896484375,24803.109375,8292.26953125,4028.36474609375
2026-06-26 08:27:00+00:00,24052.80078125,7357.169921875,69105.796875,22671.859375,10484.83984375,24815.759765625,8292.26953125,4028.36474609375
2026-06-26 08:28:00+00:00,24052.80078125,7357.169921875,69105.796875,22671.859375,10486.169921875,24810.51953125,8292.26953125,4028.36474609375
2026-06-26 08:29:00+00:00,24052.80078125,7357.169921875,69105.796875,22671.859375,10484.2998046875,24808.8203125,8292.26953125,4028.36474609375
2026-06-26 08:30:00+00:00,24052.80078125,7357.169921875,69105.796875,22671.859375,10480.669921875,24795.279296875,8292.26953125,4028.36474609375
2026-06-26 08:31:00+00:00,24052.80078125,7357.169921875,69105.796875,22671.859375,10482.0302734375,24797.779296875,8292.26953125,4028.36474609375
2026-06-26 08:32:00+00:00,24052.80078125,7357.169921875,69105.796875,22671.859375,10481.4501953125,24797.859375,8292.26953125,4028.36474609375
2026-06-26 08:33:00+00:00,24052.80078125,7357.169921875,69105.796875,22671.859375,10476.990234375,24786.630859375,8292.26953125,4028.36474609375
2026-06-26 08:34:00+00:00,24052.80078125,7357.169921875,69105.796875,22671.859375,10472.98046875,24769.48046875,8292.26953125,4028.36474609375
2026-06-26 08:35:00+00:00,24052.80078125,7357.169921875,69105.796875,22671.859375,10472.2900390625,24776.080078125,8292.26953125,4028.36474609375
2026-06-26 08:36:00+00:00,24052.80078125,7357.169921875,69105.796875,22671.859375,10471.8896484375,24780.0703125,8292.26953125,4028.36474609375
2026-06-26 08:37:00+00:00,24052.80078125,7357.169921875,69105.796875,22671.859375,10470.990234375,24781.220703125,8292.26953125,4028.36474609375
2026-06-26 08:38:00+00:00,24052.80078125,7357.169921875,69105.796875,22671.859375,10471.9697265625,24785.099609375,8292.26953125,4028.36474609375
2026-06-26 08:39:00+00:00,24052.80078125,7357.169921875,69105.796875,22671.859375,10469.1201171875,24780.48046875,8292.26953125,4028.36474609375
2026-06-26 08:40:00+00:00,24052.80078125,7357.169921875,69105.796875,22671.859375,10467.259765625,24779.41015625,8292.26953125,4028.36474609375
2026-06-26 08:41:00+00:00,24052.80078125,7357.169921875,69105.796875,22671.859375,10470.3701171875,24788.779296875,8292.26953125,4028.36474609375
2026-06-26 08:42:00+00:00,24052.80078125,7357.169921875,69105.796875,22671.859375,10471.7900390625,24789.330078125,8292.26953125,4028.36474609375
2026-06-26 08:43:00+00:00,24052.80078125,7357.169921875,69105.796875,22671.859375,10471.330078125,24788.970703125,8292.26953125,4028.36474609375
2026-06-26 08:44:00+00:00,24052.80078125,7357.169921875,69105.796875,22671.859375,10469.0703125,24767.810546875,8292.26953125,4028.36474609375
2026-06-26 08:45:00+00:00,24052.80078125,7357.169921875,69105.796875,22671.859375,10470.0595703125,24770.6796875,8292.26953125,4028.36474609375
2026-06-26 08:46:00+00:00,24052.80078125,7357.169921875,69105.796875,22671.859375,10469.73046875,24768.400390625,8292.26953125,4028.36474609375
2026-06-26 08:47:00+00:00,24052.80078125,7357.169921875,69105.796875,22671.859375,10465.0400390625,24763.390625,8292.26953125,4028.36474609375
2026-06-26 08:48:00+00:00,24052.80078125,7357.169921875,69105.796875,22671.859375,10465.75,24763.0390625,8292.26953125,4028.36474609375
2026-06-26 08:49:00+00:00,24052.80078125,7357.169921875,69105.796875,22671.859375,10462.740234375,24752.75,8292.26953125,4028.36474609375
2026-06-26 08:50:00+00:00,24052.80078125,7357.169921875,69105.796875,22671.859375,10465.2802734375,24751.30078125,8292.26953125,4028.36474609375
2026-06-26 08:51:00+00:00,24052.80078125,7357.169921875,69105.796875,22671.859375,10464.240234375,24745.5,8292.26953125,4028.36474609375
2026-06-26 08:52:00+00:00,24052.80078125,7357.169921875,69105.796875,22671.859375,10465.2099609375,24754.599609375,8292.26953125,4028.36474609375
2026-06-26 08:53:00+00:00,24052.80078125,7357.169921875,69105.796875,22671.859375,10464.669921875,24745.91015625,8292.26953125,4028.36474609375
2026-06-26 08:54:00+00:00,24052.80078125,7357.169921875,69105.796875,22671.859375,10462.169921875,24737.5390625,8292.26953125,4028.36474609375
2026-06-26 08:55:00+00:00,24052.80078125,7357.169921875,69105.796875,22671.859375,10457.8798828125,24727.330078125,8292.26953125,4028.36474609375
2026-06-26 08:56:00+00:00,24052.80078125,7357.169921875,69105.796875,22671.859375,10459.900390625,24738.240234375,8292.26953125,4028.36474609375
2026-06-26 08:57:00+00:00,24052.80078125,7357.169921875,69105.796875,22671.859375,10460.58984375,24734.169921875,8292.26953125,4028.36474609375
2026-06-26 08:58:00+00:00,24052.80078125,7357.169921875,69105.796875,22671.859375,10464.1298828125,24746.1796875,8292.26953125,4028.36474609375
2026-06-26 08:59:00+00:00,24052.80078125,7357.169921875,69105.796875,22671.859375,10464.8798828125,24750.810546875,8292.26953125,4028.36474609375
2026-06-26 09:00:00+00:00,24052.80078125,7357.169921875,69105.796875,22671.859375,10462.2001953125,24745.939453125,8292.26953125,4028.36474609375
2026-06-26 09:01:00+00:00,24052.80078125,7357.169921875,69105.796875,22671.859375,10461.490234375,24738.099609375,8292.26953125,4028.36474609375
2026-06-26 09:02:00+00:00,24052.80078125,7357.169921875,69105.796875,22671.859375,10458.2802734375,24726.109375,8292.26953125,4028.36474609375
2026-06-26 09:03:00+00:00,24052.80078125,7357.169921875,69105.796875,22671.859375,10458.1298828125,24721.509765625,8292.26953125,4028.36474609375
2026-06-26 09:04:00+00:00,24052.80078125,7357.169921875,69105.796875,22671.859375,10456.169921875,24715.900390625,8292.26953125,4028.36474609375
2026-06-26 09:05:00+00:00,24052.80078125,7357.169921875,69105.796875,22671.859375,10456.98046875,24726.640625,8292.26953125,4028.36474609375
2026-06-26 09:06:00+00:00,24052.80078125,7357.169921875,69105.796875,22671.859375,10453.0400390625,24712.33984375,8292.26953125,4028.36474609375
2026-06-26 09:07:00+00:00,24052.80078125,7357.169921875,69105.796875,22671.859375,10452.3095703125,24718.650390625,8292.26953125,4028.36474609375
2026-06-26 09:08:00+00:00,24052.80078125,7357.169921875,69105.796875,22671.859375,10454.9599609375,24723.060546875,8292.26953125,4028.36474609375
2026-06-26 09:09:00+00:00,24052.80078125,7357.169921875,69105.796875,22671.859375,10452.3095703125,24700.48046875,8292.26953125,4028.36474609375
2026-06-26 09:10:00+00:00,24052.80078125,7357.169921875,69105.796875,22671.859375,10451.76953125,24701.98046875,8292.26953125,4028.36474609375
2026-06-26 09:11:00+00:00,24052.80078125,7357.169921875,69105.796875,22671.859375,10455.3095703125,24714.169921875,8292.26953125,4028.36474609375
2026-06-26 09:12:00+00:00,24052.80078125,7357.169921875,69105.796875,22671.859375,10455.3603515625,24714.169921875,8292.26953125,4028.36474609375
2026-06-26 09:13:00+00:00,24052.80078125,7357.169921875,69105.796875,22671.859375,10455.9599609375,24715.330078125,8292.26953125,4028.36474609375
2026-06-26 09:14:00+00:00,24052.80078125,7357.169921875,69105.796875,22671.859375,10461.73046875,24724.919921875,8292.26953125,4028.36474609375
2026-06-26 09:15:00+00:00,24052.80078125,7357.169921875,69105.796875,22671.859375,10458.400390625,24723.4609375,8292.26953125,4028.36474609375
2026-06-26 09:16:00+00:00,24052.80078125,7357.169921875,69105.796875,22671.859375,10456.26953125,24710.580078125,8292.26953125,4028.36474609375
2026-06-26 09:17:00+00:00,24052.80078125,7357.169921875,69105.796875,22671.859375,10457.0703125,24718.51953125,8292.26953125,4028.36474609375
2026-06-26 09:18:00+00:00,24052.80078125,7357.169921875,69105.796875,22671.859375,10457.419921875,24715.859375,8292.26953125,4028.36474609375
2026-06-26 09:19:00+00:00,24052.80078125,7357.169921875,69105.796875,22671.859375,10457.51953125,24711.2890625,8292.26953125,4028.36474609375
2026-06-26 09:20:00+00:00,24052.80078125,7357.169921875,69105.796875,22671.859375,10457.4296875,24712.619140625,8292.26953125,4028.36474609375
2026-06-26 09:21:00+00:00,24052.80078125,7357.169921875,69105.796875,22671.859375,10453.0302734375,24703.619140625,8292.26953125,4028.36474609375
2026-06-26 09:22:00+00:00,24052.80078125,7357.169921875,69105.796875,22671.859375,10450.4599609375,24697.109375,8292.26953125,4028.36474609375
2026-06-26 09:23:00+00:00,24052.80078125,7357.169921875,69105.796875,22671.859375,10451.7001953125,24700.109375,8292.26953125,4028.36474609375
2026-06-26 09:24:00+00:00,24052.80078125,7357.169921875,69105.796875,22671.859375,10451.5400390625,24695.349609375,8292.26953125,4028.36474609375
2026-06-26 09:25:00+00:00,24052.80078125,7357.169921875,69105.796875,22671.859375,10452.9599609375,24694.01953125,8292.26953125,4028.36474609375
2026-06-26 09:26:00+00:00,24052.80078125,7357.169921875,69105.796875,22671.859375,10452.6396484375,24689.220703125,8292.26953125,4028.36474609375
2026-06-26 09:27:00+00:00,24052.80078125,7357.169921875,69105.796875,22671.859375,10453.5302734375,24701.650390625,8292.26953125,4028.36474609375
2026-06-26 09:28:00+00:00,24052.80078125,7357.169921875,69105.796875,22671.859375,10452.009765625,24696.470703125,8292.26953125,4028.36474609375
2026-06-26 09:29:00+00:00,24052.80078125,7357.169921875,69105.796875,22671.859375,10452.8095703125,24702.900390625,8292.26953125,4028.36474609375
2026-06-26 09:30:00+00:00,24052.80078125,7357.169921875,69105.796875,22671.859375,10451.3701171875,24689.76953125,8292.26953125,4028.36474609375
2026-06-26 09:31:00+00:00,24052.80078125,7357.169921875,69105.796875,22671.859375,10451.6396484375,24686.080078125,8292.26953125,4028.36474609375
2026-06-26 09:32:00+00:00,24052.80078125,7357.169921875,69105.796875,22671.859375,10452.330078125,24690.939453125,8292.26953125,4028.36474609375
2026-06-26 09:33:00+00:00,24052.80078125,7357.169921875,69105.796875,22671.859375,10450.6298828125,24683.109375,8292.26953125,4028.36474609375
2026-06-26 09:34:00+00:00,24052.80078125,7357.169921875,69105.796875,22671.859375,10453.5595703125,24689.900390625,8292.26953125,4028.36474609375
2026-06-26 09:35:00+00:00,24052.80078125,7357.169921875,69105.796875,22671.859375,10455.099609375,24696.91015625,8292.26953125,4028.36474609375
2026-06-26 09:36:00+00:00,24052.80078125,7357.169921875,69105.796875,22671.859375,10454.9501953125,24691.650390625,8292.26953125,4028.36474609375
2026-06-26 09:37:00+00:00,24052.80078125,7357.169921875,69105.796875,22671.859375,10455.3701171875,24697.529296875,8292.26953125,4028.36474609375
2026-06-26 09:38:00+00:00,24052.80078125,7357.169921875,69105.796875,22671.859375,10459.75,24703.869140625,8292.26953125,4028.36474609375
2026-06-26 09:39:00+00:00,24052.80078125,7357.169921875,69105.796875,22671.859375,10459.1904296875,24697.2890625,8292.26953125,4028.36474609375
2026-06-26 09:40:00+00:00,24052.80078125,7357.169921875,69105.796875,22671.859375,10463.5703125,24717.099609375,8292.26953125,4028.36474609375
2026-06-26 09:41:00+00:00,24052.80078125,7357.169921875,69105.796875,22671.859375,10464.3798828125,24718.779296875,8292.26953125,4028.36474609375
2026-06-26 09:42:00+00:00,24052.80078125,7357.169921875,69105.796875,22671.859375,10467.2998046875,24724.970703125,8292.26953125,4028.36474609375
2026-06-26 09:43:00+00:00,24052.80078125,7357.169921875,69105.796875,22671.859375,10465.0595703125,24717.5703125,8292.26953125,4028.36474609375
2026-06-26 09:44:00+00:00,24052.80078125,7357.169921875,69105.796875,22671.859375,10464.349609375,24706.69921875,8292.26953125,4028.36474609375
2026-06-26 09:45:00+00:00,24052.80078125,7357.169921875,69105.796875,22671.859375,10463.1904296875,24714.869140625,8292.26953125,4028.36474609375
2026-06-26 09:46:00+00:00,24052.80078125,7357.169921875,69105.796875,22671.859375,10466.8896484375,24722.05078125,8292.26953125,4028.36474609375
2026-06-26 09:47:00+00:00,24052.80078125,7357.169921875,69105.796875,22671.859375,10464.7900390625,24714.310546875,8292.26953125,4028.36474609375
2026-06-26 09:48:00+00:00,24052.80078125,7357.169921875,69105.796875,22671.859375,10465.2099609375,24716.3203125,8292.26953125,4028.36474609375
2026-06-26 09:49:00+00:00,24052.80078125,7357.169921875,69105.796875,22671.859375,10465.2197265625,24714.25,8292.26953125,4028.36474609375
2026-06-26 09:50:00+00:00,24052.80078125,7357.169921875,69105.796875,22671.859375,10465.08984375,24715.94921875,8292.26953125,4028.36474609375
2026-06-26 09:51:00+00:00,24052.80078125,7357.169921875,69105.796875,22671.859375,10467.5400390625,24722.55078125,8292.26953125,4028.36474609375
2026-06-26 09:52:00+00:00,24052.80078125,7357.169921875,69105.796875,22671.859375,10466.8603515625,24719.009765625,8292.26953125,4028.36474609375
2026-06-26 09:53:00+00:00,24052.80078125,7357.169921875,69105.796875,22671.859375,10468.099609375,24718.48046875,8292.26953125,4028.36474609375
2026-06-26 09:54:00+00:00,24052.80078125,7357.169921875,69105.796875,22671.859375,10463.490234375,24702.4296875,8292.26953125,4028.36474609375
2026-06-26 09:55:00+00:00,24052.80078125,7357.169921875,69105.796875,22671.859375,10461.759765625,24699.58984375,8292.26953125,4028.36474609375
2026-06-26 09:56:00+00:00,24052.80078125,7357.169921875,69105.796875,22671.859375,10461.3896484375,24697.939453125,8292.26953125,4028.36474609375
2026-06-26 09:57:00+00:00,24052.80078125,7357.169921875,69105.796875,22671.859375,10460.3701171875,24704.01953125,8292.26953125,4028.36474609375
2026-06-26 09:58:00+00:00,24052.80078125,7357.169921875,69105.796875,22671.859375,10460.51953125,24709.609375,8292.26953125,4028.36474609375
2026-06-26 09:59:00+00:00,24052.80078125,7357.169921875,69105.796875,22671.859375,10458.7001953125,24706.9609375,8292.26953125,4028.36474609375
2026-06-26 10:00:00+00:00,24052.80078125,7357.169921875,69105.796875,22671.859375,10454.3896484375,24696.990234375,8292.26953125,4028.36474609375
2026-06-26 10:01:00+00:00,24052.80078125,7357.169921875,69105.796875,22671.859375,10450.919921875,24681.099609375,8292.26953125,4028.36474609375
2026-06-26 10:02:00+00:00,24052.80078125,7357.169921875,69105.796875,22671.859375,10448.8701171875,24679.890625,8292.26953125,4028.36474609375
2026-06-26 10:03:00+00:00,24052.80078125,7357.169921875,69105.796875,22671.859375,10450.1201171875,24681.7890625,8292.26953125,4028.36474609375
2026-06-26 10:04:00+00:00,24052.80078125,7357.169921875,69105.796875,22671.859375,10450.4697265625,24687.779296875,8292.26953125,4028.36474609375
2026-06-26 10:05:00+00:00,24052.80078125,7357.169921875,69105.796875,22671.859375,10451.9697265625,24690.509765625,8292.26953125,4028.36474609375
2026-06-26 10:06:00+00:00,24052.80078125,7357.169921875,69105.796875,22671.859375,10451.83984375,24699.560546875,8292.26953125,4028.36474609375
2026-06-26 10:07:00+00:00,24052.80078125,7357.169921875,69105.796875,22671.859375,10453.7802734375,24705.220703125,8292.26953125,4028.36474609375
2026-06-26 10:08:00+00:00,24052.80078125,7357.169921875,69105.796875,22671.859375,10452.8896484375,24695.080078125,8292.26953125,4028.36474609375
2026-06-26 10:09:00+00:00,24052.80078125,7357.169921875,69105.796875,22671.859375,10453.0595703125,24696.01953125,8292.26953125,4028.36474609375
2026-06-26 10:10:00+00:00,24052.80078125,7357.169921875,69105.796875,22671.859375,10454.3095703125,24705.7890625,8292.26953125,4028.36474609375
2026-06-26 10:11:00+00:00,24052.80078125,7357.169921875,69105.796875,22671.859375,10454.2802734375,24702.48046875,8292.26953125,4028.36474609375
2026-06-26 10:12:00+00:00,24052.80078125,7357.169921875,69105.796875,22671.859375,10451.2001953125,24699.6796875,8292.26953125,4028.36474609375
2026-06-26 10:13:00+00:00,24052.80078125,7357.169921875,69105.796875,22671.859375,10453.9599609375,24705.369140625,8292.26953125,4028.36474609375
2026-06-26 10:14:00+00:00,24052.80078125,7357.169921875,69105.796875,22671.859375,10452.0703125,24694.890625,8292.26953125,4028.36474609375
2026-06-26 10:15:00+00:00,24052.80078125,7357.169921875,69105.796875,22671.859375,10451.1103515625,24688.890625,8292.26953125,4028.36474609375
2026-06-26 10:16:00+00:00,24052.80078125,7357.169921875,69105.796875,22671.859375,10450.3603515625,24681.580078125,8292.26953125,4028.36474609375
2026-06-26 10:17:00+00:00,24052.80078125,7357.169921875,69105.796875,22671.859375,10449.9501953125,24684.880859375,8292.26953125,4028.36474609375
2026-06-26 10:18:00+00:00,24052.80078125,7357.169921875,69105.796875,22671.859375,10449.25,24683.2890625,8292.26953125,4028.36474609375
2026-06-26 10:19:00+00:00,24052.80078125,7357.169921875,69105.796875,22671.859375,10450.26953125,24690.439453125,8292.26953125,4028.36474609375
2026-06-26 10:20:00+00:00,24052.80078125,7357.169921875,69105.796875,22671.859375,10449.099609375,24688.560546875,8292.26953125,4028.36474609375
2026-06-26 10:21:00+00:00,24052.80078125,7357.169921875,69105.796875,22671.859375,10448.58984375,24685.9296875,8292.26953125,4028.36474609375
2026-06-26 10:22:00+00:00,24052.80078125,7357.169921875,69105.796875,22671.859375,10446.1103515625,24691.5390625,8292.26953125,4028.36474609375
2026-06-26 10:23:00+00:00,24052.80078125,7357.169921875,69105.796875,22671.859375,10443.98046875,24677.58984375,8292.26953125,4028.36474609375
2026-06-26 10:24:00+00:00,24052.80078125,7357.169921875,69105.796875,22671.859375,10443.009765625,24673.16015625,8292.26953125,4028.36474609375
2026-06-26 10:25:00+00:00,24052.80078125,7357.169921875,69105.796875,22671.859375,10443.7001953125,24673.439453125,8292.26953125,4028.36474609375
2026-06-26 10:26:00+00:00,24052.80078125,7357.169921875,69105.796875,22671.859375,10446.5498046875,24679.91015625,8292.26953125,4028.36474609375
2026-06-26 10:27:00+00:00,24052.80078125,7357.169921875,69105.796875,22671.859375,10448.419921875,24687.609375,8292.26953125,4028.36474609375
2026-06-26 10:28:00+00:00,24052.80078125,7357.169921875,69105.796875,22671.859375,10448.9697265625,24683.33984375,8292.26953125,4028.36474609375
2026-06-26 10:29:00+00:00,24052.80078125,7357.169921875,69105.796875,22671.859375,10450.599609375,24691.2890625,8292.26953125,4028.36474609375
2026-06-26 10:30:00+00:00,24052.80078125,7357.169921875,69105.796875,22671.859375,10449.9697265625,24685.44921875,8292.26953125,4028.36474609375
2026-06-26 10:31:00+00:00,24052.80078125,7357.169921875,69105.796875,22671.859375,10450.9296875,24686.0703125,8292.26953125,4028.36474609375
2026-06-26 10:32:00+00:00,24052.80078125,7357.169921875,69105.796875,22671.859375,10451.2802734375,24681.5703125,8292.26953125,4028.36474609375
2026-06-26 10:33:00+00:00,24052.80078125,7357.169921875,69105.796875,22671.859375,10449.51953125,24678.2109375,8292.26953125,4028.36474609375
2026-06-26 10:34:00+00:00,24052.80078125,7357.169921875,69105.796875,22671.859375,10450.76953125,24677.75,8292.26953125,4028.36474609375
2026-06-26 10:35:00+00:00,24052.80078125,7357.169921875,69105.796875,22671.859375,10450.8701171875,24678.6796875,8292.26953125,4028.36474609375
2026-06-26 10:36:00+00:00,24052.80078125,7357.169921875,69105.796875,22671.859375,10450.66015625,24678.689453125,8292.26953125,4028.36474609375
2026-06-26 10:37:00+00:00,24052.80078125,7357.169921875,69105.796875,22671.859375,10448.259765625,24670.259765625,8292.26953125,4028.36474609375
2026-06-26 10:38:00+00:00,24052.80078125,7357.169921875,69105.796875,22671.859375,10450.26953125,24676.169921875,8292.26953125,4028.36474609375
2026-06-26 10:39:00+00:00,24052.80078125,7357.169921875,69105.796875,22671.859375,10451.1201171875,24677.55078125,8292.26953125,4028.36474609375
2026-06-26 10:40:00+00:00,24052.80078125,7357.169921875,69105.796875,22671.859375,10451.5,24671.810546875,8292.26953125,4028.36474609375
2026-06-26 10:41:00+00:00,24052.80078125,7357.169921875,69105.796875,22671.859375,10453.26953125,24671.970703125,8292.26953125,4028.36474609375
2026-06-26 10:42:00+00:00,24052.80078125,7357.169921875,69105.796875,22671.859375,10453.1796875,24669.4296875,8292.26953125,4028.36474609375
2026-06-26 10:43:00+00:00,24052.80078125,7357.169921875,69105.796875,22671.859375,10451.2802734375,24673.55078125,8292.26953125,4028.36474609375
2026-06-26 10:44:00+00:00,24052.80078125,7357.169921875,69105.796875,22671.859375,10450.4501953125,24675.630859375,8292.26953125,4028.36474609375
2026-06-26 10:45:00+00:00,24052.80078125,7357.169921875,69105.796875,22671.859375,10452.400390625,24689.529296875,8292.26953125,4028.36474609375
2026-06-26 10:46:00+00:00,24052.80078125,7357.169921875,69105.796875,22671.859375,10451.48046875,24689.220703125,8292.26953125,4028.36474609375
2026-06-26 10:47:00+00:00,24052.80078125,7357.169921875,69105.796875,22671.859375,10450.6298828125,24693.029296875,8292.26953125,4028.36474609375
2026-06-26 10:48:00+00:00,24052.80078125,7357.169921875,69105.796875,22671.859375,10447.7001953125,24680.51953125,8292.26953125,4028.36474609375
2026-06-26 10:49:00+00:00,24052.80078125,7357.169921875,69105.796875,22671.859375,10448.490234375,24681.05078125,8292.26953125,4028.36474609375
2026-06-26 10:50:00+00:00,24052.80078125,7357.169921875,69105.796875,22671.859375,10448.5703125,24685.900390625,8292.26953125,4028.36474609375
2026-06-26 10:51:00+00:00,24052.80078125,7357.169921875,69105.796875,22671.859375,10446.58984375,24676.029296875,8292.26953125,4028.36474609375
2026-06-26 10:52:00+00:00,24052.80078125,7357.169921875,69105.796875,22671.859375,10446.98046875,24683.259765625,8292.26953125,4028.36474609375
2026-06-26 10:53:00+00:00,24052.80078125,7357.169921875,69105.796875,22671.859375,10449.3896484375,24690.16015625,8292.26953125,4028.36474609375
2026-06-26 10:54:00+00:00,24052.80078125,7357.169921875,69105.796875,22671.859375,10450.98046875,24691.080078125,8292.26953125,4028.36474609375
2026-06-26 10:55:00+00:00,24052.80078125,7357.169921875,69105.796875,22671.859375,10449.58984375,24689.7890625,8292.26953125,4028.36474609375
2026-06-26 10:56:00+00:00,24052.80078125,7357.169921875,69105.796875,22671.859375,10448.2998046875,24688.0390625,8292.26953125,4028.36474609375
2026-06-26 10:57:00+00:00,24052.80078125,7357.169921875,69105.796875,22671.859375,10445.919921875,24682.919921875,8292.26953125,4028.36474609375
2026-06-26 10:58:00+00:00,24052.80078125,7357.169921875,69105.796875,22671.859375,10444.5400390625,24675.740234375,8292.26953125,4028.36474609375
2026-06-26 10:59:00+00:00,24052.80078125,7357.169921875,69105.796875,22671.859375,10446.25,24681.51953125,8292.26953125,4028.36474609375
2026-06-26 11:00:00+00:00,24052.80078125,7357.169921875,69105.796875,22671.859375,10447.330078125,24681.51953125,8292.26953125,4028.36474609375
2026-06-26 11:01:00+00:00,24052.80078125,7357.169921875,69105.796875,22671.859375,10446.9697265625,24681.51953125,8292.26953125,4028.36474609375
2026-06-26 11:02:00+00:00,24052.80078125,7357.169921875,69105.796875,22671.859375,10445.75,24693.810546875,8292.26953125,4028.36474609375
2026-06-26 11:03:00+00:00,24052.80078125,7357.169921875,69105.796875,22671.859375,10448.98046875,24698.91015625,8292.26953125,4028.36474609375
2026-06-26 11:04:00+00:00,24052.80078125,7357.169921875,69105.796875,22671.859375,10450.01953125,24694.66015625,8292.26953125,4028.36474609375
2026-06-26 11:05:00+00:00,24052.80078125,7357.169921875,69105.796875,22671.859375,10450.3095703125,24698.439453125,8292.26953125,4028.36474609375
2026-06-26 11:06:00+00:00,24052.80078125,7357.169921875,69105.796875,22671.859375,10452.16015625,24704.44921875,8292.26953125,4028.36474609375
2026-06-26 11:07:00+00:00,24052.80078125,7357.169921875,69105.796875,22671.859375,10449.5302734375,24706.05078125,8292.26953125,4028.36474609375
2026-06-26 11:08:00+00:00,24052.80078125,7357.169921875,69105.796875,22671.859375,10450.4501953125,24705.669921875,8292.26953125,4028.36474609375
2026-06-26 11:09:00+00:00,24052.80078125,7357.169921875,69105.796875,22671.859375,10450.400390625,24708.130859375,8292.26953125,4028.36474609375
2026-06-26 11:10:00+00:00,24052.80078125,7357.169921875,69105.796875,22671.859375,10450.169921875,24706.33984375,8292.26953125,4028.36474609375
2026-06-26 11:11:00+00:00,24052.80078125,7357.169921875,69105.796875,22671.859375,10449.25,24708.169921875,8292.26953125,4028.36474609375
2026-06-26 11:12:00+00:00,24052.80078125,7357.169921875,69105.796875,22671.859375,10450.66015625,24714.01953125,8292.26953125,4028.36474609375
2026-06-26 11:13:00+00:00,24052.80078125,7357.169921875,69105.796875,22671.859375,10450.5400390625,24716.669921875,8292.26953125,4028.36474609375
2026-06-26 11:14:00+00:00,24052.80078125,7357.169921875,69105.796875,22671.859375,10447.6103515625,24709.890625,8292.26953125,4028.36474609375
2026-06-26 11:15:00+00:00,24052.80078125,7357.169921875,69105.796875,22671.859375,10444.01953125,24692.890625,8292.26953125,4028.36474609375
2026-06-26 11:16:00+00:00,24052.80078125,7357.169921875,69105.796875,22671.859375,10444.2998046875,24695.109375,8292.26953125,4028.36474609375
2026-06-26 11:17:00+00:00,24052.80078125,7357.169921875,69105.796875,22671.859375,10442.1396484375,24696.119140625,8292.26953125,4028.36474609375
2026-06-26 11:18:00+00:00,24052.80078125,7357.169921875,69105.796875,22671.859375,10440.9501953125,24697.259765625,8292.26953125,4028.36474609375
2026-06-26 11:19:00+00:00,24052.80078125,7357.169921875,69105.796875,22671.859375,10440.6298828125,24701.529296875,8292.26953125,4028.36474609375
2026-06-26 11:20:00+00:00,24052.80078125,7357.169921875,69105.796875,22671.859375,10440.9404296875,24695.150390625,8292.26953125,4028.36474609375
2026-06-26 11:21:00+00:00,24052.80078125,7357.169921875,69105.796875,22671.859375,10439.3203125,24691.25,8292.26953125,4028.36474609375
2026-06-26 11:22:00+00:00,24052.80078125,7357.169921875,69105.796875,22671.859375,10441.650390625,24696.830078125,8292.26953125,4028.36474609375
2026-06-26 11:23:00+00:00,24052.80078125,7357.169921875,69105.796875,22671.859375,10442.51953125,24693.140625,8292.26953125,4028.36474609375
2026-06-26 11:24:00+00:00,24052.80078125,7357.169921875,69105.796875,22671.859375,10444.830078125,24696.48046875,8292.26953125,4028.36474609375
2026-06-26 11:25:00+00:00,24052.80078125,7357.169921875,69105.796875,22671.859375,10445.1904296875,24692.189453125,8292.26953125,4028.36474609375
2026-06-26 11:26:00+00:00,24052.80078125,7357.169921875,69105.796875,22671.859375,10443.7900390625,24688.16015625,8292.26953125,4028.36474609375
2026-06-26 11:27:00+00:00,24052.80078125,7357.169921875,69105.796875,22671.859375,10442.8095703125,24691.259765625,8292.26953125,4028.36474609375
2026-06-26 11:28:00+00:00,24052.80078125,7357.169921875,69105.796875,22671.859375,10442.51953125,24692.4609375,8292.26953125,4028.36474609375
2026-06-26 11:29:00+00:00,24052.80078125,7357.169921875,69105.796875,22671.859375,10443.5498046875,24690.33984375,8292.26953125,4028.36474609375
2026-06-26 11:30:00+00:00,24052.80078125,7357.169921875,69105.796875,22671.859375,10442.5703125,24688.029296875,8292.26953125,4028.36474609375
2026-06-26 11:31:00+00:00,24052.80078125,7357.169921875,69105.796875,22671.859375,10442.7197265625,24690.400390625,8292.26953125,4028.36474609375
2026-06-26 11:32:00+00:00,24052.80078125,7357.169921875,69105.796875,22671.859375,10441.830078125,24686.630859375,8292.26953125,4028.36474609375
2026-06-26 11:33:00+00:00,24052.80078125,7357.169921875,69105.796875,22671.859375,10442.3701171875,24682.349609375,8292.26953125,4028.36474609375
2026-06-26 11:34:00+00:00,24052.80078125,7357.169921875,69105.796875,22671.859375,10442.5302734375,24686.91015625,8292.26953125,4028.36474609375
2026-06-26 11:35:00+00:00,24052.80078125,7357.169921875,69105.796875,22671.859375,10441.919921875,24690.119140625,8292.26953125,4028.36474609375
2026-06-26 11:36:00+00:00,24052.80078125,7357.169921875,69105.796875,22671.859375,10443.0,24693.560546875,8292.26953125,4028.36474609375
2026-06-26 11:37:00+00:00,24052.80078125,7357.169921875,69105.796875,22671.859375,10441.9501953125,24683.490234375,8292.26953125,4028.36474609375
2026-06-26 11:38:00+00:00,24052.80078125,7357.169921875,69105.796875,22671.859375,10441.580078125,24681.939453125,8292.26953125,4028.36474609375
2026-06-26 11:39:00+00:00,24052.80078125,7357.169921875,69105.796875,22671.859375,10440.16015625,24679.140625,8292.26953125,4028.36474609375
2026-06-26 11:40:00+00:00,24052.80078125,7357.169921875,69105.796875,22671.859375,10440.0595703125,24685.529296875,8292.26953125,4028.36474609375
2026-06-26 11:41:00+00:00,24052.80078125,7357.169921875,69105.796875,22671.859375,10441.4404296875,24687.01953125,8292.26953125,4028.36474609375
2026-06-26 11:42:00+00:00,24052.80078125,7357.169921875,69105.796875,22671.859375,10441.009765625,24687.109375,8292.26953125,4028.36474609375
2026-06-26 11:43:00+00:00,24052.80078125,7357.169921875,69105.796875,22671.859375,10435.919921875,24665.279296875,8292.26953125,4028.36474609375
2026-06-26 11:44:00+00:00,24052.80078125,7357.169921875,69105.796875,22671.859375,10437.2802734375,24669.6796875,8292.26953125,4028.36474609375
2026-06-26 11:45:00+00:00,24052.80078125,7357.169921875,69105.796875,22671.859375,10437.009765625,24676.01953125,8292.26953125,4028.36474609375
2026-06-26 11:46:00+00:00,24052.80078125,7357.169921875,69105.796875,22671.859375,10437.7998046875,24671.55078125,8292.26953125,4028.36474609375
2026-06-26 11:47:00+00:00,24052.80078125,7357.169921875,69105.796875,22671.859375,10439.8701171875,24680.2109375,8292.26953125,4028.36474609375
2026-06-26 11:48:00+00:00,24052.80078125,7357.169921875,69105.796875,22671.859375,10439.1796875,24679.740234375,8292.26953125,4028.36474609375
2026-06-26 11:49:00+00:00,24052.80078125,7357.169921875,69105.796875,22671.859375,10439.0703125,24681.44921875,8292.26953125,4028.36474609375
2026-06-26 11:50:00+00:00,24052.80078125,7357.169921875,69105.796875,22671.859375,10438.1298828125,24682.41015625,8292.26953125,4028.36474609375
2026-06-26 11:51:00+00:00,24052.80078125,7357.169921875,69105.796875,22671.859375,10438.849609375,24689.19921875,8292.26953125,4028.36474609375
2026-06-26 11:52:00+00:00,24052.80078125,7357.169921875,69105.796875,22671.859375,10436.259765625,24678.619140625,8292.26953125,4028.36474609375
2026-06-26 11:53:00+00:00,24052.80078125,7357.169921875,69105.796875,22671.859375,10436.23046875,24679.609375,8292.26953125,4028.36474609375
2026-06-26 11:54:00+00:00,24052.80078125,7357.169921875,69105.796875,22671.859375,10434.009765625,24674.109375,8292.26953125,4028.36474609375
2026-06-26 11:55:00+00:00,24052.80078125,7357.169921875,69105.796875,22671.859375,10432.9697265625,24668.8203125,8292.26953125,4028.36474609375
2026-06-26 11:56:00+00:00,24052.80078125,7357.169921875,69105.796875,22671.859375,10433.0498046875,24668.83984375,8292.26953125,4028.36474609375
2026-06-26 11:57:00+00:00,24052.80078125,7357.169921875,69105.796875,22671.859375,10435.2099609375,24673.580078125,8292.26953125,4028.36474609375
2026-06-26 11:58:00+00:00,24052.80078125,7357.169921875,69105.796875,22671.859375,10433.650390625,24678.5390625,8292.26953125,4028.36474609375
2026-06-26 11:59:00+00:00,24052.80078125,7357.169921875,69105.796875,22671.859375,10432.73046875,24669.509765625,8292.26953125,4028.36474609375
2026-06-26 12:00:00+00:00,24052.80078125,7357.169921875,69105.796875,22671.859375,10432.009765625,24658.060546875,8292.26953125,4028.36474609375
2026-06-26 12:01:00+00:00,24052.80078125,7357.169921875,69105.796875,22671.859375,10433.5595703125,24665.109375,8292.26953125,4028.36474609375
2026-06-26 12:02:00+00:00,24052.80078125,7357.169921875,69105.796875,22671.859375,10434.8798828125,24671.140625,8292.26953125,4028.36474609375
2026-06-26 12:03:00+00:00,24052.80078125,7357.169921875,69105.796875,22671.859375,10434.349609375,24667.529296875,8292.26953125,4028.36474609375
2026-06-26 12:04:00+00:00,24052.80078125,7357.169921875,69105.796875,22671.859375,10431.5302734375,24663.08984375,8292.26953125,4028.36474609375
2026-06-26 12:05:00+00:00,24052.80078125,7357.169921875,69105.796875,22671.859375,10435.7900390625,24678.419921875,8292.26953125,4028.36474609375
2026-06-26 12:06:00+00:00,24052.80078125,7357.169921875,69105.796875,22671.859375,10432.8701171875,24671.640625,8292.26953125,4028.36474609375
2026-06-26 12:07:00+00:00,24052.80078125,7357.169921875,69105.796875,22671.859375,10431.5302734375,24668.83984375,8292.26953125,4028.36474609375
2026-06-26 12:08:00+00:00,24052.80078125,7357.169921875,69105.796875,22671.859375,10432.41015625,24678.5703125,8292.26953125,4028.36474609375
2026-06-26 12:09:00+00:00,24052.80078125,7357.169921875,69105.796875,22671.859375,10434.400390625,24679.310546875,8292.26953125,4028.36474609375
2026-06-26 12:10:00+00:00,24052.80078125,7357.169921875,69105.796875,22671.859375,10430.4501953125,24671.3203125,8292.26953125,4028.36474609375
2026-06-26 12:11:00+00:00,24052.80078125,7357.169921875,69105.796875,22671.859375,10431.1904296875,24673.259765625,8292.26953125,4028.36474609375
2026-06-26 12:12:00+00:00,24052.80078125,7357.169921875,69105.796875,22671.859375,10430.259765625,24670.169921875,8292.26953125,4028.36474609375
2026-06-26 12:13:00+00:00,24052.80078125,7357.169921875,69105.796875,22671.859375,10432.4599609375,24686.189453125,8292.26953125,4028.36474609375
2026-06-26 12:14:00+00:00,24052.80078125,7357.169921875,69105.796875,22671.859375,10433.6396484375,24688.630859375,8292.26953125,4028.36474609375
2026-06-26 12:15:00+00:00,24052.80078125,7357.169921875,69105.796875,22671.859375,10437.1904296875,24703.619140625,8292.26953125,4028.36474609375
2026-06-26 12:16:00+00:00,24052.80078125,7357.169921875,69105.796875,22671.859375,10438.4404296875,24697.580078125,8292.26953125,4028.36474609375
2026-06-26 12:17:00+00:00,24052.80078125,7357.169921875,69105.796875,22671.859375,10438.48046875,24696.2890625,8292.26953125,4028.36474609375
2026-06-26 12:18:00+00:00,24052.80078125,7357.169921875,69105.796875,22671.859375,10434.83984375,24687.669921875,8292.26953125,4028.36474609375
2026-06-26 12:19:00+00:00,24052.80078125,7357.169921875,69105.796875,22671.859375,10428.349609375,24678.9296875,8292.26953125,4028.36474609375
2026-06-26 12:20:00+00:00,24052.80078125,7357.169921875,69105.796875,22671.859375,10427.4296875,24677.98046875,8292.26953125,4028.36474609375
2026-06-26 12:21:00+00:00,24052.80078125,7357.169921875,69105.796875,22671.859375,10424.66015625,24672.58984375,8292.26953125,4028.36474609375
2026-06-26 12:22:00+00:00,24052.80078125,7357.169921875,69105.796875,22671.859375,10424.2802734375,24677.94921875,8292.26953125,4028.36474609375
2026-06-26 12:23:00+00:00,24052.80078125,7357.169921875,69105.796875,22671.859375,10425.9296875,24683.44921875,8292.26953125,4028.36474609375
2026-06-26 12:24:00+00:00,24052.80078125,7357.169921875,69105.796875,22671.859375,10425.669921875,24683.55078125,8292.26953125,4028.36474609375
2026-06-26 12:25:00+00:00,24052.80078125,7357.169921875,69105.796875,22671.859375,10426.1298828125,24685.08984375,8292.26953125,4028.36474609375
2026-06-26 12:26:00+00:00,24052.80078125,7357.169921875,69105.796875,22671.859375,10428.51953125,24692.009765625,8292.26953125,4028.36474609375
2026-06-26 12:27:00+00:00,24052.80078125,7357.169921875,69105.796875,22671.859375,10428.5302734375,24692.390625,8292.26953125,4028.36474609375
2026-06-26 12:28:00+00:00,24052.80078125,7357.169921875,69105.796875,22671.859375,10428.5302734375,24690.240234375,8292.26953125,4028.36474609375
2026-06-26 12:29:00+00:00,24052.80078125,7357.169921875,69105.796875,22671.859375,10426.330078125,24693.689453125,8292.26953125,4028.36474609375
2026-06-26 12:30:00+00:00,24052.80078125,7357.169921875,69105.796875,22671.859375,10427.7802734375,24697.5703125,8292.26953125,4028.36474609375
2026-06-26 12:31:00+00:00,24052.80078125,7357.169921875,69105.796875,22671.859375,10429.2001953125,24700.779296875,8292.26953125,4028.36474609375
2026-06-26 12:32:00+00:00,24052.80078125,7357.169921875,69105.796875,22671.859375,10429.0400390625,24691.669921875,8292.26953125,4028.36474609375
2026-06-26 12:33:00+00:00,24052.80078125,7357.169921875,69105.796875,22671.859375,10428.66015625,24690.720703125,8292.26953125,4028.36474609375
2026-06-26 12:34:00+00:00,24052.80078125,7357.169921875,69105.796875,22671.859375,10426.900390625,24691.470703125,8292.26953125,4028.36474609375
2026-06-26 12:35:00+00:00,24052.80078125,7357.169921875,69105.796875,22671.859375,10425.8203125,24684.099609375,8292.26953125,4028.36474609375
2026-06-26 12:36:00+00:00,24052.80078125,7357.169921875,69105.796875,22671.859375,10425.2802734375,24676.7109375,8292.26953125,4028.36474609375
2026-06-26 12:37:00+00:00,24052.80078125,7357.169921875,69105.796875,22671.859375,10424.5498046875,24663.900390625,8292.26953125,4028.36474609375
2026-06-26 12:38:00+00:00,24052.80078125,7357.169921875,69105.796875,22671.859375,10421.7900390625,24668.640625,8292.26953125,4028.36474609375
2026-06-26 12:39:00+00:00,24052.80078125,7357.169921875,69105.796875,22671.859375,10419.6298828125,24664.099609375,8292.26953125,4028.36474609375
2026-06-26 12:40:00+00:00,24052.80078125,7357.169921875,69105.796875,22671.859375,10421.1796875,24663.419921875,8292.26953125,4028.36474609375
2026-06-26 12:41:00+00:00,24052.80078125,7357.169921875,69105.796875,22671.859375,10420.580078125,24660.470703125,8292.26953125,4028.36474609375
2026-06-26 12:42:00+00:00,24052.80078125,7357.169921875,69105.796875,22671.859375,10418.759765625,24650.98046875,8292.26953125,4028.36474609375
2026-06-26 12:43:00+00:00,24052.80078125,7357.169921875,69105.796875,22671.859375,10417.7099609375,24648.26953125,8292.26953125,4028.36474609375
2026-06-26 12:44:00+00:00,24052.80078125,7357.169921875,69105.796875,22671.859375,10416.91015625,24652.94921875,8292.26953125,4028.36474609375
2026-06-26 12:45:00+00:00,24052.80078125,7357.169921875,69105.796875,22671.859375,10414.3603515625,24640.9296875,8292.26953125,4028.36474609375
2026-06-26 12:46:00+00:00,24052.80078125,7357.169921875,69105.796875,22671.859375,10414.0703125,24642.609375,8292.26953125,4028.36474609375
2026-06-26 12:47:00+00:00,24052.80078125,7357.169921875,69105.796875,22671.859375,10416.3701171875,24645.490234375,8292.26953125,4028.36474609375
2026-06-26 12:48:00+00:00,24052.80078125,7357.169921875,69105.796875,22671.859375,10410.650390625,24626.880859375,8292.26953125,4028.36474609375
2026-06-26 12:49:00+00:00,24052.80078125,7357.169921875,69105.796875,22671.859375,10409.759765625,24626.130859375,8292.26953125,4028.36474609375
2026-06-26 12:50:00+00:00,24052.80078125,7357.169921875,69105.796875,22671.859375,10411.5302734375,24629.890625,8292.26953125,4028.36474609375
2026-06-26 12:51:00+00:00,24052.80078125,7357.169921875,69105.796875,22671.859375,10413.8896484375,24633.2109375,8292.26953125,4028.36474609375
2026-06-26 12:52:00+00:00,24052.80078125,7357.169921875,69105.796875,22671.859375,10414.349609375,24635.779296875,8292.26953125,4028.36474609375
2026-06-26 12:53:00+00:00,24052.80078125,7357.169921875,69105.796875,22671.859375,10415.8095703125,24637.189453125,8292.26953125,4028.36474609375
2026-06-26 12:54:00+00:00,24052.80078125,7357.169921875,69105.796875,22671.859375,10417.3095703125,24639.359375,8292.26953125,4028.36474609375
2026-06-26 12:55:00+00:00,24052.80078125,7357.169921875,69105.796875,22671.859375,10418.349609375,24635.650390625,8292.26953125,4028.36474609375
2026-06-26 12:56:00+00:00,24052.80078125,7357.169921875,69105.796875,22671.859375,10419.6201171875,24643.08984375,8292.26953125,4028.36474609375
2026-06-26 12:57:00+00:00,24052.80078125,7357.169921875,69105.796875,22671.859375,10417.1103515625,24641.240234375,8292.26953125,4028.36474609375
2026-06-26 12:58:00+00:00,24052.80078125,7357.169921875,69105.796875,22671.859375,10416.08984375,24636.859375,8292.26953125,4028.36474609375
2026-06-26 12:59:00+00:00,24052.80078125,7357.169921875,69105.796875,22671.859375,10413.9501953125,24635.060546875,8292.26953125,4028.36474609375
2026-06-26 13:00:00+00:00,24052.80078125,7357.169921875,69105.796875,22671.859375,10412.0498046875,24620.23046875,8292.26953125,4028.36474609375
2026-06-26 13:01:00+00:00,24052.80078125,7357.169921875,69105.796875,22671.859375,10412.16015625,24612.55078125,8292.26953125,4028.36474609375
2026-06-26 13:02:00+00:00,24052.80078125,7357.169921875,69105.796875,22671.859375,10414.5,24621.80078125,8292.26953125,4028.36474609375
2026-06-26 13:03:00+00:00,24052.80078125,7357.169921875,69105.796875,22671.859375,10413.0302734375,24620.91015625,8292.26953125,4028.36474609375
2026-06-26 13:04:00+00:00,24052.80078125,7357.169921875,69105.796875,22671.859375,10414.740234375,24623.419921875,8292.26953125,4028.36474609375
2026-06-26 13:05:00+00:00,24052.80078125,7357.169921875,69105.796875,22671.859375,10417.66015625,24629.33984375,8292.26953125,4028.36474609375
2026-06-26 13:06:00+00:00,24052.80078125,7357.169921875,69105.796875,22671.859375,10419.509765625,24640.349609375,8292.26953125,4028.36474609375
2026-06-26 13:07:00+00:00,24052.80078125,7357.169921875,69105.796875,22671.859375,10418.2998046875,24627.16015625,8292.26953125,4028.36474609375
2026-06-26 13:08:00+00:00,24052.80078125,7357.169921875,69105.796875,22671.859375,10417.58984375,24625.509765625,8292.26953125,4028.36474609375
2026-06-26 13:09:00+00:00,24052.80078125,7357.169921875,69105.796875,22671.859375,10418.3701171875,24627.16015625,8292.26953125,4028.36474609375
2026-06-26 13:10:00+00:00,24052.80078125,7357.169921875,69105.796875,22671.859375,10415.2197265625,24619.5390625,8292.26953125,4028.36474609375
2026-06-26 13:11:00+00:00,24052.80078125,7357.169921875,69105.796875,22671.859375,10413.900390625,24619.689453125,8292.26953125,4028.36474609375
2026-06-26 13:12:00+00:00,24052.80078125,7357.169921875,69105.796875,22671.859375,10413.1396484375,24620.509765625,8292.26953125,4028.36474609375
2026-06-26 13:13:00+00:00,24052.80078125,7357.169921875,69105.796875,22671.859375,10413.240234375,24622.66015625,8292.26953125,4028.36474609375
2026-06-26 13:14:00+00:00,24052.80078125,7357.169921875,69105.796875,22671.859375,10415.7099609375,24624.80078125,8292.26953125,4028.36474609375
2026-06-26 13:15:00+00:00,24052.80078125,7357.169921875,69105.796875,22671.859375,10416.2900390625,24616.939453125,8292.26953125,4028.36474609375
2026-06-26 13:16:00+00:00,24052.80078125,7357.169921875,69105.796875,22671.859375,10419.0703125,24617.330078125,8292.26953125,4028.36474609375
2026-06-26 13:17:00+00:00,24052.80078125,7357.169921875,69105.796875,22671.859375,10417.6796875,24615.26953125,8292.26953125,4028.36474609375
2026-06-26 13:18:00+00:00,24052.80078125,7357.169921875,69105.796875,22671.859375,10406.83984375,24561.73046875,8292.26953125,4028.36474609375
2026-06-26 13:19:00+00:00,24052.80078125,7357.169921875,69105.796875,22671.859375,10410.51953125,24568.439453125,8292.26953125,4028.36474609375
2026-06-26 13:20:00+00:00,24052.80078125,7357.169921875,69105.796875,22671.859375,10421.0,24607.3203125,8292.26953125,4028.36474609375
2026-06-26 13:21:00+00:00,24052.80078125,7357.169921875,69105.796875,22671.859375,10422.830078125,24603.44921875,8292.26953125,4028.36474609375
2026-06-26 13:22:00+00:00,24052.80078125,7357.169921875,69105.796875,22671.859375,10419.2998046875,24591.5,8292.26953125,4028.36474609375
2026-06-26 13:23:00+00:00,24052.80078125,7357.169921875,69105.796875,22671.859375,10419.2001953125,24592.890625,8292.26953125,4028.36474609375
2026-06-26 13:24:00+00:00,24052.80078125,7357.169921875,69105.796875,22671.859375,10420.01953125,24596.439453125,8292.26953125,4028.36474609375
2026-06-26 13:25:00+00:00,24052.80078125,7357.169921875,69105.796875,22671.859375,10421.009765625,24594.05078125,8292.26953125,4028.36474609375
2026-06-26 13:26:00+00:00,24052.80078125,7357.169921875,69105.796875,22671.859375,10418.98046875,24588.509765625,8292.26953125,4028.36474609375
2026-06-26 13:27:00+00:00,24052.80078125,7357.169921875,69105.796875,22671.859375,10423.08984375,24594.880859375,8292.26953125,4028.36474609375
2026-06-26 13:28:00+00:00,24052.80078125,7357.169921875,69105.796875,22671.859375,10425.4697265625,24602.23046875,8292.26953125,4028.36474609375
2026-06-26 13:29:00+00:00,24052.80078125,7357.169921875,69105.796875,22671.859375,10428.599609375,24604.970703125,8292.26953125,4028.36474609375
2026-06-26 13:30:00+00:00,24052.80078125,7307.68017578125,69105.796875,22671.859375,10432.0400390625,24618.509765625,8292.26953125,4028.36474609375
2026-06-26 13:31:00+00:00,24052.80078125,7318.85009765625,69105.796875,22671.859375,10436.150390625,24641.890625,8292.26953125,4028.36474609375
2026-06-26 13:32:00+00:00,24052.80078125,7308.85009765625,69105.796875,22671.859375,10438.0,24638.279296875,8292.26953125,4028.36474609375
2026-06-26 13:33:00+00:00,24052.80078125,7298.4501953125,69105.796875,22671.859375,10428.6103515625,24605.470703125,8292.26953125,4028.36474609375
2026-06-26 13:34:00+00:00,24052.80078125,7303.89013671875,69105.796875,22671.859375,10435.3896484375,24614.919921875,8292.26953125,4028.36474609375
2026-06-26 13:35:00+00:00,24052.80078125,7313.25,69105.796875,22671.859375,10436.419921875,24619.509765625,8292.26953125,4028.36474609375
2026-06-26 13:36:00+00:00,24052.80078125,7313.68017578125,69105.796875,22671.859375,10436.08984375,24621.140625,8292.26953125,4028.36474609375
2026-06-26 13:37:00+00:00,24052.80078125,7310.259765625,69105.796875,22671.859375,10434.349609375,24610.55078125,8292.26953125,4028.36474609375
2026-06-26 13:38:00+00:00,24052.80078125,7310.2099609375,69105.796875,22671.859375,10428.2802734375,24615.470703125,8292.26953125,4028.36474609375
2026-06-26 13:39:00+00:00,24052.80078125,7308.6298828125,69105.796875,22671.859375,10429.08984375,24618.779296875,8292.26953125,4028.36474609375
2026-06-26 13:40:00+00:00,24052.80078125,7307.080078125,69105.796875,22671.859375,10428.91015625,24614.119140625,8292.26953125,4028.36474609375
2026-06-26 13:41:00+00:00,24052.80078125,7308.6201171875,69105.796875,22671.859375,10431.650390625,24616.900390625,8292.26953125,4028.36474609375
2026-06-26 13:42:00+00:00,24052.80078125,7308.740234375,69105.796875,22671.859375,10429.6298828125,24619.69921875,8292.26953125,4028.36474609375
2026-06-26 13:43:00+00:00,24052.80078125,7316.72021484375,69105.796875,22671.859375,10433.080078125,24625.73046875,8292.26953125,4028.36474609375
2026-06-26 13:44:00+00:00,24052.80078125,7318.60986328125,69105.796875,22671.859375,10435.41015625,24631.419921875,8292.26953125,4028.36474609375
2026-06-26 13:45:00+00:00,24052.80078125,7307.93017578125,69105.796875,22671.859375,10433.330078125,24622.5390625,8292.26953125,4028.36474609375
2026-06-26 13:46:00+00:00,24052.80078125,7316.39990234375,69105.796875,22671.859375,10438.73046875,24642.890625,8292.26953125,4028.36474609375
2026-06-26 13:47:00+00:00,24052.80078125,7321.02978515625,69105.796875,22671.859375,10443.83984375,24649.560546875,8292.26953125,4028.36474609375
2026-06-26 13:48:00+00:00,24052.80078125,7315.33984375,69105.796875,22671.859375,10444.150390625,24642.580078125,8292.26953125,4028.36474609375
2026-06-26 13:49:00+00:00,24052.80078125,7314.7998046875,69105.796875,22671.859375,10444.7197265625,24636.91015625,8292.26953125,4028.36474609375
2026-06-26 13:50:00+00:00,24052.80078125,7317.7001953125,69105.796875,22671.859375,10451.5595703125,24650.919921875,8292.26953125,4028.36474609375
2026-06-26 13:51:00+00:00,24052.80078125,7322.0498046875,69105.796875,22671.859375,10449.33984375,24655.900390625,8292.26953125,4028.36474609375
2026-06-26 13:52:00+00:00,24052.80078125,7314.43994140625,69105.796875,22671.859375,10447.9501953125,24641.23046875,8292.26953125,4028.36474609375
2026-06-26 13:53:00+00:00,24052.80078125,7314.7998046875,69105.796875,22671.859375,10449.3603515625,24632.349609375,8292.26953125,4028.36474609375
2026-06-26 13:54:00+00:00,24052.80078125,7319.72998046875,69105.796875,22671.859375,10452.650390625,24638.5,8292.26953125,4028.36474609375
2026-06-26 13:55:00+00:00,24052.80078125,7321.56005859375,69105.796875,22671.859375,10451.4501953125,24641.439453125,8292.26953125,4028.36474609375
2026-06-26 13:56:00+00:00,24052.80078125,7334.490234375,69105.796875,22671.859375,10459.41015625,24658.16015625,8292.26953125,4028.36474609375
2026-06-26 13:57:00+00:00,24052.80078125,7338.8798828125,69105.796875,22671.859375,10459.8095703125,24653.630859375,8292.26953125,4028.36474609375
2026-06-26 13:58:00+00:00,24052.80078125,7337.5,69105.796875,22671.859375,10456.33984375,24654.619140625,8292.26953125,4028.36474609375
2026-06-26 13:59:00+00:00,24052.80078125,7335.27001953125,69105.796875,22671.859375,10459.330078125,24655.939453125,8292.26953125,4028.36474609375
2026-06-26 14:00:00+00:00,24052.80078125,7343.02978515625,69105.796875,22671.859375,10459.7900390625,24669.8203125,8292.26953125,4028.36474609375
2026-06-26 14:01:00+00:00,24052.80078125,7343.89013671875,69105.796875,22671.859375,10463.7802734375,24669.73046875,8292.26953125,4028.36474609375
2026-06-26 14:02:00+00:00,24052.80078125,7343.81982421875,69105.796875,22671.859375,10466.2802734375,24666.830078125,8292.26953125,4028.36474609375
2026-06-26 14:03:00+00:00,24052.80078125,7344.18994140625,69105.796875,22671.859375,10463.080078125,24659.359375,8292.26953125,4028.36474609375
2026-06-26 14:04:00+00:00,24052.80078125,7348.9501953125,69105.796875,22671.859375,10464.9296875,24673.30078125,8292.26953125,4028.36474609375
2026-06-26 14:05:00+00:00,24052.80078125,7350.77001953125,69105.796875,22671.859375,10466.509765625,24681.380859375,8292.26953125,4028.36474609375
2026-06-26 14:06:00+00:00,24052.80078125,7353.41015625,69105.796875,22671.859375,10468.3896484375,24681.279296875,8292.26953125,4028.36474609375
2026-06-26 14:07:00+00:00,24052.80078125,7353.97998046875,69105.796875,22671.859375,10471.23046875,24678.560546875,8292.26953125,4028.36474609375
2026-06-26 14:08:00+00:00,24052.80078125,7355.81005859375,69105.796875,22671.859375,10475.1396484375,24690.630859375,8292.26953125,4028.36474609375
2026-06-26 14:09:00+00:00,24052.80078125,7357.740234375,69105.796875,22671.859375,10477.7099609375,24693.5,8292.26953125,4028.36474609375
2026-06-26 14:10:00+00:00,24052.80078125,7354.56005859375,69105.796875,22671.859375,10482.25,24690.19921875,8292.26953125,4028.36474609375
2026-06-26 14:11:00+00:00,24052.80078125,7354.08984375,69105.796875,22671.859375,10483.6201171875,24686.1796875,8292.26953125,4028.36474609375
2026-06-26 14:12:00+00:00,24052.80078125,7358.10009765625,69105.796875,22671.859375,10481.98046875,24685.3203125,8292.26953125,4028.36474609375
2026-06-26 14:13:00+00:00,24052.80078125,7360.43017578125,69105.796875,22671.859375,10482.0400390625,24683.630859375,8292.26953125,4028.36474609375
2026-06-26 14:14:00+00:00,24052.80078125,7359.93017578125,69105.796875,22671.859375,10479.0302734375,24679.0,8292.26953125,4028.36474609375
2026-06-26 14:15:00+00:00,24052.80078125,7358.1201171875,69105.796875,22671.859375,10479.740234375,24676.830078125,8292.26953125,4028.36474609375
2026-06-26 14:16:00+00:00,24052.80078125,7360.41015625,69105.796875,22671.859375,10485.6201171875,24683.869140625,8292.26953125,4028.36474609375
2026-06-26 14:17:00+00:00,24052.80078125,7352.3798828125,69105.796875,22671.859375,10485.1396484375,24669.4609375,8292.26953125,4028.36474609375
2026-06-26 14:18:00+00:00,24052.80078125,7354.81982421875,69105.796875,22671.859375,10486.5595703125,24669.189453125,8292.26953125,4028.36474609375
2026-06-26 14:19:00+00:00,24052.80078125,7353.58984375,69105.796875,22671.859375,10484.3701171875,24663.48046875,8292.26953125,4028.36474609375
2026-06-26 14:20:00+00:00,24052.80078125,7366.7900390625,69105.796875,22671.859375,10489.919921875,24676.279296875,8292.26953125,4028.36474609375
2026-06-26 14:21:00+00:00,24052.80078125,7366.0400390625,69105.796875,22671.859375,10491.6201171875,24682.890625,8292.26953125,4028.36474609375
2026-06-26 14:22:00+00:00,24052.80078125,7364.56005859375,69105.796875,22671.859375,10491.08984375,24683.30078125,8292.26953125,4028.36474609375
2026-06-26 14:23:00+00:00,24052.80078125,7362.919921875,69105.796875,22671.859375,10491.740234375,24683.779296875,8292.26953125,4028.36474609375
2026-06-26 14:24:00+00:00,24052.80078125,7362.919921875,69105.796875,22671.859375,10491.2197265625,24681.9296875,8292.26953125,4028.36474609375
2026-06-26 14:25:00+00:00,24052.80078125,7365.18017578125,69105.796875,22671.859375,10486.7099609375,24687.009765625,8292.26953125,4028.36474609375
2026-06-26 14:26:00+00:00,24052.80078125,7361.58984375,69105.796875,22671.859375,10489.0400390625,24677.5703125,8292.26953125,4028.36474609375
2026-06-26 14:27:00+00:00,24052.80078125,7365.72998046875,69105.796875,22671.859375,10489.919921875,24685.859375,8292.26953125,4028.36474609375
2026-06-26 14:28:00+00:00,24052.80078125,7364.64013671875,69105.796875,22671.859375,10489.990234375,24684.58984375,8292.26953125,4028.36474609375
2026-06-26 14:29:00+00:00,24052.80078125,7361.97998046875,69105.796875,22671.859375,10490.349609375,24675.0,8292.26953125,4028.36474609375
2026-06-26 14:30:00+00:00,24052.80078125,7362.27001953125,69105.796875,22671.859375,10489.4697265625,24675.189453125,8292.26953125,4028.36474609375
2026-06-26 14:31:00+00:00,24052.80078125,7362.759765625,69105.796875,22671.859375,10489.7900390625,24672.310546875,8292.26953125,4028.36474609375
2026-06-26 14:32:00+00:00,24052.80078125,7358.77001953125,69105.796875,22671.859375,10486.2802734375,24663.580078125,8292.26953125,4028.36474609375
2026-06-26 14:33:00+00:00,24052.80078125,7360.490234375,69105.796875,22671.859375,10480.259765625,24658.5703125,8292.26953125,4028.36474609375
2026-06-26 14:34:00+00:00,24052.80078125,7361.10009765625,69105.796875,22671.859375,10481.98046875,24660.419921875,8292.26953125,4028.36474609375
2026-06-26 14:35:00+00:00,24052.80078125,7356.75,69105.796875,22671.859375,10481.419921875,24648.8203125,8292.26953125,4028.36474609375
2026-06-26 14:36:00+00:00,24052.80078125,7351.759765625,69105.796875,22671.859375,10483.3603515625,24652.349609375,8292.26953125,4028.36474609375
2026-06-26 14:37:00+00:00,24052.80078125,7350.919921875,69105.796875,22671.859375,10483.849609375,24645.240234375,8292.26953125,4028.36474609375
2026-06-26 14:38:00+00:00,24052.80078125,7350.85009765625,69105.796875,22671.859375,10483.33984375,24640.060546875,8292.26953125,4028.36474609375
2026-06-26 14:39:00+00:00,24052.80078125,7349.06982421875,69105.796875,22671.859375,10483.6904296875,24645.060546875,8292.26953125,4028.36474609375
2026-06-26 14:40:00+00:00,24052.80078125,7344.490234375,69105.796875,22671.859375,10484.6298828125,24639.400390625,8292.26953125,4028.36474609375
2026-06-26 14:41:00+00:00,24052.80078125,7351.47998046875,69105.796875,22671.859375,10488.41015625,24645.33984375,8292.26953125,4028.36474609375
2026-06-26 14:42:00+00:00,24052.80078125,7355.81005859375,69105.796875,22671.859375,10489.0400390625,24648.509765625,8292.26953125,4028.36474609375
2026-06-26 14:43:00+00:00,24052.80078125,7351.25,69105.796875,22671.859375,10486.099609375,24642.4296875,8292.26953125,4028.36474609375
2026-06-26 14:44:00+00:00,24052.80078125,7348.68017578125,69105.796875,22671.859375,10486.23046875,24632.869140625,8292.26953125,4028.36474609375
2026-06-26 14:45:00+00:00,24052.80078125,7351.31982421875,69105.796875,22671.859375,10489.259765625,24627.26953125,8292.26953125,4028.36474609375
2026-06-26 14:46:00+00:00,24052.80078125,7356.2998046875,69105.796875,22671.859375,10495.2197265625,24637.029296875,8292.26953125,4028.36474609375
2026-06-26 14:47:00+00:00,24052.80078125,7355.64990234375,69105.796875,22671.859375,10493.6201171875,24637.939453125,8292.26953125,4028.36474609375
2026-06-26 14:48:00+00:00,24052.80078125,7359.7900390625,69105.796875,22671.859375,10493.3095703125,24639.390625,8292.26953125,4028.36474609375
2026-06-26 14:49:00+00:00,24052.80078125,7357.3701171875,69105.796875,22671.859375,10493.2998046875,24631.009765625,8292.26953125,4028.36474609375
2026-06-26 14:50:00+00:00,24052.80078125,7357.990234375,69105.796875,22671.859375,10492.759765625,24634.310546875,8292.26953125,4028.36474609375
2026-06-26 14:51:00+00:00,24052.80078125,7356.4599609375,69105.796875,22671.859375,10491.4296875,24632.560546875,8292.26953125,4028.36474609375
2026-06-26 14:52:00+00:00,24052.80078125,7353.1201171875,69105.796875,22671.859375,10494.990234375,24625.890625,8292.26953125,4028.36474609375
2026-06-26 14:53:00+00:00,24052.80078125,7350.89990234375,69105.796875,22671.859375,10492.8701171875,24620.08984375,8292.26953125,4028.36474609375
2026-06-26 14:54:00+00:00,24052.80078125,7352.06005859375,69105.796875,22671.859375,10489.8095703125,24616.060546875,8292.26953125,4028.36474609375
2026-06-26 14:55:00+00:00,24052.80078125,7349.10986328125,69105.796875,22671.859375,10489.0,24606.400390625,8292.26953125,4028.36474609375
2026-06-26 14:56:00+00:00,24052.80078125,7353.0,69105.796875,22671.859375,10488.73046875,24610.05078125,8292.26953125,4028.36474609375
2026-06-26 14:57:00+00:00,24052.80078125,7353.56005859375,69105.796875,22671.859375,10489.3095703125,24612.66015625,8292.26953125,4028.36474609375
2026-06-26 14:58:00+00:00,24052.80078125,7351.72021484375,69105.796875,22671.859375,10490.3095703125,24608.66015625,8292.26953125,4028.36474609375
2026-06-26 14:59:00+00:00,24052.80078125,7352.1298828125,69105.796875,22671.859375,10492.6298828125,24611.05078125,8292.26953125,4028.36474609375
2026-06-26 15:00:00+00:00,24052.80078125,7356.5,69105.796875,22671.859375,10493.759765625,24627.830078125,8292.26953125,4028.36474609375
2026-06-26 15:01:00+00:00,24052.80078125,7358.47021484375,69105.796875,22671.859375,10498.849609375,24634.029296875,8292.26953125,4028.36474609375
2026-06-26 15:02:00+00:00,24052.80078125,7357.10009765625,69105.796875,22671.859375,10495.419921875,24624.810546875,8292.26953125,4028.36474609375
2026-06-26 15:03:00+00:00,24052.80078125,7360.169921875,69105.796875,22671.859375,10494.8203125,24625.259765625,8292.26953125,4028.36474609375
2026-06-26 15:04:00+00:00,24052.80078125,7354.77001953125,69105.796875,22671.859375,10493.16015625,24608.640625,8292.26953125,4028.36474609375
2026-06-26 15:05:00+00:00,24052.80078125,7352.1201171875,69105.796875,22671.859375,10489.7802734375,24604.759765625,8292.26953125,4028.36474609375
2026-06-26 15:06:00+00:00,24052.80078125,7351.64990234375,69105.796875,22671.859375,10490.740234375,24602.7890625,8292.26953125,4028.36474609375
2026-06-26 15:07:00+00:00,24052.80078125,7354.77001953125,69105.796875,22671.859375,10495.3203125,24622.689453125,8292.26953125,4028.36474609375
2026-06-26 15:08:00+00:00,24052.80078125,7351.27001953125,69105.796875,22671.859375,10494.919921875,24618.7109375,8292.26953125,4028.36474609375
2026-06-26 15:09:00+00:00,24052.80078125,7357.97998046875,69105.796875,22671.859375,10495.099609375,24626.970703125,8292.26953125,4028.36474609375
2026-06-26 15:10:00+00:00,24052.80078125,7354.68994140625,69105.796875,22671.859375,10494.66015625,24618.98046875,8292.26953125,4028.36474609375
2026-06-26 15:11:00+00:00,24052.80078125,7352.1298828125,69105.796875,22671.859375,10494.83984375,24612.359375,8292.26953125,4028.36474609375
2026-06-26 15:12:00+00:00,24052.80078125,7349.10986328125,69105.796875,22671.859375,10492.6904296875,24613.91015625,8292.26953125,4028.36474609375
2026-06-26 15:13:00+00:00,24052.80078125,7349.41015625,69105.796875,22671.859375,10489.3798828125,24605.240234375,8292.26953125,4028.36474609375
2026-06-26 15:14:00+00:00,24052.80078125,7348.2001953125,69105.796875,22671.859375,10486.5,24595.240234375,8292.26953125,4028.36474609375
2026-06-26 15:15:00+00:00,24052.80078125,7345.64990234375,69105.796875,22671.859375,10485.4501953125,24600.830078125,8292.26953125,4028.36474609375
2026-06-26 15:16:00+00:00,24052.80078125,7349.22021484375,69105.796875,22671.859375,10491.0400390625,24607.310546875,8292.26953125,4028.36474609375
2026-06-26 15:17:00+00:00,24052.80078125,7355.8701171875,69105.796875,22671.859375,10493.3095703125,24605.4609375,8292.26953125,4028.36474609375
2026-06-26 15:18:00+00:00,24052.80078125,7353.85986328125,69105.796875,22671.859375,10490.759765625,24598.9296875,8292.26953125,4028.36474609375
2026-06-26 15:19:00+00:00,24052.80078125,7357.8798828125,69105.796875,22671.859375,10492.7802734375,24607.759765625,8292.26953125,4028.36474609375
2026-06-26 15:20:00+00:00,24052.80078125,7355.990234375,69105.796875,22671.859375,10496.669921875,24611.80078125,8292.26953125,4028.36474609375
2026-06-26 15:21:00+00:00,24052.80078125,7357.4599609375,69105.796875,22671.859375,10497.8701171875,24622.73046875,8292.26953125,4028.36474609375
2026-06-26 15:22:00+00:00,24052.80078125,7360.0498046875,69105.796875,22671.859375,10496.6103515625,24626.119140625,8292.26953125,4028.36474609375
2026-06-26 15:23:00+00:00,24052.80078125,7364.52978515625,69105.796875,22671.859375,10498.9404296875,24630.560546875,8292.26953125,4028.36474609375
2026-06-26 15:24:00+00:00,24052.80078125,7365.3798828125,69105.796875,22671.859375,10500.3896484375,24636.4609375,8292.26953125,4028.36474609375
2026-06-26 15:25:00+00:00,24052.80078125,7369.27978515625,69105.796875,22671.859375,10503.83984375,24644.83984375,8292.26953125,4028.36474609375
2026-06-26 15:26:00+00:00,24052.80078125,7369.5,69105.796875,22671.859375,10504.2197265625,24646.01953125,8292.26953125,4028.36474609375
2026-06-26 15:27:00+00:00,24052.80078125,7367.7998046875,69105.796875,22671.859375,10504.4501953125,24641.890625,8292.26953125,4028.36474609375
2026-06-26 15:28:00+00:00,24052.80078125,7368.10009765625,69105.796875,22671.859375,10507.3203125,24651.08984375,8292.26953125,4028.36474609375
2026-06-26 15:29:00+00:00,24052.80078125,7374.0400390625,69105.796875,22671.859375,10515.2001953125,24681.509765625,8292.26953125,4028.36474609375
2026-06-26 15:30:00+00:00,24052.80078125,7382.0400390625,69105.796875,22671.859375,10515.2001953125,24681.509765625,8292.26953125,4028.36474609375
2026-06-26 15:31:00+00:00,24052.80078125,7379.4501953125,69105.796875,22671.859375,10515.2001953125,24681.509765625,8292.26953125,4028.36474609375
2026-06-26 15:32:00+00:00,24052.80078125,7377.8798828125,69105.796875,22671.859375,10515.2001953125,24681.509765625,8292.26953125,4028.36474609375
2026-06-26 15:33:00+00:00,24052.80078125,7372.89990234375,69105.796875,22671.859375,10515.2001953125,24681.509765625,8292.26953125,4028.36474609375
2026-06-26 15:34:00+00:00,24052.80078125,7372.830078125,69105.796875,22671.859375,10515.2001953125,24681.509765625,8292.26953125,4028.36474609375
2026-06-26 15:35:00+00:00,24052.80078125,7375.81005859375,69105.796875,22671.859375,10515.2001953125,24681.509765625,8292.26953125,4028.36474609375
2026-06-26 15:36:00+00:00,24052.80078125,7380.5498046875,69105.796875,22671.859375,10515.2001953125,24681.509765625,8292.26953125,4028.36474609375
2026-06-26 15:37:00+00:00,24052.80078125,7384.3798828125,69105.796875,22671.859375,10515.2001953125,24681.509765625,8292.26953125,4028.36474609375
2026-06-26 15:38:00+00:00,24052.80078125,7385.77001953125,69105.796875,22671.859375,10515.2001953125,24681.509765625,8292.26953125,4028.36474609375
2026-06-26 15:39:00+00:00,24052.80078125,7385.56005859375,69105.796875,22671.859375,10515.2001953125,24681.509765625,8292.26953125,4028.36474609375
2026-06-26 15:40:00+00:00,24052.80078125,7385.1298828125,69105.796875,22671.859375,10515.2001953125,24681.509765625,8292.26953125,4028.36474609375
2026-06-26 15:41:00+00:00,24052.80078125,7383.33984375,69105.796875,22671.859375,10515.2001953125,24681.509765625,8292.26953125,4028.36474609375
2026-06-26 15:42:00+00:00,24052.80078125,7389.18994140625,69105.796875,22671.859375,10515.2001953125,24681.509765625,8292.26953125,4028.36474609375
2026-06-26 15:43:00+00:00,24052.80078125,7391.22998046875,69105.796875,22671.859375,10515.2001953125,24681.509765625,8292.26953125,4028.36474609375
2026-06-26 15:44:00+00:00,24052.80078125,7390.10986328125,69105.796875,22671.859375,10515.2001953125,24681.509765625,8292.26953125,4028.36474609375
2026-06-26 15:45:00+00:00,24052.80078125,7389.4599609375,69105.796875,22671.859375,10515.2001953125,24681.509765625,8292.26953125,4028.36474609375
2026-06-26 15:46:00+00:00,24052.80078125,7386.06005859375,69105.796875,22671.859375,10515.2001953125,24681.509765625,8292.26953125,4028.36474609375
2026-06-26 15:47:00+00:00,24052.80078125,7384.83984375,69105.796875,22671.859375,10515.2001953125,24681.509765625,8292.26953125,4028.36474609375
2026-06-26 15:48:00+00:00,24052.80078125,7384.490234375,69105.796875,22671.859375,10515.2001953125,24681.509765625,8292.26953125,4028.36474609375
2026-06-26 15:49:00+00:00,24052.80078125,7383.47021484375,69105.796875,22671.859375,10515.2001953125,24681.509765625,8292.26953125,4028.36474609375
2026-06-26 15:50:00+00:00,24052.80078125,7387.02978515625,69105.796875,22671.859375,10515.2001953125,24681.509765625,8292.26953125,4028.36474609375
2026-06-26 15:51:00+00:00,24052.80078125,7373.81982421875,69105.796875,22671.859375,10515.2001953125,24681.509765625,8292.26953125,4028.36474609375
2026-06-26 15:52:00+00:00,24052.80078125,7376.02978515625,69105.796875,22671.859375,10515.2001953125,24681.509765625,8292.26953125,4028.36474609375
2026-06-26 15:53:00+00:00,24052.80078125,7375.759765625,69105.796875,22671.859375,10515.2001953125,24681.509765625,8292.26953125,4028.36474609375
2026-06-26 15:54:00+00:00,24052.80078125,7373.509765625,69105.796875,22671.859375,10515.2001953125,24681.509765625,8292.26953125,4028.36474609375
2026-06-26 15:55:00+00:00,24052.80078125,7377.97998046875,69105.796875,22671.859375,10515.2001953125,24681.509765625,8292.26953125,4028.36474609375
2026-06-26 15:56:00+00:00,24052.80078125,7381.9501953125,69105.796875,22671.859375,10515.2001953125,24681.509765625,8292.26953125,4028.36474609375
2026-06-26 15:57:00+00:00,24052.80078125,7384.10986328125,69105.796875,22671.859375,10515.2001953125,24681.509765625,8292.26953125,4028.36474609375
2026-06-26 15:58:00+00:00,24052.80078125,7380.39990234375,69105.796875,22671.859375,10515.2001953125,24681.509765625,8292.26953125,4028.36474609375
2026-06-26 15:59:00+00:00,24052.80078125,7381.6298828125,69105.796875,22671.859375,10515.2001953125,24681.509765625,8292.26953125,4028.36474609375
2026-06-26 16:00:00+00:00,24052.80078125,7381.85986328125,69105.796875,22671.859375,10515.2001953125,24681.509765625,8292.26953125,4028.36474609375
2026-06-26 16:01:00+00:00,24052.80078125,7381.02978515625,69105.796875,22671.859375,10515.2001953125,24681.509765625,8292.26953125,4028.36474609375
2026-06-26 16:02:00+00:00,24052.80078125,7378.81005859375,69105.796875,22671.859375,10515.2001953125,24681.509765625,8292.26953125,4028.36474609375
2026-06-26 16:03:00+00:00,24052.80078125,7379.56982421875,69105.796875,22671.859375,10515.2001953125,24681.509765625,8292.26953125,4028.36474609375
2026-06-26 16:04:00+00:00,24052.80078125,7381.31005859375,69105.796875,22671.859375,10515.2001953125,24681.509765625,8292.26953125,4028.36474609375
2026-06-26 16:05:00+00:00,24052.80078125,7378.830078125,69105.796875,22671.859375,10515.2001953125,24681.509765625,8292.26953125,4028.36474609375
2026-06-26 16:06:00+00:00,24052.80078125,7378.97021484375,69105.796875,22671.859375,10515.2001953125,24681.509765625,8292.26953125,4028.36474609375
2026-06-26 16:07:00+00:00,24052.80078125,7376.14013671875,69105.796875,22671.859375,10515.2001953125,24681.509765625,8292.26953125,4028.36474609375
2026-06-26 16:08:00+00:00,24052.80078125,7373.10986328125,69105.796875,22671.859375,10515.2001953125,24681.509765625,8292.26953125,4028.36474609375
2026-06-26 16:09:00+00:00,24052.80078125,7370.18017578125,69105.796875,22671.859375,10515.2001953125,24681.509765625,8292.26953125,4028.36474609375
2026-06-26 16:10:00+00:00,24052.80078125,7370.81005859375,69105.796875,22671.859375,10515.2001953125,24681.509765625,8292.26953125,4028.36474609375
2026-06-26 16:11:00+00:00,24052.80078125,7370.7998046875,69105.796875,22671.859375,10515.2001953125,24681.509765625,8292.26953125,4028.36474609375
2026-06-26 16:12:00+00:00,24052.80078125,7366.4599609375,69105.796875,22671.859375,10515.2001953125,24681.509765625,8292.26953125,4028.36474609375
2026-06-26 16:13:00+00:00,24052.80078125,7368.43017578125,69105.796875,22671.859375,10515.2001953125,24681.509765625,8292.26953125,4028.36474609375
2026-06-26 16:14:00+00:00,24052.80078125,7369.259765625,69105.796875,22671.859375,10515.2001953125,24681.509765625,8292.26953125,4028.36474609375
2026-06-26 16:15:00+00:00,24052.80078125,7369.18017578125,69105.796875,22671.859375,10515.2001953125,24681.509765625,8292.26953125,4028.36474609375
2026-06-26 16:16:00+00:00,24052.80078125,7373.22021484375,69105.796875,22671.859375,10515.2001953125,24681.509765625,8292.26953125,4028.36474609375
2026-06-26 16:17:00+00:00,24052.80078125,7370.5498046875,69105.796875,22671.859375,10515.2001953125,24681.509765625,8292.26953125,4028.36474609375
2026-06-26 16:18:00+00:00,24052.80078125,7366.31982421875,69105.796875,22671.859375,10515.2001953125,24681.509765625,8292.26953125,4028.36474609375
2026-06-26 16:19:00+00:00,24052.80078125,7367.85986328125,69105.796875,22671.859375,10515.2001953125,24681.509765625,8292.26953125,4028.36474609375
2026-06-26 16:20:00+00:00,24052.80078125,7361.52978515625,69105.796875,22671.859375,10515.2001953125,24681.509765625,8292.26953125,4028.36474609375
2026-06-26 16:21:00+00:00,24052.80078125,7356.66015625,69105.796875,22671.859375,10515.2001953125,24681.509765625,8292.26953125,4028.36474609375
2026-06-26 16:22:00+00:00,24052.80078125,7358.169921875,69105.796875,22671.859375,10515.2001953125,24681.509765625,8292.26953125,4028.36474609375
2026-06-26 16:23:00+00:00,24052.80078125,7360.4501953125,69105.796875,22671.859375,10515.2001953125,24681.509765625,8292.26953125,4028.36474609375
2026-06-26 16:24:00+00:00,24052.80078125,7361.240234375,69105.796875,22671.859375,10515.2001953125,24681.509765625,8292.26953125,4028.36474609375
2026-06-26 16:25:00+00:00,24052.80078125,7360.2998046875,69105.796875,22671.859375,10515.2001953125,24681.509765625,8292.26953125,4028.36474609375
2026-06-26 16:26:00+00:00,24052.80078125,7362.83984375,69105.796875,22671.859375,10515.2001953125,24681.509765625,8292.26953125,4028.36474609375
2026-06-26 16:27:00+00:00,24052.80078125,7362.64013671875,69105.796875,22671.859375,10515.2001953125,24681.509765625,8292.26953125,4028.36474609375
2026-06-26 16:28:00+00:00,24052.80078125,7363.18017578125,69105.796875,22671.859375,10515.2001953125,24681.509765625,8292.26953125,4028.36474609375
2026-06-26 16:29:00+00:00,24052.80078125,7361.52001953125,69105.796875,22671.859375,10515.2001953125,24681.509765625,8292.26953125,4028.36474609375
2026-06-26 16:30:00+00:00,24052.80078125,7368.25,69105.796875,22671.859375,10515.2001953125,24681.509765625,8292.26953125,4028.36474609375
2026-06-26 16:31:00+00:00,24052.80078125,7367.68017578125,69105.796875,22671.859375,10515.2001953125,24681.509765625,8292.26953125,4028.36474609375
2026-06-26 16:32:00+00:00,24052.80078125,7369.77978515625,69105.796875,22671.859375,10515.2001953125,24681.509765625,8292.26953125,4028.36474609375
2026-06-26 16:33:00+00:00,24052.80078125,7370.39990234375,69105.796875,22671.859375,10515.2001953125,24681.509765625,8292.26953125,4028.36474609375
2026-06-26 16:34:00+00:00,24052.80078125,7373.93017578125,69105.796875,22671.859375,10515.2001953125,24681.509765625,8292.26953125,4028.36474609375
2026-06-26 16:35:00+00:00,24052.80078125,7372.97998046875,69105.796875,22671.859375,10515.2001953125,24681.509765625,8292.26953125,4028.36474609375
2026-06-26 16:36:00+00:00,24052.80078125,7372.1298828125,69105.796875,22671.859375,10515.2001953125,24681.509765625,8292.26953125,4028.36474609375
2026-06-26 16:37:00+00:00,24052.80078125,7373.25,69105.796875,22671.859375,10515.2001953125,24681.509765625,8292.26953125,4028.36474609375
2026-06-26 16:38:00+00:00,24052.80078125,7372.47998046875,69105.796875,22671.859375,10515.2001953125,24681.509765625,8292.26953125,4028.36474609375
2026-06-26 16:39:00+00:00,24052.80078125,7371.60986328125,69105.796875,22671.859375,10515.2001953125,24681.509765625,8292.26953125,4028.36474609375
2026-06-26 16:40:00+00:00,24052.80078125,7371.97998046875,69105.796875,22671.859375,10515.2001953125,24681.509765625,8292.26953125,4028.36474609375
2026-06-26 16:41:00+00:00,24052.80078125,7370.58984375,69105.796875,22671.859375,10515.2001953125,24681.509765625,8292.26953125,4028.36474609375
2026-06-26 16:42:00+00:00,24052.80078125,7372.39013671875,69105.796875,22671.859375,10515.2001953125,24681.509765625,8292.26953125,4028.36474609375
2026-06-26 16:43:00+00:00,24052.80078125,7371.60986328125,69105.796875,22671.859375,10515.2001953125,24681.509765625,8292.26953125,4028.36474609375
2026-06-26 16:44:00+00:00,24052.80078125,7368.419921875,69105.796875,22671.859375,10515.2001953125,24681.509765625,8292.26953125,4028.36474609375
2026-06-26 16:45:00+00:00,24052.80078125,7370.02978515625,69105.796875,22671.859375,10515.2001953125,24681.509765625,8292.26953125,4028.36474609375
2026-06-26 16:46:00+00:00,24052.80078125,7367.509765625,69105.796875,22671.859375,10515.2001953125,24681.509765625,8292.26953125,4028.36474609375
2026-06-26 16:47:00+00:00,24052.80078125,7368.7900390625,69105.796875,22671.859375,10515.2001953125,24681.509765625,8292.26953125,4028.36474609375
2026-06-26 16:48:00+00:00,24052.80078125,7368.7998046875,69105.796875,22671.859375,10515.2001953125,24681.509765625,8292.26953125,4028.36474609375
2026-06-26 16:49:00+00:00,24052.80078125,7371.06982421875,69105.796875,22671.859375,10515.2001953125,24681.509765625,8292.26953125,4028.36474609375
2026-06-26 16:50:00+00:00,24052.80078125,7372.52001953125,69105.796875,22671.859375,10515.2001953125,24681.509765625,8292.26953125,4028.36474609375
2026-06-26 16:51:00+00:00,24052.80078125,7373.16015625,69105.796875,22671.859375,10515.2001953125,24681.509765625,8292.26953125,4028.36474609375
2026-06-26 16:52:00+00:00,24052.80078125,7373.27001953125,69105.796875,22671.859375,10515.2001953125,24681.509765625,8292.26953125,4028.36474609375
2026-06-26 16:53:00+00:00,24052.80078125,7375.35009765625,69105.796875,22671.859375,10515.2001953125,24681.509765625,8292.26953125,4028.36474609375
2026-06-26 16:54:00+00:00,24052.80078125,7374.0498046875,69105.796875,22671.859375,10515.2001953125,24681.509765625,8292.26953125,4028.36474609375
2026-06-26 16:55:00+00:00,24052.80078125,7372.009765625,69105.796875,22671.859375,10515.2001953125,24681.509765625,8292.26953125,4028.36474609375
2026-06-26 16:56:00+00:00,24052.80078125,7371.22021484375,69105.796875,22671.859375,10515.2001953125,24681.509765625,8292.26953125,4028.36474609375
2026-06-26 16:57:00+00:00,24052.80078125,7371.72998046875,69105.796875,22671.859375,10515.2001953125,24681.509765625,8292.26953125,4028.36474609375
2026-06-26 16:58:00+00:00,24052.80078125,7372.43017578125,69105.796875,22671.859375,10515.2001953125,24681.509765625,8292.26953125,4028.36474609375
2026-06-26 16:59:00+00:00,24052.80078125,7372.259765625,69105.796875,22671.859375,10515.2001953125,24681.509765625,8292.26953125,4028.36474609375
2026-06-26 17:00:00+00:00,24052.80078125,7373.8701171875,69105.796875,22671.859375,10515.2001953125,24681.509765625,8292.26953125,4028.36474609375
2026-06-26 17:01:00+00:00,24052.80078125,7377.3701171875,69105.796875,22671.859375,10515.2001953125,24681.509765625,8292.26953125,4028.36474609375
2026-06-26 17:02:00+00:00,24052.80078125,7377.759765625,69105.796875,22671.859375,10515.2001953125,24681.509765625,8292.26953125,4028.36474609375
2026-06-26 17:03:00+00:00,24052.80078125,7377.27978515625,69105.796875,22671.859375,10515.2001953125,24681.509765625,8292.26953125,4028.36474609375
2026-06-26 17:04:00+00:00,24052.80078125,7376.60986328125,69105.796875,22671.859375,10515.2001953125,24681.509765625,8292.26953125,4028.36474609375
2026-06-26 17:05:00+00:00,24052.80078125,7378.5400390625,69105.796875,22671.859375,10515.2001953125,24681.509765625,8292.26953125,4028.36474609375
2026-06-26 17:06:00+00:00,24052.80078125,7378.3798828125,69105.796875,22671.859375,10515.2001953125,24681.509765625,8292.26953125,4028.36474609375
2026-06-26 17:07:00+00:00,24052.80078125,7377.33984375,69105.796875,22671.859375,10515.2001953125,24681.509765625,8292.26953125,4028.36474609375
2026-06-26 17:08:00+00:00,24052.80078125,7383.02001953125,69105.796875,22671.859375,10515.2001953125,24681.509765625,8292.26953125,4028.36474609375
2026-06-26 17:09:00+00:00,24052.80078125,7384.2099609375,69105.796875,22671.859375,10515.2001953125,24681.509765625,8292.26953125,4028.36474609375
2026-06-26 17:10:00+00:00,24052.80078125,7383.990234375,69105.796875,22671.859375,10515.2001953125,24681.509765625,8292.26953125,4028.36474609375
2026-06-26 17:11:00+00:00,24052.80078125,7380.72998046875,69105.796875,22671.859375,10515.2001953125,24681.509765625,8292.26953125,4028.36474609375
2026-06-26 17:12:00+00:00,24052.80078125,7381.1201171875,69105.796875,22671.859375,10515.2001953125,24681.509765625,8292.26953125,4028.36474609375
2026-06-26 17:13:00+00:00,24052.80078125,7377.5400390625,69105.796875,22671.859375,10515.2001953125,24681.509765625,8292.26953125,4028.36474609375
2026-06-26 17:14:00+00:00,24052.80078125,7378.43017578125,69105.796875,22671.859375,10515.2001953125,24681.509765625,8292.26953125,4028.36474609375
2026-06-26 17:15:00+00:00,24052.80078125,7374.56982421875,69105.796875,22671.859375,10515.2001953125,24681.509765625,8292.26953125,4028.36474609375
2026-06-26 17:16:00+00:00,24052.80078125,7374.990234375,69105.796875,22671.859375,10515.2001953125,24681.509765625,8292.26953125,4028.36474609375
2026-06-26 17:17:00+00:00,24052.80078125,7371.490234375,69105.796875,22671.859375,10515.2001953125,24681.509765625,8292.26953125,4028.36474609375
2026-06-26 17:18:00+00:00,24052.80078125,7371.22021484375,69105.796875,22671.859375,10515.2001953125,24681.509765625,8292.26953125,4028.36474609375
2026-06-26 17:19:00+00:00,24052.80078125,7371.7998046875,69105.796875,22671.859375,10515.2001953125,24681.509765625,8292.26953125,4028.36474609375
2026-06-26 17:20:00+00:00,24052.80078125,7370.6298828125,69105.796875,22671.859375,10515.2001953125,24681.509765625,8292.26953125,4028.36474609375
2026-06-26 17:21:00+00:00,24052.80078125,7370.64990234375,69105.796875,22671.859375,10515.2001953125,24681.509765625,8292.26953125,4028.36474609375
2026-06-26 17:22:00+00:00,24052.80078125,7371.5498046875,69105.796875,22671.859375,10515.2001953125,24681.509765625,8292.26953125,4028.36474609375
2026-06-26 17:23:00+00:00,24052.80078125,7367.89990234375,69105.796875,22671.859375,10515.2001953125,24681.509765625,8292.26953125,4028.36474609375
2026-06-26 17:24:00+00:00,24052.80078125,7368.14990234375,69105.796875,22671.859375,10515.2001953125,24681.509765625,8292.26953125,4028.36474609375
2026-06-26 17:25:00+00:00,24052.80078125,7366.72021484375,69105.796875,22671.859375,10515.2001953125,24681.509765625,8292.26953125,4028.36474609375
2026-06-26 17:26:00+00:00,24052.80078125,7367.2001953125,69105.796875,22671.859375,10515.2001953125,24681.509765625,8292.26953125,4028.36474609375
2026-06-26 17:27:00+00:00,24052.80078125,7374.6201171875,69105.796875,22671.859375,10515.2001953125,24681.509765625,8292.26953125,4028.36474609375
2026-06-26 17:28:00+00:00,24052.80078125,7376.16015625,69105.796875,22671.859375,10515.2001953125,24681.509765625,8292.26953125,4028.36474609375
2026-06-26 17:29:00+00:00,24052.80078125,7375.14013671875,69105.796875,22671.859375,10515.2001953125,24681.509765625,8292.26953125,4028.36474609375
2026-06-26 17:30:00+00:00,24052.80078125,7378.85009765625,69105.796875,22671.859375,10515.2001953125,24681.509765625,8292.26953125,4028.36474609375
2026-06-26 17:31:00+00:00,24052.80078125,7373.33984375,69105.796875,22671.859375,10515.2001953125,24681.509765625,8292.26953125,4028.36474609375
2026-06-26 17:32:00+00:00,24052.80078125,7374.35009765625,69105.796875,22671.859375,10515.2001953125,24681.509765625,8292.26953125,4028.36474609375
2026-06-26 17:33:00+00:00,24052.80078125,7375.91015625,69105.796875,22671.859375,10515.2001953125,24681.509765625,8292.26953125,4028.36474609375
2026-06-26 17:34:00+00:00,24052.80078125,7374.259765625,69105.796875,22671.859375,10515.2001953125,24681.509765625,8292.26953125,4028.36474609375
2026-06-26 17:35:00+00:00,24052.80078125,7370.8798828125,69105.796875,22671.859375,10515.2001953125,24681.509765625,8292.26953125,4028.36474609375
2026-06-26 17:36:00+00:00,24052.80078125,7370.7001953125,69105.796875,22671.859375,10515.2001953125,24681.509765625,8292.26953125,4028.36474609375
2026-06-26 17:37:00+00:00,24052.80078125,7370.7998046875,69105.796875,22671.859375,10515.2001953125,24681.509765625,8292.26953125,4028.36474609375
2026-06-26 17:38:00+00:00,24052.80078125,7368.7099609375,69105.796875,22671.859375,10515.2001953125,24681.509765625,8292.26953125,4028.36474609375
2026-06-26 17:39:00+00:00,24052.80078125,7367.7998046875,69105.796875,22671.859375,10515.2001953125,24681.509765625,8292.26953125,4028.36474609375
2026-06-26 17:40:00+00:00,24052.80078125,7365.75,69105.796875,22671.859375,10515.2001953125,24681.509765625,8292.26953125,4028.36474609375
2026-06-26 17:41:00+00:00,24052.80078125,7365.93994140625,69105.796875,22671.859375,10515.2001953125,24681.509765625,8292.26953125,4028.36474609375
2026-06-26 17:42:00+00:00,24052.80078125,7369.81005859375,69105.796875,22671.859375,10515.2001953125,24681.509765625,8292.26953125,4028.36474609375
2026-06-26 17:43:00+00:00,24052.80078125,7371.0498046875,69105.796875,22671.859375,10515.2001953125,24681.509765625,8292.26953125,4028.36474609375
2026-06-26 17:44:00+00:00,24052.80078125,7370.31982421875,69105.796875,22671.859375,10515.2001953125,24681.509765625,8292.26953125,4028.36474609375
2026-06-26 17:45:00+00:00,24052.80078125,7370.2998046875,69105.796875,22671.859375,10515.2001953125,24681.509765625,8292.26953125,4028.36474609375
2026-06-26 17:46:00+00:00,24052.80078125,7369.85009765625,69105.796875,22671.859375,10515.2001953125,24681.509765625,8292.26953125,4028.36474609375
2026-06-26 17:47:00+00:00,24052.80078125,7369.6201171875,69105.796875,22671.859375,10515.2001953125,24681.509765625,8292.26953125,4028.36474609375
2026-06-26 17:48:00+00:00,24052.80078125,7368.06982421875,69105.796875,22671.859375,10515.2001953125,24681.509765625,8292.26953125,4028.36474609375
2026-06-26 17:49:00+00:00,24052.80078125,7366.259765625,69105.796875,22671.859375,10515.2001953125,24681.509765625,8292.26953125,4028.36474609375
2026-06-26 17:50:00+00:00,24052.80078125,7366.919921875,69105.796875,22671.859375,10515.2001953125,24681.509765625,8292.26953125,4028.36474609375
2026-06-26 17:51:00+00:00,24052.80078125,7368.14013671875,69105.796875,22671.859375,10515.2001953125,24681.509765625,8292.26953125,4028.36474609375
2026-06-26 17:52:00+00:00,24052.80078125,7368.990234375,69105.796875,22671.859375,10515.2001953125,24681.509765625,8292.26953125,4028.36474609375
2026-06-26 17:53:00+00:00,24052.80078125,7367.669921875,69105.796875,22671.859375,10515.2001953125,24681.509765625,8292.26953125,4028.36474609375
2026-06-26 17:54:00+00:00,24052.80078125,7368.60009765625,69105.796875,22671.859375,10515.2001953125,24681.509765625,8292.26953125,4028.36474609375
2026-06-26 17:55:00+00:00,24052.80078125,7365.5498046875,69105.796875,22671.859375,10515.2001953125,24681.509765625,8292.26953125,4028.36474609375
2026-06-26 17:56:00+00:00,24052.80078125,7363.6201171875,69105.796875,22671.859375,10515.2001953125,24681.509765625,8292.26953125,4028.36474609375
2026-06-26 17:57:00+00:00,24052.80078125,7364.66015625,69105.796875,22671.859375,10515.2001953125,24681.509765625,8292.26953125,4028.36474609375
2026-06-26 17:58:00+00:00,24052.80078125,7365.39990234375,69105.796875,22671.859375,10515.2001953125,24681.509765625,8292.26953125,4028.36474609375
2026-06-26 17:59:00+00:00,24052.80078125,7364.509765625,69105.796875,22671.859375,10515.2001953125,24681.509765625,8292.26953125,4028.36474609375
2026-06-26 18:00:00+00:00,24052.80078125,7365.68994140625,69105.796875,22671.859375,10515.2001953125,24681.509765625,8292.26953125,4028.36474609375
2026-06-26 18:01:00+00:00,24052.80078125,7365.89990234375,69105.796875,22671.859375,10515.2001953125,24681.509765625,8292.26953125,4028.36474609375
2026-06-26 18:02:00+00:00,24052.80078125,7366.7001953125,69105.796875,22671.859375,10515.2001953125,24681.509765625,8292.26953125,4028.36474609375
2026-06-26 18:03:00+00:00,24052.80078125,7368.2099609375,69105.796875,22671.859375,10515.2001953125,24681.509765625,8292.26953125,4028.36474609375
2026-06-26 18:04:00+00:00,24052.80078125,7370.0498046875,69105.796875,22671.859375,10515.2001953125,24681.509765625,8292.26953125,4028.36474609375
2026-06-26 18:05:00+00:00,24052.80078125,7371.43994140625,69105.796875,22671.859375,10515.2001953125,24681.509765625,8292.26953125,4028.36474609375
2026-06-26 18:06:00+00:00,24052.80078125,7371.47998046875,69105.796875,22671.859375,10515.2001953125,24681.509765625,8292.26953125,4028.36474609375
2026-06-26 18:07:00+00:00,24052.80078125,7368.39990234375,69105.796875,22671.859375,10515.2001953125,24681.509765625,8292.26953125,4028.36474609375
2026-06-26 18:08:00+00:00,24052.80078125,7369.39013671875,69105.796875,22671.859375,10515.2001953125,24681.509765625,8292.26953125,4028.36474609375
2026-06-26 18:09:00+00:00,24052.80078125,7369.8798828125,69105.796875,22671.859375,10515.2001953125,24681.509765625,8292.26953125,4028.36474609375
2026-06-26 18:10:00+00:00,24052.80078125,7366.75,69105.796875,22671.859375,10515.2001953125,24681.509765625,8292.26953125,4028.36474609375
2026-06-26 18:11:00+00:00,24052.80078125,7370.58984375,69105.796875,22671.859375,10515.2001953125,24681.509765625,8292.26953125,4028.36474609375
2026-06-26 18:12:00+00:00,24052.80078125,7369.22021484375,69105.796875,22671.859375,10515.2001953125,24681.509765625,8292.26953125,4028.36474609375
2026-06-26 18:13:00+00:00,24052.80078125,7367.43994140625,69105.796875,22671.859375,10515.2001953125,24681.509765625,8292.26953125,4028.36474609375
2026-06-26 18:14:00+00:00,24052.80078125,7367.64990234375,69105.796875,22671.859375,10515.2001953125,24681.509765625,8292.26953125,4028.36474609375
2026-06-26 18:15:00+00:00,24052.80078125,7366.31982421875,69105.796875,22671.859375,10515.2001953125,24681.509765625,8292.26953125,4028.36474609375
2026-06-26 18:16:00+00:00,24052.80078125,7364.169921875,69105.796875,22671.859375,10515.2001953125,24681.509765625,8292.26953125,4028.36474609375
2026-06-26 18:17:00+00:00,24052.80078125,7364.06982421875,69105.796875,22671.859375,10515.2001953125,24681.509765625,8292.26953125,4028.36474609375
2026-06-26 18:18:00+00:00,24052.80078125,7361.669921875,69105.796875,22671.859375,10515.2001953125,24681.509765625,8292.26953125,4028.36474609375
2026-06-26 18:19:00+00:00,24052.80078125,7361.6298828125,69105.796875,22671.859375,10515.2001953125,24681.509765625,8292.26953125,4028.36474609375
2026-06-26 18:20:00+00:00,24052.80078125,7361.580078125,69105.796875,22671.859375,10515.2001953125,24681.509765625,8292.26953125,4028.36474609375
2026-06-26 18:21:00+00:00,24052.80078125,7362.7001953125,69105.796875,22671.859375,10515.2001953125,24681.509765625,8292.26953125,4028.36474609375
2026-06-26 18:22:00+00:00,24052.80078125,7363.7900390625,69105.796875,22671.859375,10515.2001953125,24681.509765625,8292.26953125,4028.36474609375
2026-06-26 18:23:00+00:00,24052.80078125,7362.830078125,69105.796875,22671.859375,10515.2001953125,24681.509765625,8292.26953125,4028.36474609375
2026-06-26 18:24:00+00:00,24052.80078125,7362.81982421875,69105.796875,22671.859375,10515.2001953125,24681.509765625,8292.26953125,4028.36474609375
2026-06-26 18:25:00+00:00,24052.80078125,7362.02001953125,69105.796875,22671.859375,10515.2001953125,24681.509765625,8292.26953125,4028.36474609375
2026-06-26 18:26:00+00:00,24052.80078125,7361.490234375,69105.796875,22671.859375,10515.2001953125,24681.509765625,8292.26953125,4028.36474609375
2026-06-26 18:27:00+00:00,24052.80078125,7358.89990234375,69105.796875,22671.859375,10515.2001953125,24681.509765625,8292.26953125,4028.36474609375
2026-06-26 18:28:00+00:00,24052.80078125,7355.66015625,69105.796875,22671.859375,10515.2001953125,24681.509765625,8292.26953125,4028.36474609375
2026-06-26 18:29:00+00:00,24052.80078125,7355.990234375,69105.796875,22671.859375,10515.2001953125,24681.509765625,8292.26953125,4028.36474609375
2026-06-26 18:30:00+00:00,24052.80078125,7355.97021484375,69105.796875,22671.859375,10515.2001953125,24681.509765625,8292.26953125,4028.36474609375
2026-06-26 18:31:00+00:00,24052.80078125,7357.39013671875,69105.796875,22671.859375,10515.2001953125,24681.509765625,8292.26953125,4028.36474609375
2026-06-26 18:32:00+00:00,24052.80078125,7360.60986328125,69105.796875,22671.859375,10515.2001953125,24681.509765625,8292.26953125,4028.36474609375
2026-06-26 18:33:00+00:00,24052.80078125,7363.169921875,69105.796875,22671.859375,10515.2001953125,24681.509765625,8292.26953125,4028.36474609375
2026-06-26 18:34:00+00:00,24052.80078125,7362.490234375,69105.796875,22671.859375,10515.2001953125,24681.509765625,8292.26953125,4028.36474609375
2026-06-26 18:35:00+00:00,24052.80078125,7359.5400390625,69105.796875,22671.859375,10515.2001953125,24681.509765625,8292.26953125,4028.36474609375
2026-06-26 18:36:00+00:00,24052.80078125,7358.97998046875,69105.796875,22671.859375,10515.2001953125,24681.509765625,8292.26953125,4028.36474609375
2026-06-26 18:37:00+00:00,24052.80078125,7356.89990234375,69105.796875,22671.859375,10515.2001953125,24681.509765625,8292.26953125,4028.36474609375
2026-06-26 18:38:00+00:00,24052.80078125,7356.31005859375,69105.796875,22671.859375,10515.2001953125,24681.509765625,8292.26953125,4028.36474609375
2026-06-26 18:39:00+00:00,24052.80078125,7356.68017578125,69105.796875,22671.859375,10515.2001953125,24681.509765625,8292.26953125,4028.36474609375
2026-06-26 18:40:00+00:00,24052.80078125,7356.3798828125,69105.796875,22671.859375,10515.2001953125,24681.509765625,8292.26953125,4028.36474609375
2026-06-26 18:41:00+00:00,24052.80078125,7356.8701171875,69105.796875,22671.859375,10515.2001953125,24681.509765625,8292.26953125,4028.36474609375
2026-06-26 18:42:00+00:00,24052.80078125,7356.2900390625,69105.796875,22671.859375,10515.2001953125,24681.509765625,8292.26953125,4028.36474609375
2026-06-26 18:43:00+00:00,24052.80078125,7357.669921875,69105.796875,22671.859375,10515.2001953125,24681.509765625,8292.26953125,4028.36474609375
2026-06-26 18:44:00+00:00,24052.80078125,7356.3798828125,69105.796875,22671.859375,10515.2001953125,24681.509765625,8292.26953125,4028.36474609375
2026-06-26 18:45:00+00:00,24052.80078125,7352.89990234375,69105.796875,22671.859375,10515.2001953125,24681.509765625,8292.26953125,4028.36474609375
2026-06-26 18:46:00+00:00,24052.80078125,7350.97021484375,69105.796875,22671.859375,10515.2001953125,24681.509765625,8292.26953125,4028.36474609375
2026-06-26 18:47:00+00:00,24052.80078125,7349.43994140625,69105.796875,22671.859375,10515.2001953125,24681.509765625,8292.26953125,4028.36474609375
2026-06-26 18:48:00+00:00,24052.80078125,7346.31982421875,69105.796875,22671.859375,10515.2001953125,24681.509765625,8292.26953125,4028.36474609375
2026-06-26 18:49:00+00:00,24052.80078125,7348.06005859375,69105.796875,22671.859375,10515.2001953125,24681.509765625,8292.26953125,4028.36474609375
2026-06-26 18:50:00+00:00,24052.80078125,7344.8798828125,69105.796875,22671.859375,10515.2001953125,24681.509765625,8292.26953125,4028.36474609375
2026-06-26 18:51:00+00:00,24052.80078125,7345.27978515625,69105.796875,22671.859375,10515.2001953125,24681.509765625,8292.26953125,4028.36474609375
2026-06-26 18:52:00+00:00,24052.80078125,7347.10986328125,69105.796875,22671.859375,10515.2001953125,24681.509765625,8292.26953125,4028.36474609375
2026-06-26 18:53:00+00:00,24052.80078125,7346.490234375,69105.796875,22671.859375,10515.2001953125,24681.509765625,8292.26953125,4028.36474609375
2026-06-26 18:54:00+00:00,24052.80078125,7345.419921875,69105.796875,22671.859375,10515.2001953125,24681.509765625,8292.26953125,4028.36474609375
2026-06-26 18:55:00+00:00,24052.80078125,7348.5,69105.796875,22671.859375,10515.2001953125,24681.509765625,8292.26953125,4028.36474609375
2026-06-26 18:56:00+00:00,24052.80078125,7346.080078125,69105.796875,22671.859375,10515.2001953125,24681.509765625,8292.26953125,4028.36474609375
2026-06-26 18:57:00+00:00,24052.80078125,7341.97998046875,69105.796875,22671.859375,10515.2001953125,24681.509765625,8292.26953125,4028.36474609375
2026-06-26 18:58:00+00:00,24052.80078125,7342.60986328125,69105.796875,22671.859375,10515.2001953125,24681.509765625,8292.26953125,4028.36474609375
2026-06-26 18:59:00+00:00,24052.80078125,7343.759765625,69105.796875,22671.859375,10515.2001953125,24681.509765625,8292.26953125,4028.36474609375
2026-06-26 19:00:00+00:00,24052.80078125,7344.60986328125,69105.796875,22671.859375,10515.2001953125,24681.509765625,8292.26953125,4028.36474609375
2026-06-26 19:01:00+00:00,24052.80078125,7347.10986328125,69105.796875,22671.859375,10515.2001953125,24681.509765625,8292.26953125,4028.36474609375
2026-06-26 19:02:00+00:00,24052.80078125,7347.18017578125,69105.796875,22671.859375,10515.2001953125,24681.509765625,8292.26953125,4028.36474609375
2026-06-26 19:03:00+00:00,24052.80078125,7343.66015625,69105.796875,22671.859375,10515.2001953125,24681.509765625,8292.26953125,4028.36474609375
2026-06-26 19:04:00+00:00,24052.80078125,7342.740234375,69105.796875,22671.859375,10515.2001953125,24681.509765625,8292.26953125,4028.36474609375
2026-06-26 19:05:00+00:00,24052.80078125,7342.47021484375,69105.796875,22671.859375,10515.2001953125,24681.509765625,8292.26953125,4028.36474609375
2026-06-26 19:06:00+00:00,24052.80078125,7347.35009765625,69105.796875,22671.859375,10515.2001953125,24681.509765625,8292.26953125,4028.36474609375
2026-06-26 19:07:00+00:00,24052.80078125,7346.4501953125,69105.796875,22671.859375,10515.2001953125,24681.509765625,8292.26953125,4028.36474609375
2026-06-26 19:08:00+00:00,24052.80078125,7351.16015625,69105.796875,22671.859375,10515.2001953125,24681.509765625,8292.26953125,4028.36474609375
2026-06-26 19:09:00+00:00,24052.80078125,7351.509765625,69105.796875,22671.859375,10515.2001953125,24681.509765625,8292.26953125,4028.36474609375
2026-06-26 19:10:00+00:00,24052.80078125,7350.5400390625,69105.796875,22671.859375,10515.2001953125,24681.509765625,8292.26953125,4028.36474609375
2026-06-26 19:11:00+00:00,24052.80078125,7350.830078125,69105.796875,22671.859375,10515.2001953125,24681.509765625,8292.26953125,4028.36474609375
2026-06-26 19:12:00+00:00,24052.80078125,7350.64013671875,69105.796875,22671.859375,10515.2001953125,24681.509765625,8292.26953125,4028.36474609375
2026-06-26 19:13:00+00:00,24052.80078125,7351.64990234375,69105.796875,22671.859375,10515.2001953125,24681.509765625,8292.26953125,4028.36474609375
2026-06-26 19:14:00+00:00,24052.80078125,7355.97998046875,69105.796875,22671.859375,10515.2001953125,24681.509765625,8292.26953125,4028.36474609375
2026-06-26 19:15:00+00:00,24052.80078125,7355.39013671875,69105.796875,22671.859375,10515.2001953125,24681.509765625,8292.26953125,4028.36474609375
2026-06-26 19:16:00+00:00,24052.80078125,7354.47998046875,69105.796875,22671.859375,10515.2001953125,24681.509765625,8292.26953125,4028.36474609375
2026-06-26 19:17:00+00:00,24052.80078125,7354.7001953125,69105.796875,22671.859375,10515.2001953125,24681.509765625,8292.26953125,4028.36474609375
2026-06-26 19:18:00+00:00,24052.80078125,7356.75,69105.796875,22671.859375,10515.2001953125,24681.509765625,8292.26953125,4028.36474609375
2026-06-26 19:19:00+00:00,24052.80078125,7355.56005859375,69105.796875,22671.859375,10515.2001953125,24681.509765625,8292.26953125,4028.36474609375
2026-06-26 19:20:00+00:00,24052.80078125,7353.9501953125,69105.796875,22671.859375,10515.2001953125,24681.509765625,8292.26953125,4028.36474609375
2026-06-26 19:21:00+00:00,24052.80078125,7352.41015625,69105.796875,22671.859375,10515.2001953125,24681.509765625,8292.26953125,4028.36474609375
2026-06-26 19:22:00+00:00,24052.80078125,7349.27978515625,69105.796875,22671.859375,10515.2001953125,24681.509765625,8292.26953125,4028.36474609375
2026-06-26 19:23:00+00:00,24052.80078125,7347.8798828125,69105.796875,22671.859375,10515.2001953125,24681.509765625,8292.26953125,4028.36474609375
2026-06-26 19:24:00+00:00,24052.80078125,7350.25,69105.796875,22671.859375,10515.2001953125,24681.509765625,8292.26953125,4028.36474609375
2026-06-26 19:25:00+00:00,24052.80078125,7350.39990234375,69105.796875,22671.859375,10515.2001953125,24681.509765625,8292.26953125,4028.36474609375
2026-06-26 19:26:00+00:00,24052.80078125,7350.0498046875,69105.796875,22671.859375,10515.2001953125,24681.509765625,8292.26953125,4028.36474609375
2026-06-26 19:27:00+00:00,24052.80078125,7350.68017578125,69105.796875,22671.859375,10515.2001953125,24681.509765625,8292.26953125,4028.36474609375
2026-06-26 19:28:00+00:00,24052.80078125,7350.2900390625,69105.796875,22671.859375,10515.2001953125,24681.509765625,8292.26953125,4028.36474609375
2026-06-26 19:29:00+00:00,24052.80078125,7349.41015625,69105.796875,22671.859375,10515.2001953125,24681.509765625,8292.26953125,4028.36474609375
2026-06-26 19:30:00+00:00,24052.80078125,7348.81005859375,69105.796875,22671.859375,10515.2001953125,24681.509765625,8292.26953125,4028.36474609375
2026-06-26 19:31:00+00:00,24052.80078125,7347.14990234375,69105.796875,22671.859375,10515.2001953125,24681.509765625,8292.26953125,4028.36474609375
2026-06-26 19:32:00+00:00,24052.80078125,7348.7900390625,69105.796875,22671.859375,10515.2001953125,24681.509765625,8292.26953125,4028.36474609375
2026-06-26 19:33:00+00:00,24052.80078125,7354.490234375,69105.796875,22671.859375,10515.2001953125,24681.509765625,8292.26953125,4028.36474609375
2026-06-26 19:34:00+00:00,24052.80078125,7354.72998046875,69105.796875,22671.859375,10515.2001953125,24681.509765625,8292.26953125,4028.36474609375
2026-06-26 19:35:00+00:00,24052.80078125,7352.85986328125,69105.796875,22671.859375,10515.2001953125,24681.509765625,8292.26953125,4028.36474609375
2026-06-26 19:36:00+00:00,24052.80078125,7353.43017578125,69105.796875,22671.859375,10515.2001953125,24681.509765625,8292.26953125,4028.36474609375
2026-06-26 19:37:00+00:00,24052.80078125,7353.97998046875,69105.796875,22671.859375,10515.2001953125,24681.509765625,8292.26953125,4028.36474609375
2026-06-26 19:38:00+00:00,24052.80078125,7352.2001953125,69105.796875,22671.859375,10515.2001953125,24681.509765625,8292.26953125,4028.36474609375
2026-06-26 19:39:00+00:00,24052.80078125,7350.580078125,69105.796875,22671.859375,10515.2001953125,24681.509765625,8292.26953125,4028.36474609375
2026-06-26 19:40:00+00:00,24052.80078125,7352.5,69105.796875,22671.859375,10515.2001953125,24681.509765625,8292.26953125,4028.36474609375
2026-06-26 19:41:00+00:00,24052.80078125,7352.02978515625,69105.796875,22671.859375,10515.2001953125,24681.509765625,8292.26953125,4028.36474609375
2026-06-26 19:42:00+00:00,24052.80078125,7357.91015625,69105.796875,22671.859375,10515.2001953125,24681.509765625,8292.26953125,4028.36474609375
2026-06-26 19:43:00+00:00,24052.80078125,7359.8798828125,69105.796875,22671.859375,10515.2001953125,24681.509765625,8292.26953125,4028.36474609375
2026-06-26 19:44:00+00:00,24052.80078125,7360.16015625,69105.796875,22671.859375,10515.2001953125,24681.509765625,8292.26953125,4028.36474609375
2026-06-26 19:45:00+00:00,24052.80078125,7360.7001953125,69105.796875,22671.859375,10515.2001953125,24681.509765625,8292.26953125,4028.36474609375
2026-06-26 19:46:00+00:00,24052.80078125,7363.43017578125,69105.796875,22671.859375,10515.2001953125,24681.509765625,8292.26953125,4028.36474609375
2026-06-26 19:47:00+00:00,24052.80078125,7360.14990234375,69105.796875,22671.859375,10515.2001953125,24681.509765625,8292.26953125,4028.36474609375
2026-06-26 19:48:00+00:00,24052.80078125,7357.47998046875,69105.796875,22671.859375,10515.2001953125,24681.509765625,8292.26953125,4028.36474609375
2026-06-26 19:49:00+00:00,24052.80078125,7358.2001953125,69105.796875,22671.859375,10515.2001953125,24681.509765625,8292.26953125,4028.36474609375
2026-06-26 19:50:00+00:00,24052.80078125,7356.259765625,69105.796875,22671.859375,10515.2001953125,24681.509765625,8292.26953125,4028.36474609375
2026-06-26 19:51:00+00:00,24052.80078125,7357.56982421875,69105.796875,22671.859375,10515.2001953125,24681.509765625,8292.26953125,4028.36474609375
2026-06-26 19:52:00+00:00,24052.80078125,7359.02001953125,69105.796875,22671.859375,10515.2001953125,24681.509765625,8292.26953125,4028.36474609375
2026-06-26 19:53:00+00:00,24052.80078125,7357.81982421875,69105.796875,22671.859375,10515.2001953125,24681.509765625,8292.26953125,4028.36474609375
2026-06-26 19:54:00+00:00,24052.80078125,7359.64013671875,69105.796875,22671.859375,10515.2001953125,24681.509765625,8292.26953125,4028.36474609375
2026-06-26 19:55:00+00:00,24052.80078125,7359.509765625,69105.796875,22671.859375,10515.2001953125,24681.509765625,8292.26953125,4028.36474609375
2026-06-26 19:56:00+00:00,24052.80078125,7359.240234375,69105.796875,22671.859375,10515.2001953125,24681.509765625,8292.26953125,4028.36474609375
2026-06-26 19:57:00+00:00,24052.80078125,7361.7001953125,69105.796875,22671.859375,10515.2001953125,24681.509765625,8292.26953125,4028.36474609375
2026-06-26 19:58:00+00:00,24052.80078125,7362.10009765625,69105.796875,22671.859375,10515.2001953125,24681.509765625,8292.26953125,4028.36474609375
2026-06-26 19:59:00+00:00,24052.80078125,7337.81005859375,69105.796875,22671.859375,10515.2001953125,24681.509765625,8292.26953125,4028.36474609375
2026-06-29 00:00:00+00:00,24052.80078125,7337.81005859375,69444.28125,22671.859375,10515.2001953125,24681.509765625,8307.9599609375,4028.36474609375
2026-06-29 00:01:00+00:00,24052.80078125,7337.81005859375,69123.09375,22671.859375,10515.2001953125,24681.509765625,8245.1904296875,4028.36474609375
2026-06-29 00:02:00+00:00,24052.80078125,7337.81005859375,69162.1484375,22671.859375,10515.2001953125,24681.509765625,8227.0302734375,4028.36474609375
2026-06-29 00:03:00+00:00,24052.80078125,7337.81005859375,69273.53125,22671.859375,10515.2001953125,24681.509765625,8258.400390625,4028.36474609375
2026-06-29 00:04:00+00:00,24052.80078125,7337.81005859375,69290.46875,22671.859375,10515.2001953125,24681.509765625,8265.48046875,4028.36474609375
2026-06-29 00:05:00+00:00,24052.80078125,7337.81005859375,69143.359375,22671.859375,10515.2001953125,24681.509765625,8274.7197265625,4028.36474609375
2026-06-29 00:06:00+00:00,24052.80078125,7337.81005859375,69312.109375,22671.859375,10515.2001953125,24681.509765625,8307.099609375,4028.36474609375
2026-06-29 00:07:00+00:00,24052.80078125,7337.81005859375,69260.0703125,22671.859375,10515.2001953125,24681.509765625,8309.240234375,4028.36474609375
2026-06-29 00:08:00+00:00,24052.80078125,7337.81005859375,69265.140625,22671.859375,10515.2001953125,24681.509765625,8281.8203125,4028.36474609375
2026-06-29 00:09:00+00:00,24052.80078125,7337.81005859375,69258.7265625,22671.859375,10515.2001953125,24681.509765625,8294.759765625,4028.36474609375
2026-06-29 00:10:00+00:00,24052.80078125,7337.81005859375,69263.453125,22671.859375,10515.2001953125,24681.509765625,8312.2900390625,4028.36474609375
2026-06-29 00:11:00+00:00,24052.80078125,7337.81005859375,69486.171875,22671.859375,10515.2001953125,24681.509765625,8333.7001953125,4028.36474609375
2026-06-29 00:12:00+00:00,24052.80078125,7337.81005859375,69513.9296875,22671.859375,10515.2001953125,24681.509765625,8305.26953125,4028.36474609375
2026-06-29 00:13:00+00:00,24052.80078125,7337.81005859375,69543.8671875,22671.859375,10515.2001953125,24681.509765625,8277.8203125,4028.36474609375
2026-06-29 00:14:00+00:00,24052.80078125,7337.81005859375,69397.59375,22671.859375,10515.2001953125,24681.509765625,8257.0703125,4028.36474609375
2026-06-29 00:15:00+00:00,24052.80078125,7337.81005859375,69196.6875,22671.859375,10515.2001953125,24681.509765625,8230.23046875,4028.36474609375
2026-06-29 00:16:00+00:00,24052.80078125,7337.81005859375,69093.40625,22671.859375,10515.2001953125,24681.509765625,8215.7001953125,4028.36474609375
2026-06-29 00:17:00+00:00,24052.80078125,7337.81005859375,69185.921875,22671.859375,10515.2001953125,24681.509765625,8278.7900390625,4028.36474609375
2026-06-29 00:18:00+00:00,24052.80078125,7337.81005859375,69318.3515625,22671.859375,10515.2001953125,24681.509765625,8303.4697265625,4028.36474609375
2026-06-29 00:19:00+00:00,24052.80078125,7337.81005859375,69240.6171875,22671.859375,10515.2001953125,24681.509765625,8260.580078125,4028.36474609375
2026-06-29 00:20:00+00:00,24052.80078125,7337.81005859375,69141.328125,22671.859375,10515.2001953125,24681.509765625,8238.7001953125,4028.36474609375
2026-06-29 00:21:00+00:00,24052.80078125,7337.81005859375,68961.2890625,22671.859375,10515.2001953125,24681.509765625,8233.98046875,4028.36474609375
2026-06-29 00:22:00+00:00,24052.80078125,7337.81005859375,68894.0234375,22671.859375,10515.2001953125,24681.509765625,8199.7197265625,4028.36474609375
2026-06-29 00:23:00+00:00,24052.80078125,7337.81005859375,68844.09375,22671.859375,10515.2001953125,24681.509765625,8204.26953125,4028.36474609375
2026-06-29 00:24:00+00:00,24052.80078125,7337.81005859375,68918.796875,22671.859375,10515.2001953125,24681.509765625,8210.599609375,4028.36474609375
2026-06-29 00:25:00+00:00,24052.80078125,7337.81005859375,68831.7734375,22671.859375,10515.2001953125,24681.509765625,8221.9296875,4028.36474609375
2026-06-29 00:26:00+00:00,24052.80078125,7337.81005859375,68836.7265625,22671.859375,10515.2001953125,24681.509765625,8195.1904296875,4028.36474609375
2026-06-29 00:27:00+00:00,24052.80078125,7337.81005859375,68767.4375,22671.859375,10515.2001953125,24681.509765625,8193.8798828125,4028.36474609375
2026-06-29 00:28:00+00:00,24052.80078125,7337.81005859375,68671.5390625,22671.859375,10515.2001953125,24681.509765625,8168.85986328125,4028.36474609375
2026-06-29 00:29:00+00:00,24052.80078125,7337.81005859375,68569.453125,22671.859375,10515.2001953125,24681.509765625,8158.27978515625,4028.36474609375
2026-06-29 00:30:00+00:00,24052.80078125,7337.81005859375,68571.3984375,22671.859375,10515.2001953125,24681.509765625,8186.93017578125,4028.36474609375
2026-06-29 00:31:00+00:00,24052.80078125,7337.81005859375,68469.671875,22671.859375,10515.2001953125,24681.509765625,8149.85009765625,4028.36474609375
2026-06-29 00:32:00+00:00,24052.80078125,7337.81005859375,68384.828125,22671.859375,10515.2001953125,24681.509765625,8146.89990234375,4028.36474609375
2026-06-29 00:33:00+00:00,24052.80078125,7337.81005859375,68410.53125,22671.859375,10515.2001953125,24681.509765625,8168.580078125,4028.36474609375
2026-06-29 00:34:00+00:00,24052.80078125,7337.81005859375,68264.671875,22671.859375,10515.2001953125,24681.509765625,8139.580078125,4028.36474609375
2026-06-29 00:35:00+00:00,24052.80078125,7337.81005859375,68111.1328125,22671.859375,10515.2001953125,24681.509765625,8142.81005859375,4028.36474609375
2026-06-29 00:36:00+00:00,24052.80078125,7337.81005859375,68129.890625,22671.859375,10515.2001953125,24681.509765625,8165.22021484375,4028.36474609375
2026-06-29 00:37:00+00:00,24052.80078125,7337.81005859375,68035.1484375,22671.859375,10515.2001953125,24681.509765625,8176.27001953125,4028.36474609375
2026-06-29 00:38:00+00:00,24052.80078125,7337.81005859375,68066.2890625,22671.859375,10515.2001953125,24681.509765625,8189.35009765625,4028.36474609375
2026-06-29 00:39:00+00:00,24052.80078125,7337.81005859375,68121.7265625,22671.859375,10515.2001953125,24681.509765625,8177.3798828125,4028.36474609375
2026-06-29 00:40:00+00:00,24052.80078125,7337.81005859375,68341.34375,22671.859375,10515.2001953125,24681.509765625,8209.6201171875,4028.36474609375
2026-06-29 00:41:00+00:00,24052.80078125,7337.81005859375,68432.640625,22671.859375,10515.2001953125,24681.509765625,8236.6298828125,4028.36474609375
2026-06-29 00:42:00+00:00,24052.80078125,7337.81005859375,68577.609375,22671.859375,10515.2001953125,24681.509765625,8254.4501953125,4028.36474609375
2026-06-29 00:43:00+00:00,24052.80078125,7337.81005859375,68519.0625,22671.859375,10515.2001953125,24681.509765625,8247.0703125,4028.36474609375
2026-06-29 00:44:00+00:00,24052.80078125,7337.81005859375,68646.59375,22671.859375,10515.2001953125,24681.509765625,8245.0400390625,4028.36474609375
2026-06-29 00:45:00+00:00,24052.80078125,7337.81005859375,68473.9765625,22671.859375,10515.2001953125,24681.509765625,8217.490234375,4028.36474609375
2026-06-29 00:46:00+00:00,24052.80078125,7337.81005859375,68393.203125,22671.859375,10515.2001953125,24681.509765625,8207.08984375,4028.36474609375
2026-06-29 00:47:00+00:00,24052.80078125,7337.81005859375,68268.703125,22671.859375,10515.2001953125,24681.509765625,8182.3798828125,4028.36474609375
2026-06-29 00:48:00+00:00,24052.80078125,7337.81005859375,68372.4609375,22671.859375,10515.2001953125,24681.509765625,8158.22998046875,4028.36474609375
2026-06-29 00:49:00+00:00,24052.80078125,7337.81005859375,68457.7265625,22671.859375,10515.2001953125,24681.509765625,8186.6298828125,4028.36474609375
2026-06-29 00:50:00+00:00,24052.80078125,7337.81005859375,68464.8671875,22671.859375,10515.2001953125,24681.509765625,8213.76953125,4028.36474609375
2026-06-29 00:51:00+00:00,24052.80078125,7337.81005859375,68620.8125,22671.859375,10515.2001953125,24681.509765625,8240.490234375,4028.36474609375
2026-06-29 00:52:00+00:00,24052.80078125,7337.81005859375,68704.3828125,22671.859375,10515.2001953125,24681.509765625,8251.099609375,4028.36474609375
2026-06-29 00:53:00+00:00,24052.80078125,7337.81005859375,68678.8203125,22671.859375,10515.2001953125,24681.509765625,8258.650390625,4028.36474609375
2026-06-29 00:54:00+00:00,24052.80078125,7337.81005859375,68676.3125,22671.859375,10515.2001953125,24681.509765625,8271.9697265625,4028.36474609375
2026-06-29 00:55:00+00:00,24052.80078125,7337.81005859375,68737.09375,22671.859375,10515.2001953125,24681.509765625,8283.08984375,4028.36474609375
2026-06-29 00:56:00+00:00,24052.80078125,7337.81005859375,68740.828125,22671.859375,10515.2001953125,24681.509765625,8288.1298828125,4028.36474609375
2026-06-29 00:57:00+00:00,24052.80078125,7337.81005859375,68777.1328125,22671.859375,10515.2001953125,24681.509765625,8297.7001953125,4028.36474609375
2026-06-29 00:58:00+00:00,24052.80078125,7337.81005859375,68855.3203125,22671.859375,10515.2001953125,24681.509765625,8314.1904296875,4028.36474609375
2026-06-29 00:59:00+00:00,24052.80078125,7337.81005859375,68935.109375,22671.859375,10515.2001953125,24681.509765625,8316.7802734375,4028.36474609375
2026-06-29 01:00:00+00:00,24052.80078125,7337.81005859375,68952.25,22671.859375,10515.2001953125,24681.509765625,8324.0703125,4028.36474609375
2026-06-29 01:01:00+00:00,24052.80078125,7337.81005859375,68925.359375,22671.859375,10515.2001953125,24681.509765625,8304.4296875,4028.36474609375
2026-06-29 01:02:00+00:00,24052.80078125,7337.81005859375,68816.59375,22671.859375,10515.2001953125,24681.509765625,8283.0703125,4028.36474609375
2026-06-29 01:03:00+00:00,24052.80078125,7337.81005859375,68813.140625,22671.859375,10515.2001953125,24681.509765625,8273.08984375,4028.36474609375
2026-06-29 01:04:00+00:00,24052.80078125,7337.81005859375,68809.3125,22671.859375,10515.2001953125,24681.509765625,8266.099609375,4028.36474609375
2026-06-29 01:05:00+00:00,24052.80078125,7337.81005859375,68778.3671875,22671.859375,10515.2001953125,24681.509765625,8298.900390625,4028.36474609375
2026-06-29 01:06:00+00:00,24052.80078125,7337.81005859375,68906.3671875,22671.859375,10515.2001953125,24681.509765625,8328.2998046875,4028.36474609375
2026-06-29 01:07:00+00:00,24052.80078125,7337.81005859375,68862.859375,22671.859375,10515.2001953125,24681.509765625,8320.3798828125,4028.36474609375
2026-06-29 01:08:00+00:00,24052.80078125,7337.81005859375,68749.0625,22671.859375,10515.2001953125,24681.509765625,8305.2099609375,4028.36474609375
2026-06-29 01:09:00+00:00,24052.80078125,7337.81005859375,68828.6171875,22671.859375,10515.2001953125,24681.509765625,8307.5498046875,4028.36474609375
2026-06-29 01:10:00+00:00,24052.80078125,7337.81005859375,68865.6484375,22671.859375,10515.2001953125,24681.509765625,8310.8095703125,4028.36474609375
2026-06-29 01:11:00+00:00,24052.80078125,7337.81005859375,68810.4765625,22671.859375,10515.2001953125,24681.509765625,8292.1103515625,4028.36474609375
2026-06-29 01:12:00+00:00,24052.80078125,7337.81005859375,68780.4921875,22671.859375,10515.2001953125,24681.509765625,8275.16015625,4028.36474609375
2026-06-29 01:13:00+00:00,24052.80078125,7337.81005859375,68676.453125,22671.859375,10515.2001953125,24681.509765625,8264.9501953125,4028.36474609375
2026-06-29 01:14:00+00:00,24052.80078125,7337.81005859375,68741.5,22671.859375,10515.2001953125,24681.509765625,8271.6796875,4028.36474609375
2026-06-29 01:15:00+00:00,24052.80078125,7337.81005859375,68812.03125,22671.859375,10515.2001953125,24681.509765625,8275.650390625,4028.36474609375
2026-06-29 01:16:00+00:00,24052.80078125,7337.81005859375,68707.2421875,22671.859375,10515.2001953125,24681.509765625,8277.900390625,4028.36474609375
2026-06-29 01:17:00+00:00,24052.80078125,7337.81005859375,68598.6484375,22671.859375,10515.2001953125,24681.509765625,8245.08984375,4028.36474609375
2026-06-29 01:18:00+00:00,24052.80078125,7337.81005859375,68567.6484375,22671.859375,10515.2001953125,24681.509765625,8249.0,4028.36474609375
2026-06-29 01:19:00+00:00,24052.80078125,7337.81005859375,68641.2578125,22671.859375,10515.2001953125,24681.509765625,8261.7001953125,4028.36474609375
2026-06-29 01:20:00+00:00,24052.80078125,7337.81005859375,68657.03125,22671.859375,10515.2001953125,24681.509765625,8273.1904296875,4028.36474609375
2026-06-29 01:21:00+00:00,24052.80078125,7337.81005859375,68695.109375,22671.859375,10515.2001953125,24681.509765625,8300.4404296875,4028.36474609375
2026-06-29 01:22:00+00:00,24052.80078125,7337.81005859375,68684.3828125,22671.859375,10515.2001953125,24681.509765625,8286.0400390625,4028.36474609375
2026-06-29 01:23:00+00:00,24052.80078125,7337.81005859375,68692.546875,22671.859375,10515.2001953125,24681.509765625,8268.3603515625,4028.36474609375
2026-06-29 01:24:00+00:00,24052.80078125,7337.81005859375,68699.2734375,22671.859375,10515.2001953125,24681.509765625,8269.91015625,4028.36474609375
2026-06-29 01:25:00+00:00,24052.80078125,7337.81005859375,68652.390625,22671.859375,10515.2001953125,24681.509765625,8275.330078125,4028.36474609375
2026-06-29 01:26:00+00:00,24052.80078125,7337.81005859375,68737.71875,22671.859375,10515.2001953125,24681.509765625,8274.1904296875,4028.36474609375
2026-06-29 01:27:00+00:00,24052.80078125,7337.81005859375,68648.65625,22671.859375,10515.2001953125,24681.509765625,8266.08984375,4028.36474609375
2026-06-29 01:28:00+00:00,24052.80078125,7337.81005859375,68666.84375,22671.859375,10515.2001953125,24681.509765625,8263.5,4028.36474609375
2026-06-29 01:29:00+00:00,24052.80078125,7337.81005859375,68551.0625,22671.859375,10515.2001953125,24681.509765625,8260.2998046875,4028.36474609375
2026-06-29 01:30:00+00:00,24052.80078125,7337.81005859375,68517.7890625,22852.51953125,10515.2001953125,24681.509765625,8270.900390625,4027.287109375
2026-06-29 01:31:00+00:00,24052.80078125,7337.81005859375,68475.75,22831.369140625,10515.2001953125,24681.509765625,8291.9404296875,4020.52587890625
2026-06-29 01:32:00+00:00,24052.80078125,7337.81005859375,68644.1796875,22810.9609375,10515.2001953125,24681.509765625,8311.3701171875,4017.731689453125
2026-06-29 01:33:00+00:00,24052.80078125,7337.81005859375,68629.4609375,22820.099609375,10515.2001953125,24681.509765625,8304.1904296875,4017.0888671875
2026-06-29 01:34:00+00:00,24052.80078125,7337.81005859375,68649.46875,22831.689453125,10515.2001953125,24681.509765625,8290.419921875,4014.648681640625
2026-06-29 01:35:00+00:00,24052.80078125,7337.81005859375,68839.921875,22839.25,10515.2001953125,24681.509765625,8315.41015625,4018.614501953125
2026-06-29 01:36:00+00:00,24052.80078125,7337.81005859375,69042.859375,22840.6796875,10515.2001953125,24681.509765625,8330.5595703125,4020.6953125
2026-06-29 01:37:00+00:00,24052.80078125,7337.81005859375,69036.4609375,22826.630859375,10515.2001953125,24681.509765625,8324.830078125,4024.188232421875
2026-06-29 01:38:00+00:00,24052.80078125,7337.81005859375,69028.5703125,22847.099609375,10515.2001953125,24681.509765625,8323.490234375,4022.062255859375
2026-06-29 01:39:00+00:00,24052.80078125,7337.81005859375,69111.2734375,22879.2109375,10515.2001953125,24681.509765625,8333.900390625,4022.49658203125
2026-06-29 01:40:00+00:00,24052.80078125,7337.81005859375,69108.40625,22899.279296875,10515.2001953125,24681.509765625,8354.1796875,4027.87841796875
2026-06-29 01:41:00+00:00,24052.80078125,7337.81005859375,69152.828125,22893.189453125,10515.2001953125,24681.509765625,8369.23046875,4028.463134765625
2026-06-29 01:42:00+00:00,24052.80078125,7337.81005859375,69104.5,22886.73046875,10515.2001953125,24681.509765625,8363.5302734375,4036.1083984375
2026-06-29 01:43:00+00:00,24052.80078125,7337.81005859375,69115.8828125,22843.689453125,10515.2001953125,24681.509765625,8374.669921875,4034.591064453125
2026-06-29 01:44:00+00:00,24052.80078125,7337.81005859375,69075.546875,22858.529296875,10515.2001953125,24681.509765625,8368.4697265625,4030.6640625
2026-06-29 01:45:00+00:00,24052.80078125,7337.81005859375,68983.8515625,22812.51953125,10515.2001953125,24681.509765625,8337.7197265625,4028.16943359375
2026-06-29 01:46:00+00:00,24052.80078125,7337.81005859375,69013.5,22812.349609375,10515.2001953125,24681.509765625,8339.7001953125,4025.235107421875
2026-06-29 01:47:00+00:00,24052.80078125,7337.81005859375,68941.7421875,22819.689453125,10515.2001953125,24681.509765625,8325.2001953125,4020.697509765625
2026-06-29 01:48:00+00:00,24052.80078125,7337.81005859375,68925.1484375,22819.919921875,10515.2001953125,24681.509765625,8325.48046875,4021.106201171875
2026-06-29 01:49:00+00:00,24052.80078125,7337.81005859375,68936.9765625,22826.609375,10515.2001953125,24681.509765625,8337.240234375,4019.396240234375
2026-06-29 01:50:00+00:00,24052.80078125,7337.81005859375,68974.71875,22817.0,10515.2001953125,24681.509765625,8332.3798828125,4016.63671875
2026-06-29 01:51:00+00:00,24052.80078125,7337.81005859375,68943.90625,22808.140625,10515.2001953125,24681.509765625,8309.919921875,4017.552490234375
2026-06-29 01:52:00+00:00,24052.80078125,7337.81005859375,68969.4296875,22838.9609375,10515.2001953125,24681.509765625,8320.66015625,4018.25390625
2026-06-29 01:53:00+00:00,24052.80078125,7337.81005859375,68963.65625,22817.80078125,10515.2001953125,24681.509765625,8324.1796875,4015.29638671875
2026-06-29 01:54:00+00:00,24052.80078125,7337.81005859375,68969.671875,22866.75,10515.2001953125,24681.509765625,8318.650390625,4016.427490234375
2026-06-29 01:55:00+00:00,24052.80078125,7337.81005859375,68987.4609375,22869.580078125,10515.2001953125,24681.509765625,8319.0498046875,4018.898681640625
2026-06-29 01:56:00+00:00,24052.80078125,7337.81005859375,69086.5234375,22910.650390625,10515.2001953125,24681.509765625,8314.150390625,4021.236328125
2026-06-29 01:57:00+00:00,24052.80078125,7337.81005859375,68959.0078125,22896.240234375,10515.2001953125,24681.509765625,8303.9296875,4019.583984375
2026-06-29 01:58:00+00:00,24052.80078125,7337.81005859375,69049.609375,22894.1796875,10515.2001953125,24681.509765625,8309.3095703125,4018.57373046875
2026-06-29 01:59:00+00:00,24052.80078125,7337.81005859375,68982.2421875,22862.08984375,10515.2001953125,24681.509765625,8287.0498046875,4021.2958984375
2026-06-29 02:00:00+00:00,24052.80078125,7337.81005859375,68870.8828125,22883.55078125,10515.2001953125,24681.509765625,8295.3798828125,4025.51953125
2026-06-29 02:01:00+00:00,24052.80078125,7337.81005859375,68842.25,22890.44921875,10515.2001953125,24681.509765625,8294.75,4035.546142578125
2026-06-29 02:02:00+00:00,24052.80078125,7337.81005859375,68918.9921875,22901.939453125,10515.2001953125,24681.509765625,8288.83984375,4031.912841796875
2026-06-29 02:03:00+00:00,24052.80078125,7337.81005859375,68867.09375,22921.509765625,10515.2001953125,24681.509765625,8265.4697265625,4031.955078125
2026-06-29 02:04:00+00:00,24052.80078125,7337.81005859375,68865.3125,22927.970703125,10515.2001953125,24681.509765625,8255.990234375,4028.73291015625
2026-06-29 02:05:00+00:00,24052.80078125,7337.81005859375,68876.546875,22942.259765625,10515.2001953125,24681.509765625,8270.240234375,4023.062744140625
2026-06-29 02:06:00+00:00,24052.80078125,7337.81005859375,68772.921875,22956.4296875,10515.2001953125,24681.509765625,8256.75,4029.14990234375
2026-06-29 02:07:00+00:00,24052.80078125,7337.81005859375,68753.703125,22935.08984375,10515.2001953125,24681.509765625,8254.41015625,4026.884521484375
2026-06-29 02:08:00+00:00,24052.80078125,7337.81005859375,68761.203125,22895.189453125,10515.2001953125,24681.509765625,8253.3701171875,4017.5107421875
2026-06-29 02:09:00+00:00,24052.80078125,7337.81005859375,68778.8984375,22882.94921875,10515.2001953125,24681.509765625,8256.830078125,4013.18994140625
2026-06-29 02:10:00+00:00,24052.80078125,7337.81005859375,68765.75,22907.7109375,10515.2001953125,24681.509765625,8261.0595703125,4012.828369140625
2026-06-29 02:11:00+00:00,24052.80078125,7337.81005859375,68718.1015625,22922.080078125,10515.2001953125,24681.509765625,8264.9697265625,4012.961181640625
2026-06-29 02:12:00+00:00,24052.80078125,7337.81005859375,68664.109375,22920.599609375,10515.2001953125,24681.509765625,8242.5498046875,4003.4375
2026-06-29 02:13:00+00:00,24052.80078125,7337.81005859375,68585.6484375,22896.19921875,10515.2001953125,24681.509765625,8225.0498046875,3997.03271484375
2026-06-29 02:14:00+00:00,24052.80078125,7337.81005859375,68551.71875,22857.900390625,10515.2001953125,24681.509765625,8207.259765625,3994.7197265625
2026-06-29 02:15:00+00:00,24052.80078125,7337.81005859375,68502.5078125,22856.779296875,10515.2001953125,24681.509765625,8214.26953125,3997.392822265625
2026-06-29 02:16:00+00:00,24052.80078125,7337.81005859375,68612.609375,22924.2109375,10515.2001953125,24681.509765625,8215.0,4012.998046875
2026-06-29 02:17:00+00:00,24052.80078125,7337.81005859375,68661.9375,22969.359375,10515.2001953125,24681.509765625,8219.150390625,4015.233154296875
2026-06-29 02:18:00+00:00,24052.80078125,7337.81005859375,68729.40625,22994.76953125,10515.2001953125,24681.509765625,8235.9501953125,4016.23779296875
2026-06-29 02:19:00+00:00,24052.80078125,7337.81005859375,68699.8828125,22995.08984375,10515.2001953125,24681.509765625,8245.7802734375,4011.77783203125
2026-06-29 02:20:00+00:00,24052.80078125,7337.81005859375,68730.7109375,22992.69921875,10515.2001953125,24681.509765625,8235.6298828125,4007.140380859375
2026-06-29 02:21:00+00:00,24052.80078125,7337.81005859375,68833.2421875,23012.5,10515.2001953125,24681.509765625,8246.599609375,4012.3271484375
2026-06-29 02:22:00+00:00,24052.80078125,7337.81005859375,68792.09375,23026.140625,10515.2001953125,24681.509765625,8253.919921875,4015.302734375
2026-06-29 02:23:00+00:00,24052.80078125,7337.81005859375,68794.421875,23034.470703125,10515.2001953125,24681.509765625,8261.7099609375,4021.791015625
2026-06-29 02:24:00+00:00,24052.80078125,7337.81005859375,68766.3671875,23034.150390625,10515.2001953125,24681.509765625,8256.7802734375,4028.549072265625
2026-06-29 02:25:00+00:00,24052.80078125,7337.81005859375,68725.28125,23040.58984375,10515.2001953125,24681.509765625,8243.740234375,4036.740234375
2026-06-29 02:26:00+00:00,24052.80078125,7337.81005859375,68763.3671875,23047.400390625,10515.2001953125,24681.509765625,8249.9296875,4039.525390625
2026-06-29 02:27:00+00:00,24052.80078125,7337.81005859375,68834.2890625,23057.859375,10515.2001953125,24681.509765625,8280.9599609375,4040.43701171875
2026-06-29 02:28:00+00:00,24052.80078125,7337.81005859375,68862.2578125,23066.369140625,10515.2001953125,24681.509765625,8273.7099609375,4038.82763671875
2026-06-29 02:29:00+00:00,24052.80078125,7337.81005859375,68864.8515625,23071.169921875,10515.2001953125,24681.509765625,8264.2001953125,4038.7607421875
2026-06-29 02:30:00+00:00,24052.80078125,7337.81005859375,68869.4296875,23069.560546875,10515.2001953125,24681.509765625,8266.330078125,4037.17529296875
2026-06-29 02:31:00+00:00,24052.80078125,7337.81005859375,68869.4296875,23084.259765625,10515.2001953125,24681.509765625,8245.5595703125,4032.068359375
2026-06-29 02:32:00+00:00,24052.80078125,7337.81005859375,68869.4296875,23077.9296875,10515.2001953125,24681.509765625,8243.2001953125,4029.073486328125
2026-06-29 02:33:00+00:00,24052.80078125,7337.81005859375,68869.4296875,23052.9609375,10515.2001953125,24681.509765625,8232.0498046875,4022.84619140625
2026-06-29 02:34:00+00:00,24052.80078125,7337.81005859375,68869.4296875,23038.41015625,10515.2001953125,24681.509765625,8233.8798828125,4015.748779296875
2026-06-29 02:35:00+00:00,24052.80078125,7337.81005859375,68869.4296875,23020.689453125,10515.2001953125,24681.509765625,8235.1904296875,4009.48291015625
2026-06-29 02:36:00+00:00,24052.80078125,7337.81005859375,68869.4296875,22996.2890625,10515.2001953125,24681.509765625,8231.58984375,4003.521240234375
2026-06-29 02:37:00+00:00,24052.80078125,7337.81005859375,68869.4296875,22983.1796875,10515.2001953125,24681.509765625,8225.01953125,4004.0087890625
2026-06-29 02:38:00+00:00,24052.80078125,7337.81005859375,68869.4296875,23003.259765625,10515.2001953125,24681.509765625,8239.91015625,4007.533935546875
2026-06-29 02:39:00+00:00,24052.80078125,7337.81005859375,68869.4296875,23003.140625,10515.2001953125,24681.509765625,8239.509765625,4010.1806640625
2026-06-29 02:40:00+00:00,24052.80078125,7337.81005859375,68869.4296875,22999.619140625,10515.2001953125,24681.509765625,8250.580078125,4012.33642578125
2026-06-29 02:41:00+00:00,24052.80078125,7337.81005859375,68869.4296875,22992.740234375,10515.2001953125,24681.509765625,8259.4599609375,4014.518310546875
2026-06-29 02:42:00+00:00,24052.80078125,7337.81005859375,68869.4296875,22983.669921875,10515.2001953125,24681.509765625,8270.3896484375,4011.258056640625
2026-06-29 02:43:00+00:00,24052.80078125,7337.81005859375,68869.4296875,22999.80078125,10515.2001953125,24681.509765625,8271.7998046875,4010.05712890625
2026-06-29 02:44:00+00:00,24052.80078125,7337.81005859375,68869.4296875,23013.75,10515.2001953125,24681.509765625,8277.8203125,4015.915283203125
2026-06-29 02:45:00+00:00,24052.80078125,7337.81005859375,68869.4296875,23031.169921875,10515.2001953125,24681.509765625,8288.1201171875,4019.100341796875
2026-06-29 02:46:00+00:00,24052.80078125,7337.81005859375,68869.4296875,23045.599609375,10515.2001953125,24681.509765625,8287.01953125,4023.74267578125
2026-06-29 02:47:00+00:00,24052.80078125,7337.81005859375,68869.4296875,23045.349609375,10515.2001953125,24681.509765625,8275.5595703125,4024.869873046875
2026-06-29 02:48:00+00:00,24052.80078125,7337.81005859375,68869.4296875,23065.619140625,10515.2001953125,24681.509765625,8278.919921875,4026.415283203125
2026-06-29 02:49:00+00:00,24052.80078125,7337.81005859375,68869.4296875,23060.169921875,10515.2001953125,24681.509765625,8275.2197265625,4026.518310546875
2026-06-29 02:50:00+00:00,24052.80078125,7337.81005859375,68869.4296875,23097.009765625,10515.2001953125,24681.509765625,8271.66015625,4029.709716796875
2026-06-29 02:51:00+00:00,24052.80078125,7337.81005859375,68869.4296875,23093.109375,10515.2001953125,24681.509765625,8260.6103515625,4030.748046875
2026-06-29 02:52:00+00:00,24052.80078125,7337.81005859375,68869.4296875,23102.609375,10515.2001953125,24681.509765625,8257.5498046875,4031.7255859375
2026-06-29 02:53:00+00:00,24052.80078125,7337.81005859375,68869.4296875,23081.91015625,10515.2001953125,24681.509765625,8241.0703125,4026.3046875
2026-06-29 02:54:00+00:00,24052.80078125,7337.81005859375,68869.4296875,23096.66015625,10515.2001953125,24681.509765625,8244.48046875,4026.769287109375
2026-06-29 02:55:00+00:00,24052.80078125,7337.81005859375,68869.4296875,23116.830078125,10515.2001953125,24681.509765625,8253.259765625,4030.080322265625
2026-06-29 02:56:00+00:00,24052.80078125,7337.81005859375,68869.4296875,23114.30078125,10515.2001953125,24681.509765625,8249.0400390625,4032.854736328125
2026-06-29 02:57:00+00:00,24052.80078125,7337.81005859375,68869.4296875,23105.419921875,10515.2001953125,24681.509765625,8255.759765625,4035.71728515625
2026-06-29 02:58:00+00:00,24052.80078125,7337.81005859375,68869.4296875,23125.119140625,10515.2001953125,24681.509765625,8261.6201171875,4036.696533203125
2026-06-29 02:59:00+00:00,24052.80078125,7337.81005859375,68869.4296875,23105.830078125,10515.2001953125,24681.509765625,8250.9599609375,4037.7275390625
2026-06-29 03:00:00+00:00,24052.80078125,7337.81005859375,68869.4296875,23111.830078125,10515.2001953125,24681.509765625,8268.1396484375,4042.40966796875
2026-06-29 03:01:00+00:00,24052.80078125,7337.81005859375,68869.4296875,23106.740234375,10515.2001953125,24681.509765625,8263.490234375,4042.301513671875
2026-06-29 03:02:00+00:00,24052.80078125,7337.81005859375,68869.4296875,23103.099609375,10515.2001953125,24681.509765625,8295.0703125,4040.905029296875
2026-06-29 03:03:00+00:00,24052.80078125,7337.81005859375,68869.4296875,23110.630859375,10515.2001953125,24681.509765625,8289.7099609375,4038.052001953125
2026-06-29 03:04:00+00:00,24052.80078125,7337.81005859375,68869.4296875,23097.560546875,10515.2001953125,24681.509765625,8284.3798828125,4038.010009765625
2026-06-29 03:05:00+00:00,24052.80078125,7337.81005859375,68869.4296875,23091.69921875,10515.2001953125,24681.509765625,8289.83984375,4038.780029296875
2026-06-29 03:06:00+00:00,24052.80078125,7337.81005859375,68869.4296875,23072.2890625,10515.2001953125,24681.509765625,8278.330078125,4037.97802734375
2026-06-29 03:07:00+00:00,24052.80078125,7337.81005859375,68869.4296875,23064.150390625,10515.2001953125,24681.509765625,8258.83984375,4036.524169921875
2026-06-29 03:08:00+00:00,24052.80078125,7337.81005859375,68869.4296875,23098.98046875,10515.2001953125,24681.509765625,8248.6298828125,4039.876953125
2026-06-29 03:09:00+00:00,24052.80078125,7337.81005859375,68869.4296875,23125.029296875,10515.2001953125,24681.509765625,8252.8203125,4042.2548828125
2026-06-29 03:10:00+00:00,24052.80078125,7337.81005859375,68869.4296875,23120.73046875,10515.2001953125,24681.509765625,8251.4404296875,4039.57080078125
2026-06-29 03:11:00+00:00,24052.80078125,7337.81005859375,68869.4296875,23093.380859375,10515.2001953125,24681.509765625,8244.5302734375,4033.18359375
2026-06-29 03:12:00+00:00,24052.80078125,7337.81005859375,68869.4296875,23088.5390625,10515.2001953125,24681.509765625,8236.669921875,4030.81201171875
2026-06-29 03:13:00+00:00,24052.80078125,7337.81005859375,68869.4296875,23109.9296875,10515.2001953125,24681.509765625,8231.91015625,4034.412109375
2026-06-29 03:14:00+00:00,24052.80078125,7337.81005859375,68869.4296875,23106.94921875,10515.2001953125,24681.509765625,8236.5400390625,4040.14990234375
2026-06-29 03:15:00+00:00,24052.80078125,7337.81005859375,68869.4296875,23124.109375,10515.2001953125,24681.509765625,8234.9697265625,4041.70361328125
2026-06-29 03:16:00+00:00,24052.80078125,7337.81005859375,68869.4296875,23125.8203125,10515.2001953125,24681.509765625,8229.08984375,4042.158203125
2026-06-29 03:17:00+00:00,24052.80078125,7337.81005859375,68869.4296875,23114.009765625,10515.2001953125,24681.509765625,8228.919921875,4042.777587890625
2026-06-29 03:18:00+00:00,24052.80078125,7337.81005859375,68869.4296875,23094.7109375,10515.2001953125,24681.509765625,8230.1396484375,4040.342041015625
2026-06-29 03:19:00+00:00,24052.80078125,7337.81005859375,68869.4296875,23096.150390625,10515.2001953125,24681.509765625,8228.3603515625,4039.49951171875
2026-06-29 03:20:00+00:00,24052.80078125,7337.81005859375,68869.4296875,23102.94921875,10515.2001953125,24681.509765625,8235.75,4039.73388671875
2026-06-29 03:21:00+00:00,24052.80078125,7337.81005859375,68869.4296875,23092.7890625,10515.2001953125,24681.509765625,8246.330078125,4039.3623046875
2026-06-29 03:22:00+00:00,24052.80078125,7337.81005859375,68869.4296875,23110.23046875,10515.2001953125,24681.509765625,8251.9599609375,4036.76708984375
2026-06-29 03:23:00+00:00,24052.80078125,7337.81005859375,68869.4296875,23111.26953125,10515.2001953125,24681.509765625,8245.849609375,4033.5205078125
2026-06-29 03:24:00+00:00,24052.80078125,7337.81005859375,68869.4296875,23128.66015625,10515.2001953125,24681.509765625,8229.4501953125,4031.521240234375
2026-06-29 03:25:00+00:00,24052.80078125,7337.81005859375,68869.4296875,23127.080078125,10515.2001953125,24681.509765625,8218.240234375,4032.41064453125
2026-06-29 03:26:00+00:00,24052.80078125,7337.81005859375,68869.4296875,23123.0390625,10515.2001953125,24681.509765625,8230.5498046875,4029.830322265625
2026-06-29 03:27:00+00:00,24052.80078125,7337.81005859375,68869.4296875,23140.609375,10515.2001953125,24681.509765625,8225.849609375,4027.8857421875
2026-06-29 03:28:00+00:00,24052.80078125,7337.81005859375,68869.4296875,23154.919921875,10515.2001953125,24681.509765625,8250.349609375,4031.22119140625
2026-06-29 03:29:00+00:00,24052.80078125,7337.81005859375,68869.4296875,23156.599609375,10515.2001953125,24681.509765625,8250.1796875,4032.38623046875
2026-06-29 03:30:00+00:00,24052.80078125,7337.81005859375,68900.140625,23153.240234375,10515.2001953125,24681.509765625,8249.650390625,4034.083984375
2026-06-29 03:31:00+00:00,24052.80078125,7337.81005859375,68832.78125,23148.060546875,10515.2001953125,24681.509765625,8227.9697265625,4034.083984375
2026-06-29 03:32:00+00:00,24052.80078125,7337.81005859375,68747.453125,23155.640625,10515.2001953125,24681.509765625,8206.8203125,4034.083984375
2026-06-29 03:33:00+00:00,24052.80078125,7337.81005859375,68699.453125,23148.83984375,10515.2001953125,24681.509765625,8203.2197265625,4034.083984375
2026-06-29 03:34:00+00:00,24052.80078125,7337.81005859375,68722.609375,23147.73046875,10515.2001953125,24681.509765625,8200.4501953125,4034.083984375
2026-06-29 03:35:00+00:00,24052.80078125,7337.81005859375,68682.796875,23154.630859375,10515.2001953125,24681.509765625,8192.849609375,4034.083984375
2026-06-29 03:36:00+00:00,24052.80078125,7337.81005859375,68644.6796875,23159.359375,10515.2001953125,24681.509765625,8187.0400390625,4034.083984375
2026-06-29 03:37:00+00:00,24052.80078125,7337.81005859375,68665.609375,23172.080078125,10515.2001953125,24681.509765625,8192.2900390625,4034.083984375
2026-06-29 03:38:00+00:00,24052.80078125,7337.81005859375,68631.796875,23168.73046875,10515.2001953125,24681.509765625,8192.0302734375,4034.083984375
2026-06-29 03:39:00+00:00,24052.80078125,7337.81005859375,68650.0625,23165.029296875,10515.2001953125,24681.509765625,8199.3701171875,4034.083984375
2026-06-29 03:40:00+00:00,24052.80078125,7337.81005859375,68665.4765625,23172.1796875,10515.2001953125,24681.509765625,8204.2802734375,4034.083984375
2026-06-29 03:41:00+00:00,24052.80078125,7337.81005859375,68691.3125,23172.1796875,10515.2001953125,24681.509765625,8195.1298828125,4034.083984375
2026-06-29 03:42:00+00:00,24052.80078125,7337.81005859375,68662.421875,23166.169921875,10515.2001953125,24681.509765625,8194.919921875,4034.083984375
2026-06-29 03:43:00+00:00,24052.80078125,7337.81005859375,68616.75,23149.2109375,10515.2001953125,24681.509765625,8194.1904296875,4034.083984375
2026-06-29 03:44:00+00:00,24052.80078125,7337.81005859375,68635.1875,23155.130859375,10515.2001953125,24681.509765625,8189.4501953125,4034.083984375
2026-06-29 03:45:00+00:00,24087.69921875,7337.81005859375,68690.0234375,23160.630859375,10515.2001953125,24681.509765625,8198.6201171875,4034.083984375
2026-06-29 03:46:00+00:00,24105.25,7337.81005859375,68735.0234375,23155.83984375,10515.2001953125,24681.509765625,8211.4501953125,4034.083984375
2026-06-29 03:47:00+00:00,24086.94921875,7337.81005859375,68772.4765625,23153.900390625,10515.2001953125,24681.509765625,8211.4501953125,4034.083984375
2026-06-29 03:48:00+00:00,24100.30078125,7337.81005859375,68747.9921875,23149.529296875,10515.2001953125,24681.509765625,8232.419921875,4034.083984375
2026-06-29 03:49:00+00:00,24084.05078125,7337.81005859375,68792.921875,23171.970703125,10515.2001953125,24681.509765625,8233.240234375,4034.083984375
2026-06-29 03:50:00+00:00,24098.19921875,7337.81005859375,68844.1875,23170.849609375,10515.2001953125,24681.509765625,8240.23046875,4034.083984375
2026-06-29 03:51:00+00:00,24103.55078125,7337.81005859375,68922.3828125,23181.9296875,10515.2001953125,24681.509765625,8243.7001953125,4034.083984375
2026-06-29 03:52:00+00:00,24102.05078125,7337.81005859375,69000.2265625,23175.919921875,10515.2001953125,24681.509765625,8278.8095703125,4034.083984375
2026-06-29 03:53:00+00:00,24095.75,7337.81005859375,69014.140625,23168.4296875,10515.2001953125,24681.509765625,8294.5302734375,4034.083984375
2026-06-29 03:54:00+00:00,24080.05078125,7337.81005859375,68932.6328125,23146.69921875,10515.2001953125,24681.509765625,8292.3798828125,4034.083984375
2026-06-29 03:55:00+00:00,24076.400390625,7337.81005859375,68971.546875,23150.2890625,10515.2001953125,24681.509765625,8303.2197265625,4034.083984375
2026-06-29 03:56:00+00:00,24060.19921875,7337.81005859375,68977.40625,23135.109375,10515.2001953125,24681.509765625,8304.1298828125,4034.083984375
2026-06-29 03:57:00+00:00,24065.099609375,7337.81005859375,69013.3828125,23132.5390625,10515.2001953125,24681.509765625,8295.16015625,4034.083984375
2026-06-29 03:58:00+00:00,24064.30078125,7337.81005859375,69064.9765625,23133.33984375,10515.2001953125,24681.509765625,8323.990234375,4034.083984375
2026-06-29 03:59:00+00:00,24064.80078125,7337.81005859375,69077.46875,23145.0390625,10515.2001953125,24681.509765625,8332.26953125,4034.083984375
2026-06-29 04:00:00+00:00,24049.80078125,7337.81005859375,69005.7265625,23153.4296875,10515.2001953125,24681.509765625,8320.5400390625,4034.083984375
2026-06-29 04:01:00+00:00,24042.849609375,7337.81005859375,68972.8125,23153.4296875,10515.2001953125,24681.509765625,8315.509765625,4034.083984375
2026-06-29 04:02:00+00:00,24042.0,7337.81005859375,69005.3984375,23153.4296875,10515.2001953125,24681.509765625,8320.9501953125,4034.083984375
2026-06-29 04:03:00+00:00,24035.150390625,7337.81005859375,69034.390625,23153.4296875,10515.2001953125,24681.509765625,8334.83984375,4034.083984375
2026-06-29 04:04:00+00:00,24017.099609375,7337.81005859375,69007.171875,23153.4296875,10515.2001953125,24681.509765625,8316.58984375,4034.083984375
2026-06-29 04:05:00+00:00,24006.150390625,7337.81005859375,68934.109375,23153.890625,10515.2001953125,24681.509765625,8307.8896484375,4034.083984375
2026-06-29 04:06:00+00:00,24017.94921875,7337.81005859375,68855.671875,23153.890625,10515.2001953125,24681.509765625,8302.6298828125,4034.083984375
2026-06-29 04:07:00+00:00,24032.650390625,7337.81005859375,68916.7734375,23153.890625,10515.2001953125,24681.509765625,8311.919921875,4034.083984375
2026-06-29 04:08:00+00:00,24048.150390625,7337.81005859375,68912.90625,23153.890625,10515.2001953125,24681.509765625,8306.6298828125,4034.083984375
2026-06-29 04:09:00+00:00,24060.099609375,7337.81005859375,68966.5703125,23153.890625,10515.2001953125,24681.509765625,8303.51953125,4034.083984375
2026-06-29 04:10:00+00:00,24073.650390625,7337.81005859375,68913.34375,23153.890625,10515.2001953125,24681.509765625,8299.0400390625,4034.083984375
2026-06-29 04:11:00+00:00,24073.400390625,7337.81005859375,68834.578125,23153.890625,10515.2001953125,24681.509765625,8290.75,4034.083984375
2026-06-29 04:12:00+00:00,24078.75,7337.81005859375,68811.46875,23153.890625,10515.2001953125,24681.509765625,8294.3701171875,4034.083984375
2026-06-29 04:13:00+00:00,24082.400390625,7337.81005859375,68836.1171875,23153.890625,10515.2001953125,24681.509765625,8286.0302734375,4034.083984375
2026-06-29 04:14:00+00:00,24094.0,7337.81005859375,68838.4765625,23153.890625,10515.2001953125,24681.509765625,8295.0400390625,4034.083984375
2026-06-29 04:15:00+00:00,24084.94921875,7337.81005859375,68805.640625,23153.890625,10515.2001953125,24681.509765625,8279.900390625,4034.083984375
2026-06-29 04:16:00+00:00,24081.849609375,7337.81005859375,68792.84375,23153.890625,10515.2001953125,24681.509765625,8278.0703125,4034.083984375
2026-06-29 04:17:00+00:00,24087.849609375,7337.81005859375,68804.3515625,23153.890625,10515.2001953125,24681.509765625,8288.740234375,4034.083984375
2026-06-29 04:18:00+00:00,24092.69921875,7337.81005859375,68806.1171875,23153.890625,10515.2001953125,24681.509765625,8283.099609375,4034.083984375
2026-06-29 04:19:00+00:00,24082.69921875,7337.81005859375,68802.3515625,23153.890625,10515.2001953125,24681.509765625,8280.8798828125,4034.083984375
2026-06-29 04:20:00+00:00,24085.400390625,7337.81005859375,68768.1328125,23153.890625,10515.2001953125,24681.509765625,8267.1796875,4034.083984375
2026-06-29 04:21:00+00:00,24074.30078125,7337.81005859375,68717.8671875,23153.890625,10515.2001953125,24681.509765625,8248.9296875,4034.083984375
2026-06-29 04:22:00+00:00,24075.44921875,7337.81005859375,68703.0078125,23153.890625,10515.2001953125,24681.509765625,8243.8603515625,4034.083984375
2026-06-29 04:23:00+00:00,24075.0,7337.81005859375,68727.0234375,23153.890625,10515.2001953125,24681.509765625,8242.51953125,4034.083984375
2026-06-29 04:24:00+00:00,24072.150390625,7337.81005859375,68802.3671875,23153.890625,10515.2001953125,24681.509765625,8257.7998046875,4034.083984375
2026-06-29 04:25:00+00:00,24076.80078125,7337.81005859375,68841.6171875,23153.890625,10515.2001953125,24681.509765625,8256.76953125,4034.083984375
2026-06-29 04:26:00+00:00,24067.0,7337.81005859375,68768.34375,23153.890625,10515.2001953125,24681.509765625,8245.4501953125,4034.083984375
2026-06-29 04:27:00+00:00,24071.55078125,7337.81005859375,68766.1328125,23153.890625,10515.2001953125,24681.509765625,8245.4501953125,4034.083984375
2026-06-29 04:28:00+00:00,24079.94921875,7337.81005859375,68745.8984375,23153.890625,10515.2001953125,24681.509765625,8242.7998046875,4034.083984375
2026-06-29 04:29:00+00:00,24075.55078125,7337.81005859375,68724.859375,23153.890625,10515.2001953125,24681.509765625,8242.6396484375,4034.083984375
2026-06-29 04:30:00+00:00,24080.80078125,7337.81005859375,68702.7109375,23153.890625,10515.2001953125,24681.509765625,8240.2900390625,4034.083984375
2026-06-29 04:31:00+00:00,24080.55078125,7337.81005859375,68723.796875,23153.890625,10515.2001953125,24681.509765625,8246.8896484375,4034.083984375
2026-06-29 04:32:00+00:00,24073.400390625,7337.81005859375,68716.578125,23153.890625,10515.2001953125,24681.509765625,8247.490234375,4034.083984375
2026-06-29 04:33:00+00:00,24066.5,7337.81005859375,68695.2578125,23153.890625,10515.2001953125,24681.509765625,8241.9296875,4034.083984375
2026-06-29 04:34:00+00:00,24053.44921875,7337.81005859375,68653.9609375,23153.890625,10515.2001953125,24681.509765625,8226.5703125,4034.083984375
2026-06-29 04:35:00+00:00,24061.05078125,7337.81005859375,68637.15625,23153.890625,10515.2001953125,24681.509765625,8231.419921875,4034.083984375
2026-06-29 04:36:00+00:00,24066.94921875,7337.81005859375,68607.3671875,23153.890625,10515.2001953125,24681.509765625,8224.849609375,4034.083984375
2026-06-29 04:37:00+00:00,24076.55078125,7337.81005859375,68667.4375,23153.890625,10515.2001953125,24681.509765625,8229.6201171875,4034.083984375
2026-06-29 04:38:00+00:00,24074.849609375,7337.81005859375,68694.96875,23153.890625,10515.2001953125,24681.509765625,8238.009765625,4034.083984375
2026-06-29 04:39:00+00:00,24069.25,7337.81005859375,68615.5625,23153.890625,10515.2001953125,24681.509765625,8230.9296875,4034.083984375
2026-06-29 04:40:00+00:00,24061.75,7337.81005859375,68571.828125,23153.890625,10515.2001953125,24681.509765625,8217.6103515625,4034.083984375
2026-06-29 04:41:00+00:00,24058.94921875,7337.81005859375,68576.0703125,23153.890625,10515.2001953125,24681.509765625,8233.16015625,4034.083984375
2026-06-29 04:42:00+00:00,24067.5,7337.81005859375,68553.078125,23153.890625,10515.2001953125,24681.509765625,8223.51953125,4034.083984375
2026-06-29 04:43:00+00:00,24074.0,7337.81005859375,68598.03125,23153.890625,10515.2001953125,24681.509765625,8222.76953125,4034.083984375
2026-06-29 04:44:00+00:00,24061.80078125,7337.81005859375,68616.7109375,23153.890625,10515.2001953125,24681.509765625,8226.08984375,4034.083984375
2026-06-29 04:45:00+00:00,24055.19921875,7337.81005859375,68569.03125,23153.890625,10515.2001953125,24681.509765625,8218.2099609375,4034.083984375
2026-06-29 04:46:00+00:00,24056.69921875,7337.81005859375,68586.71875,23153.890625,10515.2001953125,24681.509765625,8218.580078125,4034.083984375
2026-06-29 04:47:00+00:00,24060.150390625,7337.81005859375,68606.8203125,23153.890625,10515.2001953125,24681.509765625,8214.5703125,4034.083984375
2026-06-29 04:48:00+00:00,24057.80078125,7337.81005859375,68659.421875,23153.890625,10515.2001953125,24681.509765625,8218.26953125,4034.083984375
2026-06-29 04:49:00+00:00,24063.900390625,7337.81005859375,68712.1484375,23153.890625,10515.2001953125,24681.509765625,8241.9501953125,4034.083984375
2026-06-29 04:50:00+00:00,24064.099609375,7337.81005859375,68672.09375,23153.890625,10515.2001953125,24681.509765625,8246.5,4034.083984375
2026-06-29 04:51:00+00:00,24061.849609375,7337.81005859375,68676.7578125,23153.890625,10515.2001953125,24681.509765625,8253.2900390625,4034.083984375
2026-06-29 04:52:00+00:00,24085.94921875,7337.81005859375,68708.21875,23153.890625,10515.2001953125,24681.509765625,8261.5703125,4034.083984375
2026-06-29 04:53:00+00:00,24090.400390625,7337.81005859375,68706.90625,23153.890625,10515.2001953125,24681.509765625,8263.5302734375,4034.083984375
2026-06-29 04:54:00+00:00,24103.05078125,7337.81005859375,68682.7734375,23153.890625,10515.2001953125,24681.509765625,8252.8701171875,4034.083984375
2026-06-29 04:55:00+00:00,24105.150390625,7337.81005859375,68573.4765625,23153.890625,10515.2001953125,24681.509765625,8233.8896484375,4034.083984375
2026-06-29 04:56:00+00:00,24115.30078125,7337.81005859375,68564.296875,23153.890625,10515.2001953125,24681.509765625,8223.5,4034.083984375
2026-06-29 04:57:00+00:00,24116.25,7337.81005859375,68582.2578125,23153.890625,10515.2001953125,24681.509765625,8223.4296875,4034.083984375
2026-06-29 04:58:00+00:00,24112.75,7337.81005859375,68550.7421875,23153.890625,10515.2001953125,24681.509765625,8209.6298828125,4034.083984375
2026-06-29 04:59:00+00:00,24112.150390625,7337.81005859375,68556.8203125,23153.890625,10515.2001953125,24681.509765625,8217.3603515625,4034.083984375
2026-06-29 05:00:00+00:00,24109.650390625,7337.81005859375,68466.8125,23104.91015625,10515.2001953125,24681.509765625,8208.8701171875,4028.097412109375
2026-06-29 05:01:00+00:00,24103.44921875,7337.81005859375,68498.890625,23103.83984375,10515.2001953125,24681.509765625,8210.650390625,4030.70556640625
2026-06-29 05:02:00+00:00,24111.849609375,7337.81005859375,68491.796875,23086.599609375,10515.2001953125,24681.509765625,8212.5,4029.80419921875
2026-06-29 05:03:00+00:00,24115.25,7337.81005859375,68503.578125,23114.650390625,10515.2001953125,24681.509765625,8226.6396484375,4032.84765625
2026-06-29 05:04:00+00:00,24105.349609375,7337.81005859375,68517.4375,23141.26953125,10515.2001953125,24681.509765625,8237.5595703125,4030.69921875
2026-06-29 05:05:00+00:00,24106.599609375,7337.81005859375,68553.390625,23142.220703125,10515.2001953125,24681.509765625,8224.1103515625,4027.232421875
2026-06-29 05:06:00+00:00,24108.75,7337.81005859375,68595.9765625,23144.55078125,10515.2001953125,24681.509765625,8243.3798828125,4024.541015625
2026-06-29 05:07:00+00:00,24098.650390625,7337.81005859375,68613.578125,23106.76953125,10515.2001953125,24681.509765625,8252.66015625,4021.936279296875
2026-06-29 05:08:00+00:00,24093.650390625,7337.81005859375,68624.328125,23094.189453125,10515.2001953125,24681.509765625,8257.349609375,4022.8837890625
2026-06-29 05:09:00+00:00,24100.150390625,7337.81005859375,68599.2578125,23100.66015625,10515.2001953125,24681.509765625,8267.7001953125,4022.3623046875
2026-06-29 05:10:00+00:00,24099.30078125,7337.81005859375,68605.140625,23117.189453125,10515.2001953125,24681.509765625,8273.919921875,4022.3017578125
2026-06-29 05:11:00+00:00,24102.69921875,7337.81005859375,68602.4375,23099.720703125,10515.2001953125,24681.509765625,8250.0595703125,4019.32763671875
2026-06-29 05:12:00+00:00,24106.30078125,7337.81005859375,68552.7421875,23087.740234375,10515.2001953125,24681.509765625,8256.0595703125,4018.602294921875
2026-06-29 05:13:00+00:00,24105.30078125,7337.81005859375,68623.4609375,23090.83984375,10515.2001953125,24681.509765625,8259.599609375,4019.247314453125
2026-06-29 05:14:00+00:00,24112.30078125,7337.81005859375,68673.6328125,23091.630859375,10515.2001953125,24681.509765625,8276.8798828125,4020.03955078125
2026-06-29 05:15:00+00:00,24108.05078125,7337.81005859375,68727.828125,23090.7890625,10515.2001953125,24681.509765625,8303.75,4019.649169921875
2026-06-29 05:16:00+00:00,24094.55078125,7337.81005859375,68710.03125,23105.94921875,10515.2001953125,24681.509765625,8302.5703125,4025.208984375
2026-06-29 05:17:00+00:00,24093.400390625,7337.81005859375,68682.8671875,23105.0390625,10515.2001953125,24681.509765625,8300.419921875,4024.73828125
2026-06-29 05:18:00+00:00,24085.099609375,7337.81005859375,68635.921875,23111.529296875,10515.2001953125,24681.509765625,8294.900390625,4026.502685546875
2026-06-29 05:19:00+00:00,24082.650390625,7337.81005859375,68626.9765625,23108.30078125,10515.2001953125,24681.509765625,8303.490234375,4026.017333984375
2026-06-29 05:20:00+00:00,24070.44921875,7337.81005859375,68698.46875,23108.4609375,10515.2001953125,24681.509765625,8310.3603515625,4026.87060546875
2026-06-29 05:21:00+00:00,24061.5,7337.81005859375,68702.5078125,23096.58984375,10515.2001953125,24681.509765625,8311.4697265625,4024.7626953125
2026-06-29 05:22:00+00:00,24056.25,7337.81005859375,68727.6328125,23095.2109375,10515.2001953125,24681.509765625,8311.0595703125,4027.282470703125
2026-06-29 05:23:00+00:00,24052.900390625,7337.81005859375,68759.3828125,23093.0703125,10515.2001953125,24681.509765625,8311.7001953125,4031.287353515625
2026-06-29 05:24:00+00:00,24056.75,7337.81005859375,68750.0,23080.2109375,10515.2001953125,24681.509765625,8325.5498046875,4032.40380859375
2026-06-29 05:25:00+00:00,24060.44921875,7337.81005859375,68787.6484375,23080.05078125,10515.2001953125,24681.509765625,8342.5703125,4035.441650390625
2026-06-29 05:26:00+00:00,24063.0,7337.81005859375,68768.1796875,23075.9296875,10515.2001953125,24681.509765625,8335.2900390625,4038.0263671875
2026-06-29 05:27:00+00:00,24062.349609375,7337.81005859375,68767.1015625,23071.119140625,10515.2001953125,24681.509765625,8323.58984375,4037.1962890625
2026-06-29 05:28:00+00:00,24069.599609375,7337.81005859375,68732.84375,23062.580078125,10515.2001953125,24681.509765625,8308.240234375,4040.4296875
2026-06-29 05:29:00+00:00,24066.349609375,7337.81005859375,68743.46875,23066.259765625,10515.2001953125,24681.509765625,8311.16015625,4039.738525390625
2026-06-29 05:30:00+00:00,24060.650390625,7337.81005859375,68702.09375,23076.55078125,10515.2001953125,24681.509765625,8307.5302734375,4040.726806640625
2026-06-29 05:31:00+00:00,24072.25,7337.81005859375,68738.3984375,23073.1796875,10515.2001953125,24681.509765625,8332.2998046875,4037.65185546875
2026-06-29 05:32:00+00:00,24083.099609375,7337.81005859375,68770.3203125,23088.939453125,10515.2001953125,24681.509765625,8333.4697265625,4039.80712890625
2026-06-29 05:33:00+00:00,24080.599609375,7337.81005859375,68843.4609375,23085.849609375,10515.2001953125,24681.509765625,8364.259765625,4040.62841796875
2026-06-29 05:34:00+00:00,24084.80078125,7337.81005859375,68899.7421875,23114.490234375,10515.2001953125,24681.509765625,8382.0595703125,4045.4228515625
2026-06-29 05:35:00+00:00,24081.44921875,7337.81005859375,68920.5,23119.8203125,10515.2001953125,24681.509765625,8366.1298828125,4047.449462890625
2026-06-29 05:36:00+00:00,24074.5,7337.81005859375,68902.421875,23096.73046875,10515.2001953125,24681.509765625,8371.73046875,4046.702880859375
2026-06-29 05:37:00+00:00,24083.80078125,7337.81005859375,68831.3125,23082.970703125,10515.2001953125,24681.509765625,8353.26953125,4042.645751953125
2026-06-29 05:38:00+00:00,24081.400390625,7337.81005859375,68872.859375,23082.25,10515.2001953125,24681.509765625,8384.9697265625,4041.194580078125
2026-06-29 05:39:00+00:00,24078.0,7337.81005859375,68909.0,23088.66015625,10515.2001953125,24681.509765625,8389.169921875,4044.398193359375
2026-06-29 05:40:00+00:00,24083.849609375,7337.81005859375,68912.1015625,23098.5703125,10515.2001953125,24681.509765625,8415.2998046875,4045.213623046875
2026-06-29 05:41:00+00:00,24079.099609375,7337.81005859375,68932.0390625,23107.55078125,10515.2001953125,24681.509765625,8416.5703125,4046.33447265625
2026-06-29 05:42:00+00:00,24075.19921875,7337.81005859375,69012.453125,23118.25,10515.2001953125,24681.509765625,8443.2197265625,4047.71630859375
2026-06-29 05:43:00+00:00,24075.900390625,7337.81005859375,69125.578125,23123.400390625,10515.2001953125,24681.509765625,8452.9501953125,4055.6494140625
2026-06-29 05:44:00+00:00,24073.0,7337.81005859375,69138.828125,23134.259765625,10515.2001953125,24681.509765625,8462.8203125,4056.592041015625
2026-06-29 05:45:00+00:00,24071.099609375,7337.81005859375,69116.34375,23129.220703125,10515.2001953125,24681.509765625,8448.830078125,4056.830322265625
2026-06-29 05:46:00+00:00,24080.30078125,7337.81005859375,69050.4765625,23127.66015625,10515.2001953125,24681.509765625,8441.169921875,4056.0322265625
2026-06-29 05:47:00+00:00,24081.849609375,7337.81005859375,69057.4765625,23127.2109375,10515.2001953125,24681.509765625,8463.7802734375,4056.197021484375
2026-06-29 05:48:00+00:00,24078.650390625,7337.81005859375,69054.7265625,23112.48046875,10515.2001953125,24681.509765625,8448.9697265625,4055.84423828125
2026-06-29 05:49:00+00:00,24078.55078125,7337.81005859375,69080.21875,23099.369140625,10515.2001953125,24681.509765625,8458.5595703125,4053.94921875
2026-06-29 05:50:00+00:00,24071.94921875,7337.81005859375,69092.203125,23098.330078125,10515.2001953125,24681.509765625,8467.1103515625,4052.955810546875
2026-06-29 05:51:00+00:00,24073.75,7337.81005859375,69096.2578125,23114.08984375,10515.2001953125,24681.509765625,8502.7197265625,4056.529296875
2026-06-29 05:52:00+00:00,24068.849609375,7337.81005859375,69107.859375,23105.05078125,10515.2001953125,24681.509765625,8488.5703125,4056.2880859375
2026-06-29 05:53:00+00:00,24074.5,7337.81005859375,69179.0,23098.619140625,10515.2001953125,24681.509765625,8487.0302734375,4059.38720703125
2026-06-29 05:54:00+00:00,24063.30078125,7337.81005859375,69249.1796875,23121.009765625,10515.2001953125,24681.509765625,8511.509765625,4064.645751953125
2026-06-29 05:55:00+00:00,24062.94921875,7337.81005859375,69235.15625,23105.5390625,10515.2001953125,24681.509765625,8503.4404296875,4065.427734375
2026-06-29 05:56:00+00:00,24064.75,7337.81005859375,69285.90625,23098.689453125,10515.2001953125,24681.509765625,8525.5302734375,4066.7578125
2026-06-29 05:57:00+00:00,24067.05078125,7337.81005859375,69254.7265625,23088.419921875,10515.2001953125,24681.509765625,8504.3603515625,4068.65625
2026-06-29 05:58:00+00:00,24061.900390625,7337.81005859375,69289.859375,23095.3203125,10515.2001953125,24681.509765625,8523.099609375,4066.59912109375
2026-06-29 05:59:00+00:00,24061.19921875,7337.81005859375,69305.203125,23074.30078125,10515.2001953125,24681.509765625,8516.2998046875,4064.2666015625
2026-06-29 06:00:00+00:00,24057.849609375,7337.81005859375,69308.4765625,23081.01953125,10515.2001953125,24681.509765625,8516.2998046875,4063.42919921875
2026-06-29 06:01:00+00:00,24056.25,7337.81005859375,69341.390625,23085.0,10515.2001953125,24681.509765625,8516.2998046875,4067.228515625
2026-06-29 06:02:00+00:00,24042.69921875,7337.81005859375,69264.3515625,23078.990234375,10515.2001953125,24681.509765625,8516.2998046875,4065.314697265625
2026-06-29 06:03:00+00:00,24024.25,7337.81005859375,69214.5390625,23063.919921875,10515.2001953125,24681.509765625,8516.2998046875,4064.9365234375
2026-06-29 06:04:00+00:00,24027.900390625,7337.81005859375,69224.640625,23051.740234375,10515.2001953125,24681.509765625,8516.2998046875,4060.709716796875
2026-06-29 06:05:00+00:00,24035.650390625,7337.81005859375,69163.40625,23042.720703125,10515.2001953125,24681.509765625,8516.2998046875,4057.61767578125
2026-06-29 06:06:00+00:00,24043.30078125,7337.81005859375,69153.5078125,23017.23046875,10515.2001953125,24681.509765625,8516.2998046875,4053.79052734375
2026-06-29 06:07:00+00:00,24043.5,7337.81005859375,69188.7890625,23012.859375,10515.2001953125,24681.509765625,8516.2998046875,4050.81640625
2026-06-29 06:08:00+00:00,24040.849609375,7337.81005859375,69151.296875,23026.9296875,10515.2001953125,24681.509765625,8516.2998046875,4050.989013671875
2026-06-29 06:09:00+00:00,24042.19921875,7337.81005859375,69197.7734375,23036.240234375,10515.2001953125,24681.509765625,8516.2998046875,4055.713134765625
2026-06-29 06:10:00+00:00,24040.94921875,7337.81005859375,69174.3828125,23036.240234375,10515.2001953125,24681.509765625,8516.2998046875,4055.30810546875
2026-06-29 06:11:00+00:00,24041.80078125,7337.81005859375,69205.8984375,23039.779296875,10515.2001953125,24681.509765625,8516.2998046875,4055.751220703125
2026-06-29 06:12:00+00:00,24039.599609375,7337.81005859375,69245.4296875,23044.3203125,10515.2001953125,24681.509765625,8516.2998046875,4050.48388671875
2026-06-29 06:13:00+00:00,24035.30078125,7337.81005859375,69240.4296875,23049.23046875,10515.2001953125,24681.509765625,8516.2998046875,4050.563720703125
2026-06-29 06:14:00+00:00,24031.599609375,7337.81005859375,69242.578125,23059.6796875,10515.2001953125,24681.509765625,8516.2998046875,4049.47265625
2026-06-29 06:15:00+00:00,24027.69921875,7337.81005859375,69266.0390625,23076.119140625,10515.2001953125,24681.509765625,8516.2998046875,4052.613525390625
2026-06-29 06:16:00+00:00,24029.099609375,7337.81005859375,69254.8515625,23092.759765625,10515.2001953125,24681.509765625,8516.2998046875,4052.401123046875
2026-06-29 06:17:00+00:00,24033.599609375,7337.81005859375,69261.828125,23082.439453125,10515.2001953125,24681.509765625,8516.2998046875,4054.662353515625
2026-06-29 06:18:00+00:00,24033.099609375,7337.81005859375,69258.140625,23079.919921875,10515.2001953125,24681.509765625,8516.2998046875,4056.4912109375
2026-06-29 06:19:00+00:00,24026.69921875,7337.81005859375,69283.7109375,23078.599609375,10515.2001953125,24681.509765625,8516.2998046875,4054.240234375
2026-06-29 06:20:00+00:00,24021.19921875,7337.81005859375,69316.8125,23089.9296875,10515.2001953125,24681.509765625,8516.2998046875,4054.120849609375
2026-06-29 06:21:00+00:00,24015.19921875,7337.81005859375,69304.8828125,23096.140625,10515.2001953125,24681.509765625,8516.2998046875,4054.91845703125
2026-06-29 06:22:00+00:00,24013.19921875,7337.81005859375,69359.0,23094.630859375,10515.2001953125,24681.509765625,8516.2998046875,4054.02685546875
2026-06-29 06:23:00+00:00,24008.900390625,7337.81005859375,69429.8828125,23086.439453125,10515.2001953125,24681.509765625,8516.2998046875,4051.108154296875
2026-06-29 06:24:00+00:00,24003.25,7337.81005859375,69389.7421875,23090.7109375,10515.2001953125,24681.509765625,8516.2998046875,4049.467529296875
2026-06-29 06:25:00+00:00,24007.69921875,7337.81005859375,69382.0703125,23094.83984375,10515.2001953125,24681.509765625,8516.2998046875,4049.28857421875
2026-06-29 06:26:00+00:00,24007.55078125,7337.81005859375,69382.0703125,23104.44921875,10515.2001953125,24681.509765625,8516.2998046875,4048.727783203125
2026-06-29 06:27:00+00:00,24013.5,7337.81005859375,69382.0703125,23093.08984375,10515.2001953125,24681.509765625,8516.2998046875,4047.96240234375
2026-06-29 06:28:00+00:00,24015.94921875,7337.81005859375,69382.0703125,23083.0390625,10515.2001953125,24681.509765625,8516.2998046875,4047.356689453125
2026-06-29 06:29:00+00:00,24011.150390625,7337.81005859375,69382.0703125,23097.150390625,10515.2001953125,24681.509765625,8516.2998046875,4050.6064453125
2026-06-29 06:30:00+00:00,24014.5,7337.81005859375,69382.0703125,23095.240234375,10515.2001953125,24681.509765625,8516.2998046875,4056.322021484375
2026-06-29 06:31:00+00:00,24014.05078125,7337.81005859375,69382.0703125,23099.830078125,10515.2001953125,24681.509765625,8516.2998046875,4060.553955078125
2026-06-29 06:32:00+00:00,24014.80078125,7337.81005859375,69382.0703125,23110.240234375,10515.2001953125,24681.509765625,8516.2998046875,4062.34228515625
2026-06-29 06:33:00+00:00,24011.25,7337.81005859375,69382.0703125,23103.259765625,10515.2001953125,24681.509765625,8516.2998046875,4059.61865234375
2026-06-29 06:34:00+00:00,24009.150390625,7337.81005859375,69382.0703125,23104.390625,10515.2001953125,24681.509765625,8516.2998046875,4060.571044921875
2026-06-29 06:35:00+00:00,24007.75,7337.81005859375,69382.0703125,23104.060546875,10515.2001953125,24681.509765625,8516.2998046875,4061.87255859375
2026-06-29 06:36:00+00:00,24007.05078125,7337.81005859375,69382.0703125,23106.029296875,10515.2001953125,24681.509765625,8516.2998046875,4060.66162109375
2026-06-29 06:37:00+00:00,24007.650390625,7337.81005859375,69382.0703125,23099.009765625,10515.2001953125,24681.509765625,8516.2998046875,4063.44091796875
2026-06-29 06:38:00+00:00,24009.099609375,7337.81005859375,69382.0703125,23101.029296875,10515.2001953125,24681.509765625,8516.2998046875,4064.56201171875
2026-06-29 06:39:00+00:00,24012.94921875,7337.81005859375,69382.0703125,23105.919921875,10515.2001953125,24681.509765625,8516.2998046875,4066.69677734375
2026-06-29 06:40:00+00:00,24012.25,7337.81005859375,69382.0703125,23120.4296875,10515.2001953125,24681.509765625,8516.2998046875,4066.170654296875
2026-06-29 06:41:00+00:00,24009.650390625,7337.81005859375,69382.0703125,23113.6796875,10515.2001953125,24681.509765625,8516.2998046875,4065.9248046875
2026-06-29 06:42:00+00:00,23993.150390625,7337.81005859375,69382.0703125,23099.380859375,10515.2001953125,24681.509765625,8516.2998046875,4063.59375
2026-06-29 06:43:00+00:00,23998.5,7337.81005859375,69382.0703125,23089.619140625,10515.2001953125,24681.509765625,8516.2998046875,4061.95654296875
2026-06-29 06:44:00+00:00,23993.69921875,7337.81005859375,69382.0703125,23094.720703125,10515.2001953125,24681.509765625,8516.2998046875,4062.254150390625
2026-06-29 06:45:00+00:00,23995.19921875,7337.81005859375,69382.0703125,23103.7890625,10515.2001953125,24681.509765625,8516.2998046875,4065.135986328125
2026-06-29 06:46:00+00:00,23985.05078125,7337.81005859375,69382.0703125,23097.2109375,10515.2001953125,24681.509765625,8516.2998046875,4065.135498046875
2026-06-29 06:47:00+00:00,23982.150390625,7337.81005859375,69382.0703125,23098.119140625,10515.2001953125,24681.509765625,8516.2998046875,4065.697021484375
2026-06-29 06:48:00+00:00,23977.099609375,7337.81005859375,69382.0703125,23095.48046875,10515.2001953125,24681.509765625,8516.2998046875,4066.88330078125
2026-06-29 06:49:00+00:00,23974.19921875,7337.81005859375,69382.0703125,23097.140625,10515.2001953125,24681.509765625,8516.2998046875,4068.953369140625
2026-06-29 06:50:00+00:00,23981.75,7337.81005859375,69382.0703125,23107.2109375,10515.2001953125,24681.509765625,8516.2998046875,4070.185791015625
2026-06-29 06:51:00+00:00,23976.25,7337.81005859375,69382.0703125,23115.0703125,10515.2001953125,24681.509765625,8516.2998046875,4071.449462890625
2026-06-29 06:52:00+00:00,23977.75,7337.81005859375,69382.0703125,23113.80078125,10515.2001953125,24681.509765625,8516.2998046875,4072.954833984375
2026-06-29 06:53:00+00:00,23979.5,7337.81005859375,69382.0703125,23119.369140625,10515.2001953125,24681.509765625,8516.2998046875,4073.774169921875
2026-06-29 06:54:00+00:00,23979.19921875,7337.81005859375,69382.0703125,23112.4296875,10515.2001953125,24681.509765625,8516.2998046875,4075.334228515625
2026-06-29 06:55:00+00:00,23982.900390625,7337.81005859375,69382.0703125,23095.6796875,10515.2001953125,24681.509765625,8516.2998046875,4073.759033203125
2026-06-29 06:56:00+00:00,23976.0,7337.81005859375,69382.0703125,23078.2890625,10515.2001953125,24681.509765625,8516.2998046875,4074.1181640625
2026-06-29 06:57:00+00:00,23981.30078125,7337.81005859375,69382.0703125,23072.650390625,10515.2001953125,24681.509765625,8516.2998046875,4075.17724609375
2026-06-29 06:58:00+00:00,23978.25,7337.81005859375,69382.0703125,23076.859375,10515.2001953125,24681.509765625,8516.2998046875,4075.17724609375
2026-06-29 06:59:00+00:00,23968.400390625,7337.81005859375,69382.0703125,23093.8203125,10515.2001953125,24681.509765625,8516.2998046875,4075.17724609375
2026-06-29 07:00:00+00:00,23971.25,7337.81005859375,69382.0703125,23089.990234375,10491.2900390625,24681.509765625,8516.2998046875,4075.17724609375
2026-06-29 07:01:00+00:00,23961.900390625,7337.81005859375,69382.0703125,23090.75,10494.3603515625,24681.509765625,8516.2998046875,4075.17724609375
2026-06-29 07:02:00+00:00,23945.400390625,7337.81005859375,69382.0703125,23093.19921875,10500.8896484375,24697.349609375,8516.2998046875,4075.17724609375
2026-06-29 07:03:00+00:00,23944.19921875,7337.81005859375,69382.0703125,23082.009765625,10502.3896484375,24696.400390625,8516.2998046875,4075.17724609375
2026-06-29 07:04:00+00:00,23943.400390625,7337.81005859375,69382.0703125,23088.55078125,10508.4501953125,24715.08984375,8516.2998046875,4075.17724609375
2026-06-29 07:05:00+00:00,23948.55078125,7337.81005859375,69382.0703125,23075.099609375,10504.1298828125,24714.439453125,8516.2998046875,4075.17724609375
2026-06-29 07:06:00+00:00,23945.400390625,7337.81005859375,69382.0703125,23077.1796875,10497.2900390625,24690.669921875,8516.2998046875,4075.17724609375
2026-06-29 07:07:00+00:00,23939.94921875,7337.81005859375,69382.0703125,23074.830078125,10499.5498046875,24717.720703125,8516.2998046875,4075.17724609375
2026-06-29 07:08:00+00:00,23935.30078125,7337.81005859375,69382.0703125,23075.3203125,10505.4697265625,24719.720703125,8516.2998046875,4075.17724609375
2026-06-29 07:09:00+00:00,23933.599609375,7337.81005859375,69382.0703125,23081.509765625,10503.419921875,24714.119140625,8516.2998046875,4075.17724609375
2026-06-29 07:10:00+00:00,23932.5,7337.81005859375,69382.0703125,23076.990234375,10495.650390625,24707.740234375,8516.2998046875,4075.17724609375
2026-06-29 07:11:00+00:00,23928.05078125,7337.81005859375,69382.0703125,23074.41015625,10490.7099609375,24707.6796875,8516.2998046875,4075.17724609375
2026-06-29 07:12:00+00:00,23937.75,7337.81005859375,69382.0703125,23053.1796875,10486.849609375,24718.109375,8516.2998046875,4075.17724609375
2026-06-29 07:13:00+00:00,23936.94921875,7337.81005859375,69382.0703125,23059.76953125,10484.6396484375,24717.560546875,8516.2998046875,4075.17724609375
2026-06-29 07:14:00+00:00,23944.44921875,7337.81005859375,69382.0703125,23071.73046875,10486.9599609375,24724.890625,8516.2998046875,4075.17724609375
2026-06-29 07:15:00+00:00,23959.900390625,7337.81005859375,69382.0703125,23073.0703125,10490.740234375,24733.220703125,8516.2998046875,4075.17724609375
2026-06-29 07:16:00+00:00,23952.75,7337.81005859375,69382.0703125,23072.66015625,10487.3701171875,24722.939453125,8516.2998046875,4075.17724609375
2026-06-29 07:17:00+00:00,23945.30078125,7337.81005859375,69382.0703125,23087.349609375,10486.5703125,24725.640625,8516.2998046875,4075.17724609375
2026-06-29 07:18:00+00:00,23952.69921875,7337.81005859375,69382.0703125,23085.759765625,10485.5703125,24719.029296875,8516.2998046875,4075.17724609375
2026-06-29 07:19:00+00:00,23945.55078125,7337.81005859375,69382.0703125,23090.310546875,10485.9404296875,24718.7890625,8516.2998046875,4075.17724609375
2026-06-29 07:20:00+00:00,23942.25,7337.81005859375,69382.0703125,23109.30078125,10489.5302734375,24721.220703125,8516.2998046875,4075.17724609375
2026-06-29 07:21:00+00:00,23951.900390625,7337.81005859375,69382.0703125,23114.759765625,10489.4501953125,24724.6796875,8516.2998046875,4075.17724609375
2026-06-29 07:22:00+00:00,23950.150390625,7337.81005859375,69382.0703125,23103.33984375,10491.41015625,24719.609375,8516.2998046875,4075.17724609375
2026-06-29 07:23:00+00:00,23947.5,7337.81005859375,69382.0703125,23105.810546875,10493.23046875,24719.689453125,8516.2998046875,4075.17724609375
2026-06-29 07:24:00+00:00,23951.94921875,7337.81005859375,69382.0703125,23113.73046875,10495.8896484375,24723.630859375,8516.2998046875,4075.17724609375
2026-06-29 07:25:00+00:00,23958.44921875,7337.81005859375,69382.0703125,23106.349609375,10491.900390625,24723.599609375,8516.2998046875,4075.17724609375
2026-06-29 07:26:00+00:00,23963.400390625,7337.81005859375,69382.0703125,23101.380859375,10493.6298828125,24719.0,8516.2998046875,4075.17724609375
2026-06-29 07:27:00+00:00,23965.25,7337.81005859375,69382.0703125,23088.970703125,10493.2998046875,24719.33984375,8516.2998046875,4075.17724609375
2026-06-29 07:28:00+00:00,23965.599609375,7337.81005859375,69382.0703125,23083.880859375,10500.009765625,24744.3203125,8516.2998046875,4075.17724609375
2026-06-29 07:29:00+00:00,23963.30078125,7337.81005859375,69382.0703125,23083.7109375,10499.48046875,24734.650390625,8516.2998046875,4075.17724609375
2026-06-29 07:30:00+00:00,23967.150390625,7337.81005859375,69382.0703125,23075.689453125,10498.51953125,24741.0,8516.2998046875,4075.17724609375
2026-06-29 07:31:00+00:00,23960.599609375,7337.81005859375,69382.0703125,23073.810546875,10491.919921875,24735.630859375,8516.2998046875,4075.17724609375
2026-06-29 07:32:00+00:00,23948.599609375,7337.81005859375,69382.0703125,23060.9296875,10495.41015625,24730.30078125,8516.2998046875,4075.17724609375
2026-06-29 07:33:00+00:00,23959.650390625,7337.81005859375,69382.0703125,23063.369140625,10493.98046875,24729.3203125,8516.2998046875,4075.17724609375
2026-06-29 07:34:00+00:00,23961.5,7337.81005859375,69382.0703125,23069.66015625,10496.3095703125,24732.51953125,8516.2998046875,4075.17724609375
2026-06-29 07:35:00+00:00,23953.69921875,7337.81005859375,69382.0703125,23068.779296875,10495.3896484375,24733.98046875,8516.2998046875,4075.17724609375
2026-06-29 07:36:00+00:00,23960.849609375,7337.81005859375,69382.0703125,23080.48046875,10497.8603515625,24733.259765625,8516.2998046875,4075.17724609375
2026-06-29 07:37:00+00:00,23957.349609375,7337.81005859375,69382.0703125,23074.0390625,10496.4697265625,24737.099609375,8516.2998046875,4075.17724609375
2026-06-29 07:38:00+00:00,23966.599609375,7337.81005859375,69382.0703125,23073.48046875,10496.0,24743.23046875,8516.2998046875,4075.17724609375
2026-06-29 07:39:00+00:00,23979.099609375,7337.81005859375,69382.0703125,23075.2109375,10498.08984375,24746.380859375,8516.2998046875,4075.17724609375
2026-06-29 07:40:00+00:00,23972.44921875,7337.81005859375,69382.0703125,23067.349609375,10500.58984375,24760.349609375,8516.2998046875,4075.17724609375
2026-06-29 07:41:00+00:00,23973.599609375,7337.81005859375,69382.0703125,23061.7890625,10500.330078125,24754.369140625,8516.2998046875,4075.17724609375
2026-06-29 07:42:00+00:00,23969.650390625,7337.81005859375,69382.0703125,23061.380859375,10500.75,24757.19921875,8516.2998046875,4075.17724609375
2026-06-29 07:43:00+00:00,23966.900390625,7337.81005859375,69382.0703125,23056.759765625,10501.25,24758.529296875,8516.2998046875,4075.17724609375
2026-06-29 07:44:00+00:00,23962.69921875,7337.81005859375,69382.0703125,23056.140625,10498.8798828125,24750.609375,8516.2998046875,4075.17724609375
2026-06-29 07:45:00+00:00,23951.75,7337.81005859375,69382.0703125,23031.580078125,10496.4599609375,24734.220703125,8516.2998046875,4075.17724609375
2026-06-29 07:46:00+00:00,23952.650390625,7337.81005859375,69382.0703125,23030.98046875,10497.2802734375,24737.7109375,8516.2998046875,4075.17724609375
2026-06-29 07:47:00+00:00,23955.099609375,7337.81005859375,69382.0703125,23028.029296875,10495.8603515625,24728.279296875,8516.2998046875,4075.17724609375
2026-06-29 07:48:00+00:00,23949.849609375,7337.81005859375,69382.0703125,23023.5703125,10495.669921875,24719.83984375,8516.2998046875,4075.17724609375
2026-06-29 07:49:00+00:00,23950.44921875,7337.81005859375,69382.0703125,23022.6796875,10494.48046875,24720.5390625,8516.2998046875,4075.17724609375
2026-06-29 07:50:00+00:00,23949.0,7337.81005859375,69382.0703125,23012.880859375,10498.1103515625,24736.369140625,8516.2998046875,4075.17724609375
2026-06-29 07:51:00+00:00,23954.349609375,7337.81005859375,69382.0703125,23016.66015625,10497.9599609375,24738.099609375,8516.2998046875,4075.17724609375
2026-06-29 07:52:00+00:00,23949.400390625,7337.81005859375,69382.0703125,23011.16015625,10497.849609375,24742.23046875,8516.2998046875,4075.17724609375
2026-06-29 07:53:00+00:00,23948.099609375,7337.81005859375,69382.0703125,23014.740234375,10501.6201171875,24749.470703125,8516.2998046875,4075.17724609375
2026-06-29 07:54:00+00:00,23950.55078125,7337.81005859375,69382.0703125,23014.2109375,10500.0400390625,24744.630859375,8516.2998046875,4075.17724609375
2026-06-29 07:55:00+00:00,23952.19921875,7337.81005859375,69382.0703125,23014.390625,10502.169921875,24746.619140625,8516.2998046875,4075.17724609375
2026-06-29 07:56:00+00:00,23952.25,7337.81005859375,69382.0703125,23017.279296875,10503.8896484375,24751.970703125,8516.2998046875,4075.17724609375
2026-06-29 07:57:00+00:00,23961.75,7337.81005859375,69382.0703125,23013.990234375,10505.509765625,24747.23046875,8516.2998046875,4075.17724609375
2026-06-29 07:58:00+00:00,23965.349609375,7337.81005859375,69382.0703125,23007.80078125,10504.3896484375,24747.099609375,8516.2998046875,4075.17724609375
2026-06-29 07:59:00+00:00,23965.150390625,7337.81005859375,69382.0703125,23007.4609375,10503.8896484375,24745.970703125,8516.2998046875,4075.17724609375
2026-06-29 08:00:00+00:00,23964.30078125,7337.81005859375,69382.0703125,23008.189453125,10504.6796875,24741.599609375,8516.2998046875,4075.17724609375
2026-06-29 08:01:00+00:00,23967.5,7337.81005859375,69382.0703125,23008.189453125,10504.16015625,24742.380859375,8516.2998046875,4075.17724609375
2026-06-29 08:02:00+00:00,23980.05078125,7337.81005859375,69382.0703125,23008.189453125,10509.759765625,24750.919921875,8516.2998046875,4075.17724609375
2026-06-29 08:03:00+00:00,23964.25,7337.81005859375,69382.0703125,23008.189453125,10512.900390625,24756.830078125,8516.2998046875,4075.17724609375
2026-06-29 08:04:00+00:00,23954.400390625,7337.81005859375,69382.0703125,23008.189453125,10509.7802734375,24744.630859375,8516.2998046875,4075.17724609375
2026-06-29 08:05:00+00:00,23964.400390625,7337.81005859375,69382.0703125,23008.189453125,10509.3701171875,24740.51953125,8516.2998046875,4075.17724609375
2026-06-29 08:06:00+00:00,23964.55078125,7337.81005859375,69382.0703125,23008.189453125,10510.26953125,24733.26953125,8516.2998046875,4075.17724609375
2026-06-29 08:07:00+00:00,23962.5,7337.81005859375,69382.0703125,23008.189453125,10507.349609375,24726.240234375,8516.2998046875,4075.17724609375
2026-06-29 08:08:00+00:00,23957.900390625,7337.81005859375,69382.0703125,23008.189453125,10507.0595703125,24719.55078125,8516.2998046875,4075.17724609375
2026-06-29 08:09:00+00:00,23958.80078125,7337.81005859375,69382.0703125,23026.6796875,10510.8798828125,24731.80078125,8516.2998046875,4075.17724609375
2026-06-29 08:10:00+00:00,23955.75,7337.81005859375,69382.0703125,23026.6796875,10510.580078125,24725.01953125,8516.2998046875,4075.17724609375
2026-06-29 08:11:00+00:00,23959.44921875,7337.81005859375,69382.0703125,23026.6796875,10508.3603515625,24717.3203125,8516.2998046875,4075.17724609375
2026-06-29 08:12:00+00:00,23964.150390625,7337.81005859375,69382.0703125,23026.6796875,10513.0595703125,24725.75,8516.2998046875,4075.17724609375
2026-06-29 08:13:00+00:00,23939.349609375,7337.81005859375,69382.0703125,23026.6796875,10515.01953125,24727.6796875,8516.2998046875,4075.17724609375
2026-06-29 08:14:00+00:00,23940.44921875,7337.81005859375,69382.0703125,23026.6796875,10519.48046875,24735.1796875,8516.2998046875,4075.17724609375
2026-06-29 08:15:00+00:00,23942.900390625,7337.81005859375,69382.0703125,23026.6796875,10519.9697265625,24731.26953125,8516.2998046875,4075.17724609375
2026-06-29 08:16:00+00:00,23949.900390625,7337.81005859375,69382.0703125,23026.6796875,10517.3896484375,24720.859375,8516.2998046875,4075.17724609375
2026-06-29 08:17:00+00:00,23948.30078125,7337.81005859375,69382.0703125,23026.6796875,10515.8203125,24722.400390625,8516.2998046875,4075.17724609375
2026-06-29 08:18:00+00:00,23951.650390625,7337.81005859375,69382.0703125,23026.6796875,10515.5595703125,24727.48046875,8516.2998046875,4075.17724609375
2026-06-29 08:19:00+00:00,23938.75,7337.81005859375,69382.0703125,23026.6796875,10512.169921875,24723.05078125,8516.2998046875,4075.17724609375
2026-06-29 08:20:00+00:00,23927.75,7337.81005859375,69382.0703125,23026.6796875,10511.330078125,24716.560546875,8516.2998046875,4075.17724609375
2026-06-29 08:21:00+00:00,23938.849609375,7337.81005859375,69382.0703125,23026.6796875,10510.009765625,24722.580078125,8516.2998046875,4075.17724609375
2026-06-29 08:22:00+00:00,23939.150390625,7337.81005859375,69382.0703125,23026.6796875,10508.650390625,24718.330078125,8516.2998046875,4075.17724609375
2026-06-29 08:23:00+00:00,23943.75,7337.81005859375,69382.0703125,23026.6796875,10508.4404296875,24709.560546875,8516.2998046875,4075.17724609375
2026-06-29 08:24:00+00:00,23949.0,7337.81005859375,69382.0703125,23026.6796875,10510.0595703125,24714.73046875,8516.2998046875,4075.17724609375
2026-06-29 08:25:00+00:00,23954.849609375,7337.81005859375,69382.0703125,23026.6796875,10510.240234375,24717.259765625,8516.2998046875,4075.17724609375
2026-06-29 08:26:00+00:00,23946.599609375,7337.81005859375,69382.0703125,23026.6796875,10507.16015625,24703.140625,8516.2998046875,4075.17724609375
2026-06-29 08:27:00+00:00,23951.099609375,7337.81005859375,69382.0703125,23026.6796875,10506.3798828125,24702.4296875,8516.2998046875,4075.17724609375
2026-06-29 08:28:00+00:00,23953.599609375,7337.81005859375,69382.0703125,23026.6796875,10504.740234375,24700.470703125,8516.2998046875,4075.17724609375
2026-06-29 08:29:00+00:00,23947.69921875,7337.81005859375,69382.0703125,23026.6796875,10503.5,24681.939453125,8516.2998046875,4075.17724609375
2026-06-29 08:30:00+00:00,23966.80078125,7337.81005859375,69382.0703125,23026.6796875,10501.3095703125,24677.099609375,8516.2998046875,4075.17724609375
2026-06-29 08:31:00+00:00,23959.900390625,7337.81005859375,69382.0703125,23026.6796875,10500.259765625,24682.98046875,8516.2998046875,4075.17724609375
2026-06-29 08:32:00+00:00,23958.900390625,7337.81005859375,69382.0703125,23026.6796875,10500.08984375,24680.130859375,8516.2998046875,4075.17724609375
2026-06-29 08:33:00+00:00,23957.69921875,7337.81005859375,69382.0703125,23026.6796875,10498.3798828125,24673.390625,8516.2998046875,4075.17724609375
2026-06-29 08:34:00+00:00,23952.05078125,7337.81005859375,69382.0703125,23026.6796875,10499.1201171875,24683.8203125,8516.2998046875,4075.17724609375
2026-06-29 08:35:00+00:00,23956.55078125,7337.81005859375,69382.0703125,23026.6796875,10503.169921875,24689.25,8516.2998046875,4075.17724609375
2026-06-29 08:36:00+00:00,23957.400390625,7337.81005859375,69382.0703125,23026.6796875,10504.6201171875,24696.720703125,8516.2998046875,4075.17724609375
2026-06-29 08:37:00+00:00,23960.5,7337.81005859375,69382.0703125,23026.6796875,10503.98046875,24697.169921875,8516.2998046875,4075.17724609375
2026-06-29 08:38:00+00:00,23963.0,7337.81005859375,69382.0703125,23026.6796875,10501.2900390625,24685.400390625,8516.2998046875,4075.17724609375
2026-06-29 08:39:00+00:00,23953.099609375,7337.81005859375,69382.0703125,23026.6796875,10500.33984375,24679.630859375,8516.2998046875,4075.17724609375
2026-06-29 08:40:00+00:00,23950.05078125,7337.81005859375,69382.0703125,23026.6796875,10495.7900390625,24668.349609375,8516.2998046875,4075.17724609375
2026-06-29 08:41:00+00:00,23955.599609375,7337.81005859375,69382.0703125,23026.6796875,10493.759765625,24673.900390625,8516.2998046875,4075.17724609375
2026-06-29 08:42:00+00:00,23957.80078125,7337.81005859375,69382.0703125,23026.6796875,10494.330078125,24663.41015625,8516.2998046875,4075.17724609375
2026-06-29 08:43:00+00:00,23960.849609375,7337.81005859375,69382.0703125,23026.6796875,10494.900390625,24668.640625,8516.2998046875,4075.17724609375
2026-06-29 08:44:00+00:00,23958.349609375,7337.81005859375,69382.0703125,23026.6796875,10494.26953125,24666.060546875,8516.2998046875,4075.17724609375
2026-06-29 08:45:00+00:00,23954.55078125,7337.81005859375,69382.0703125,23026.6796875,10492.01953125,24663.189453125,8516.2998046875,4075.17724609375
2026-06-29 08:46:00+00:00,23952.30078125,7337.81005859375,69382.0703125,23026.6796875,10488.150390625,24666.970703125,8516.2998046875,4075.17724609375
2026-06-29 08:47:00+00:00,23955.599609375,7337.81005859375,69382.0703125,23026.6796875,10487.1103515625,24673.0,8516.2998046875,4075.17724609375
2026-06-29 08:48:00+00:00,23955.0,7337.81005859375,69382.0703125,23026.6796875,10488.7001953125,24679.73046875,8516.2998046875,4075.17724609375
2026-06-29 08:49:00+00:00,23963.650390625,7337.81005859375,69382.0703125,23026.6796875,10487.51953125,24665.55078125,8516.2998046875,4075.17724609375
2026-06-29 08:50:00+00:00,23965.44921875,7337.81005859375,69382.0703125,23026.6796875,10489.7099609375,24670.689453125,8516.2998046875,4075.17724609375
2026-06-29 08:51:00+00:00,23965.80078125,7337.81005859375,69382.0703125,23026.6796875,10488.1103515625,24662.66015625,8516.2998046875,4075.17724609375
2026-06-29 08:52:00+00:00,23962.19921875,7337.81005859375,69382.0703125,23026.6796875,10487.3701171875,24663.939453125,8516.2998046875,4075.17724609375
2026-06-29 08:53:00+00:00,23956.349609375,7337.81005859375,69382.0703125,23026.6796875,10487.5498046875,24665.41015625,8516.2998046875,4075.17724609375
2026-06-29 08:54:00+00:00,23948.150390625,7337.81005859375,69382.0703125,23026.6796875,10487.5498046875,24661.16015625,8516.2998046875,4075.17724609375
2026-06-29 08:55:00+00:00,23951.25,7337.81005859375,69382.0703125,23026.6796875,10487.75,24658.26953125,8516.2998046875,4075.17724609375
2026-06-29 08:56:00+00:00,23951.400390625,7337.81005859375,69382.0703125,23026.6796875,10487.080078125,24658.189453125,8516.2998046875,4075.17724609375
2026-06-29 08:57:00+00:00,23957.44921875,7337.81005859375,69382.0703125,23026.6796875,10485.4404296875,24654.6796875,8516.2998046875,4075.17724609375
2026-06-29 08:58:00+00:00,23949.5,7337.81005859375,69382.0703125,23026.6796875,10482.3896484375,24651.880859375,8516.2998046875,4075.17724609375
2026-06-29 08:59:00+00:00,23950.849609375,7337.81005859375,69382.0703125,23026.6796875,10481.349609375,24650.330078125,8516.2998046875,4075.17724609375
2026-06-29 09:00:00+00:00,23941.0,7337.81005859375,69382.0703125,23026.6796875,10481.240234375,24648.880859375,8516.2998046875,4075.17724609375
2026-06-29 09:01:00+00:00,23949.099609375,7337.81005859375,69382.0703125,23026.6796875,10478.8095703125,24651.490234375,8516.2998046875,4075.17724609375
2026-06-29 09:02:00+00:00,23963.099609375,7337.81005859375,69382.0703125,23026.6796875,10479.26953125,24652.689453125,8516.2998046875,4075.17724609375
2026-06-29 09:03:00+00:00,23963.44921875,7337.81005859375,69382.0703125,23026.6796875,10481.580078125,24656.98046875,8516.2998046875,4075.17724609375
2026-06-29 09:04:00+00:00,23964.400390625,7337.81005859375,69382.0703125,23026.6796875,10483.3603515625,24669.560546875,8516.2998046875,4075.17724609375
2026-06-29 09:05:00+00:00,23964.19921875,7337.81005859375,69382.0703125,23026.6796875,10484.650390625,24673.740234375,8516.2998046875,4075.17724609375
2026-06-29 09:06:00+00:00,23955.25,7337.81005859375,69382.0703125,23026.6796875,10485.48046875,24672.73046875,8516.2998046875,4075.17724609375
2026-06-29 09:07:00+00:00,23954.05078125,7337.81005859375,69382.0703125,23026.6796875,10484.7099609375,24665.439453125,8516.2998046875,4075.17724609375
2026-06-29 09:08:00+00:00,23951.80078125,7337.81005859375,69382.0703125,23026.6796875,10486.400390625,24667.880859375,8516.2998046875,4075.17724609375
2026-06-29 09:09:00+00:00,23949.19921875,7337.81005859375,69382.0703125,23026.6796875,10487.1103515625,24663.91015625,8516.2998046875,4075.17724609375
2026-06-29 09:10:00+00:00,23956.099609375,7337.81005859375,69382.0703125,23026.6796875,10485.9501953125,24666.810546875,8516.2998046875,4075.17724609375
2026-06-29 09:11:00+00:00,23955.650390625,7337.81005859375,69382.0703125,23026.6796875,10483.6904296875,24666.6796875,8516.2998046875,4075.17724609375
2026-06-29 09:12:00+00:00,23959.849609375,7337.81005859375,69382.0703125,23026.6796875,10483.7900390625,24670.390625,8516.2998046875,4075.17724609375
2026-06-29 09:13:00+00:00,23966.0,7337.81005859375,69382.0703125,23026.6796875,10485.8798828125,24675.05078125,8516.2998046875,4075.17724609375
2026-06-29 09:14:00+00:00,23964.25,7337.81005859375,69382.0703125,23026.6796875,10485.4296875,24677.369140625,8516.2998046875,4075.17724609375
2026-06-29 09:15:00+00:00,23966.30078125,7337.81005859375,69382.0703125,23026.6796875,10485.1103515625,24681.240234375,8516.2998046875,4075.17724609375
2026-06-29 09:16:00+00:00,23966.650390625,7337.81005859375,69382.0703125,23026.6796875,10484.91015625,24683.720703125,8516.2998046875,4075.17724609375
2026-06-29 09:17:00+00:00,23968.75,7337.81005859375,69382.0703125,23026.6796875,10485.8095703125,24686.7109375,8516.2998046875,4075.17724609375
2026-06-29 09:18:00+00:00,23961.30078125,7337.81005859375,69382.0703125,23026.6796875,10483.73046875,24685.69921875,8516.2998046875,4075.17724609375
2026-06-29 09:19:00+00:00,23965.80078125,7337.81005859375,69382.0703125,23026.6796875,10484.8095703125,24690.58984375,8516.2998046875,4075.17724609375
2026-06-29 09:20:00+00:00,23942.099609375,7337.81005859375,69382.0703125,23026.6796875,10486.0,24691.560546875,8516.2998046875,4075.17724609375
2026-06-29 09:21:00+00:00,23954.5,7337.81005859375,69382.0703125,23026.6796875,10486.4501953125,24692.279296875,8516.2998046875,4075.17724609375
2026-06-29 09:22:00+00:00,23952.5,7337.81005859375,69382.0703125,23026.6796875,10487.330078125,24700.859375,8516.2998046875,4075.17724609375
2026-06-29 09:23:00+00:00,23944.599609375,7337.81005859375,69382.0703125,23026.6796875,10485.23046875,24698.0390625,8516.2998046875,4075.17724609375
2026-06-29 09:24:00+00:00,23945.0,7337.81005859375,69382.0703125,23026.6796875,10484.9296875,24691.720703125,8516.2998046875,4075.17724609375
2026-06-29 09:25:00+00:00,23945.94921875,7337.81005859375,69382.0703125,23026.6796875,10483.830078125,24691.630859375,8516.2998046875,4075.17724609375
2026-06-29 09:26:00+00:00,23948.099609375,7337.81005859375,69382.0703125,23026.6796875,10483.4599609375,24691.0390625,8516.2998046875,4075.17724609375
2026-06-29 09:27:00+00:00,23942.5,7337.81005859375,69382.0703125,23026.6796875,10486.51953125,24699.310546875,8516.2998046875,4075.17724609375
2026-06-29 09:28:00+00:00,23930.5,7337.81005859375,69382.0703125,23026.6796875,10487.9599609375,24706.619140625,8516.2998046875,4075.17724609375
2026-06-29 09:29:00+00:00,23930.599609375,7337.81005859375,69382.0703125,23026.6796875,10489.48046875,24711.91015625,8516.2998046875,4075.17724609375
2026-06-29 09:30:00+00:00,23977.599609375,7337.81005859375,69382.0703125,23026.6796875,10488.1201171875,24710.25,8516.2998046875,4075.17724609375
2026-06-29 09:31:00+00:00,23954.19921875,7337.81005859375,69382.0703125,23026.6796875,10489.759765625,24705.619140625,8516.2998046875,4075.17724609375
2026-06-29 09:32:00+00:00,23956.55078125,7337.81005859375,69382.0703125,23026.6796875,10489.740234375,24707.220703125,8516.2998046875,4075.17724609375
2026-06-29 09:33:00+00:00,23944.80078125,7337.81005859375,69382.0703125,23026.6796875,10490.1201171875,24706.08984375,8516.2998046875,4075.17724609375
2026-06-29 09:34:00+00:00,23942.0,7337.81005859375,69382.0703125,23026.6796875,10488.23046875,24704.279296875,8516.2998046875,4075.17724609375
2026-06-29 09:35:00+00:00,23937.900390625,7337.81005859375,69382.0703125,23026.6796875,10486.580078125,24700.48046875,8516.2998046875,4075.17724609375
2026-06-29 09:36:00+00:00,23943.30078125,7337.81005859375,69382.0703125,23026.6796875,10487.240234375,24696.009765625,8516.2998046875,4075.17724609375
2026-06-29 09:37:00+00:00,23952.44921875,7337.81005859375,69382.0703125,23026.6796875,10487.7197265625,24688.330078125,8516.2998046875,4075.17724609375
2026-06-29 09:38:00+00:00,23956.19921875,7337.81005859375,69382.0703125,23026.6796875,10488.240234375,24704.69921875,8516.2998046875,4075.17724609375
2026-06-29 09:39:00+00:00,23949.80078125,7337.81005859375,69382.0703125,23026.6796875,10489.9697265625,24701.890625,8516.2998046875,4075.17724609375
2026-06-29 09:40:00+00:00,23933.44921875,7337.81005859375,69382.0703125,23026.6796875,10489.9599609375,24699.08984375,8516.2998046875,4075.17724609375
2026-06-29 09:41:00+00:00,23937.099609375,7337.81005859375,69382.0703125,23026.6796875,10489.0498046875,24697.4609375,8516.2998046875,4075.17724609375
2026-06-29 09:42:00+00:00,23938.55078125,7337.81005859375,69382.0703125,23026.6796875,10487.169921875,24694.26953125,8516.2998046875,4075.17724609375
2026-06-29 09:43:00+00:00,23934.55078125,7337.81005859375,69382.0703125,23026.6796875,10489.3603515625,24693.859375,8516.2998046875,4075.17724609375
2026-06-29 09:44:00+00:00,23943.19921875,7337.81005859375,69382.0703125,23026.6796875,10488.75,24690.630859375,8516.2998046875,4075.17724609375
2026-06-29 09:45:00+00:00,23936.5,7337.81005859375,69382.0703125,23026.6796875,10488.7197265625,24694.349609375,8516.2998046875,4075.17724609375
2026-06-29 09:46:00+00:00,23947.150390625,7337.81005859375,69382.0703125,23026.6796875,10487.2900390625,24691.609375,8516.2998046875,4075.17724609375
2026-06-29 09:47:00+00:00,23950.25,7337.81005859375,69382.0703125,23026.6796875,10486.259765625,24685.279296875,8516.2998046875,4075.17724609375
2026-06-29 09:48:00+00:00,23948.599609375,7337.81005859375,69382.0703125,23026.6796875,10484.9501953125,24678.080078125,8516.2998046875,4075.17724609375
2026-06-29 09:49:00+00:00,23949.19921875,7337.81005859375,69382.0703125,23026.6796875,10483.919921875,24682.150390625,8516.2998046875,4075.17724609375
2026-06-29 09:50:00+00:00,23952.099609375,7337.81005859375,69382.0703125,23026.6796875,10484.669921875,24687.240234375,8516.2998046875,4075.17724609375
2026-06-29 09:51:00+00:00,23948.599609375,7337.81005859375,69382.0703125,23026.6796875,10480.4296875,24668.830078125,8516.2998046875,4075.17724609375
2026-06-29 09:52:00+00:00,23943.19921875,7337.81005859375,69382.0703125,23026.6796875,10479.490234375,24675.80078125,8516.2998046875,4075.17724609375
2026-06-29 09:53:00+00:00,23951.55078125,7337.81005859375,69382.0703125,23026.6796875,10479.26953125,24676.630859375,8516.2998046875,4075.17724609375
2026-06-29 09:54:00+00:00,23950.599609375,7337.81005859375,69382.0703125,23026.6796875,10478.6298828125,24676.48046875,8516.2998046875,4075.17724609375
2026-06-29 09:55:00+00:00,23956.400390625,7337.81005859375,69382.0703125,23026.6796875,10477.7802734375,24674.51953125,8516.2998046875,4075.17724609375
2026-06-29 09:56:00+00:00,23957.44921875,7337.81005859375,69382.0703125,23026.6796875,10478.9404296875,24677.669921875,8516.2998046875,4075.17724609375
2026-06-29 09:57:00+00:00,23975.94921875,7337.81005859375,69382.0703125,23026.6796875,10478.7900390625,24684.58984375,8516.2998046875,4075.17724609375
2026-06-29 09:58:00+00:00,23983.099609375,7337.81005859375,69382.0703125,23026.6796875,10479.41015625,24686.76953125,8516.2998046875,4075.17724609375
2026-06-29 09:59:00+00:00,23978.5,7337.81005859375,69382.0703125,23026.6796875,10479.2900390625,24685.990234375,8516.2998046875,4075.17724609375
2026-06-29 10:00:00+00:00,23978.5,7337.81005859375,69382.0703125,23026.6796875,10480.08984375,24680.0,8516.2998046875,4075.17724609375
2026-06-29 10:01:00+00:00,23978.5,7337.81005859375,69382.0703125,23026.6796875,10480.150390625,24679.830078125,8516.2998046875,4075.17724609375
2026-06-29 10:02:00+00:00,23978.5,7337.81005859375,69382.0703125,23026.6796875,10481.01953125,24680.650390625,8516.2998046875,4075.17724609375
2026-06-29 10:03:00+00:00,23978.5,7337.81005859375,69382.0703125,23026.6796875,10478.2998046875,24676.240234375,8516.2998046875,4075.17724609375
2026-06-29 10:04:00+00:00,23978.5,7337.81005859375,69382.0703125,23026.6796875,10478.23046875,24681.1796875,8516.2998046875,4075.17724609375
2026-06-29 10:05:00+00:00,23978.5,7337.81005859375,69382.0703125,23026.6796875,10478.099609375,24679.109375,8516.2998046875,4075.17724609375
2026-06-29 10:06:00+00:00,23978.5,7337.81005859375,69382.0703125,23026.6796875,10478.6298828125,24681.970703125,8516.2998046875,4075.17724609375
2026-06-29 10:07:00+00:00,23978.5,7337.81005859375,69382.0703125,23026.6796875,10478.3095703125,24675.4609375,8516.2998046875,4075.17724609375
2026-06-29 10:08:00+00:00,23978.5,7337.81005859375,69382.0703125,23026.6796875,10477.2099609375,24675.3203125,8516.2998046875,4075.17724609375
2026-06-29 10:09:00+00:00,23978.5,7337.81005859375,69382.0703125,23026.6796875,10479.099609375,24680.580078125,8516.2998046875,4075.17724609375
2026-06-29 10:10:00+00:00,23978.5,7337.81005859375,69382.0703125,23026.6796875,10480.849609375,24681.1796875,8516.2998046875,4075.17724609375
2026-06-29 10:11:00+00:00,23978.5,7337.81005859375,69382.0703125,23026.6796875,10478.3701171875,24679.029296875,8516.2998046875,4075.17724609375
2026-06-29 10:12:00+00:00,23978.5,7337.81005859375,69382.0703125,23026.6796875,10480.009765625,24681.419921875,8516.2998046875,4075.17724609375
2026-06-29 10:13:00+00:00,23978.5,7337.81005859375,69382.0703125,23026.6796875,10480.4697265625,24679.169921875,8516.2998046875,4075.17724609375
2026-06-29 10:14:00+00:00,23978.5,7337.81005859375,69382.0703125,23026.6796875,10478.8095703125,24672.150390625,8516.2998046875,4075.17724609375
2026-06-29 10:15:00+00:00,23978.5,7337.81005859375,69382.0703125,23026.6796875,10477.25,24664.279296875,8516.2998046875,4075.17724609375
2026-06-29 10:16:00+00:00,23978.5,7337.81005859375,69382.0703125,23026.6796875,10473.3095703125,24654.83984375,8516.2998046875,4075.17724609375
2026-06-29 10:17:00+00:00,23978.5,7337.81005859375,69382.0703125,23026.6796875,10475.240234375,24655.41015625,8516.2998046875,4075.17724609375
2026-06-29 10:18:00+00:00,23978.5,7337.81005859375,69382.0703125,23026.6796875,10474.599609375,24661.900390625,8516.2998046875,4075.17724609375
2026-06-29 10:19:00+00:00,23978.5,7337.81005859375,69382.0703125,23026.6796875,10476.2001953125,24668.140625,8516.2998046875,4075.17724609375
2026-06-29 10:20:00+00:00,23978.5,7337.81005859375,69382.0703125,23026.6796875,10477.6201171875,24666.01953125,8516.2998046875,4075.17724609375
2026-06-29 10:21:00+00:00,23978.5,7337.81005859375,69382.0703125,23026.6796875,10477.6796875,24669.720703125,8516.2998046875,4075.17724609375
2026-06-29 10:22:00+00:00,23978.5,7337.81005859375,69382.0703125,23026.6796875,10477.0400390625,24661.470703125,8516.2998046875,4075.17724609375
2026-06-29 10:23:00+00:00,23978.5,7337.81005859375,69382.0703125,23026.6796875,10475.5703125,24657.25,8516.2998046875,4075.17724609375
2026-06-29 10:24:00+00:00,23978.5,7337.81005859375,69382.0703125,23026.6796875,10477.0595703125,24659.529296875,8516.2998046875,4075.17724609375
2026-06-29 10:25:00+00:00,23978.5,7337.81005859375,69382.0703125,23026.6796875,10477.2900390625,24665.58984375,8516.2998046875,4075.17724609375
2026-06-29 10:26:00+00:00,23978.5,7337.81005859375,69382.0703125,23026.6796875,10476.7998046875,24666.58984375,8516.2998046875,4075.17724609375
2026-06-29 10:27:00+00:00,23978.5,7337.81005859375,69382.0703125,23026.6796875,10477.9599609375,24669.599609375,8516.2998046875,4075.17724609375
2026-06-29 10:28:00+00:00,23978.5,7337.81005859375,69382.0703125,23026.6796875,10479.4697265625,24670.369140625,8516.2998046875,4075.17724609375
2026-06-29 10:29:00+00:00,23978.5,7337.81005859375,69382.0703125,23026.6796875,10480.1298828125,24675.0703125,8516.2998046875,4075.17724609375
2026-06-29 10:30:00+00:00,23978.5,7337.81005859375,69382.0703125,23026.6796875,10480.580078125,24677.9296875,8516.2998046875,4075.17724609375
2026-06-29 10:31:00+00:00,23978.5,7337.81005859375,69382.0703125,23026.6796875,10480.91015625,24678.169921875,8516.2998046875,4075.17724609375
2026-06-29 10:32:00+00:00,23978.5,7337.81005859375,69382.0703125,23026.6796875,10479.0498046875,24663.099609375,8516.2998046875,4075.17724609375
2026-06-29 10:33:00+00:00,23978.5,7337.81005859375,69382.0703125,23026.6796875,10478.9599609375,24668.119140625,8516.2998046875,4075.17724609375
2026-06-29 10:34:00+00:00,23978.5,7337.81005859375,69382.0703125,23026.6796875,10478.599609375,24672.83984375,8516.2998046875,4075.17724609375
2026-06-29 10:35:00+00:00,23978.5,7337.81005859375,69382.0703125,23026.6796875,10478.26953125,24671.189453125,8516.2998046875,4075.17724609375
2026-06-29 10:36:00+00:00,23978.5,7337.81005859375,69382.0703125,23026.6796875,10479.6904296875,24666.630859375,8516.2998046875,4075.17724609375
2026-06-29 10:37:00+00:00,23978.5,7337.81005859375,69382.0703125,23026.6796875,10484.6796875,24679.55078125,8516.2998046875,4075.17724609375
2026-06-29 10:38:00+00:00,23978.5,7337.81005859375,69382.0703125,23026.6796875,10485.3095703125,24678.0703125,8516.2998046875,4075.17724609375
2026-06-29 10:39:00+00:00,23978.5,7337.81005859375,69382.0703125,23026.6796875,10486.349609375,24684.990234375,8516.2998046875,4075.17724609375
2026-06-29 10:40:00+00:00,23978.5,7337.81005859375,69382.0703125,23026.6796875,10485.2998046875,24685.869140625,8516.2998046875,4075.17724609375
2026-06-29 10:41:00+00:00,23978.5,7337.81005859375,69382.0703125,23026.6796875,10485.509765625,24684.3203125,8516.2998046875,4075.17724609375
2026-06-29 10:42:00+00:00,23978.5,7337.81005859375,69382.0703125,23026.6796875,10488.41015625,24689.55078125,8516.2998046875,4075.17724609375
2026-06-29 10:43:00+00:00,23978.5,7337.81005859375,69382.0703125,23026.6796875,10488.5703125,24683.48046875,8516.2998046875,4075.17724609375
2026-06-29 10:44:00+00:00,23978.5,7337.81005859375,69382.0703125,23026.6796875,10488.240234375,24685.240234375,8516.2998046875,4075.17724609375
2026-06-29 10:45:00+00:00,23978.5,7337.81005859375,69382.0703125,23026.6796875,10488.2900390625,24684.369140625,8516.2998046875,4075.17724609375
2026-06-29 10:46:00+00:00,23978.5,7337.81005859375,69382.0703125,23026.6796875,10489.490234375,24679.73046875,8516.2998046875,4075.17724609375
2026-06-29 10:47:00+00:00,23978.5,7337.81005859375,69382.0703125,23026.6796875,10488.5400390625,24671.359375,8516.2998046875,4075.17724609375
2026-06-29 10:48:00+00:00,23978.5,7337.81005859375,69382.0703125,23026.6796875,10488.3798828125,24676.5390625,8516.2998046875,4075.17724609375
2026-06-29 10:49:00+00:00,23978.5,7337.81005859375,69382.0703125,23026.6796875,10491.4296875,24679.05078125,8516.2998046875,4075.17724609375
2026-06-29 10:50:00+00:00,23978.5,7337.81005859375,69382.0703125,23026.6796875,10491.6103515625,24682.05078125,8516.2998046875,4075.17724609375
2026-06-29 10:51:00+00:00,23978.5,7337.81005859375,69382.0703125,23026.6796875,10492.5703125,24687.6796875,8516.2998046875,4075.17724609375
2026-06-29 10:52:00+00:00,23978.5,7337.81005859375,69382.0703125,23026.6796875,10491.7802734375,24692.33984375,8516.2998046875,4075.17724609375
2026-06-29 10:53:00+00:00,23978.5,7337.81005859375,69382.0703125,23026.6796875,10491.009765625,24690.169921875,8516.2998046875,4075.17724609375
2026-06-29 10:54:00+00:00,23978.5,7337.81005859375,69382.0703125,23026.6796875,10491.41015625,24684.779296875,8516.2998046875,4075.17724609375
2026-06-29 10:55:00+00:00,23978.5,7337.81005859375,69382.0703125,23026.6796875,10492.4697265625,24692.029296875,8516.2998046875,4075.17724609375
2026-06-29 10:56:00+00:00,23978.5,7337.81005859375,69382.0703125,23026.6796875,10491.3701171875,24684.83984375,8516.2998046875,4075.17724609375
2026-06-29 10:57:00+00:00,23978.5,7337.81005859375,69382.0703125,23026.6796875,10490.8798828125,24690.080078125,8516.2998046875,4075.17724609375
2026-06-29 10:58:00+00:00,23978.5,7337.81005859375,69382.0703125,23026.6796875,10491.259765625,24687.810546875,8516.2998046875,4075.17724609375
2026-06-29 10:59:00+00:00,23978.5,7337.81005859375,69382.0703125,23026.6796875,10491.7099609375,24680.390625,8516.2998046875,4075.17724609375
2026-06-29 11:00:00+00:00,23978.5,7337.81005859375,69382.0703125,23026.6796875,10490.51953125,24681.029296875,8516.2998046875,4075.17724609375
2026-06-29 11:01:00+00:00,23978.5,7337.81005859375,69382.0703125,23026.6796875,10490.009765625,24681.029296875,8516.2998046875,4075.17724609375
2026-06-29 11:02:00+00:00,23978.5,7337.81005859375,69382.0703125,23026.6796875,10489.8701171875,24688.419921875,8516.2998046875,4075.17724609375
2026-06-29 11:03:00+00:00,23978.5,7337.81005859375,69382.0703125,23026.6796875,10489.849609375,24682.51953125,8516.2998046875,4075.17724609375
2026-06-29 11:04:00+00:00,23978.5,7337.81005859375,69382.0703125,23026.6796875,10488.6796875,24678.759765625,8516.2998046875,4075.17724609375
2026-06-29 11:05:00+00:00,23978.5,7337.81005859375,69382.0703125,23026.6796875,10487.7802734375,24680.5703125,8516.2998046875,4075.17724609375
2026-06-29 11:06:00+00:00,23978.5,7337.81005859375,69382.0703125,23026.6796875,10487.4296875,24683.939453125,8516.2998046875,4075.17724609375
2026-06-29 11:07:00+00:00,23978.5,7337.81005859375,69382.0703125,23026.6796875,10487.75,24682.150390625,8516.2998046875,4075.17724609375
2026-06-29 11:08:00+00:00,23978.5,7337.81005859375,69382.0703125,23026.6796875,10487.41015625,24686.80078125,8516.2998046875,4075.17724609375
2026-06-29 11:09:00+00:00,23978.5,7337.81005859375,69382.0703125,23026.6796875,10488.330078125,24684.41015625,8516.2998046875,4075.17724609375
2026-06-29 11:10:00+00:00,23978.5,7337.81005859375,69382.0703125,23026.6796875,10489.6796875,24694.05078125,8516.2998046875,4075.17724609375
2026-06-29 11:11:00+00:00,23978.5,7337.81005859375,69382.0703125,23026.6796875,10490.650390625,24693.810546875,8516.2998046875,4075.17724609375
2026-06-29 11:12:00+00:00,23978.5,7337.81005859375,69382.0703125,23026.6796875,10491.91015625,24692.880859375,8516.2998046875,4075.17724609375
2026-06-29 11:13:00+00:00,23978.5,7337.81005859375,69382.0703125,23026.6796875,10490.8896484375,24689.029296875,8516.2998046875,4075.17724609375
2026-06-29 11:14:00+00:00,23978.5,7337.81005859375,69382.0703125,23026.6796875,10488.0400390625,24678.419921875,8516.2998046875,4075.17724609375
2026-06-29 11:15:00+00:00,23978.5,7337.81005859375,69382.0703125,23026.6796875,10486.830078125,24676.869140625,8516.2998046875,4075.17724609375
2026-06-29 11:16:00+00:00,23978.5,7337.81005859375,69382.0703125,23026.6796875,10487.009765625,24676.890625,8516.2998046875,4075.17724609375
2026-06-29 11:17:00+00:00,23978.5,7337.81005859375,69382.0703125,23026.6796875,10486.349609375,24676.490234375,8516.2998046875,4075.17724609375
2026-06-29 11:18:00+00:00,23978.5,7337.81005859375,69382.0703125,23026.6796875,10484.33984375,24676.69921875,8516.2998046875,4075.17724609375
2026-06-29 11:19:00+00:00,23978.5,7337.81005859375,69382.0703125,23026.6796875,10483.41015625,24673.869140625,8516.2998046875,4075.17724609375
2026-06-29 11:20:00+00:00,23978.5,7337.81005859375,69382.0703125,23026.6796875,10481.6796875,24670.619140625,8516.2998046875,4075.17724609375
2026-06-29 11:21:00+00:00,23978.5,7337.81005859375,69382.0703125,23026.6796875,10479.83984375,24661.9296875,8516.2998046875,4075.17724609375
2026-06-29 11:22:00+00:00,23978.5,7337.81005859375,69382.0703125,23026.6796875,10478.849609375,24659.859375,8516.2998046875,4075.17724609375
2026-06-29 11:23:00+00:00,23978.5,7337.81005859375,69382.0703125,23026.6796875,10478.259765625,24657.880859375,8516.2998046875,4075.17724609375
2026-06-29 11:24:00+00:00,23978.5,7337.81005859375,69382.0703125,23026.6796875,10477.4599609375,24659.220703125,8516.2998046875,4075.17724609375
2026-06-29 11:25:00+00:00,23978.5,7337.81005859375,69382.0703125,23026.6796875,10477.0703125,24660.740234375,8516.2998046875,4075.17724609375
2026-06-29 11:26:00+00:00,23978.5,7337.81005859375,69382.0703125,23026.6796875,10477.509765625,24664.990234375,8516.2998046875,4075.17724609375
2026-06-29 11:27:00+00:00,23978.5,7337.81005859375,69382.0703125,23026.6796875,10478.5302734375,24665.560546875,8516.2998046875,4075.17724609375
2026-06-29 11:28:00+00:00,23978.5,7337.81005859375,69382.0703125,23026.6796875,10477.7900390625,24664.80078125,8516.2998046875,4075.17724609375
2026-06-29 11:29:00+00:00,23978.5,7337.81005859375,69382.0703125,23026.6796875,10477.2802734375,24663.2890625,8516.2998046875,4075.17724609375
2026-06-29 11:30:00+00:00,23978.5,7337.81005859375,69382.0703125,23026.6796875,10476.4697265625,24655.490234375,8516.2998046875,4075.17724609375
2026-06-29 11:31:00+00:00,23978.5,7337.81005859375,69382.0703125,23026.6796875,10484.08984375,24678.51953125,8516.2998046875,4075.17724609375
2026-06-29 11:32:00+00:00,23978.5,7337.81005859375,69382.0703125,23026.6796875,10482.259765625,24665.640625,8516.2998046875,4075.17724609375
2026-06-29 11:33:00+00:00,23978.5,7337.81005859375,69382.0703125,23026.6796875,10481.400390625,24657.5,8516.2998046875,4075.17724609375
2026-06-29 11:34:00+00:00,23978.5,7337.81005859375,69382.0703125,23026.6796875,10481.9599609375,24659.9609375,8516.2998046875,4075.17724609375
2026-06-29 11:35:00+00:00,23978.5,7337.81005859375,69382.0703125,23026.6796875,10481.9599609375,24655.919921875,8516.2998046875,4075.17724609375
2026-06-29 11:36:00+00:00,23978.5,7337.81005859375,69382.0703125,23026.6796875,10482.099609375,24653.349609375,8516.2998046875,4075.17724609375
2026-06-29 11:37:00+00:00,23978.5,7337.81005859375,69382.0703125,23026.6796875,10482.7001953125,24653.5390625,8516.2998046875,4075.17724609375
2026-06-29 11:38:00+00:00,23978.5,7337.81005859375,69382.0703125,23026.6796875,10485.26953125,24651.9296875,8516.2998046875,4075.17724609375
2026-06-29 11:39:00+00:00,23978.5,7337.81005859375,69382.0703125,23026.6796875,10482.83984375,24639.9609375,8516.2998046875,4075.17724609375
2026-06-29 11:40:00+00:00,23978.5,7337.81005859375,69382.0703125,23026.6796875,10484.759765625,24641.939453125,8516.2998046875,4075.17724609375
2026-06-29 11:41:00+00:00,23978.5,7337.81005859375,69382.0703125,23026.6796875,10487.26953125,24647.119140625,8516.2998046875,4075.17724609375
2026-06-29 11:42:00+00:00,23978.5,7337.81005859375,69382.0703125,23026.6796875,10489.650390625,24651.26953125,8516.2998046875,4075.17724609375
2026-06-29 11:43:00+00:00,23978.5,7337.81005859375,69382.0703125,23026.6796875,10491.76953125,24653.51953125,8516.2998046875,4075.17724609375
2026-06-29 11:44:00+00:00,23978.5,7337.81005859375,69382.0703125,23026.6796875,10494.919921875,24655.58984375,8516.2998046875,4075.17724609375
2026-06-29 11:45:00+00:00,23978.5,7337.81005859375,69382.0703125,23026.6796875,10496.7099609375,24661.310546875,8516.2998046875,4075.17724609375
2026-06-29 11:46:00+00:00,23978.5,7337.81005859375,69382.0703125,23026.6796875,10497.580078125,24661.130859375,8516.2998046875,4075.17724609375
2026-06-29 11:47:00+00:00,23978.5,7337.81005859375,69382.0703125,23026.6796875,10497.3603515625,24669.23046875,8516.2998046875,4075.17724609375
2026-06-29 11:48:00+00:00,23978.5,7337.81005859375,69382.0703125,23026.6796875,10497.900390625,24674.349609375,8516.2998046875,4075.17724609375
2026-06-29 11:49:00+00:00,23978.5,7337.81005859375,69382.0703125,23026.6796875,10498.169921875,24669.529296875,8516.2998046875,4075.17724609375
2026-06-29 11:50:00+00:00,23978.5,7337.81005859375,69382.0703125,23026.6796875,10499.0498046875,24684.880859375,8516.2998046875,4075.17724609375
2026-06-29 11:51:00+00:00,23978.5,7337.81005859375,69382.0703125,23026.6796875,10498.1298828125,24681.669921875,8516.2998046875,4075.17724609375
2026-06-29 11:52:00+00:00,23978.5,7337.81005859375,69382.0703125,23026.6796875,10497.8701171875,24684.529296875,8516.2998046875,4075.17724609375
2026-06-29 11:53:00+00:00,23978.5,7337.81005859375,69382.0703125,23026.6796875,10498.4697265625,24685.80078125,8516.2998046875,4075.17724609375
2026-06-29 11:54:00+00:00,23978.5,7337.81005859375,69382.0703125,23026.6796875,10500.16015625,24689.130859375,8516.2998046875,4075.17724609375
2026-06-29 11:55:00+00:00,23978.5,7337.81005859375,69382.0703125,23026.6796875,10501.330078125,24687.3203125,8516.2998046875,4075.17724609375
2026-06-29 11:56:00+00:00,23978.5,7337.81005859375,69382.0703125,23026.6796875,10502.900390625,24691.439453125,8516.2998046875,4075.17724609375
2026-06-29 11:57:00+00:00,23978.5,7337.81005859375,69382.0703125,23026.6796875,10501.6201171875,24687.4296875,8516.2998046875,4075.17724609375
2026-06-29 11:58:00+00:00,23978.5,7337.81005859375,69382.0703125,23026.6796875,10502.5400390625,24694.810546875,8516.2998046875,4075.17724609375
2026-06-29 11:59:00+00:00,23978.5,7337.81005859375,69382.0703125,23026.6796875,10503.4404296875,24694.55078125,8516.2998046875,4075.17724609375
2026-06-29 12:00:00+00:00,23978.5,7337.81005859375,69382.0703125,23026.6796875,10503.580078125,24688.80078125,8516.2998046875,4075.17724609375
2026-06-29 12:01:00+00:00,23978.5,7337.81005859375,69382.0703125,23026.6796875,10504.5,24689.33984375,8516.2998046875,4075.17724609375
2026-06-29 12:02:00+00:00,23978.5,7337.81005859375,69382.0703125,23026.6796875,10504.6298828125,24690.9609375,8516.2998046875,4075.17724609375
2026-06-29 12:03:00+00:00,23978.5,7337.81005859375,69382.0703125,23026.6796875,10504.6904296875,24699.9609375,8516.2998046875,4075.17724609375
2026-06-29 12:04:00+00:00,23978.5,7337.81005859375,69382.0703125,23026.6796875,10503.150390625,24698.259765625,8516.2998046875,4075.17724609375
2026-06-29 12:05:00+00:00,23978.5,7337.81005859375,69382.0703125,23026.6796875,10504.01953125,24697.609375,8516.2998046875,4075.17724609375
2026-06-29 12:06:00+00:00,23978.5,7337.81005859375,69382.0703125,23026.6796875,10504.669921875,24696.560546875,8516.2998046875,4075.17724609375
2026-06-29 12:07:00+00:00,23978.5,7337.81005859375,69382.0703125,23026.6796875,10505.2099609375,24698.630859375,8516.2998046875,4075.17724609375
2026-06-29 12:08:00+00:00,23978.5,7337.81005859375,69382.0703125,23026.6796875,10504.5498046875,24699.169921875,8516.2998046875,4075.17724609375
2026-06-29 12:09:00+00:00,23978.5,7337.81005859375,69382.0703125,23026.6796875,10502.8603515625,24702.76953125,8516.2998046875,4075.17724609375
2026-06-29 12:10:00+00:00,23978.5,7337.81005859375,69382.0703125,23026.6796875,10505.740234375,24708.76953125,8516.2998046875,4075.17724609375
2026-06-29 12:11:00+00:00,23978.5,7337.81005859375,69382.0703125,23026.6796875,10506.5302734375,24706.150390625,8516.2998046875,4075.17724609375
2026-06-29 12:12:00+00:00,23978.5,7337.81005859375,69382.0703125,23026.6796875,10505.51953125,24702.55078125,8516.2998046875,4075.17724609375
2026-06-29 12:13:00+00:00,23978.5,7337.81005859375,69382.0703125,23026.6796875,10503.3896484375,24708.8203125,8516.2998046875,4075.17724609375
2026-06-29 12:14:00+00:00,23978.5,7337.81005859375,69382.0703125,23026.6796875,10502.66015625,24708.16015625,8516.2998046875,4075.17724609375
2026-06-29 12:15:00+00:00,23978.5,7337.81005859375,69382.0703125,23026.6796875,10501.73046875,24707.0390625,8516.2998046875,4075.17724609375
2026-06-29 12:16:00+00:00,23978.5,7337.81005859375,69382.0703125,23026.6796875,10504.2802734375,24710.16015625,8516.2998046875,4075.17724609375
2026-06-29 12:17:00+00:00,23978.5,7337.81005859375,69382.0703125,23026.6796875,10504.48046875,24709.849609375,8516.2998046875,4075.17724609375
2026-06-29 12:18:00+00:00,23978.5,7337.81005859375,69382.0703125,23026.6796875,10504.5,24712.55078125,8516.2998046875,4075.17724609375
2026-06-29 12:19:00+00:00,23978.5,7337.81005859375,69382.0703125,23026.6796875,10505.48046875,24710.80078125,8516.2998046875,4075.17724609375
2026-06-29 12:20:00+00:00,23978.5,7337.81005859375,69382.0703125,23026.6796875,10504.23046875,24702.01953125,8516.2998046875,4075.17724609375
2026-06-29 12:21:00+00:00,23978.5,7337.81005859375,69382.0703125,23026.6796875,10504.580078125,24695.2890625,8516.2998046875,4075.17724609375
2026-06-29 12:22:00+00:00,23978.5,7337.81005859375,69382.0703125,23026.6796875,10504.91015625,24701.5390625,8516.2998046875,4075.17724609375
2026-06-29 12:23:00+00:00,23978.5,7337.81005859375,69382.0703125,23026.6796875,10504.83984375,24700.08984375,8516.2998046875,4075.17724609375
2026-06-29 12:24:00+00:00,23978.5,7337.81005859375,69382.0703125,23026.6796875,10504.7197265625,24701.6796875,8516.2998046875,4075.17724609375
2026-06-29 12:25:00+00:00,23978.5,7337.81005859375,69382.0703125,23026.6796875,10504.2001953125,24705.7890625,8516.2998046875,4075.17724609375
2026-06-29 12:26:00+00:00,23978.5,7337.81005859375,69382.0703125,23026.6796875,10504.76953125,24702.9609375,8516.2998046875,4075.17724609375
2026-06-29 12:27:00+00:00,23978.5,7337.81005859375,69382.0703125,23026.6796875,10502.2998046875,24698.759765625,8516.2998046875,4075.17724609375
2026-06-29 12:28:00+00:00,23978.5,7337.81005859375,69382.0703125,23026.6796875,10500.73046875,24699.16015625,8516.2998046875,4075.17724609375
2026-06-29 12:29:00+00:00,23978.5,7337.81005859375,69382.0703125,23026.6796875,10499.3203125,24694.029296875,8516.2998046875,4075.17724609375
2026-06-29 12:30:00+00:00,23978.5,7337.81005859375,69382.0703125,23026.6796875,10500.1201171875,24688.220703125,8516.2998046875,4075.17724609375
2026-06-29 12:31:00+00:00,23978.5,7337.81005859375,69382.0703125,23026.6796875,10499.009765625,24683.599609375,8516.2998046875,4075.17724609375
2026-06-29 12:32:00+00:00,23978.5,7337.81005859375,69382.0703125,23026.6796875,10498.3896484375,24681.640625,8516.2998046875,4075.17724609375
2026-06-29 12:33:00+00:00,23978.5,7337.81005859375,69382.0703125,23026.6796875,10498.7099609375,24686.130859375,8516.2998046875,4075.17724609375
2026-06-29 12:34:00+00:00,23978.5,7337.81005859375,69382.0703125,23026.6796875,10499.4599609375,24694.25,8516.2998046875,4075.17724609375
2026-06-29 12:35:00+00:00,23978.5,7337.81005859375,69382.0703125,23026.6796875,10500.25,24701.130859375,8516.2998046875,4075.17724609375
2026-06-29 12:36:00+00:00,23978.5,7337.81005859375,69382.0703125,23026.6796875,10501.419921875,24706.849609375,8516.2998046875,4075.17724609375
2026-06-29 12:37:00+00:00,23978.5,7337.81005859375,69382.0703125,23026.6796875,10500.509765625,24698.490234375,8516.2998046875,4075.17724609375
2026-06-29 12:38:00+00:00,23978.5,7337.81005859375,69382.0703125,23026.6796875,10499.16015625,24691.33984375,8516.2998046875,4075.17724609375
2026-06-29 12:39:00+00:00,23978.5,7337.81005859375,69382.0703125,23026.6796875,10497.3095703125,24680.83984375,8516.2998046875,4075.17724609375
2026-06-29 12:40:00+00:00,23978.5,7337.81005859375,69382.0703125,23026.6796875,10496.009765625,24676.4609375,8516.2998046875,4075.17724609375
2026-06-29 12:41:00+00:00,23978.5,7337.81005859375,69382.0703125,23026.6796875,10493.7900390625,24669.5,8516.2998046875,4075.17724609375
2026-06-29 12:42:00+00:00,23978.5,7337.81005859375,69382.0703125,23026.6796875,10493.26953125,24668.509765625,8516.2998046875,4075.17724609375
2026-06-29 12:43:00+00:00,23978.5,7337.81005859375,69382.0703125,23026.6796875,10493.7001953125,24671.94921875,8516.2998046875,4075.17724609375
2026-06-29 12:44:00+00:00,23978.5,7337.81005859375,69382.0703125,23026.6796875,10494.6796875,24678.990234375,8516.2998046875,4075.17724609375
2026-06-29 12:45:00+00:00,23978.5,7337.81005859375,69382.0703125,23026.6796875,10497.0703125,24683.759765625,8516.2998046875,4075.17724609375
2026-06-29 12:46:00+00:00,23978.5,7337.81005859375,69382.0703125,23026.6796875,10496.3603515625,24686.80078125,8516.2998046875,4075.17724609375
2026-06-29 12:47:00+00:00,23978.5,7337.81005859375,69382.0703125,23026.6796875,10499.1103515625,24691.869140625,8516.2998046875,4075.17724609375
2026-06-29 12:48:00+00:00,23978.5,7337.81005859375,69382.0703125,23026.6796875,10500.2099609375,24695.400390625,8516.2998046875,4075.17724609375
2026-06-29 12:49:00+00:00,23978.5,7337.81005859375,69382.0703125,23026.6796875,10497.08984375,24689.580078125,8516.2998046875,4075.17724609375
2026-06-29 12:50:00+00:00,23978.5,7337.81005859375,69382.0703125,23026.6796875,10497.23046875,24691.279296875,8516.2998046875,4075.17724609375
2026-06-29 12:51:00+00:00,23978.5,7337.81005859375,69382.0703125,23026.6796875,10495.8798828125,24688.08984375,8516.2998046875,4075.17724609375
2026-06-29 12:52:00+00:00,23978.5,7337.81005859375,69382.0703125,23026.6796875,10496.7001953125,24698.369140625,8516.2998046875,4075.17724609375
2026-06-29 12:53:00+00:00,23978.5,7337.81005859375,69382.0703125,23026.6796875,10496.7998046875,24701.0390625,8516.2998046875,4075.17724609375
2026-06-29 12:54:00+00:00,23978.5,7337.81005859375,69382.0703125,23026.6796875,10497.599609375,24697.0,8516.2998046875,4075.17724609375
2026-06-29 12:55:00+00:00,23978.5,7337.81005859375,69382.0703125,23026.6796875,10497.0400390625,24702.58984375,8516.2998046875,4075.17724609375
2026-06-29 12:56:00+00:00,23978.5,7337.81005859375,69382.0703125,23026.6796875,10497.5400390625,24700.0703125,8516.2998046875,4075.17724609375
2026-06-29 12:57:00+00:00,23978.5,7337.81005859375,69382.0703125,23026.6796875,10496.919921875,24701.9296875,8516.2998046875,4075.17724609375
2026-06-29 12:58:00+00:00,23978.5,7337.81005859375,69382.0703125,23026.6796875,10495.759765625,24705.560546875,8516.2998046875,4075.17724609375
2026-06-29 12:59:00+00:00,23978.5,7337.81005859375,69382.0703125,23026.6796875,10494.7197265625,24706.4296875,8516.2998046875,4075.17724609375
2026-06-29 13:00:00+00:00,23978.5,7337.81005859375,69382.0703125,23026.6796875,10498.7099609375,24706.359375,8516.2998046875,4075.17724609375
2026-06-29 13:01:00+00:00,23978.5,7337.81005859375,69382.0703125,23026.6796875,10500.01953125,24714.060546875,8516.2998046875,4075.17724609375
2026-06-29 13:02:00+00:00,23978.5,7337.81005859375,69382.0703125,23026.6796875,10500.9599609375,24710.509765625,8516.2998046875,4075.17724609375
2026-06-29 13:03:00+00:00,23978.5,7337.81005859375,69382.0703125,23026.6796875,10502.1396484375,24711.779296875,8516.2998046875,4075.17724609375
2026-06-29 13:04:00+00:00,23978.5,7337.81005859375,69382.0703125,23026.6796875,10505.58984375,24718.740234375,8516.2998046875,4075.17724609375
2026-06-29 13:05:00+00:00,23978.5,7337.81005859375,69382.0703125,23026.6796875,10507.1396484375,24721.189453125,8516.2998046875,4075.17724609375
2026-06-29 13:06:00+00:00,23978.5,7337.81005859375,69382.0703125,23026.6796875,10506.6904296875,24714.33984375,8516.2998046875,4075.17724609375
2026-06-29 13:07:00+00:00,23978.5,7337.81005859375,69382.0703125,23026.6796875,10509.2998046875,24716.55078125,8516.2998046875,4075.17724609375
2026-06-29 13:08:00+00:00,23978.5,7337.81005859375,69382.0703125,23026.6796875,10508.3896484375,24712.029296875,8516.2998046875,4075.17724609375
2026-06-29 13:09:00+00:00,23978.5,7337.81005859375,69382.0703125,23026.6796875,10508.4501953125,24708.859375,8516.2998046875,4075.17724609375
2026-06-29 13:10:00+00:00,23978.5,7337.81005859375,69382.0703125,23026.6796875,10506.400390625,24707.509765625,8516.2998046875,4075.17724609375
2026-06-29 13:11:00+00:00,23978.5,7337.81005859375,69382.0703125,23026.6796875,10506.7802734375,24708.130859375,8516.2998046875,4075.17724609375
2026-06-29 13:12:00+00:00,23978.5,7337.81005859375,69382.0703125,23026.6796875,10506.400390625,24715.400390625,8516.2998046875,4075.17724609375
2026-06-29 13:13:00+00:00,23978.5,7337.81005859375,69382.0703125,23026.6796875,10506.740234375,24713.650390625,8516.2998046875,4075.17724609375
2026-06-29 13:14:00+00:00,23978.5,7337.81005859375,69382.0703125,23026.6796875,10509.1298828125,24715.349609375,8516.2998046875,4075.17724609375
2026-06-29 13:15:00+00:00,23978.5,7337.81005859375,69382.0703125,23026.6796875,10505.3095703125,24711.44921875,8516.2998046875,4075.17724609375
2026-06-29 13:16:00+00:00,23978.5,7337.81005859375,69382.0703125,23026.6796875,10505.150390625,24716.560546875,8516.2998046875,4075.17724609375
2026-06-29 13:17:00+00:00,23978.5,7337.81005859375,69382.0703125,23026.6796875,10505.0400390625,24711.849609375,8516.2998046875,4075.17724609375
2026-06-29 13:18:00+00:00,23978.5,7337.81005859375,69382.0703125,23026.6796875,10506.7998046875,24715.470703125,8516.2998046875,4075.17724609375
2026-06-29 13:19:00+00:00,23978.5,7337.81005859375,69382.0703125,23026.6796875,10506.41015625,24711.369140625,8516.2998046875,4075.17724609375
2026-06-29 13:20:00+00:00,23978.5,7337.81005859375,69382.0703125,23026.6796875,10508.0703125,24708.109375,8516.2998046875,4075.17724609375
2026-06-29 13:21:00+00:00,23978.5,7337.81005859375,69382.0703125,23026.6796875,10507.2001953125,24703.6796875,8516.2998046875,4075.17724609375
2026-06-29 13:22:00+00:00,23978.5,7337.81005859375,69382.0703125,23026.6796875,10508.1796875,24706.720703125,8516.2998046875,4075.17724609375
2026-06-29 13:23:00+00:00,23978.5,7337.81005859375,69382.0703125,23026.6796875,10505.91015625,24704.48046875,8516.2998046875,4075.17724609375
2026-06-29 13:24:00+00:00,23978.5,7337.81005859375,69382.0703125,23026.6796875,10506.66015625,24704.400390625,8516.2998046875,4075.17724609375
2026-06-29 13:25:00+00:00,23978.5,7337.81005859375,69382.0703125,23026.6796875,10508.2802734375,24709.349609375,8516.2998046875,4075.17724609375
2026-06-29 13:26:00+00:00,23978.5,7337.81005859375,69382.0703125,23026.6796875,10507.98046875,24702.9296875,8516.2998046875,4075.17724609375
2026-06-29 13:27:00+00:00,23978.5,7337.81005859375,69382.0703125,23026.6796875,10506.58984375,24697.98046875,8516.2998046875,4075.17724609375
2026-06-29 13:28:00+00:00,23978.5,7337.81005859375,69382.0703125,23026.6796875,10510.08984375,24709.400390625,8516.2998046875,4075.17724609375
2026-06-29 13:29:00+00:00,23978.5,7337.81005859375,69382.0703125,23026.6796875,10510.1396484375,24718.140625,8516.2998046875,4075.17724609375
2026-06-29 13:30:00+00:00,23978.5,7392.7099609375,69382.0703125,23026.6796875,10507.349609375,24710.759765625,8516.2998046875,4075.17724609375
2026-06-29 13:31:00+00:00,23978.5,7401.18994140625,69382.0703125,23026.6796875,10507.91015625,24711.4296875,8516.2998046875,4075.17724609375
2026-06-29 13:32:00+00:00,23978.5,7408.3798828125,69382.0703125,23026.6796875,10503.669921875,24709.359375,8516.2998046875,4075.17724609375
2026-06-29 13:33:00+00:00,23978.5,7411.4501953125,69382.0703125,23026.6796875,10500.8896484375,24698.599609375,8516.2998046875,4075.17724609375
2026-06-29 13:34:00+00:00,23978.5,7416.3701171875,69382.0703125,23026.6796875,10499.3203125,24698.880859375,8516.2998046875,4075.17724609375
2026-06-29 13:35:00+00:00,23978.5,7410.830078125,69382.0703125,23026.6796875,10503.91015625,24694.33984375,8516.2998046875,4075.17724609375
2026-06-29 13:36:00+00:00,23978.5,7402.740234375,69382.0703125,23026.6796875,10500.8798828125,24695.08984375,8516.2998046875,4075.17724609375
2026-06-29 13:37:00+00:00,23978.5,7403.10009765625,69382.0703125,23026.6796875,10502.4697265625,24692.650390625,8516.2998046875,4075.17724609375
2026-06-29 13:38:00+00:00,23978.5,7403.72998046875,69382.0703125,23026.6796875,10504.2099609375,24700.01953125,8516.2998046875,4075.17724609375
2026-06-29 13:39:00+00:00,23978.5,7409.240234375,69382.0703125,23026.6796875,10509.26953125,24704.970703125,8516.2998046875,4075.17724609375
2026-06-29 13:40:00+00:00,23978.5,7412.6298828125,69382.0703125,23026.6796875,10508.580078125,24711.900390625,8516.2998046875,4075.17724609375
2026-06-29 13:41:00+00:00,23978.5,7411.27001953125,69382.0703125,23026.6796875,10511.25,24706.830078125,8516.2998046875,4075.17724609375
2026-06-29 13:42:00+00:00,23978.5,7415.1201171875,69382.0703125,23026.6796875,10510.6298828125,24704.970703125,8516.2998046875,4075.17724609375
2026-06-29 13:43:00+00:00,23978.5,7414.259765625,69382.0703125,23026.6796875,10515.23046875,24700.029296875,8516.2998046875,4075.17724609375
2026-06-29 13:44:00+00:00,23978.5,7420.8798828125,69382.0703125,23026.6796875,10514.0595703125,24713.7109375,8516.2998046875,4075.17724609375
2026-06-29 13:45:00+00:00,23978.5,7426.7900390625,69382.0703125,23026.6796875,10511.25,24721.919921875,8516.2998046875,4075.17724609375
2026-06-29 13:46:00+00:00,23978.5,7421.85986328125,69382.0703125,23026.6796875,10507.3798828125,24712.1796875,8516.2998046875,4075.17724609375
2026-06-29 13:47:00+00:00,23978.5,7423.5,69382.0703125,23026.6796875,10503.669921875,24713.560546875,8516.2998046875,4075.17724609375
2026-06-29 13:48:00+00:00,23978.5,7423.10009765625,69382.0703125,23026.6796875,10505.1904296875,24713.5,8516.2998046875,4075.17724609375
2026-06-29 13:49:00+00:00,23978.5,7417.64013671875,69382.0703125,23026.6796875,10503.419921875,24703.05078125,8516.2998046875,4075.17724609375
2026-06-29 13:50:00+00:00,23978.5,7420.31005859375,69382.0703125,23026.6796875,10504.849609375,24708.640625,8516.2998046875,4075.17724609375
2026-06-29 13:51:00+00:00,23978.5,7426.240234375,69382.0703125,23026.6796875,10502.2998046875,24715.119140625,8516.2998046875,4075.17724609375
2026-06-29 13:52:00+00:00,23978.5,7423.97998046875,69382.0703125,23026.6796875,10503.3603515625,24715.2109375,8516.2998046875,4075.17724609375
2026-06-29 13:53:00+00:00,23978.5,7423.47021484375,69382.0703125,23026.6796875,10499.4501953125,24700.109375,8516.2998046875,4075.17724609375
2026-06-29 13:54:00+00:00,23978.5,7418.66015625,69382.0703125,23026.6796875,10500.23046875,24686.05078125,8516.2998046875,4075.17724609375
2026-06-29 13:55:00+00:00,23978.5,7406.0,69382.0703125,23026.6796875,10502.330078125,24671.23046875,8516.2998046875,4075.17724609375
2026-06-29 13:56:00+00:00,23978.5,7405.89013671875,69382.0703125,23026.6796875,10497.2998046875,24655.19921875,8516.2998046875,4075.17724609375
2026-06-29 13:57:00+00:00,23978.5,7398.5400390625,69382.0703125,23026.6796875,10495.5302734375,24651.740234375,8516.2998046875,4075.17724609375
2026-06-29 13:58:00+00:00,23978.5,7397.5,69382.0703125,23026.6796875,10497.759765625,24662.970703125,8516.2998046875,4075.17724609375
2026-06-29 13:59:00+00:00,23978.5,7397.31982421875,69382.0703125,23026.6796875,10501.5302734375,24670.66015625,8516.2998046875,4075.17724609375
2026-06-29 14:00:00+00:00,23978.5,7391.52001953125,69382.0703125,23026.6796875,10500.8896484375,24658.650390625,8516.2998046875,4075.17724609375
2026-06-29 14:01:00+00:00,23978.5,7393.43017578125,69382.0703125,23026.6796875,10499.6396484375,24654.310546875,8516.2998046875,4075.17724609375
2026-06-29 14:02:00+00:00,23978.5,7393.85986328125,69382.0703125,23026.6796875,10500.98046875,24666.98046875,8516.2998046875,4075.17724609375
2026-06-29 14:03:00+00:00,23978.5,7392.919921875,69382.0703125,23026.6796875,10498.7099609375,24662.810546875,8516.2998046875,4075.17724609375
2026-06-29 14:04:00+00:00,23978.5,7389.5498046875,69382.0703125,23026.6796875,10499.6796875,24654.939453125,8516.2998046875,4075.17724609375
2026-06-29 14:05:00+00:00,23978.5,7385.43017578125,69382.0703125,23026.6796875,10496.41015625,24640.8203125,8516.2998046875,4075.17724609375
2026-06-29 14:06:00+00:00,23978.5,7383.16015625,69382.0703125,23026.6796875,10491.25,24628.900390625,8516.2998046875,4075.17724609375
2026-06-29 14:07:00+00:00,23978.5,7378.39013671875,69382.0703125,23026.6796875,10492.25,24622.009765625,8516.2998046875,4075.17724609375
2026-06-29 14:08:00+00:00,23978.5,7380.509765625,69382.0703125,23026.6796875,10492.8603515625,24628.380859375,8516.2998046875,4075.17724609375
2026-06-29 14:09:00+00:00,23978.5,7379.990234375,69382.0703125,23026.6796875,10491.3701171875,24637.369140625,8516.2998046875,4075.17724609375
2026-06-29 14:10:00+00:00,23978.5,7372.91015625,69382.0703125,23026.6796875,10487.650390625,24616.41015625,8516.2998046875,4075.17724609375
2026-06-29 14:11:00+00:00,23978.5,7374.759765625,69382.0703125,23026.6796875,10490.650390625,24626.400390625,8516.2998046875,4075.17724609375
2026-06-29 14:12:00+00:00,23978.5,7367.18017578125,69382.0703125,23026.6796875,10485.3603515625,24604.349609375,8516.2998046875,4075.17724609375
2026-06-29 14:13:00+00:00,23978.5,7360.72021484375,69382.0703125,23026.6796875,10483.75,24596.01953125,8516.2998046875,4075.17724609375
2026-06-29 14:14:00+00:00,23978.5,7355.43994140625,69382.0703125,23026.6796875,10478.900390625,24584.76953125,8516.2998046875,4075.17724609375
2026-06-29 14:15:00+00:00,23978.5,7358.89990234375,69382.0703125,23026.6796875,10479.73046875,24587.810546875,8516.2998046875,4075.17724609375
2026-06-29 14:16:00+00:00,23978.5,7355.490234375,69382.0703125,23026.6796875,10482.4697265625,24589.689453125,8516.2998046875,4075.17724609375
2026-06-29 14:17:00+00:00,23978.5,7358.81005859375,69382.0703125,23026.6796875,10484.580078125,24594.689453125,8516.2998046875,4075.17724609375
2026-06-29 14:18:00+00:00,23978.5,7358.68994140625,69382.0703125,23026.6796875,10486.240234375,24606.2890625,8516.2998046875,4075.17724609375
2026-06-29 14:19:00+00:00,23978.5,7365.27978515625,69382.0703125,23026.6796875,10488.080078125,24611.390625,8516.2998046875,4075.17724609375
2026-06-29 14:20:00+00:00,23978.5,7366.72998046875,69382.0703125,23026.6796875,10488.6904296875,24614.19921875,8516.2998046875,4075.17724609375
2026-06-29 14:21:00+00:00,23978.5,7369.4599609375,69382.0703125,23026.6796875,10491.7001953125,24621.359375,8516.2998046875,4075.17724609375
2026-06-29 14:22:00+00:00,23978.5,7371.419921875,69382.0703125,23026.6796875,10499.2197265625,24627.1796875,8516.2998046875,4075.17724609375
2026-06-29 14:23:00+00:00,23978.5,7366.16015625,69382.0703125,23026.6796875,10500.2900390625,24633.619140625,8516.2998046875,4075.17724609375
2026-06-29 14:24:00+00:00,23978.5,7370.4599609375,69382.0703125,23026.6796875,10498.4697265625,24640.41015625,8516.2998046875,4075.17724609375
2026-06-29 14:25:00+00:00,23978.5,7377.990234375,69382.0703125,23026.6796875,10500.5400390625,24645.560546875,8516.2998046875,4075.17724609375
2026-06-29 14:26:00+00:00,23978.5,7381.89990234375,69382.0703125,23026.6796875,10505.33984375,24661.51953125,8516.2998046875,4075.17724609375
2026-06-29 14:27:00+00:00,23978.5,7381.91015625,69382.0703125,23026.6796875,10507.1103515625,24666.5,8516.2998046875,4075.17724609375
2026-06-29 14:28:00+00:00,23978.5,7389.009765625,69382.0703125,23026.6796875,10507.990234375,24669.83984375,8516.2998046875,4075.17724609375
2026-06-29 14:29:00+00:00,23978.5,7390.6201171875,69382.0703125,23026.6796875,10501.830078125,24660.150390625,8516.2998046875,4075.17724609375
2026-06-29 14:30:00+00:00,23978.5,7396.25,69382.0703125,23026.6796875,10498.0703125,24659.890625,8516.2998046875,4075.17724609375
2026-06-29 14:31:00+00:00,23978.5,7397.08984375,69382.0703125,23026.6796875,10499.849609375,24664.58984375,8516.2998046875,4075.17724609375
2026-06-29 14:32:00+00:00,23978.5,7394.06005859375,69382.0703125,23026.6796875,10499.1298828125,24648.44921875,8516.2998046875,4075.17724609375
2026-06-29 14:33:00+00:00,23978.5,7402.9501953125,69382.0703125,23026.6796875,10500.7998046875,24658.94921875,8516.2998046875,4075.17724609375
2026-06-29 14:34:00+00:00,23978.5,7404.18017578125,69382.0703125,23026.6796875,10498.0703125,24654.51953125,8516.2998046875,4075.17724609375
2026-06-29 14:35:00+00:00,23978.5,7402.93017578125,69382.0703125,23026.6796875,10498.0,24652.80078125,8516.2998046875,4075.17724609375
2026-06-29 14:36:00+00:00,23978.5,7401.9501953125,69382.0703125,23026.6796875,10497.83984375,24641.439453125,8516.2998046875,4075.17724609375
2026-06-29 14:37:00+00:00,23978.5,7403.06005859375,69382.0703125,23026.6796875,10496.1396484375,24631.720703125,8516.2998046875,4075.17724609375
2026-06-29 14:38:00+00:00,23978.5,7400.35009765625,69382.0703125,23026.6796875,10495.1796875,24620.55078125,8516.2998046875,4075.17724609375
2026-06-29 14:39:00+00:00,23978.5,7400.35009765625,69382.0703125,23026.6796875,10491.599609375,24616.08984375,8516.2998046875,4075.17724609375
2026-06-29 14:40:00+00:00,23978.5,7401.669921875,69382.0703125,23026.6796875,10491.7802734375,24620.369140625,8516.2998046875,4075.17724609375
2026-06-29 14:41:00+00:00,23978.5,7402.5,69382.0703125,23026.6796875,10491.76953125,24625.669921875,8516.2998046875,4075.17724609375
2026-06-29 14:42:00+00:00,23978.5,7404.52001953125,69382.0703125,23026.6796875,10492.6201171875,24624.58984375,8516.2998046875,4075.17724609375
2026-06-29 14:43:00+00:00,23978.5,7404.91015625,69382.0703125,23026.6796875,10495.2001953125,24626.560546875,8516.2998046875,4075.17724609375
2026-06-29 14:44:00+00:00,23978.5,7400.35986328125,69382.0703125,23026.6796875,10492.759765625,24623.599609375,8516.2998046875,4075.17724609375
2026-06-29 14:45:00+00:00,23978.5,7394.83984375,69382.0703125,23026.6796875,10494.1201171875,24611.08984375,8516.2998046875,4075.17724609375
2026-06-29 14:46:00+00:00,23978.5,7392.58984375,69382.0703125,23026.6796875,10491.919921875,24602.259765625,8516.2998046875,4075.17724609375
2026-06-29 14:47:00+00:00,23978.5,7389.83984375,69382.0703125,23026.6796875,10491.4501953125,24596.490234375,8516.2998046875,4075.17724609375
2026-06-29 14:48:00+00:00,23978.5,7388.669921875,69382.0703125,23026.6796875,10487.7998046875,24590.869140625,8516.2998046875,4075.17724609375
2026-06-29 14:49:00+00:00,23978.5,7396.47021484375,69382.0703125,23026.6796875,10487.76953125,24598.740234375,8516.2998046875,4075.17724609375
2026-06-29 14:50:00+00:00,23978.5,7403.10009765625,69382.0703125,23026.6796875,10486.7099609375,24601.01953125,8516.2998046875,4075.17724609375
2026-06-29 14:51:00+00:00,23978.5,7403.990234375,69382.0703125,23026.6796875,10484.26953125,24596.5703125,8516.2998046875,4075.17724609375
2026-06-29 14:52:00+00:00,23978.5,7402.919921875,69382.0703125,23026.6796875,10483.1298828125,24589.759765625,8516.2998046875,4075.17724609375
2026-06-29 14:53:00+00:00,23978.5,7408.56982421875,69382.0703125,23026.6796875,10483.419921875,24595.58984375,8516.2998046875,4075.17724609375
2026-06-29 14:54:00+00:00,23978.5,7409.27978515625,69382.0703125,23026.6796875,10483.7802734375,24603.380859375,8516.2998046875,4075.17724609375
2026-06-29 14:55:00+00:00,23978.5,7406.16015625,69382.0703125,23026.6796875,10482.5302734375,24594.109375,8516.2998046875,4075.17724609375
2026-06-29 14:56:00+00:00,23978.5,7404.6201171875,69382.0703125,23026.6796875,10481.509765625,24591.759765625,8516.2998046875,4075.17724609375
2026-06-29 14:57:00+00:00,23978.5,7402.580078125,69382.0703125,23026.6796875,10478.5302734375,24586.869140625,8516.2998046875,4075.17724609375
2026-06-29 14:58:00+00:00,23978.5,7402.6201171875,69382.0703125,23026.6796875,10480.6201171875,24589.580078125,8516.2998046875,4075.17724609375
2026-06-29 14:59:00+00:00,23978.5,7407.83984375,69382.0703125,23026.6796875,10481.08984375,24593.669921875,8516.2998046875,4075.17724609375
2026-06-29 15:00:00+00:00,23978.5,7406.419921875,69382.0703125,23026.6796875,10480.1201171875,24592.66015625,8516.2998046875,4075.17724609375
2026-06-29 15:01:00+00:00,23978.5,7405.0,69382.0703125,23026.6796875,10476.41015625,24575.51953125,8516.2998046875,4075.17724609375
2026-06-29 15:02:00+00:00,23978.5,7403.0498046875,69382.0703125,23026.6796875,10472.76953125,24561.66015625,8516.2998046875,4075.17724609375
2026-06-29 15:03:00+00:00,23978.5,7405.06005859375,69382.0703125,23026.6796875,10475.4296875,24577.779296875,8516.2998046875,4075.17724609375
2026-06-29 15:04:00+00:00,23978.5,7402.2099609375,69382.0703125,23026.6796875,10477.349609375,24589.94921875,8516.2998046875,4075.17724609375
2026-06-29 15:05:00+00:00,23978.5,7401.8701171875,69382.0703125,23026.6796875,10482.5595703125,24593.30078125,8516.2998046875,4075.17724609375
2026-06-29 15:06:00+00:00,23978.5,7401.89990234375,69382.0703125,23026.6796875,10486.8603515625,24594.560546875,8516.2998046875,4075.17724609375
2026-06-29 15:07:00+00:00,23978.5,7401.1201171875,69382.0703125,23026.6796875,10492.5703125,24599.1796875,8516.2998046875,4075.17724609375
2026-06-29 15:08:00+00:00,23978.5,7401.64990234375,69382.0703125,23026.6796875,10488.599609375,24595.0,8516.2998046875,4075.17724609375
2026-06-29 15:09:00+00:00,23978.5,7400.85986328125,69382.0703125,23026.6796875,10489.259765625,24591.669921875,8516.2998046875,4075.17724609375
2026-06-29 15:10:00+00:00,23978.5,7399.080078125,69382.0703125,23026.6796875,10490.3798828125,24587.810546875,8516.2998046875,4075.17724609375
2026-06-29 15:11:00+00:00,23978.5,7398.10986328125,69382.0703125,23026.6796875,10491.91015625,24594.2109375,8516.2998046875,4075.17724609375
2026-06-29 15:12:00+00:00,23978.5,7396.509765625,69382.0703125,23026.6796875,10491.0302734375,24602.099609375,8516.2998046875,4075.17724609375
2026-06-29 15:13:00+00:00,23978.5,7398.7900390625,69382.0703125,23026.6796875,10493.7001953125,24603.55078125,8516.2998046875,4075.17724609375
2026-06-29 15:14:00+00:00,23978.5,7403.58984375,69382.0703125,23026.6796875,10497.9501953125,24615.5390625,8516.2998046875,4075.17724609375
2026-06-29 15:15:00+00:00,23978.5,7405.3798828125,69382.0703125,23026.6796875,10499.009765625,24622.19921875,8516.2998046875,4075.17724609375
2026-06-29 15:16:00+00:00,23978.5,7404.259765625,69382.0703125,23026.6796875,10498.3603515625,24620.919921875,8516.2998046875,4075.17724609375
2026-06-29 15:17:00+00:00,23978.5,7401.22021484375,69382.0703125,23026.6796875,10495.25,24612.580078125,8516.2998046875,4075.17724609375
2026-06-29 15:18:00+00:00,23978.5,7401.2099609375,69382.0703125,23026.6796875,10498.1298828125,24622.509765625,8516.2998046875,4075.17724609375
2026-06-29 15:19:00+00:00,23978.5,7398.990234375,69382.0703125,23026.6796875,10497.9296875,24618.8203125,8516.2998046875,4075.17724609375
2026-06-29 15:20:00+00:00,23978.5,7397.5498046875,69382.0703125,23026.6796875,10498.1103515625,24622.880859375,8516.2998046875,4075.17724609375
2026-06-29 15:21:00+00:00,23978.5,7402.22998046875,69382.0703125,23026.6796875,10501.23046875,24634.08984375,8516.2998046875,4075.17724609375
2026-06-29 15:22:00+00:00,23978.5,7399.7900390625,69382.0703125,23026.6796875,10497.5302734375,24625.279296875,8516.2998046875,4075.17724609375
2026-06-29 15:23:00+00:00,23978.5,7395.89990234375,69382.0703125,23026.6796875,10497.4697265625,24630.759765625,8516.2998046875,4075.17724609375
2026-06-29 15:24:00+00:00,23978.5,7395.97021484375,69382.0703125,23026.6796875,10495.9599609375,24616.83984375,8516.2998046875,4075.17724609375
2026-06-29 15:25:00+00:00,23978.5,7397.0400390625,69382.0703125,23026.6796875,10496.7802734375,24629.369140625,8516.2998046875,4075.17724609375
2026-06-29 15:26:00+00:00,23978.5,7400.3798828125,69382.0703125,23026.6796875,10498.740234375,24631.0703125,8516.2998046875,4075.17724609375
2026-06-29 15:27:00+00:00,23978.5,7402.72021484375,69382.0703125,23026.6796875,10498.7099609375,24634.08984375,8516.2998046875,4075.17724609375
2026-06-29 15:28:00+00:00,23978.5,7403.10986328125,69382.0703125,23026.6796875,10499.5703125,24632.849609375,8516.2998046875,4075.17724609375
2026-06-29 15:29:00+00:00,23978.5,7406.85009765625,69382.0703125,23026.6796875,10501.5498046875,24639.69921875,8516.2998046875,4075.17724609375
2026-06-29 15:30:00+00:00,23978.5,7407.02978515625,69382.0703125,23026.6796875,10501.5498046875,24639.69921875,8516.2998046875,4075.17724609375
2026-06-29 15:31:00+00:00,23978.5,7406.8798828125,69382.0703125,23026.6796875,10501.5498046875,24639.69921875,8516.2998046875,4075.17724609375
2026-06-29 15:32:00+00:00,23978.5,7405.93017578125,69382.0703125,23026.6796875,10501.5498046875,24639.69921875,8516.2998046875,4075.17724609375
2026-06-29 15:33:00+00:00,23978.5,7406.9501953125,69382.0703125,23026.6796875,10501.5498046875,24639.69921875,8516.2998046875,4075.17724609375
2026-06-29 15:34:00+00:00,23978.5,7405.58984375,69382.0703125,23026.6796875,10501.5498046875,24639.69921875,8516.2998046875,4075.17724609375
2026-06-29 15:35:00+00:00,23978.5,7403.18017578125,69382.0703125,23026.6796875,10501.5498046875,24639.69921875,8516.2998046875,4075.17724609375
2026-06-29 15:36:00+00:00,23978.5,7404.83984375,69382.0703125,23026.6796875,10501.5498046875,24639.69921875,8516.2998046875,4075.17724609375
2026-06-29 15:37:00+00:00,23978.5,7407.56982421875,69382.0703125,23026.6796875,10501.5498046875,24639.69921875,8516.2998046875,4075.17724609375
2026-06-29 15:38:00+00:00,23978.5,7407.66015625,69382.0703125,23026.6796875,10501.5498046875,24639.69921875,8516.2998046875,4075.17724609375
2026-06-29 15:39:00+00:00,23978.5,7408.5498046875,69382.0703125,23026.6796875,10501.5498046875,24639.69921875,8516.2998046875,4075.17724609375
2026-06-29 15:40:00+00:00,23978.5,7407.4501953125,69382.0703125,23026.6796875,10501.5498046875,24639.69921875,8516.2998046875,4075.17724609375
2026-06-29 15:41:00+00:00,23978.5,7409.97998046875,69382.0703125,23026.6796875,10501.5498046875,24639.69921875,8516.2998046875,4075.17724609375
2026-06-29 15:42:00+00:00,23978.5,7409.64013671875,69382.0703125,23026.6796875,10501.5498046875,24639.69921875,8516.2998046875,4075.17724609375
2026-06-29 15:43:00+00:00,23978.5,7410.580078125,69382.0703125,23026.6796875,10501.5498046875,24639.69921875,8516.2998046875,4075.17724609375
2026-06-29 15:44:00+00:00,23978.5,7412.72021484375,69382.0703125,23026.6796875,10501.5498046875,24639.69921875,8516.2998046875,4075.17724609375
2026-06-29 15:45:00+00:00,23978.5,7410.6298828125,69382.0703125,23026.6796875,10501.5498046875,24639.69921875,8516.2998046875,4075.17724609375
2026-06-29 15:46:00+00:00,23978.5,7409.7001953125,69382.0703125,23026.6796875,10501.5498046875,24639.69921875,8516.2998046875,4075.17724609375
2026-06-29 15:47:00+00:00,23978.5,7409.64990234375,69382.0703125,23026.6796875,10501.5498046875,24639.69921875,8516.2998046875,4075.17724609375
2026-06-29 15:48:00+00:00,23978.5,7408.4599609375,69382.0703125,23026.6796875,10501.5498046875,24639.69921875,8516.2998046875,4075.17724609375
2026-06-29 15:49:00+00:00,23978.5,7407.31982421875,69382.0703125,23026.6796875,10501.5498046875,24639.69921875,8516.2998046875,4075.17724609375
2026-06-29 15:50:00+00:00,23978.5,7410.27978515625,69382.0703125,23026.6796875,10501.5498046875,24639.69921875,8516.2998046875,4075.17724609375
2026-06-29 15:51:00+00:00,23978.5,7409.47998046875,69382.0703125,23026.6796875,10501.5498046875,24639.69921875,8516.2998046875,4075.17724609375
2026-06-29 15:52:00+00:00,23978.5,7408.47998046875,69382.0703125,23026.6796875,10501.5498046875,24639.69921875,8516.2998046875,4075.17724609375
2026-06-29 15:53:00+00:00,23978.5,7408.43994140625,69382.0703125,23026.6796875,10501.5498046875,24639.69921875,8516.2998046875,4075.17724609375
2026-06-29 15:54:00+00:00,23978.5,7409.18994140625,69382.0703125,23026.6796875,10501.5498046875,24639.69921875,8516.2998046875,4075.17724609375
2026-06-29 15:55:00+00:00,23978.5,7410.27001953125,69382.0703125,23026.6796875,10501.5498046875,24639.69921875,8516.2998046875,4075.17724609375
2026-06-29 15:56:00+00:00,23978.5,7408.759765625,69382.0703125,23026.6796875,10501.5498046875,24639.69921875,8516.2998046875,4075.17724609375
2026-06-29 15:57:00+00:00,23978.5,7410.2900390625,69382.0703125,23026.6796875,10501.5498046875,24639.69921875,8516.2998046875,4075.17724609375
2026-06-29 15:58:00+00:00,23978.5,7411.75,69382.0703125,23026.6796875,10501.5498046875,24639.69921875,8516.2998046875,4075.17724609375
2026-06-29 15:59:00+00:00,23978.5,7413.3798828125,69382.0703125,23026.6796875,10501.5498046875,24639.69921875,8516.2998046875,4075.17724609375
2026-06-29 16:00:00+00:00,23978.5,7415.64013671875,69382.0703125,23026.6796875,10501.5498046875,24639.69921875,8516.2998046875,4075.17724609375
2026-06-29 16:01:00+00:00,23978.5,7417.10009765625,69382.0703125,23026.6796875,10501.5498046875,24639.69921875,8516.2998046875,4075.17724609375
2026-06-29 16:02:00+00:00,23978.5,7415.43994140625,69382.0703125,23026.6796875,10501.5498046875,24639.69921875,8516.2998046875,4075.17724609375
2026-06-29 16:03:00+00:00,23978.5,7416.240234375,69382.0703125,23026.6796875,10501.5498046875,24639.69921875,8516.2998046875,4075.17724609375
2026-06-29 16:04:00+00:00,23978.5,7417.85009765625,69382.0703125,23026.6796875,10501.5498046875,24639.69921875,8516.2998046875,4075.17724609375
2026-06-29 16:05:00+00:00,23978.5,7417.60986328125,69382.0703125,23026.6796875,10501.5498046875,24639.69921875,8516.2998046875,4075.17724609375
2026-06-29 16:06:00+00:00,23978.5,7417.14990234375,69382.0703125,23026.6796875,10501.5498046875,24639.69921875,8516.2998046875,4075.17724609375
2026-06-29 16:07:00+00:00,23978.5,7416.77978515625,69382.0703125,23026.6796875,10501.5498046875,24639.69921875,8516.2998046875,4075.17724609375
2026-06-29 16:08:00+00:00,23978.5,7417.0498046875,69382.0703125,23026.6796875,10501.5498046875,24639.69921875,8516.2998046875,4075.17724609375
2026-06-29 16:09:00+00:00,23978.5,7416.25,69382.0703125,23026.6796875,10501.5498046875,24639.69921875,8516.2998046875,4075.17724609375
2026-06-29 16:10:00+00:00,23978.5,7415.27001953125,69382.0703125,23026.6796875,10501.5498046875,24639.69921875,8516.2998046875,4075.17724609375
2026-06-29 16:11:00+00:00,23978.5,7414.9599609375,69382.0703125,23026.6796875,10501.5498046875,24639.69921875,8516.2998046875,4075.17724609375
2026-06-29 16:12:00+00:00,23978.5,7414.7900390625,69382.0703125,23026.6796875,10501.5498046875,24639.69921875,8516.2998046875,4075.17724609375
2026-06-29 16:13:00+00:00,23978.5,7414.0,69382.0703125,23026.6796875,10501.5498046875,24639.69921875,8516.2998046875,4075.17724609375
2026-06-29 16:14:00+00:00,23978.5,7413.56982421875,69382.0703125,23026.6796875,10501.5498046875,24639.69921875,8516.2998046875,4075.17724609375
2026-06-29 16:15:00+00:00,23978.5,7415.77978515625,69382.0703125,23026.6796875,10501.5498046875,24639.69921875,8516.2998046875,4075.17724609375
2026-06-29 16:16:00+00:00,23978.5,7416.39013671875,69382.0703125,23026.6796875,10501.5498046875,24639.69921875,8516.2998046875,4075.17724609375
2026-06-29 16:17:00+00:00,23978.5,7413.97998046875,69382.0703125,23026.6796875,10501.5498046875,24639.69921875,8516.2998046875,4075.17724609375
2026-06-29 16:18:00+00:00,23978.5,7414.64990234375,69382.0703125,23026.6796875,10501.5498046875,24639.69921875,8516.2998046875,4075.17724609375
2026-06-29 16:19:00+00:00,23978.5,7414.31005859375,69382.0703125,23026.6796875,10501.5498046875,24639.69921875,8516.2998046875,4075.17724609375
2026-06-29 16:20:00+00:00,23978.5,7414.97021484375,69382.0703125,23026.6796875,10501.5498046875,24639.69921875,8516.2998046875,4075.17724609375
2026-06-29 16:21:00+00:00,23978.5,7413.2001953125,69382.0703125,23026.6796875,10501.5498046875,24639.69921875,8516.2998046875,4075.17724609375
2026-06-29 16:22:00+00:00,23978.5,7414.7998046875,69382.0703125,23026.6796875,10501.5498046875,24639.69921875,8516.2998046875,4075.17724609375
2026-06-29 16:23:00+00:00,23978.5,7416.35986328125,69382.0703125,23026.6796875,10501.5498046875,24639.69921875,8516.2998046875,4075.17724609375
2026-06-29 16:24:00+00:00,23978.5,7416.56982421875,69382.0703125,23026.6796875,10501.5498046875,24639.69921875,8516.2998046875,4075.17724609375
2026-06-29 16:25:00+00:00,23978.5,7413.97021484375,69382.0703125,23026.6796875,10501.5498046875,24639.69921875,8516.2998046875,4075.17724609375
2026-06-29 16:26:00+00:00,23978.5,7413.39013671875,69382.0703125,23026.6796875,10501.5498046875,24639.69921875,8516.2998046875,4075.17724609375
2026-06-29 16:27:00+00:00,23978.5,7414.06982421875,69382.0703125,23026.6796875,10501.5498046875,24639.69921875,8516.2998046875,4075.17724609375
2026-06-29 16:28:00+00:00,23978.5,7412.68994140625,69382.0703125,23026.6796875,10501.5498046875,24639.69921875,8516.2998046875,4075.17724609375
2026-06-29 16:29:00+00:00,23978.5,7412.31982421875,69382.0703125,23026.6796875,10501.5498046875,24639.69921875,8516.2998046875,4075.17724609375
2026-06-29 16:30:00+00:00,23978.5,7411.52978515625,69382.0703125,23026.6796875,10501.5498046875,24639.69921875,8516.2998046875,4075.17724609375
2026-06-29 16:31:00+00:00,23978.5,7411.490234375,69382.0703125,23026.6796875,10501.5498046875,24639.69921875,8516.2998046875,4075.17724609375
2026-06-29 16:32:00+00:00,23978.5,7410.1201171875,69382.0703125,23026.6796875,10501.5498046875,24639.69921875,8516.2998046875,4075.17724609375
2026-06-29 16:33:00+00:00,23978.5,7409.14990234375,69382.0703125,23026.6796875,10501.5498046875,24639.69921875,8516.2998046875,4075.17724609375
2026-06-29 16:34:00+00:00,23978.5,7410.06005859375,69382.0703125,23026.6796875,10501.5498046875,24639.69921875,8516.2998046875,4075.17724609375
2026-06-29 16:35:00+00:00,23978.5,7411.02978515625,69382.0703125,23026.6796875,10501.5498046875,24639.69921875,8516.2998046875,4075.17724609375
2026-06-29 16:36:00+00:00,23978.5,7410.4599609375,69382.0703125,23026.6796875,10501.5498046875,24639.69921875,8516.2998046875,4075.17724609375
2026-06-29 16:37:00+00:00,23978.5,7412.02978515625,69382.0703125,23026.6796875,10501.5498046875,24639.69921875,8516.2998046875,4075.17724609375
2026-06-29 16:38:00+00:00,23978.5,7411.72998046875,69382.0703125,23026.6796875,10501.5498046875,24639.69921875,8516.2998046875,4075.17724609375
2026-06-29 16:39:00+00:00,23978.5,7412.990234375,69382.0703125,23026.6796875,10501.5498046875,24639.69921875,8516.2998046875,4075.17724609375
2026-06-29 16:40:00+00:00,23978.5,7413.77001953125,69382.0703125,23026.6796875,10501.5498046875,24639.69921875,8516.2998046875,4075.17724609375
2026-06-29 16:41:00+00:00,23978.5,7413.81982421875,69382.0703125,23026.6796875,10501.5498046875,24639.69921875,8516.2998046875,4075.17724609375
2026-06-29 16:42:00+00:00,23978.5,7412.41015625,69382.0703125,23026.6796875,10501.5498046875,24639.69921875,8516.2998046875,4075.17724609375
2026-06-29 16:43:00+00:00,23978.5,7412.85986328125,69382.0703125,23026.6796875,10501.5498046875,24639.69921875,8516.2998046875,4075.17724609375
2026-06-29 16:44:00+00:00,23978.5,7413.7998046875,69382.0703125,23026.6796875,10501.5498046875,24639.69921875,8516.2998046875,4075.17724609375
2026-06-29 16:45:00+00:00,23978.5,7414.41015625,69382.0703125,23026.6796875,10501.5498046875,24639.69921875,8516.2998046875,4075.17724609375
2026-06-29 16:46:00+00:00,23978.5,7412.6201171875,69382.0703125,23026.6796875,10501.5498046875,24639.69921875,8516.2998046875,4075.17724609375
2026-06-29 16:47:00+00:00,23978.5,7411.58984375,69382.0703125,23026.6796875,10501.5498046875,24639.69921875,8516.2998046875,4075.17724609375
2026-06-29 16:48:00+00:00,23978.5,7412.2900390625,69382.0703125,23026.6796875,10501.5498046875,24639.69921875,8516.2998046875,4075.17724609375
2026-06-29 16:49:00+00:00,23978.5,7413.97021484375,69382.0703125,23026.6796875,10501.5498046875,24639.69921875,8516.2998046875,4075.17724609375
2026-06-29 16:50:00+00:00,23978.5,7414.3798828125,69382.0703125,23026.6796875,10501.5498046875,24639.69921875,8516.2998046875,4075.17724609375
2026-06-29 16:51:00+00:00,23978.5,7414.72021484375,69382.0703125,23026.6796875,10501.5498046875,24639.69921875,8516.2998046875,4075.17724609375
2026-06-29 16:52:00+00:00,23978.5,7416.64990234375,69382.0703125,23026.6796875,10501.5498046875,24639.69921875,8516.2998046875,4075.17724609375
2026-06-29 16:53:00+00:00,23978.5,7417.68017578125,69382.0703125,23026.6796875,10501.5498046875,24639.69921875,8516.2998046875,4075.17724609375
2026-06-29 16:54:00+00:00,23978.5,7417.81982421875,69382.0703125,23026.6796875,10501.5498046875,24639.69921875,8516.2998046875,4075.17724609375
2026-06-29 16:55:00+00:00,23978.5,7416.66015625,69382.0703125,23026.6796875,10501.5498046875,24639.69921875,8516.2998046875,4075.17724609375
2026-06-29 16:56:00+00:00,23978.5,7416.2001953125,69382.0703125,23026.6796875,10501.5498046875,24639.69921875,8516.2998046875,4075.17724609375
2026-06-29 16:57:00+00:00,23978.5,7416.08984375,69382.0703125,23026.6796875,10501.5498046875,24639.69921875,8516.2998046875,4075.17724609375
2026-06-29 16:58:00+00:00,23978.5,7416.22021484375,69382.0703125,23026.6796875,10501.5498046875,24639.69921875,8516.2998046875,4075.17724609375
2026-06-29 16:59:00+00:00,23978.5,7416.10009765625,69382.0703125,23026.6796875,10501.5498046875,24639.69921875,8516.2998046875,4075.17724609375
2026-06-29 17:00:00+00:00,23978.5,7417.93994140625,69382.0703125,23026.6796875,10501.5498046875,24639.69921875,8516.2998046875,4075.17724609375
2026-06-29 17:01:00+00:00,23978.5,7418.009765625,69382.0703125,23026.6796875,10501.5498046875,24639.69921875,8516.2998046875,4075.17724609375
2026-06-29 17:02:00+00:00,23978.5,7419.27978515625,69382.0703125,23026.6796875,10501.5498046875,24639.69921875,8516.2998046875,4075.17724609375
2026-06-29 17:03:00+00:00,23978.5,7419.1298828125,69382.0703125,23026.6796875,10501.5498046875,24639.69921875,8516.2998046875,4075.17724609375
2026-06-29 17:04:00+00:00,23978.5,7418.81005859375,69382.0703125,23026.6796875,10501.5498046875,24639.69921875,8516.2998046875,4075.17724609375
2026-06-29 17:05:00+00:00,23978.5,7420.41015625,69382.0703125,23026.6796875,10501.5498046875,24639.69921875,8516.2998046875,4075.17724609375
2026-06-29 17:06:00+00:00,23978.5,7421.16015625,69382.0703125,23026.6796875,10501.5498046875,24639.69921875,8516.2998046875,4075.17724609375
2026-06-29 17:07:00+00:00,23978.5,7420.2099609375,69382.0703125,23026.6796875,10501.5498046875,24639.69921875,8516.2998046875,4075.17724609375
2026-06-29 17:08:00+00:00,23978.5,7420.47021484375,69382.0703125,23026.6796875,10501.5498046875,24639.69921875,8516.2998046875,4075.17724609375
2026-06-29 17:09:00+00:00,23978.5,7422.14990234375,69382.0703125,23026.6796875,10501.5498046875,24639.69921875,8516.2998046875,4075.17724609375
2026-06-29 17:10:00+00:00,23978.5,7423.33984375,69382.0703125,23026.6796875,10501.5498046875,24639.69921875,8516.2998046875,4075.17724609375
2026-06-29 17:11:00+00:00,23978.5,7423.990234375,69382.0703125,23026.6796875,10501.5498046875,24639.69921875,8516.2998046875,4075.17724609375
2026-06-29 17:12:00+00:00,23978.5,7425.08984375,69382.0703125,23026.6796875,10501.5498046875,24639.69921875,8516.2998046875,4075.17724609375
2026-06-29 17:13:00+00:00,23978.5,7429.08984375,69382.0703125,23026.6796875,10501.5498046875,24639.69921875,8516.2998046875,4075.17724609375
2026-06-29 17:14:00+00:00,23978.5,7428.75,69382.0703125,23026.6796875,10501.5498046875,24639.69921875,8516.2998046875,4075.17724609375
2026-06-29 17:15:00+00:00,23978.5,7429.52978515625,69382.0703125,23026.6796875,10501.5498046875,24639.69921875,8516.2998046875,4075.17724609375
2026-06-29 17:16:00+00:00,23978.5,7429.3798828125,69382.0703125,23026.6796875,10501.5498046875,24639.69921875,8516.2998046875,4075.17724609375
2026-06-29 17:17:00+00:00,23978.5,7429.25,69382.0703125,23026.6796875,10501.5498046875,24639.69921875,8516.2998046875,4075.17724609375
