Datetime,Nifty 50 (IN),S&P 500 (US),Nikkei 225 (JP),Hang Seng (HK),FTSE 100 (UK),DAX (DE),KOSPI (KR),Shanghai (CN)
2026-03-30 01:30:00+00:00,,,,24624.599609375,,,,
2026-03-30 01:45:00+00:00,,,,24532.119140625,,,,
2026-03-30 02:00:00+00:00,,,,24531.240234375,,,,
2026-03-30 02:15:00+00:00,,,,24456.8203125,,,,
2026-03-30 02:30:00+00:00,,,,24508.419921875,,,,
2026-03-30 02:45:00+00:00,,,,24560.509765625,,,,
2026-03-30 03:00:00+00:00,,,,24644.91015625,,,,
2026-03-30 03:15:00+00:00,,,,24698.8203125,,,,
2026-03-30 03:30:00+00:00,,,,24720.69921875,,,,
2026-03-30 03:45:00+00:00,,,,24711.4609375,,,,
2026-03-30 04:00:00+00:00,,,,24727.83984375,,,,
2026-03-30 05:00:00+00:00,,,,24683.8203125,,,,
2026-03-30 05:15:00+00:00,,,,24705.919921875,,,,
2026-03-30 05:30:00+00:00,,,,24641.51953125,,,,
2026-03-30 05:45:00+00:00,,,,24672.150390625,,,,
2026-03-30 06:00:00+00:00,,,,24675.1796875,,,,
2026-03-30 06:15:00+00:00,,,,24730.130859375,,,,
2026-03-30 06:30:00+00:00,,,,24802.41015625,,,,
2026-03-30 06:45:00+00:00,,,,24765.05078125,,,,
2026-03-30 07:00:00+00:00,,,,24710.390625,,,,
2026-03-30 07:15:00+00:00,,,,24684.08984375,,,,
2026-03-30 07:30:00+00:00,,,,24693.939453125,,,,
2026-03-30 07:45:00+00:00,,,,24733.0390625,,,,
2026-03-30 08:00:00+00:00,,,,24750.7890625,,,,
2026-03-31 01:30:00+00:00,,,,24929.330078125,,,,3945.186767578125
2026-03-31 01:45:00+00:00,,,,24812.240234375,,,,3941.667236328125
2026-03-31 02:00:00+00:00,,,,24850.580078125,,,,3944.39453125
2026-03-31 02:15:00+00:00,,,,24824.140625,,,,3940.6298828125
2026-03-31 02:30:00+00:00,,,,24714.75,,,,3930.53955078125
2026-03-31 02:45:00+00:00,,,,24687.9609375,,,,3924.347412109375
2026-03-31 03:00:00+00:00,,,,24680.599609375,,,,3915.43798828125
2026-03-31 03:15:00+00:00,,,,24652.0703125,,,,3906.685791015625
2026-03-31 03:30:00+00:00,,,,24641.2109375,,,,3908.281982421875
2026-03-31 03:45:00+00:00,,,,24624.1796875,,,,3908.281982421875
2026-03-31 04:00:00+00:00,,,,24624.55078125,,,,3908.281982421875
2026-03-31 05:00:00+00:00,,,,24580.970703125,,,,3908.54638671875
2026-03-31 05:15:00+00:00,,,,24644.26953125,,,,3919.47900390625
2026-03-31 05:30:00+00:00,,,,24654.720703125,,,,3917.282470703125
2026-03-31 05:45:00+00:00,,,,24703.330078125,,,,3920.656982421875
2026-03-31 06:00:00+00:00,,,,24653.509765625,,,,3907.15478515625
2026-03-31 06:15:00+00:00,,,,24662.349609375,,,,3900.357421875
2026-03-31 06:30:00+00:00,,,,24651.25,,,,3896.565185546875
2026-03-31 06:45:00+00:00,,,,24698.830078125,,,,3895.5986328125
2026-03-31 07:00:00+00:00,,,,24676.3203125,,,,3895.5986328125
2026-03-31 07:15:00+00:00,,,,24727.130859375,,,,3895.5986328125
2026-03-31 07:30:00+00:00,,,,24746.509765625,,,,3895.5986328125
2026-03-31 07:45:00+00:00,,,,24769.080078125,,,,3895.5986328125
2026-03-31 08:00:00+00:00,,,,24788.140625,,,,3895.5986328125
2026-04-01 00:00:00+00:00,,,52897.25,24788.140625,,,5298.31005859375,3895.5986328125
2026-04-01 00:15:00+00:00,,,52801.51953125,24788.140625,,,5310.6298828125,3895.5986328125
2026-04-01 00:30:00+00:00,,,52886.8984375,24788.140625,,,5329.97998046875,3895.5986328125
2026-04-01 00:45:00+00:00,,,53033.73828125,24788.140625,,,5326.759765625,3895.5986328125
2026-04-01 01:00:00+00:00,,,52957.609375,24788.140625,,,5324.7998046875,3895.5986328125
2026-04-01 01:15:00+00:00,,,53044.6484375,24788.140625,,,5369.81005859375,3895.5986328125
2026-04-01 01:30:00+00:00,,,53003.6015625,25294.140625,,,5367.240234375,3938.090576171875
2026-04-01 01:45:00+00:00,,,53134.671875,25248.16015625,,,5369.77001953125,3931.71240234375
2026-04-01 02:00:00+00:00,,,53164.1796875,25286.2890625,,,5373.830078125,3944.41455078125
2026-04-01 02:15:00+00:00,,,53124.0,25254.189453125,,,5380.91015625,3940.9658203125
2026-04-01 02:30:00+00:00,,,53128.328125,25232.810546875,,,5390.89013671875,3948.917236328125
2026-04-01 02:45:00+00:00,,,53128.328125,25307.73046875,,,5385.5,3951.6025390625
2026-04-01 03:00:00+00:00,,,53128.328125,25336.2890625,,,5392.72998046875,3948.031494140625
2026-04-01 03:15:00+00:00,,,53128.328125,25327.7890625,,,5407.10009765625,3945.363037109375
2026-04-01 03:30:00+00:00,,,53300.390625,25301.80078125,,,5410.919921875,3944.7998046875
2026-04-01 03:45:00+00:00,,,53324.6015625,25277.390625,,,5403.22998046875,3944.7998046875
2026-04-01 04:00:00+00:00,,,53388.921875,25276.650390625,,,5417.22998046875,3944.7998046875
2026-04-01 04:15:00+00:00,,,53390.7109375,25276.650390625,,,5436.60009765625,3944.7998046875
2026-04-01 04:30:00+00:00,,,53401.3203125,25276.650390625,,,5450.22021484375,3944.7998046875
2026-04-01 04:45:00+00:00,,,53364.328125,25276.650390625,,,5454.2900390625,3944.7998046875
2026-04-01 05:00:00+00:00,,,53465.69140625,25309.619140625,,,5482.89013671875,3950.39599609375
2026-04-01 05:15:00+00:00,,,53525.1796875,25361.109375,,,5494.669921875,3952.41943359375
2026-04-01 05:30:00+00:00,,,53611.98828125,25336.169921875,,,5501.08984375,3947.11328125
2026-04-01 05:45:00+00:00,,,53530.41015625,25264.630859375,,,5484.5498046875,3936.64501953125
2026-04-01 06:00:00+00:00,,,53651.66015625,25321.669921875,,,5484.5498046875,3941.936279296875
2026-04-01 06:15:00+00:00,,,53724.73828125,25412.939453125,,,5484.5498046875,3945.4462890625
2026-04-01 06:30:00+00:00,,,53724.73828125,25371.83984375,,,5484.5498046875,3944.190673828125
2026-04-01 06:45:00+00:00,,,53724.73828125,25361.58984375,,,5484.5498046875,3949.21875
2026-04-01 07:00:00+00:00,,,53724.73828125,25332.150390625,10354.58984375,,5484.5498046875,3949.21875
2026-04-01 07:15:00+00:00,,,53724.73828125,25358.859375,10349.5498046875,,5484.5498046875,3949.21875
2026-04-01 07:30:00+00:00,,,53724.73828125,25342.33984375,10355.9697265625,,5484.5498046875,3949.21875
2026-04-01 07:45:00+00:00,,,53724.73828125,25266.73046875,10313.080078125,,5484.5498046875,3949.21875
2026-04-01 08:00:00+00:00,,,53724.73828125,25294.029296875,10312.58984375,,5484.5498046875,3949.21875
2026-04-01 08:15:00+00:00,,,53724.73828125,25294.029296875,10340.8603515625,,5484.5498046875,3949.21875
2026-04-01 08:30:00+00:00,,,53724.73828125,25294.029296875,10345.58984375,,5484.5498046875,3949.21875
2026-04-01 08:45:00+00:00,,,53724.73828125,25294.029296875,10349.759765625,,5484.5498046875,3949.21875
2026-04-01 09:00:00+00:00,,,53724.73828125,25294.029296875,10350.2802734375,,5484.5498046875,3949.21875
2026-04-01 09:15:00+00:00,,,53724.73828125,25294.029296875,10347.1904296875,,5484.5498046875,3949.21875
2026-04-01 09:30:00+00:00,,,53724.73828125,25294.029296875,10356.990234375,,5484.5498046875,3949.21875
2026-04-01 09:45:00+00:00,,,53724.73828125,25294.029296875,10359.16015625,,5484.5498046875,3949.21875
2026-04-01 10:00:00+00:00,,,53724.73828125,25294.029296875,10348.009765625,,5484.5498046875,3949.21875
2026-04-01 10:15:00+00:00,,,53724.73828125,25294.029296875,10351.509765625,,5484.5498046875,3949.21875
2026-04-01 10:30:00+00:00,,,53724.73828125,25294.029296875,10356.9296875,,5484.5498046875,3949.21875
2026-04-01 10:45:00+00:00,,,53724.73828125,25294.029296875,10368.4697265625,,5484.5498046875,3949.21875
2026-04-01 11:00:00+00:00,,,53724.73828125,25294.029296875,10376.9296875,,5484.5498046875,3949.21875
2026-04-01 11:15:00+00:00,,,53724.73828125,25294.029296875,10381.7197265625,,5484.5498046875,3949.21875
2026-04-01 11:30:00+00:00,,,53724.73828125,25294.029296875,10385.6796875,,5484.5498046875,3949.21875
2026-04-01 11:45:00+00:00,,,53724.73828125,25294.029296875,10380.9501953125,,5484.5498046875,3949.21875
2026-04-01 12:00:00+00:00,,,53724.73828125,25294.029296875,10376.0703125,,5484.5498046875,3949.21875
2026-04-01 12:15:00+00:00,,,53724.73828125,25294.029296875,10364.509765625,,5484.5498046875,3949.21875
2026-04-01 12:30:00+00:00,,,53724.73828125,25294.029296875,10382.6103515625,,5484.5498046875,3949.21875
2026-04-01 12:45:00+00:00,,,53724.73828125,25294.029296875,10341.7197265625,,5484.5498046875,3949.21875
2026-04-01 13:00:00+00:00,,,53724.73828125,25294.029296875,10350.7001953125,,5484.5498046875,3949.21875
2026-04-01 13:15:00+00:00,,,53724.73828125,25294.029296875,10356.599609375,,5484.5498046875,3949.21875
2026-04-01 13:30:00+00:00,,,53724.73828125,25294.029296875,10328.3896484375,,5484.5498046875,3949.21875
2026-04-01 13:45:00+00:00,,,53724.73828125,25294.029296875,10325.3203125,,5484.5498046875,3949.21875
2026-04-01 14:00:00+00:00,,,53724.73828125,25294.029296875,10305.4697265625,,5484.5498046875,3949.21875
2026-04-01 14:15:00+00:00,,,53724.73828125,25294.029296875,10335.66015625,,5484.5498046875,3949.21875
2026-04-01 14:30:00+00:00,,,53724.73828125,25294.029296875,10344.8203125,,5484.5498046875,3949.21875
2026-04-01 14:45:00+00:00,,,53724.73828125,25294.029296875,10340.8798828125,,5484.5498046875,3949.21875
2026-04-01 15:00:00+00:00,,,53724.73828125,25294.029296875,10341.1298828125,,5484.5498046875,3949.21875
2026-04-01 15:15:00+00:00,,,53724.73828125,25294.029296875,10352.76953125,,5484.5498046875,3949.21875
2026-04-02 00:00:00+00:00,,,53994.2890625,25294.029296875,10352.76953125,,5518.47021484375,3949.21875
2026-04-02 00:15:00+00:00,,,53996.53125,25294.029296875,10352.76953125,,5529.8701171875,3949.21875
2026-04-02 00:30:00+00:00,,,54203.23046875,25294.029296875,10352.76953125,,5529.35986328125,3949.21875
2026-04-02 00:45:00+00:00,,,54170.828125,25294.029296875,10352.76953125,,5558.080078125,3949.21875
2026-04-02 01:00:00+00:00,,,53901.62109375,25294.029296875,10352.76953125,,5514.0,3949.21875
2026-04-02 01:15:00+00:00,,,53332.3984375,25294.029296875,10352.76953125,,5384.64013671875,3949.21875
2026-04-02 01:30:00+00:00,,,53029.859375,25122.650390625,10352.76953125,,5302.9599609375,3946.044677734375
2026-04-02 01:45:00+00:00,,,52975.96875,25074.689453125,10352.76953125,,5335.41015625,3947.228759765625
2026-04-02 02:00:00+00:00,,,52734.48046875,25050.01953125,10352.76953125,,5267.91015625,3937.76220703125
2026-04-02 02:15:00+00:00,,,52707.7109375,25037.970703125,10352.76953125,,5253.4501953125,3935.33349609375
2026-04-02 02:30:00+00:00,,,52731.94140625,25041.0703125,10352.76953125,,5269.72998046875,3934.05517578125
2026-04-02 02:45:00+00:00,,,52731.94140625,25046.060546875,10352.76953125,,5284.080078125,3934.263671875
2026-04-02 03:00:00+00:00,,,52731.94140625,25057.0,10352.76953125,,5278.169921875,3927.9423828125
2026-04-02 03:15:00+00:00,,,52731.94140625,25046.5703125,10352.76953125,,5278.68017578125,3927.669921875
2026-04-02 03:30:00+00:00,,,52575.7890625,25020.310546875,10352.76953125,,5257.2998046875,3927.6044921875
2026-04-02 03:45:00+00:00,,,52511.46875,25016.359375,10352.76953125,,5237.169921875,3927.6044921875
2026-04-02 04:00:00+00:00,,,52600.87890625,25017.23046875,10352.76953125,,5259.83984375,3927.6044921875
2026-04-02 04:15:00+00:00,,,52471.48828125,25017.23046875,10352.76953125,,5250.580078125,3927.6044921875
2026-04-02 04:30:00+00:00,,,52472.23046875,25017.23046875,10352.76953125,,5253.41015625,3927.6044921875
2026-04-02 04:45:00+00:00,,,52450.21875,25017.23046875,10352.76953125,,5255.10009765625,3927.6044921875
2026-04-02 05:00:00+00:00,,,52472.78125,24925.630859375,10352.76953125,,5257.33984375,3916.8427734375
2026-04-02 05:15:00+00:00,,,52487.6484375,24956.98046875,10352.76953125,,5233.509765625,3919.528564453125
2026-04-02 05:30:00+00:00,,,52413.48828125,24960.169921875,10352.76953125,,5206.990234375,3916.675048828125
2026-04-02 05:45:00+00:00,,,52273.1796875,24907.169921875,10352.76953125,,5172.56005859375,3904.37841796875
2026-04-02 06:00:00+00:00,,,52365.94140625,24935.609375,10352.76953125,,5172.56005859375,3905.846923828125
2026-04-02 06:15:00+00:00,,,52444.12109375,24983.2109375,10352.76953125,,5172.56005859375,3917.835693359375
2026-04-02 06:30:00+00:00,,,52444.12109375,24965.25,10352.76953125,,5172.56005859375,3914.17724609375
2026-04-02 06:45:00+00:00,,,52444.12109375,24985.66015625,10352.76953125,,5172.56005859375,3918.57275390625
2026-04-02 07:00:00+00:00,,,52444.12109375,25039.900390625,10298.5302734375,22958.439453125,5172.56005859375,3918.57275390625
2026-04-02 07:15:00+00:00,,,52444.12109375,25089.890625,10318.75,22963.8203125,5172.56005859375,3918.57275390625
2026-04-02 07:30:00+00:00,,,52444.12109375,25039.0390625,10334.4697265625,22953.970703125,5172.56005859375,3918.57275390625
2026-04-02 07:45:00+00:00,,,52444.12109375,25097.740234375,10353.4501953125,22993.1796875,5172.56005859375,3918.57275390625
2026-04-02 08:00:00+00:00,,,52444.12109375,25116.529296875,10340.8603515625,22959.669921875,5172.56005859375,3918.57275390625
2026-04-02 08:15:00+00:00,,,52444.12109375,25116.529296875,10351.419921875,22954.0,5172.56005859375,3918.57275390625
2026-04-02 08:30:00+00:00,,,52444.12109375,25116.529296875,10361.7099609375,22954.400390625,5172.56005859375,3918.57275390625
2026-04-02 08:45:00+00:00,,,52444.12109375,25116.529296875,10366.849609375,22958.8203125,5172.56005859375,3918.57275390625
2026-04-02 09:00:00+00:00,,,52444.12109375,25116.529296875,10342.8203125,22902.169921875,5172.56005859375,3918.57275390625
2026-04-02 09:15:00+00:00,,,52444.12109375,25116.529296875,10351.4404296875,22924.8203125,5172.56005859375,3918.57275390625
2026-04-02 09:30:00+00:00,,,52444.12109375,25116.529296875,10346.0,22890.94921875,5172.56005859375,3918.57275390625
2026-04-02 09:45:00+00:00,,,52444.12109375,25116.529296875,10355.599609375,22901.69921875,5172.56005859375,3918.57275390625
2026-04-02 10:00:00+00:00,,,52444.12109375,25116.529296875,10348.1396484375,22849.55078125,5172.56005859375,3918.57275390625
2026-04-02 10:15:00+00:00,,,52444.12109375,25116.529296875,10339.0302734375,22809.75,5172.56005859375,3918.57275390625
2026-04-02 10:30:00+00:00,,,52444.12109375,25116.529296875,10342.51953125,22824.919921875,5172.56005859375,3918.57275390625
2026-04-02 10:45:00+00:00,,,52444.12109375,25116.529296875,10346.0703125,22819.240234375,5172.56005859375,3918.57275390625
2026-04-02 11:00:00+00:00,,,52444.12109375,25116.529296875,10345.1396484375,22801.7890625,5172.56005859375,3918.57275390625
2026-04-02 11:15:00+00:00,,,52444.12109375,25116.529296875,10331.4296875,22749.390625,5172.56005859375,3918.57275390625
2026-04-02 11:30:00+00:00,,,52444.12109375,25116.529296875,10315.3095703125,22740.609375,5172.56005859375,3918.57275390625
2026-04-02 11:45:00+00:00,,,52444.12109375,25116.529296875,10313.6904296875,22723.1796875,5172.56005859375,3918.57275390625
2026-04-02 12:00:00+00:00,,,52444.12109375,25116.529296875,10290.1103515625,22698.5,5172.56005859375,3918.57275390625
2026-04-02 12:15:00+00:00,,,52444.12109375,25116.529296875,10310.1396484375,22747.8203125,5172.56005859375,3918.57275390625
2026-04-02 12:30:00+00:00,,,52444.12109375,25116.529296875,10316.2998046875,22757.640625,5172.56005859375,3918.57275390625
2026-04-02 12:45:00+00:00,,,52444.12109375,25116.529296875,10315.1103515625,22761.599609375,5172.56005859375,3918.57275390625
2026-04-02 13:00:00+00:00,,,52444.12109375,25116.529296875,10310.650390625,22756.44921875,5172.56005859375,3918.57275390625
2026-04-02 13:15:00+00:00,,,52444.12109375,25116.529296875,10315.650390625,22783.4609375,5172.56005859375,3918.57275390625
2026-04-02 13:30:00+00:00,,6479.89013671875,52444.12109375,25116.529296875,10340.8095703125,22784.109375,5172.56005859375,3918.57275390625
2026-04-02 13:45:00+00:00,,6520.6201171875,52444.12109375,25116.529296875,10375.2197265625,22891.359375,5172.56005859375,3918.57275390625
2026-04-02 14:00:00+00:00,,6520.4501953125,52444.12109375,25116.529296875,10375.4404296875,22883.509765625,5172.56005859375,3918.57275390625
2026-04-02 14:15:00+00:00,,6527.8701171875,52444.12109375,25116.529296875,10393.8203125,22915.880859375,5172.56005859375,3918.57275390625
2026-04-02 14:30:00+00:00,,6584.81982421875,52444.12109375,25116.529296875,10452.7197265625,23141.009765625,5172.56005859375,3918.57275390625
2026-04-02 14:45:00+00:00,,6578.72998046875,52444.12109375,25116.529296875,10458.4404296875,23140.849609375,5172.56005859375,3918.57275390625
2026-04-02 15:00:00+00:00,,6576.4501953125,52444.12109375,25116.529296875,10449.1396484375,23136.669921875,5172.56005859375,3918.57275390625
2026-04-02 15:15:00+00:00,,6577.22998046875,52444.12109375,25116.529296875,10428.5595703125,23111.310546875,5172.56005859375,3918.57275390625
2026-04-02 15:30:00+00:00,,6576.58984375,52444.12109375,25116.529296875,10428.5595703125,23111.310546875,5172.56005859375,3918.57275390625
2026-04-02 15:45:00+00:00,,6564.16015625,52444.12109375,25116.529296875,10428.5595703125,23111.310546875,5172.56005859375,3918.57275390625
2026-04-02 16:00:00+00:00,,6558.3701171875,52444.12109375,25116.529296875,10428.5595703125,23111.310546875,5172.56005859375,3918.57275390625
2026-04-02 16:15:00+00:00,,6551.81005859375,52444.12109375,25116.529296875,10428.5595703125,23111.310546875,5172.56005859375,3918.57275390625
2026-04-02 16:30:00+00:00,,6566.64013671875,52444.12109375,25116.529296875,10428.5595703125,23111.310546875,5172.56005859375,3918.57275390625
2026-04-02 16:45:00+00:00,,6560.22021484375,52444.12109375,25116.529296875,10428.5595703125,23111.310546875,5172.56005859375,3918.57275390625
2026-04-02 17:00:00+00:00,,6567.43017578125,52444.12109375,25116.529296875,10428.5595703125,23111.310546875,5172.56005859375,3918.57275390625
2026-04-02 17:15:00+00:00,,6570.31982421875,52444.12109375,25116.529296875,10428.5595703125,23111.310546875,5172.56005859375,3918.57275390625
2026-04-02 17:30:00+00:00,,6566.14990234375,52444.12109375,25116.529296875,10428.5595703125,23111.310546875,5172.56005859375,3918.57275390625
2026-04-02 17:45:00+00:00,,6556.2998046875,52444.12109375,25116.529296875,10428.5595703125,23111.310546875,5172.56005859375,3918.57275390625
2026-04-02 18:00:00+00:00,,6562.68017578125,52444.12109375,25116.529296875,10428.5595703125,23111.310546875,5172.56005859375,3918.57275390625
2026-04-02 18:15:00+00:00,,6559.14990234375,52444.12109375,25116.529296875,10428.5595703125,23111.310546875,5172.56005859375,3918.57275390625
2026-04-02 18:30:00+00:00,,6567.3798828125,52444.12109375,25116.529296875,10428.5595703125,23111.310546875,5172.56005859375,3918.57275390625
2026-04-02 18:45:00+00:00,,6568.77978515625,52444.12109375,25116.529296875,10428.5595703125,23111.310546875,5172.56005859375,3918.57275390625
2026-04-02 19:00:00+00:00,,6571.43017578125,52444.12109375,25116.529296875,10428.5595703125,23111.310546875,5172.56005859375,3918.57275390625
2026-04-02 19:15:00+00:00,,6568.2900390625,52444.12109375,25116.529296875,10428.5595703125,23111.310546875,5172.56005859375,3918.57275390625
2026-04-02 19:30:00+00:00,,6567.97021484375,52444.12109375,25116.529296875,10428.5595703125,23111.310546875,5172.56005859375,3918.57275390625
2026-04-02 19:45:00+00:00,,6581.56005859375,52444.12109375,25116.529296875,10428.5595703125,23111.310546875,5172.56005859375,3918.57275390625
2026-04-03 00:00:00+00:00,,6581.56005859375,53390.5703125,25116.529296875,10428.5595703125,23111.310546875,5414.18994140625,3918.57275390625
2026-04-03 00:15:00+00:00,,6581.56005859375,53402.19140625,25116.529296875,10428.5595703125,23111.310546875,5394.58984375,3918.57275390625
2026-04-03 00:30:00+00:00,,6581.56005859375,53203.73828125,25116.529296875,10428.5595703125,23111.310546875,5381.52001953125,3918.57275390625
2026-04-03 00:45:00+00:00,,6581.56005859375,53191.30859375,25116.529296875,10428.5595703125,23111.310546875,5404.89990234375,3918.57275390625
2026-04-03 01:00:00+00:00,,6581.56005859375,53026.3515625,25116.529296875,10428.5595703125,23111.310546875,5396.10986328125,3918.57275390625
2026-04-03 01:15:00+00:00,,6581.56005859375,53216.78125,25116.529296875,10428.5595703125,23111.310546875,5396.330078125,3918.57275390625
2026-04-03 01:30:00+00:00,,6581.56005859375,53159.0703125,25116.529296875,10428.5595703125,23111.310546875,5383.02978515625,3906.11669921875
2026-04-03 01:45:00+00:00,,6581.56005859375,53118.26953125,25116.529296875,10428.5595703125,23111.310546875,5360.35009765625,3894.676513671875
2026-04-03 02:00:00+00:00,,6581.56005859375,53125.7109375,25116.529296875,10428.5595703125,23111.310546875,5356.990234375,3889.61962890625
2026-04-03 02:15:00+00:00,,6581.56005859375,52946.78125,25116.529296875,10428.5595703125,23111.310546875,5345.68994140625,3899.2587890625
2026-04-03 02:30:00+00:00,,6581.56005859375,52938.62109375,25116.529296875,10428.5595703125,23111.310546875,5326.009765625,3898.94970703125
2026-04-03 02:45:00+00:00,,6581.56005859375,52938.62109375,25116.529296875,10428.5595703125,23111.310546875,5349.35986328125,3893.119384765625
2026-04-03 03:00:00+00:00,,6581.56005859375,52938.62109375,25116.529296875,10428.5595703125,23111.310546875,5349.16015625,3887.952392578125
2026-04-03 03:15:00+00:00,,6581.56005859375,52938.62109375,25116.529296875,10428.5595703125,23111.310546875,5358.81982421875,3882.77294921875
2026-04-03 03:30:00+00:00,,6581.56005859375,52931.2890625,25116.529296875,10428.5595703125,23111.310546875,5366.68994140625,3882.6875
2026-04-03 03:45:00+00:00,,6581.56005859375,53016.51171875,25116.529296875,10428.5595703125,23111.310546875,5383.580078125,3882.6875
2026-04-03 04:00:00+00:00,,6581.56005859375,53133.26171875,25116.529296875,10428.5595703125,23111.310546875,5384.2001953125,3882.6875
2026-04-03 04:15:00+00:00,,6581.56005859375,53091.16015625,25116.529296875,10428.5595703125,23111.310546875,5376.31005859375,3882.6875
2026-04-03 04:30:00+00:00,,6581.56005859375,53002.109375,25116.529296875,10428.5595703125,23111.310546875,5372.16015625,3882.6875
2026-04-03 04:45:00+00:00,,6581.56005859375,53061.51171875,25116.529296875,10428.5595703125,23111.310546875,5390.02978515625,3882.6875
2026-04-03 05:00:00+00:00,,6581.56005859375,53116.21875,25116.529296875,10428.5595703125,23111.310546875,5379.8798828125,3876.612060546875
2026-04-03 05:15:00+00:00,,6581.56005859375,53095.48828125,25116.529296875,10428.5595703125,23111.310546875,5378.7998046875,3875.464599609375
2026-04-03 05:30:00+00:00,,6581.56005859375,53161.25,25116.529296875,10428.5595703125,23111.310546875,5379.009765625,3892.296142578125
2026-04-03 05:45:00+00:00,,6581.56005859375,53137.8203125,25116.529296875,10428.5595703125,23111.310546875,5392.52001953125,3888.658935546875
2026-04-03 06:00:00+00:00,,6581.56005859375,53159.8203125,25116.529296875,10428.5595703125,23111.310546875,5392.52001953125,3887.659912109375
2026-04-03 06:15:00+00:00,,6581.56005859375,53228.37109375,25116.529296875,10428.5595703125,23111.310546875,5392.52001953125,3881.595703125
2026-04-03 06:30:00+00:00,,6581.56005859375,53228.37109375,25116.529296875,10428.5595703125,23111.310546875,5392.52001953125,3879.142822265625
2026-04-03 06:45:00+00:00,,6581.56005859375,53228.37109375,25116.529296875,10428.5595703125,23111.310546875,5392.52001953125,3881.531005859375
2026-04-06 00:00:00+00:00,,6581.56005859375,53505.55078125,25116.529296875,10428.5595703125,23111.310546875,5488.14013671875,3881.531005859375
2026-04-06 00:15:00+00:00,,6581.56005859375,53315.7890625,25116.529296875,10428.5595703125,23111.310546875,5436.41015625,3881.531005859375
2026-04-06 00:30:00+00:00,,6581.56005859375,53550.390625,25116.529296875,10428.5595703125,23111.310546875,5455.22998046875,3881.531005859375
2026-04-06 00:45:00+00:00,,6581.56005859375,53670.390625,25116.529296875,10428.5595703125,23111.310546875,5473.10009765625,3881.531005859375
2026-04-06 01:00:00+00:00,,6581.56005859375,53708.7890625,25116.529296875,10428.5595703125,23111.310546875,5469.97021484375,3881.531005859375
2026-04-06 01:15:00+00:00,,6581.56005859375,53748.2890625,25116.529296875,10428.5595703125,23111.310546875,5472.16015625,3881.531005859375
2026-04-06 01:30:00+00:00,,6581.56005859375,53772.2890625,25116.529296875,10428.5595703125,23111.310546875,5461.85009765625,3881.531005859375
2026-04-06 01:45:00+00:00,,6581.56005859375,53628.76171875,25116.529296875,10428.5595703125,23111.310546875,5420.41015625,3881.531005859375
2026-04-06 02:00:00+00:00,,6581.56005859375,53837.0703125,25116.529296875,10428.5595703125,23111.310546875,5476.52001953125,3881.531005859375
2026-04-06 02:15:00+00:00,,6581.56005859375,54007.51171875,25116.529296875,10428.5595703125,23111.310546875,5496.56005859375,3881.531005859375
2026-04-06 02:30:00+00:00,,6581.56005859375,54001.640625,25116.529296875,10428.5595703125,23111.310546875,5474.18994140625,3881.531005859375
2026-04-06 02:45:00+00:00,,6581.56005859375,54001.640625,25116.529296875,10428.5595703125,23111.310546875,5440.39990234375,3881.531005859375
2026-04-06 03:00:00+00:00,,6581.56005859375,54001.640625,25116.529296875,10428.5595703125,23111.310546875,5439.4501953125,3881.531005859375
2026-04-06 03:15:00+00:00,,6581.56005859375,54001.640625,25116.529296875,10428.5595703125,23111.310546875,5437.02001953125,3881.531005859375
2026-04-06 03:30:00+00:00,,6581.56005859375,53714.25,25116.529296875,10428.5595703125,23111.310546875,5412.97998046875,3881.531005859375
2026-04-06 03:45:00+00:00,22609.05078125,6581.56005859375,53756.19921875,25116.529296875,10428.5595703125,23111.310546875,5417.60986328125,3881.531005859375
2026-04-06 04:00:00+00:00,22620.19921875,6581.56005859375,53784.69921875,25116.529296875,10428.5595703125,23111.310546875,5419.1201171875,3881.531005859375
2026-04-06 04:15:00+00:00,22569.30078125,6581.56005859375,53758.55859375,25116.529296875,10428.5595703125,23111.310546875,5423.009765625,3881.531005859375
2026-04-06 04:30:00+00:00,22654.849609375,6581.56005859375,53855.83984375,25116.529296875,10428.5595703125,23111.310546875,5438.77001953125,3881.531005859375
2026-04-06 04:45:00+00:00,22634.44921875,6581.56005859375,53830.73828125,25116.529296875,10428.5595703125,23111.310546875,5433.85009765625,3881.531005859375
2026-04-06 05:00:00+00:00,22653.5,6581.56005859375,53800.91015625,25116.529296875,10428.5595703125,23111.310546875,5447.0400390625,3881.531005859375
2026-04-06 05:15:00+00:00,22635.849609375,6581.56005859375,53755.5703125,25116.529296875,10428.5595703125,23111.310546875,5446.68994140625,3881.531005859375
2026-04-06 05:30:00+00:00,22567.80078125,6581.56005859375,53611.75,25116.529296875,10428.5595703125,23111.310546875,5425.7099609375,3881.531005859375
2026-04-06 05:45:00+00:00,22629.30078125,6581.56005859375,53585.48828125,25116.529296875,10428.5595703125,23111.310546875,5427.41015625,3881.531005859375
2026-04-06 06:00:00+00:00,22644.400390625,6581.56005859375,53633.91015625,25116.529296875,10428.5595703125,23111.310546875,5427.41015625,3881.531005859375
2026-04-06 06:15:00+00:00,22676.400390625,6581.56005859375,53512.921875,25116.529296875,10428.5595703125,23111.310546875,5427.41015625,3881.531005859375
2026-04-06 06:30:00+00:00,22659.599609375,6581.56005859375,53512.921875,25116.529296875,10428.5595703125,23111.310546875,5427.41015625,3881.531005859375
2026-04-06 06:45:00+00:00,22713.400390625,6581.56005859375,53512.921875,25116.529296875,10428.5595703125,23111.310546875,5427.41015625,3881.531005859375
2026-04-06 07:00:00+00:00,22675.650390625,6581.56005859375,53512.921875,25116.529296875,10428.5595703125,23111.310546875,5427.41015625,3881.531005859375
2026-04-06 07:15:00+00:00,22802.44921875,6581.56005859375,53512.921875,25116.529296875,10428.5595703125,23111.310546875,5427.41015625,3881.531005859375
2026-04-06 07:30:00+00:00,22860.69921875,6581.56005859375,53512.921875,25116.529296875,10428.5595703125,23111.310546875,5427.41015625,3881.531005859375
2026-04-06 07:45:00+00:00,22860.19921875,6581.56005859375,53512.921875,25116.529296875,10428.5595703125,23111.310546875,5427.41015625,3881.531005859375
2026-04-06 08:00:00+00:00,22850.900390625,6581.56005859375,53512.921875,25116.529296875,10428.5595703125,23111.310546875,5427.41015625,3881.531005859375
2026-04-06 08:15:00+00:00,22862.80078125,6581.56005859375,53512.921875,25116.529296875,10428.5595703125,23111.310546875,5427.41015625,3881.531005859375
2026-04-06 08:30:00+00:00,22911.400390625,6581.56005859375,53512.921875,25116.529296875,10428.5595703125,23111.310546875,5427.41015625,3881.531005859375
2026-04-06 08:45:00+00:00,22895.44921875,6581.56005859375,53512.921875,25116.529296875,10428.5595703125,23111.310546875,5427.41015625,3881.531005859375
2026-04-06 09:00:00+00:00,22913.80078125,6581.56005859375,53512.921875,25116.529296875,10428.5595703125,23111.310546875,5427.41015625,3881.531005859375
2026-04-06 09:15:00+00:00,22917.150390625,6581.56005859375,53512.921875,25116.529296875,10428.5595703125,23111.310546875,5427.41015625,3881.531005859375
2026-04-06 09:30:00+00:00,22989.349609375,6581.56005859375,53512.921875,25116.529296875,10428.5595703125,23111.310546875,5427.41015625,3881.531005859375
2026-04-06 09:45:00+00:00,22959.44921875,6581.56005859375,53512.921875,25116.529296875,10428.5595703125,23111.310546875,5427.41015625,3881.531005859375
2026-04-06 13:30:00+00:00,22959.44921875,6592.06982421875,53512.921875,25116.529296875,10428.5595703125,23111.310546875,5427.41015625,3881.531005859375
2026-04-06 13:45:00+00:00,22959.44921875,6608.10986328125,53512.921875,25116.529296875,10428.5595703125,23111.310546875,5427.41015625,3881.531005859375
2026-04-06 14:00:00+00:00,22959.44921875,6603.6201171875,53512.921875,25116.529296875,10428.5595703125,23111.310546875,5427.41015625,3881.531005859375
2026-04-06 14:15:00+00:00,22959.44921875,6607.259765625,53512.921875,25116.529296875,10428.5595703125,23111.310546875,5427.41015625,3881.531005859375
2026-04-06 14:30:00+00:00,22959.44921875,6600.2998046875,53512.921875,25116.529296875,10428.5595703125,23111.310546875,5427.41015625,3881.531005859375
2026-04-06 14:45:00+00:00,22959.44921875,6599.0498046875,53512.921875,25116.529296875,10428.5595703125,23111.310546875,5427.41015625,3881.531005859375
2026-04-06 15:00:00+00:00,22959.44921875,6598.240234375,53512.921875,25116.529296875,10428.5595703125,23111.310546875,5427.41015625,3881.531005859375
2026-04-06 15:15:00+00:00,22959.44921875,6593.2900390625,53512.921875,25116.529296875,10428.5595703125,23111.310546875,5427.41015625,3881.531005859375
2026-04-06 15:30:00+00:00,22959.44921875,6594.85009765625,53512.921875,25116.529296875,10428.5595703125,23111.310546875,5427.41015625,3881.531005859375
2026-04-06 15:45:00+00:00,22959.44921875,6602.52978515625,53512.921875,25116.529296875,10428.5595703125,23111.310546875,5427.41015625,3881.531005859375
2026-04-06 16:00:00+00:00,22959.44921875,6599.7001953125,53512.921875,25116.529296875,10428.5595703125,23111.310546875,5427.41015625,3881.531005859375
2026-04-06 16:15:00+00:00,22959.44921875,6601.6201171875,53512.921875,25116.529296875,10428.5595703125,23111.310546875,5427.41015625,3881.531005859375
2026-04-06 16:30:00+00:00,22959.44921875,6606.5498046875,53512.921875,25116.529296875,10428.5595703125,23111.310546875,5427.41015625,3881.531005859375
2026-04-06 16:45:00+00:00,22959.44921875,6602.89990234375,53512.921875,25116.529296875,10428.5595703125,23111.310546875,5427.41015625,3881.531005859375
2026-04-06 17:00:00+00:00,22959.44921875,6583.7001953125,53512.921875,25116.529296875,10428.5595703125,23111.310546875,5427.41015625,3881.531005859375
2026-04-06 17:15:00+00:00,22959.44921875,6597.8701171875,53512.921875,25116.529296875,10428.5595703125,23111.310546875,5427.41015625,3881.531005859375
2026-04-06 17:30:00+00:00,22959.44921875,6594.91015625,53512.921875,25116.529296875,10428.5595703125,23111.310546875,5427.41015625,3881.531005859375
2026-04-06 17:45:00+00:00,22959.44921875,6588.89990234375,53512.921875,25116.529296875,10428.5595703125,23111.310546875,5427.41015625,3881.531005859375
2026-04-06 18:00:00+00:00,22959.44921875,6596.72021484375,53512.921875,25116.529296875,10428.5595703125,23111.310546875,5427.41015625,3881.531005859375
2026-04-06 18:15:00+00:00,22959.44921875,6606.43994140625,53512.921875,25116.529296875,10428.5595703125,23111.310546875,5427.41015625,3881.531005859375
2026-04-06 18:30:00+00:00,22959.44921875,6602.830078125,53512.921875,25116.529296875,10428.5595703125,23111.310546875,5427.41015625,3881.531005859375
2026-04-06 18:45:00+00:00,22959.44921875,6607.0400390625,53512.921875,25116.529296875,10428.5595703125,23111.310546875,5427.41015625,3881.531005859375
2026-04-06 19:00:00+00:00,22959.44921875,6604.97021484375,53512.921875,25116.529296875,10428.5595703125,23111.310546875,5427.41015625,3881.531005859375
2026-04-06 19:15:00+00:00,22959.44921875,6602.77001953125,53512.921875,25116.529296875,10428.5595703125,23111.310546875,5427.41015625,3881.531005859375
2026-04-06 19:30:00+00:00,22959.44921875,6606.31005859375,53512.921875,25116.529296875,10428.5595703125,23111.310546875,5427.41015625,3881.531005859375
2026-04-06 19:45:00+00:00,22959.44921875,6611.31005859375,53512.921875,25116.529296875,10428.5595703125,23111.310546875,5427.41015625,3881.531005859375
2026-04-07 00:00:00+00:00,22959.44921875,6611.31005859375,53738.51953125,25116.529296875,10428.5595703125,23111.310546875,5578.72021484375,3881.531005859375
2026-04-07 00:15:00+00:00,22959.44921875,6611.31005859375,53761.421875,25116.529296875,10428.5595703125,23111.310546875,5591.31005859375,3881.531005859375
2026-04-07 00:30:00+00:00,22959.44921875,6611.31005859375,53755.3203125,25116.529296875,10428.5595703125,23111.310546875,5585.2001953125,3881.531005859375
2026-04-07 00:45:00+00:00,22959.44921875,6611.31005859375,53674.01171875,25116.529296875,10428.5595703125,23111.310546875,5540.0498046875,3881.531005859375
2026-04-07 01:00:00+00:00,22959.44921875,6611.31005859375,53511.19140625,25116.529296875,10428.5595703125,23111.310546875,5511.39990234375,3881.531005859375
2026-04-07 01:15:00+00:00,22959.44921875,6611.31005859375,53618.359375,25116.529296875,10428.5595703125,23111.310546875,5516.9599609375,3881.531005859375
2026-04-07 01:30:00+00:00,22959.44921875,6611.31005859375,53453.28125,25116.529296875,10428.5595703125,23111.310546875,5486.52001953125,3893.126953125
2026-04-07 01:45:00+00:00,22959.44921875,6611.31005859375,53286.28125,25116.529296875,10428.5595703125,23111.310546875,5451.52001953125,3897.501708984375
2026-04-07 02:00:00+00:00,22959.44921875,6611.31005859375,53209.05859375,25116.529296875,10428.5595703125,23111.310546875,5434.5498046875,3897.73291015625
2026-04-07 02:15:00+00:00,22959.44921875,6611.31005859375,53313.890625,25116.529296875,10428.5595703125,23111.310546875,5464.669921875,3894.853271484375
2026-04-07 02:30:00+00:00,22959.44921875,6611.31005859375,53323.41015625,25116.529296875,10428.5595703125,23111.310546875,5473.41015625,3898.7099609375
2026-04-07 02:45:00+00:00,22959.44921875,6611.31005859375,53323.41015625,25116.529296875,10428.5595703125,23111.310546875,5467.47021484375,3896.68798828125
2026-04-07 03:00:00+00:00,22959.44921875,6611.31005859375,53323.41015625,25116.529296875,10428.5595703125,23111.310546875,5472.14990234375,3889.23583984375
2026-04-07 03:15:00+00:00,22959.44921875,6611.31005859375,53323.41015625,25116.529296875,10428.5595703125,23111.310546875,5471.35986328125,3880.880615234375
2026-04-07 03:30:00+00:00,22959.44921875,6611.31005859375,53342.05078125,25116.529296875,10428.5595703125,23111.310546875,5464.97021484375,3881.167724609375
2026-04-07 03:45:00+00:00,22889.849609375,6611.31005859375,53307.23828125,25116.529296875,10428.5595703125,23111.310546875,5448.8798828125,3881.167724609375
2026-04-07 04:00:00+00:00,22801.80078125,6611.31005859375,53158.19921875,25116.529296875,10428.5595703125,23111.310546875,5424.4599609375,3881.167724609375
2026-04-07 04:15:00+00:00,22886.150390625,6611.31005859375,53319.25,25116.529296875,10428.5595703125,23111.310546875,5452.080078125,3881.167724609375
2026-04-07 04:30:00+00:00,22920.0,6611.31005859375,53379.26953125,25116.529296875,10428.5595703125,23111.310546875,5461.08984375,3881.167724609375
2026-04-07 04:45:00+00:00,22943.650390625,6611.31005859375,53362.76171875,25116.529296875,10428.5595703125,23111.310546875,5459.10009765625,3881.167724609375
2026-04-07 05:00:00+00:00,22958.849609375,6611.31005859375,53378.94140625,25116.529296875,10428.5595703125,23111.310546875,5464.169921875,3883.711181640625
2026-04-07 05:15:00+00:00,22843.94921875,6611.31005859375,53373.51953125,25116.529296875,10428.5595703125,23111.310546875,5446.27001953125,3879.634521484375
2026-04-07 05:30:00+00:00,22862.5,6611.31005859375,53405.78125,25116.529296875,10428.5595703125,23111.310546875,5461.259765625,3883.134765625
2026-04-07 05:45:00+00:00,22943.599609375,6611.31005859375,53526.19921875,25116.529296875,10428.5595703125,23111.310546875,5486.1201171875,3888.353271484375
2026-04-07 06:00:00+00:00,22921.25,6611.31005859375,53526.53125,25116.529296875,10428.5595703125,23111.310546875,5486.1201171875,3880.0966796875
2026-04-07 06:15:00+00:00,22986.849609375,6611.31005859375,53517.859375,25116.529296875,10428.5595703125,23111.310546875,5486.1201171875,3888.726806640625
2026-04-07 06:30:00+00:00,22942.55078125,6611.31005859375,53517.859375,25116.529296875,10428.5595703125,23111.310546875,5486.1201171875,3885.154296875
2026-04-07 06:45:00+00:00,22924.75,6611.31005859375,53517.859375,25116.529296875,10428.5595703125,23111.310546875,5486.1201171875,3891.019287109375
2026-04-07 07:00:00+00:00,22946.05078125,6611.31005859375,53517.859375,25116.529296875,10450.26953125,23160.740234375,5486.1201171875,3891.019287109375
2026-04-07 07:15:00+00:00,22915.900390625,6611.31005859375,53517.859375,25116.529296875,10425.0400390625,23116.009765625,5486.1201171875,3891.019287109375
2026-04-07 07:30:00+00:00,22938.849609375,6611.31005859375,53517.859375,25116.529296875,10417.650390625,23146.279296875,5486.1201171875,3891.019287109375
2026-04-07 07:45:00+00:00,22959.94921875,6611.31005859375,53517.859375,25116.529296875,10419.6103515625,23169.5390625,5486.1201171875,3891.019287109375
2026-04-07 08:00:00+00:00,23056.05078125,6611.31005859375,53517.859375,25116.529296875,10470.1298828125,23279.630859375,5486.1201171875,3891.019287109375
2026-04-07 08:15:00+00:00,22977.69921875,6611.31005859375,53517.859375,25116.529296875,10474.009765625,23335.94921875,5486.1201171875,3891.019287109375
2026-04-07 08:30:00+00:00,23011.94921875,6611.31005859375,53517.859375,25116.529296875,10469.0703125,23345.130859375,5486.1201171875,3891.019287109375
2026-04-07 08:45:00+00:00,23014.099609375,6611.31005859375,53517.859375,25116.529296875,10463.76953125,23326.8203125,5486.1201171875,3891.019287109375
2026-04-07 09:00:00+00:00,23028.599609375,6611.31005859375,53517.859375,25116.529296875,10468.3603515625,23357.73046875,5486.1201171875,3891.019287109375
2026-04-07 09:15:00+00:00,23096.69921875,6611.31005859375,53517.859375,25116.529296875,10468.5302734375,23379.98046875,5486.1201171875,3891.019287109375
2026-04-07 09:30:00+00:00,23109.25,6611.31005859375,53517.859375,25116.529296875,10468.6904296875,23377.619140625,5486.1201171875,3891.019287109375
2026-04-07 09:45:00+00:00,23129.94921875,6611.31005859375,53517.859375,25116.529296875,10471.1904296875,23372.4609375,5486.1201171875,3891.019287109375
2026-04-07 10:00:00+00:00,23129.94921875,6611.31005859375,53517.859375,25116.529296875,10464.08984375,23315.8203125,5486.1201171875,3891.019287109375
2026-04-07 10:15:00+00:00,23129.94921875,6611.31005859375,53517.859375,25116.529296875,10453.25,23263.23046875,5486.1201171875,3891.019287109375
2026-04-07 10:30:00+00:00,23129.94921875,6611.31005859375,53517.859375,25116.529296875,10443.73046875,23198.150390625,5486.1201171875,3891.019287109375
2026-04-07 10:45:00+00:00,23129.94921875,6611.31005859375,53517.859375,25116.529296875,10423.2998046875,23114.859375,5486.1201171875,3891.019287109375
2026-04-07 11:00:00+00:00,23129.94921875,6611.31005859375,53517.859375,25116.529296875,10427.1201171875,23135.33984375,5486.1201171875,3891.019287109375
2026-04-07 11:15:00+00:00,23129.94921875,6611.31005859375,53517.859375,25116.529296875,10425.7802734375,23120.720703125,5486.1201171875,3891.019287109375
2026-04-07 11:30:00+00:00,23129.94921875,6611.31005859375,53517.859375,25116.529296875,10423.33984375,23120.0,5486.1201171875,3891.019287109375
2026-04-07 11:45:00+00:00,23129.94921875,6611.31005859375,53517.859375,25116.529296875,10425.91015625,23095.400390625,5486.1201171875,3891.019287109375
2026-04-07 12:00:00+00:00,23129.94921875,6611.31005859375,53517.859375,25116.529296875,10419.490234375,23065.560546875,5486.1201171875,3891.019287109375
2026-04-07 12:15:00+00:00,23129.94921875,6611.31005859375,53517.859375,25116.529296875,10438.740234375,23152.599609375,5486.1201171875,3891.019287109375
2026-04-07 12:30:00+00:00,23129.94921875,6611.31005859375,53517.859375,25116.529296875,10420.2099609375,23115.08984375,5486.1201171875,3891.019287109375
2026-04-07 12:45:00+00:00,23129.94921875,6611.31005859375,53517.859375,25116.529296875,10400.2998046875,23084.939453125,5486.1201171875,3891.019287109375
2026-04-07 13:00:00+00:00,23129.94921875,6611.31005859375,53517.859375,25116.529296875,10398.330078125,23093.83984375,5486.1201171875,3891.019287109375
2026-04-07 13:15:00+00:00,23129.94921875,6611.31005859375,53517.859375,25116.529296875,10395.150390625,23088.55078125,5486.1201171875,3891.019287109375
2026-04-07 13:30:00+00:00,23129.94921875,6573.91015625,53517.859375,25116.529296875,10376.73046875,23020.55078125,5486.1201171875,3891.019287109375
2026-04-07 13:45:00+00:00,23129.94921875,6564.75,53517.859375,25116.529296875,10374.169921875,22936.19921875,5486.1201171875,3891.019287109375
2026-04-07 14:00:00+00:00,23129.94921875,6551.35009765625,53517.859375,25116.529296875,10357.1904296875,22898.3203125,5486.1201171875,3891.019287109375
2026-04-07 14:15:00+00:00,23129.94921875,6567.52978515625,53517.859375,25116.529296875,10378.9697265625,22974.650390625,5486.1201171875,3891.019287109375
2026-04-07 14:30:00+00:00,23129.94921875,6564.2998046875,53517.859375,25116.529296875,10387.7001953125,22989.689453125,5486.1201171875,3891.019287109375
2026-04-07 14:45:00+00:00,23129.94921875,6549.68017578125,53517.859375,25116.529296875,10361.9697265625,22891.240234375,5486.1201171875,3891.019287109375
2026-04-07 15:00:00+00:00,23129.94921875,6543.080078125,53517.859375,25116.529296875,10332.16015625,22854.5390625,5486.1201171875,3891.019287109375
2026-04-07 15:15:00+00:00,23129.94921875,6555.490234375,53517.859375,25116.529296875,10352.8095703125,22933.650390625,5486.1201171875,3891.019287109375
2026-04-07 15:30:00+00:00,23129.94921875,6550.47021484375,53517.859375,25116.529296875,10352.8095703125,22933.650390625,5486.1201171875,3891.019287109375
2026-04-07 15:45:00+00:00,23129.94921875,6561.330078125,53517.859375,25116.529296875,10352.8095703125,22933.650390625,5486.1201171875,3891.019287109375
2026-04-07 16:00:00+00:00,23129.94921875,6575.66015625,53517.859375,25116.529296875,10352.8095703125,22933.650390625,5486.1201171875,3891.019287109375
2026-04-07 16:15:00+00:00,23129.94921875,6583.5498046875,53517.859375,25116.529296875,10352.8095703125,22933.650390625,5486.1201171875,3891.019287109375
2026-04-07 16:30:00+00:00,23129.94921875,6583.8701171875,53517.859375,25116.529296875,10352.8095703125,22933.650390625,5486.1201171875,3891.019287109375
2026-04-07 16:45:00+00:00,23129.94921875,6584.52001953125,53517.859375,25116.529296875,10352.8095703125,22933.650390625,5486.1201171875,3891.019287109375
2026-04-07 17:00:00+00:00,23129.94921875,6586.919921875,53517.859375,25116.529296875,10352.8095703125,22933.650390625,5486.1201171875,3891.019287109375
2026-04-07 17:15:00+00:00,23129.94921875,6581.47998046875,53517.859375,25116.529296875,10352.8095703125,22933.650390625,5486.1201171875,3891.019287109375
2026-04-07 17:30:00+00:00,23129.94921875,6591.6298828125,53517.859375,25116.529296875,10352.8095703125,22933.650390625,5486.1201171875,3891.019287109375
2026-04-07 17:45:00+00:00,23129.94921875,6590.93017578125,53517.859375,25116.529296875,10352.8095703125,22933.650390625,5486.1201171875,3891.019287109375
2026-04-07 18:00:00+00:00,23129.94921875,6588.22021484375,53517.859375,25116.529296875,10352.8095703125,22933.650390625,5486.1201171875,3891.019287109375
2026-04-07 18:15:00+00:00,23129.94921875,6585.10986328125,53517.859375,25116.529296875,10352.8095703125,22933.650390625,5486.1201171875,3891.019287109375
2026-04-07 18:30:00+00:00,23129.94921875,6578.5498046875,53517.859375,25116.529296875,10352.8095703125,22933.650390625,5486.1201171875,3891.019287109375
2026-04-07 18:45:00+00:00,23129.94921875,6563.41015625,53517.859375,25116.529296875,10352.8095703125,22933.650390625,5486.1201171875,3891.019287109375
2026-04-07 19:00:00+00:00,23129.94921875,6568.10009765625,53517.859375,25116.529296875,10352.8095703125,22933.650390625,5486.1201171875,3891.019287109375
2026-04-07 19:15:00+00:00,23129.94921875,6590.27001953125,53517.859375,25116.529296875,10352.8095703125,22933.650390625,5486.1201171875,3891.019287109375
2026-04-07 19:30:00+00:00,23129.94921875,6591.41015625,53517.859375,25116.529296875,10352.8095703125,22933.650390625,5486.1201171875,3891.019287109375
2026-04-07 19:45:00+00:00,23129.94921875,6617.919921875,53517.859375,25116.529296875,10352.8095703125,22933.650390625,5486.1201171875,3891.019287109375
2026-04-08 00:00:00+00:00,23129.94921875,6617.919921875,55930.5390625,25116.529296875,10352.8095703125,22933.650390625,5822.7099609375,3891.019287109375
2026-04-08 00:15:00+00:00,23129.94921875,6617.919921875,55775.96875,25116.529296875,10352.8095703125,22933.650390625,5805.56005859375,3891.019287109375
2026-04-08 00:30:00+00:00,23129.94921875,6617.919921875,55771.3203125,25116.529296875,10352.8095703125,22933.650390625,5779.27001953125,3891.019287109375
2026-04-08 00:45:00+00:00,23129.94921875,6617.919921875,55970.578125,25116.529296875,10352.8095703125,22933.650390625,5779.33984375,3891.019287109375
2026-04-08 01:00:00+00:00,23129.94921875,6617.919921875,55946.828125,25116.529296875,10352.8095703125,22933.650390625,5804.91015625,3891.019287109375
2026-04-08 01:15:00+00:00,23129.94921875,6617.919921875,55951.62890625,25116.529296875,10352.8095703125,22933.650390625,5818.60986328125,3891.019287109375
2026-04-08 01:30:00+00:00,23129.94921875,6617.919921875,56089.98046875,25808.76953125,10352.8095703125,22933.650390625,5801.9501953125,3944.447021484375
2026-04-08 01:45:00+00:00,23129.94921875,6617.919921875,56219.0,25725.650390625,10352.8095703125,22933.650390625,5804.22998046875,3935.55615234375
2026-04-08 02:00:00+00:00,23129.94921875,6617.919921875,56224.53125,25742.669921875,10352.8095703125,22933.650390625,5821.39990234375,3949.856689453125
2026-04-08 02:15:00+00:00,23129.94921875,6617.919921875,56068.98046875,25743.349609375,10352.8095703125,22933.650390625,5818.43017578125,3951.628662109375
2026-04-08 02:30:00+00:00,23129.94921875,6617.919921875,56078.828125,25813.25,10352.8095703125,22933.650390625,5822.2900390625,3961.794189453125
2026-04-08 02:45:00+00:00,23129.94921875,6617.919921875,56078.828125,25797.359375,10352.8095703125,22933.650390625,5822.330078125,3958.811767578125
2026-04-08 03:00:00+00:00,23129.94921875,6617.919921875,56078.828125,25795.810546875,10352.8095703125,22933.650390625,5836.91015625,3965.89892578125
2026-04-08 03:15:00+00:00,23129.94921875,6617.919921875,56078.828125,25742.98046875,10352.8095703125,22933.650390625,5835.93017578125,3964.702880859375
2026-04-08 03:30:00+00:00,23129.94921875,6617.919921875,56179.44921875,25811.009765625,10352.8095703125,22933.650390625,5837.5498046875,3964.718994140625
2026-04-08 03:45:00+00:00,23877.75,6617.919921875,56080.671875,25823.359375,10352.8095703125,22933.650390625,5846.1298828125,3964.718994140625
2026-04-08 04:00:00+00:00,23921.05078125,6617.919921875,56229.828125,25821.880859375,10352.8095703125,22933.650390625,5882.41015625,3964.718994140625
2026-04-08 04:15:00+00:00,23897.400390625,6617.919921875,56242.7890625,25821.880859375,10352.8095703125,22933.650390625,5889.68017578125,3964.718994140625
2026-04-08 04:30:00+00:00,23880.150390625,6617.919921875,56302.359375,25821.880859375,10352.8095703125,22933.650390625,5896.66015625,3964.718994140625
2026-04-08 04:45:00+00:00,23908.75,6617.919921875,56309.03125,25821.880859375,10352.8095703125,22933.650390625,5919.60009765625,3964.718994140625
2026-04-08 05:00:00+00:00,23950.5,6617.919921875,56184.46875,25853.099609375,10352.8095703125,22933.650390625,5889.330078125,3972.17919921875
2026-04-08 05:15:00+00:00,23982.5,6617.919921875,56280.58984375,25885.830078125,10352.8095703125,22933.650390625,5870.02001953125,3979.698486328125
2026-04-08 05:30:00+00:00,23991.75,6617.919921875,56354.73828125,25894.869140625,10352.8095703125,22933.650390625,5855.8701171875,3985.05859375
2026-04-08 05:45:00+00:00,23981.900390625,6617.919921875,56383.66015625,25871.060546875,10352.8095703125,22933.650390625,5872.4501953125,3985.843017578125
2026-04-08 06:00:00+00:00,23980.55078125,6617.919921875,56397.48828125,25862.650390625,10352.8095703125,22933.650390625,5872.4501953125,3984.435302734375
2026-04-08 06:15:00+00:00,23931.0,6617.919921875,56360.19921875,25899.189453125,10352.8095703125,22933.650390625,5872.4501953125,3984.258056640625
2026-04-08 06:30:00+00:00,23963.30078125,6617.919921875,56360.19921875,25918.720703125,10352.8095703125,22933.650390625,5872.4501953125,3989.612060546875
2026-04-08 06:45:00+00:00,23949.25,6617.919921875,56360.19921875,25891.19921875,10352.8095703125,22933.650390625,5872.4501953125,3993.993896484375
2026-04-08 07:00:00+00:00,23947.099609375,6617.919921875,56360.19921875,25813.869140625,10586.169921875,23987.390625,5872.4501953125,3993.993896484375
2026-04-08 07:15:00+00:00,23977.650390625,6617.919921875,56360.19921875,25868.9609375,10616.3701171875,24075.0390625,5872.4501953125,3993.993896484375
2026-04-08 07:30:00+00:00,23974.099609375,6617.919921875,56360.19921875,25858.310546875,10588.830078125,23981.740234375,5872.4501953125,3993.993896484375
2026-04-08 07:45:00+00:00,23999.44921875,6617.919921875,56360.19921875,25904.140625,10583.900390625,23954.2890625,5872.4501953125,3993.993896484375
2026-04-08 08:00:00+00:00,23976.0,6617.919921875,56360.19921875,25893.01953125,10587.2900390625,23963.240234375,5872.4501953125,3993.993896484375
2026-04-08 08:15:00+00:00,23985.69921875,6617.919921875,56360.19921875,25893.01953125,10591.919921875,23948.83984375,5872.4501953125,3993.993896484375
2026-04-08 08:30:00+00:00,23948.25,6617.919921875,56360.19921875,25893.01953125,10584.240234375,23933.939453125,5872.4501953125,3993.993896484375
2026-04-08 08:45:00+00:00,23978.94921875,6617.919921875,56360.19921875,25893.01953125,10580.919921875,23956.970703125,5872.4501953125,3993.993896484375
2026-04-08 09:00:00+00:00,23998.900390625,6617.919921875,56360.19921875,25893.01953125,10611.3701171875,23999.98046875,5872.4501953125,3993.993896484375
2026-04-08 09:15:00+00:00,24002.19921875,6617.919921875,56360.19921875,25893.01953125,10615.0400390625,23968.2890625,5872.4501953125,3993.993896484375
2026-04-08 09:30:00+00:00,23994.849609375,6617.919921875,56360.19921875,25893.01953125,10589.330078125,23884.189453125,5872.4501953125,3993.993896484375
2026-04-08 09:45:00+00:00,24010.599609375,6617.919921875,56360.19921875,25893.01953125,10606.419921875,23939.19921875,5872.4501953125,3993.993896484375
2026-04-08 10:00:00+00:00,24010.599609375,6617.919921875,56360.19921875,25893.01953125,10605.4404296875,23945.279296875,5872.4501953125,3993.993896484375
2026-04-08 10:15:00+00:00,24010.599609375,6617.919921875,56360.19921875,25893.01953125,10635.669921875,24010.41015625,5872.4501953125,3993.993896484375
2026-04-08 10:30:00+00:00,24010.599609375,6617.919921875,56360.19921875,25893.01953125,10650.900390625,24058.23046875,5872.4501953125,3993.993896484375
2026-04-08 10:45:00+00:00,24010.599609375,6617.919921875,56360.19921875,25893.01953125,10645.76953125,24045.51953125,5872.4501953125,3993.993896484375
2026-04-08 11:00:00+00:00,24010.599609375,6617.919921875,56360.19921875,25893.01953125,10653.349609375,24073.94921875,5872.4501953125,3993.993896484375
2026-04-08 11:15:00+00:00,24010.599609375,6617.919921875,56360.19921875,25893.01953125,10657.83984375,24107.220703125,5872.4501953125,3993.993896484375
2026-04-08 11:30:00+00:00,24010.599609375,6617.919921875,56360.19921875,25893.01953125,10668.3896484375,24103.369140625,5872.4501953125,3993.993896484375
2026-04-08 11:45:00+00:00,24010.599609375,6617.919921875,56360.19921875,25893.01953125,10661.3896484375,24107.349609375,5872.4501953125,3993.993896484375
2026-04-08 12:00:00+00:00,24010.599609375,6617.919921875,56360.19921875,25893.01953125,10665.150390625,24143.169921875,5872.4501953125,3993.993896484375
2026-04-08 12:15:00+00:00,24010.599609375,6617.919921875,56360.19921875,25893.01953125,10656.169921875,24101.279296875,5872.4501953125,3993.993896484375
2026-04-08 12:30:00+00:00,24010.599609375,6617.919921875,56360.19921875,25893.01953125,10677.6103515625,24130.98046875,5872.4501953125,3993.993896484375
2026-04-08 12:45:00+00:00,24010.599609375,6617.919921875,56360.19921875,25893.01953125,10671.990234375,24135.880859375,5872.4501953125,3993.993896484375
2026-04-08 13:00:00+00:00,24010.599609375,6617.919921875,56360.19921875,25893.01953125,10660.2900390625,24114.80078125,5872.4501953125,3993.993896484375
2026-04-08 13:15:00+00:00,24010.599609375,6617.919921875,56360.19921875,25893.01953125,10650.490234375,24107.169921875,5872.4501953125,3993.993896484375
2026-04-08 13:30:00+00:00,24010.599609375,6776.5498046875,56360.19921875,25893.01953125,10628.5,24039.80078125,5872.4501953125,3993.993896484375
2026-04-08 13:45:00+00:00,24010.599609375,6773.2900390625,56360.19921875,25893.01953125,10639.259765625,24078.33984375,5872.4501953125,3993.993896484375
2026-04-08 14:00:00+00:00,24010.599609375,6773.18994140625,56360.19921875,25893.01953125,10656.009765625,24101.2890625,5872.4501953125,3993.993896484375
2026-04-08 14:15:00+00:00,24010.599609375,6765.14013671875,56360.19921875,25893.01953125,10621.76953125,24043.220703125,5872.4501953125,3993.993896484375
2026-04-08 14:30:00+00:00,24010.599609375,6757.89990234375,56360.19921875,25893.01953125,10617.330078125,23999.240234375,5872.4501953125,3993.993896484375
2026-04-08 14:45:00+00:00,24010.599609375,6752.4501953125,56360.19921875,25893.01953125,10609.0703125,24017.470703125,5872.4501953125,3993.993896484375
2026-04-08 15:00:00+00:00,24010.599609375,6755.7001953125,56360.19921875,25893.01953125,10593.16015625,23998.349609375,5872.4501953125,3993.993896484375
2026-04-08 15:15:00+00:00,24010.599609375,6754.58984375,56360.19921875,25893.01953125,10597.009765625,24007.689453125,5872.4501953125,3993.993896484375
2026-04-08 15:30:00+00:00,24010.599609375,6766.009765625,56360.19921875,25893.01953125,10597.009765625,24007.689453125,5872.4501953125,3993.993896484375
2026-04-08 15:45:00+00:00,24010.599609375,6773.0,56360.19921875,25893.01953125,10597.009765625,24007.689453125,5872.4501953125,3993.993896484375
2026-04-08 16:00:00+00:00,24010.599609375,6773.47998046875,56360.19921875,25893.01953125,10597.009765625,24007.689453125,5872.4501953125,3993.993896484375
2026-04-08 16:15:00+00:00,24010.599609375,6774.5498046875,56360.19921875,25893.01953125,10597.009765625,24007.689453125,5872.4501953125,3993.993896484375
2026-04-08 16:30:00+00:00,24010.599609375,6783.39990234375,56360.19921875,25893.01953125,10597.009765625,24007.689453125,5872.4501953125,3993.993896484375
2026-04-08 16:45:00+00:00,24010.599609375,6784.91015625,56360.19921875,25893.01953125,10597.009765625,24007.689453125,5872.4501953125,3993.993896484375
2026-04-08 17:00:00+00:00,24010.599609375,6782.97021484375,56360.19921875,25893.01953125,10597.009765625,24007.689453125,5872.4501953125,3993.993896484375
2026-04-08 17:15:00+00:00,24010.599609375,6774.0498046875,56360.19921875,25893.01953125,10597.009765625,24007.689453125,5872.4501953125,3993.993896484375
2026-04-08 17:30:00+00:00,24010.599609375,6780.06982421875,56360.19921875,25893.01953125,10597.009765625,24007.689453125,5872.4501953125,3993.993896484375
2026-04-08 17:45:00+00:00,24010.599609375,6781.830078125,56360.19921875,25893.01953125,10597.009765625,24007.689453125,5872.4501953125,3993.993896484375
2026-04-08 18:00:00+00:00,24010.599609375,6787.47021484375,56360.19921875,25893.01953125,10597.009765625,24007.689453125,5872.4501953125,3993.993896484375
2026-04-08 18:15:00+00:00,24010.599609375,6773.47021484375,56360.19921875,25893.01953125,10597.009765625,24007.689453125,5872.4501953125,3993.993896484375
2026-04-08 18:30:00+00:00,24010.599609375,6764.22021484375,56360.19921875,25893.01953125,10597.009765625,24007.689453125,5872.4501953125,3993.993896484375
2026-04-08 18:45:00+00:00,24010.599609375,6753.97998046875,56360.19921875,25893.01953125,10597.009765625,24007.689453125,5872.4501953125,3993.993896484375
2026-04-08 19:00:00+00:00,24010.599609375,6767.7900390625,56360.19921875,25893.01953125,10597.009765625,24007.689453125,5872.4501953125,3993.993896484375
2026-04-08 19:15:00+00:00,24010.599609375,6759.7998046875,56360.19921875,25893.01953125,10597.009765625,24007.689453125,5872.4501953125,3993.993896484375
2026-04-08 19:30:00+00:00,24010.599609375,6770.93017578125,56360.19921875,25893.01953125,10597.009765625,24007.689453125,5872.4501953125,3993.993896484375
2026-04-08 19:45:00+00:00,24010.599609375,6783.47998046875,56360.19921875,25893.01953125,10597.009765625,24007.689453125,5872.4501953125,3993.993896484375
2026-04-09 00:00:00+00:00,24010.599609375,6783.47998046875,56315.03125,25893.01953125,10597.009765625,24007.689453125,5831.22998046875,3993.993896484375
2026-04-09 00:15:00+00:00,24010.599609375,6783.47998046875,56173.1484375,25893.01953125,10597.009765625,24007.689453125,5845.41015625,3993.993896484375
2026-04-09 00:30:00+00:00,24010.599609375,6783.47998046875,56084.76953125,25893.01953125,10597.009765625,24007.689453125,5826.72998046875,3993.993896484375
2026-04-09 00:45:00+00:00,24010.599609375,6783.47998046875,56001.0703125,25893.01953125,10597.009765625,24007.689453125,5819.89990234375,3993.993896484375
2026-04-09 01:00:00+00:00,24010.599609375,6783.47998046875,55959.08984375,25893.01953125,10597.009765625,24007.689453125,5800.02001953125,3993.993896484375
2026-04-09 01:15:00+00:00,24010.599609375,6783.47998046875,55883.46875,25893.01953125,10597.009765625,24007.689453125,5792.22998046875,3993.993896484375
2026-04-09 01:30:00+00:00,24010.599609375,6783.47998046875,55911.23828125,25670.2109375,10597.009765625,24007.689453125,5775.419921875,3966.464599609375
2026-04-09 01:45:00+00:00,24010.599609375,6783.47998046875,56033.48828125,25730.80078125,10597.009765625,24007.689453125,5813.1201171875,3974.147705078125
2026-04-09 02:00:00+00:00,24010.599609375,6783.47998046875,56013.33984375,25758.869140625,10597.009765625,24007.689453125,5808.0400390625,3971.410400390625
2026-04-09 02:15:00+00:00,24010.599609375,6783.47998046875,55986.921875,25741.740234375,10597.009765625,24007.689453125,5798.27001953125,3973.00390625
2026-04-09 02:30:00+00:00,24010.599609375,6783.47998046875,55997.1796875,25804.9296875,10597.009765625,24007.689453125,5799.7998046875,3975.24755859375
2026-04-09 02:45:00+00:00,24010.599609375,6783.47998046875,55997.1796875,25820.380859375,10597.009765625,24007.689453125,5801.080078125,3973.26708984375
2026-04-09 03:00:00+00:00,24010.599609375,6783.47998046875,55997.1796875,25786.0,10597.009765625,24007.689453125,5802.0,3965.8984375
2026-04-09 03:15:00+00:00,24010.599609375,6783.47998046875,55997.1796875,25791.220703125,10597.009765625,24007.689453125,5788.31005859375,3965.220703125
2026-04-09 03:30:00+00:00,24010.599609375,6783.47998046875,55938.12109375,25809.529296875,10597.009765625,24007.689453125,5789.6298828125,3965.701171875
2026-04-09 03:45:00+00:00,23984.19921875,6783.47998046875,55828.78125,25800.869140625,10597.009765625,24007.689453125,5773.169921875,3965.701171875
2026-04-09 04:00:00+00:00,23861.150390625,6783.47998046875,55868.69921875,25801.869140625,10597.009765625,24007.689453125,5781.77001953125,3965.701171875
2026-04-09 04:15:00+00:00,23786.30078125,6783.47998046875,55828.9296875,25801.869140625,10597.009765625,24007.689453125,5760.919921875,3965.701171875
2026-04-09 04:30:00+00:00,23839.0,6783.47998046875,55849.94921875,25801.869140625,10597.009765625,24007.689453125,5775.58984375,3965.701171875
2026-04-09 04:45:00+00:00,23848.19921875,6783.47998046875,55849.37890625,25801.869140625,10597.009765625,24007.689453125,5771.91015625,3965.701171875
2026-04-09 05:00:00+00:00,23807.900390625,6783.47998046875,55871.69140625,25772.349609375,10597.009765625,24007.689453125,5766.580078125,3956.74951171875
2026-04-09 05:15:00+00:00,23828.75,6783.47998046875,55971.30078125,25836.4296875,10597.009765625,24007.689453125,5794.06005859375,3961.327880859375
2026-04-09 05:30:00+00:00,23855.75,6783.47998046875,56051.46875,25851.4296875,10597.009765625,24007.689453125,5782.259765625,3967.060546875
2026-04-09 05:45:00+00:00,23855.25,6783.47998046875,56006.62890625,25796.630859375,10597.009765625,24007.689453125,5765.330078125,3965.819091796875
2026-04-09 06:00:00+00:00,23864.80078125,6783.47998046875,55898.48046875,25820.640625,10597.009765625,24007.689453125,5765.330078125,3966.78759765625
2026-04-09 06:15:00+00:00,23886.349609375,6783.47998046875,55867.1484375,25788.529296875,10597.009765625,24007.689453125,5765.330078125,3966.728759765625
2026-04-09 06:30:00+00:00,23881.25,6783.47998046875,55867.1484375,25798.720703125,10597.009765625,24007.689453125,5765.330078125,3962.59521484375
2026-04-09 06:45:00+00:00,23872.55078125,6783.47998046875,55867.1484375,25798.55078125,10597.009765625,24007.689453125,5765.330078125,3967.30712890625
2026-04-09 07:00:00+00:00,23852.30078125,6783.47998046875,55867.1484375,25779.310546875,10623.2099609375,23930.220703125,5765.330078125,3967.30712890625
2026-04-09 07:15:00+00:00,23830.69921875,6783.47998046875,55867.1484375,25729.189453125,10597.6396484375,23882.759765625,5765.330078125,3967.30712890625
2026-04-09 07:30:00+00:00,23815.400390625,6783.47998046875,55867.1484375,25715.880859375,10587.0,23836.6796875,5765.330078125,3967.30712890625
2026-04-09 07:45:00+00:00,23769.30078125,6783.47998046875,55867.1484375,25724.3203125,10600.2197265625,23837.060546875,5765.330078125,3967.30712890625
2026-04-09 08:00:00+00:00,23760.150390625,6783.47998046875,55867.1484375,25752.400390625,10581.6904296875,23807.19921875,5765.330078125,3967.30712890625
2026-04-09 08:15:00+00:00,23767.849609375,6783.47998046875,55867.1484375,25752.400390625,10580.2998046875,23788.060546875,5765.330078125,3967.30712890625
2026-04-09 08:30:00+00:00,23753.19921875,6783.47998046875,55867.1484375,25752.400390625,10583.9697265625,23799.51953125,5765.330078125,3967.30712890625
2026-04-09 08:45:00+00:00,23720.30078125,6783.47998046875,55867.1484375,25752.400390625,10570.1201171875,23767.419921875,5765.330078125,3967.30712890625
2026-04-09 09:00:00+00:00,23729.75,6783.47998046875,55867.1484375,25752.400390625,10574.6103515625,23790.759765625,5765.330078125,3967.30712890625
2026-04-09 09:15:00+00:00,23741.05078125,6783.47998046875,55867.1484375,25752.400390625,10578.26953125,23802.55078125,5765.330078125,3967.30712890625
2026-04-09 09:30:00+00:00,23793.349609375,6783.47998046875,55867.1484375,25752.400390625,10573.6904296875,23780.779296875,5765.330078125,3967.30712890625
2026-04-09 09:45:00+00:00,23766.05078125,6783.47998046875,55867.1484375,25752.400390625,10581.0498046875,23800.3203125,5765.330078125,3967.30712890625
2026-04-09 10:00:00+00:00,23766.05078125,6783.47998046875,55867.1484375,25752.400390625,10568.669921875,23781.279296875,5765.330078125,3967.30712890625
2026-04-09 10:15:00+00:00,23766.05078125,6783.47998046875,55867.1484375,25752.400390625,10570.5595703125,23799.630859375,5765.330078125,3967.30712890625
2026-04-09 10:30:00+00:00,23766.05078125,6783.47998046875,55867.1484375,25752.400390625,10577.3798828125,23809.609375,5765.330078125,3967.30712890625
2026-04-09 10:45:00+00:00,23766.05078125,6783.47998046875,55867.1484375,25752.400390625,10572.669921875,23767.69921875,5765.330078125,3967.30712890625
2026-04-09 11:00:00+00:00,23766.05078125,6783.47998046875,55867.1484375,25752.400390625,10575.0595703125,23763.41015625,5765.330078125,3967.30712890625
2026-04-09 11:15:00+00:00,23766.05078125,6783.47998046875,55867.1484375,25752.400390625,10570.1904296875,23777.19921875,5765.330078125,3967.30712890625
2026-04-09 11:30:00+00:00,23766.05078125,6783.47998046875,55867.1484375,25752.400390625,10582.669921875,23815.4609375,5765.330078125,3967.30712890625
2026-04-09 11:45:00+00:00,23766.05078125,6783.47998046875,55867.1484375,25752.400390625,10583.98046875,23831.529296875,5765.330078125,3967.30712890625
2026-04-09 12:00:00+00:00,23766.05078125,6783.47998046875,55867.1484375,25752.400390625,10579.490234375,23821.30078125,5765.330078125,3967.30712890625
2026-04-09 12:15:00+00:00,23766.05078125,6783.47998046875,55867.1484375,25752.400390625,10586.9599609375,23833.369140625,5765.330078125,3967.30712890625
2026-04-09 12:30:00+00:00,23766.05078125,6783.47998046875,55867.1484375,25752.400390625,10581.1396484375,23804.259765625,5765.330078125,3967.30712890625
2026-04-09 12:45:00+00:00,23766.05078125,6783.47998046875,55867.1484375,25752.400390625,10577.580078125,23770.390625,5765.330078125,3967.30712890625
2026-04-09 13:00:00+00:00,23766.05078125,6783.47998046875,55867.1484375,25752.400390625,10569.41015625,23757.890625,5765.330078125,3967.30712890625
2026-04-09 13:15:00+00:00,23766.05078125,6783.47998046875,55867.1484375,25752.400390625,10567.5400390625,23769.3203125,5765.330078125,3967.30712890625
2026-04-09 13:30:00+00:00,23766.05078125,6780.27978515625,55867.1484375,25752.400390625,10582.8603515625,23746.259765625,5765.330078125,3967.30712890625
2026-04-09 13:45:00+00:00,23766.05078125,6776.669921875,55867.1484375,25752.400390625,10586.26953125,23714.470703125,5765.330078125,3967.30712890625
2026-04-09 14:00:00+00:00,23766.05078125,6771.2900390625,55867.1484375,25752.400390625,10572.1396484375,23712.9609375,5765.330078125,3967.30712890625
2026-04-09 14:15:00+00:00,23766.05078125,6765.169921875,55867.1484375,25752.400390625,10563.6796875,23679.9609375,5765.330078125,3967.30712890625
2026-04-09 14:30:00+00:00,23766.05078125,6767.3701171875,55867.1484375,25752.400390625,10562.919921875,23697.630859375,5765.330078125,3967.30712890625
2026-04-09 14:45:00+00:00,23766.05078125,6777.83984375,55867.1484375,25752.400390625,10567.150390625,23707.919921875,5765.330078125,3967.30712890625
2026-04-09 15:00:00+00:00,23766.05078125,6781.669921875,55867.1484375,25752.400390625,10564.23046875,23712.9609375,5765.330078125,3967.30712890625
2026-04-09 15:15:00+00:00,23766.05078125,6783.830078125,55867.1484375,25752.400390625,10579.419921875,23757.08984375,5765.330078125,3967.30712890625
2026-04-09 15:30:00+00:00,23766.05078125,6799.6298828125,55867.1484375,25752.400390625,10579.419921875,23757.08984375,5765.330078125,3967.30712890625
2026-04-09 15:45:00+00:00,23766.05078125,6812.81005859375,55867.1484375,25752.400390625,10579.419921875,23757.08984375,5765.330078125,3967.30712890625
2026-04-09 16:00:00+00:00,23766.05078125,6819.72021484375,55867.1484375,25752.400390625,10579.419921875,23757.08984375,5765.330078125,3967.30712890625
2026-04-09 16:15:00+00:00,23766.05078125,6823.330078125,55867.1484375,25752.400390625,10579.419921875,23757.08984375,5765.330078125,3967.30712890625
2026-04-09 16:30:00+00:00,23766.05078125,6817.3701171875,55867.1484375,25752.400390625,10579.419921875,23757.08984375,5765.330078125,3967.30712890625
2026-04-09 16:45:00+00:00,23766.05078125,6822.3701171875,55867.1484375,25752.400390625,10579.419921875,23757.08984375,5765.330078125,3967.30712890625
2026-04-09 17:00:00+00:00,23766.05078125,6828.39990234375,55867.1484375,25752.400390625,10579.419921875,23757.08984375,5765.330078125,3967.30712890625
2026-04-09 17:15:00+00:00,23766.05078125,6827.35986328125,55867.1484375,25752.400390625,10579.419921875,23757.08984375,5765.330078125,3967.30712890625
2026-04-09 17:30:00+00:00,23766.05078125,6830.31982421875,55867.1484375,25752.400390625,10579.419921875,23757.08984375,5765.330078125,3967.30712890625
2026-04-09 17:45:00+00:00,23766.05078125,6829.47998046875,55867.1484375,25752.400390625,10579.419921875,23757.08984375,5765.330078125,3967.30712890625
2026-04-09 18:00:00+00:00,23766.05078125,6816.66015625,55867.1484375,25752.400390625,10579.419921875,23757.08984375,5765.330078125,3967.30712890625
2026-04-09 18:15:00+00:00,23766.05078125,6813.10009765625,55867.1484375,25752.400390625,10579.419921875,23757.08984375,5765.330078125,3967.30712890625
2026-04-09 18:30:00+00:00,23766.05078125,6813.93994140625,55867.1484375,25752.400390625,10579.419921875,23757.08984375,5765.330078125,3967.30712890625
2026-04-09 18:45:00+00:00,23766.05078125,6815.81982421875,55867.1484375,25752.400390625,10579.419921875,23757.08984375,5765.330078125,3967.30712890625
2026-04-09 19:00:00+00:00,23766.05078125,6824.52978515625,55867.1484375,25752.400390625,10579.419921875,23757.08984375,5765.330078125,3967.30712890625
2026-04-09 19:15:00+00:00,23766.05078125,6823.14990234375,55867.1484375,25752.400390625,10579.419921875,23757.08984375,5765.330078125,3967.30712890625
2026-04-09 19:30:00+00:00,23766.05078125,6827.9501953125,55867.1484375,25752.400390625,10579.419921875,23757.08984375,5765.330078125,3967.30712890625
2026-04-09 19:45:00+00:00,23766.05078125,6823.93994140625,55867.1484375,25752.400390625,10579.419921875,23757.08984375,5765.330078125,3967.30712890625
2026-04-10 00:00:00+00:00,23766.05078125,6823.93994140625,56589.83984375,25752.400390625,10579.419921875,23757.08984375,5886.6298828125,3967.30712890625
2026-04-10 00:15:00+00:00,23766.05078125,6823.93994140625,56782.62890625,25752.400390625,10579.419921875,23757.08984375,5852.18994140625,3967.30712890625
2026-04-10 00:30:00+00:00,23766.05078125,6823.93994140625,56784.76171875,25752.400390625,10579.419921875,23757.08984375,5871.77001953125,3967.30712890625
2026-04-10 00:45:00+00:00,23766.05078125,6823.93994140625,56755.69921875,25752.400390625,10579.419921875,23757.08984375,5887.31982421875,3967.30712890625
2026-04-10 01:00:00+00:00,23766.05078125,6823.93994140625,56805.078125,25752.400390625,10579.419921875,23757.08984375,5890.68994140625,3967.30712890625
2026-04-10 01:15:00+00:00,23766.05078125,6823.93994140625,56844.58984375,25752.400390625,10579.419921875,23757.08984375,5912.39013671875,3967.30712890625
2026-04-10 01:30:00+00:00,23766.05078125,6823.93994140625,56934.37890625,26068.279296875,10579.419921875,23757.08984375,5906.25,3997.1708984375
2026-04-10 01:45:00+00:00,23766.05078125,6823.93994140625,56875.96875,26042.359375,10579.419921875,23757.08984375,5886.1298828125,4006.42041015625
2026-04-10 02:00:00+00:00,23766.05078125,6823.93994140625,56699.37109375,25974.9609375,10579.419921875,23757.08984375,5885.669921875,4002.9326171875
2026-04-10 02:15:00+00:00,23766.05078125,6823.93994140625,56733.69921875,25945.55078125,10579.419921875,23757.08984375,5889.31005859375,4001.46435546875
2026-04-10 02:30:00+00:00,23766.05078125,6823.93994140625,56728.94921875,25941.23046875,10579.419921875,23757.08984375,5889.06005859375,3998.20654296875
2026-04-10 02:45:00+00:00,23766.05078125,6823.93994140625,56728.94921875,25890.1796875,10579.419921875,23757.08984375,5888.77978515625,3999.8408203125
2026-04-10 03:00:00+00:00,23766.05078125,6823.93994140625,56728.94921875,25914.380859375,10579.419921875,23757.08984375,5880.35986328125,3993.23828125
2026-04-10 03:15:00+00:00,23766.05078125,6823.93994140625,56728.94921875,25895.2109375,10579.419921875,23757.08984375,5875.8701171875,3991.30224609375
2026-04-10 03:30:00+00:00,23766.05078125,6823.93994140625,56788.1015625,25913.669921875,10579.419921875,23757.08984375,5879.259765625,3991.135986328125
2026-04-10 03:45:00+00:00,23936.900390625,6823.93994140625,56843.1796875,25911.7109375,10579.419921875,23757.08984375,5877.85009765625,3991.135986328125
2026-04-10 04:00:00+00:00,23948.150390625,6823.93994140625,56908.421875,25907.9609375,10579.419921875,23757.08984375,5876.33984375,3991.135986328125
2026-04-10 04:15:00+00:00,23988.05078125,6823.93994140625,56944.28125,25907.9609375,10579.419921875,23757.08984375,5882.68017578125,3991.135986328125
2026-04-10 04:30:00+00:00,23994.400390625,6823.93994140625,56931.78125,25907.9609375,10579.419921875,23757.08984375,5877.85009765625,3991.135986328125
2026-04-10 04:45:00+00:00,24009.099609375,6823.93994140625,56935.98828125,25907.9609375,10579.419921875,23757.08984375,5878.08984375,3991.135986328125
2026-04-10 05:00:00+00:00,24003.849609375,6823.93994140625,56999.2109375,25896.990234375,10579.419921875,23757.08984375,5873.93017578125,3988.023681640625
2026-04-10 05:15:00+00:00,23998.849609375,6823.93994140625,56960.3984375,25881.890625,10579.419921875,23757.08984375,5874.58984375,3989.62939453125
2026-04-10 05:30:00+00:00,24013.30078125,6823.93994140625,56929.58984375,25920.75,10579.419921875,23757.08984375,5863.93017578125,3993.34716796875
2026-04-10 05:45:00+00:00,23972.55078125,6823.93994140625,56925.44140625,25967.58984375,10579.419921875,23757.08984375,5866.39013671875,3999.41552734375
2026-04-10 06:00:00+00:00,23980.150390625,6823.93994140625,56891.55859375,25910.759765625,10579.419921875,23757.08984375,5866.39013671875,3996.930419921875
2026-04-10 06:15:00+00:00,23994.150390625,6823.93994140625,56892.5390625,25888.01953125,10579.419921875,23757.08984375,5866.39013671875,3993.6123046875
2026-04-10 06:30:00+00:00,24009.05078125,6823.93994140625,56892.5390625,25877.029296875,10579.419921875,23757.08984375,5866.39013671875,3987.911865234375
2026-04-10 06:45:00+00:00,24009.599609375,6823.93994140625,56892.5390625,25879.189453125,10579.419921875,23757.08984375,5866.39013671875,3986.712890625
2026-04-10 07:00:00+00:00,24004.25,6823.93994140625,56892.5390625,25894.3203125,10610.9697265625,23815.119140625,5866.39013671875,3986.712890625
2026-04-10 07:15:00+00:00,24004.55078125,6823.93994140625,56892.5390625,25919.599609375,10615.330078125,23847.279296875,5866.39013671875,3986.712890625
2026-04-10 07:30:00+00:00,24002.55078125,6823.93994140625,56892.5390625,25863.30078125,10611.419921875,23850.9296875,5866.39013671875,3986.712890625
2026-04-10 07:45:00+00:00,24007.05078125,6823.93994140625,56892.5390625,25868.26953125,10618.0498046875,23856.2109375,5866.39013671875,3986.712890625
2026-04-10 08:00:00+00:00,24020.400390625,6823.93994140625,56892.5390625,25893.5390625,10618.7900390625,23840.169921875,5866.39013671875,3986.712890625
2026-04-10 08:15:00+00:00,24040.94921875,6823.93994140625,56892.5390625,25893.5390625,10625.759765625,23847.5703125,5866.39013671875,3986.712890625
2026-04-10 08:30:00+00:00,24020.099609375,6823.93994140625,56892.5390625,25893.5390625,10627.51953125,23844.580078125,5866.39013671875,3986.712890625
2026-04-10 08:45:00+00:00,23964.75,6823.93994140625,56892.5390625,25893.5390625,10606.66015625,23780.140625,5866.39013671875,3986.712890625
2026-04-10 09:00:00+00:00,23982.69921875,6823.93994140625,56892.5390625,25893.5390625,10624.6796875,23803.6796875,5866.39013671875,3986.712890625
2026-04-10 09:15:00+00:00,23993.55078125,6823.93994140625,56892.5390625,25893.5390625,10647.1103515625,23867.439453125,5866.39013671875,3986.712890625
2026-04-10 09:30:00+00:00,24057.5,6823.93994140625,56892.5390625,25893.5390625,10643.4404296875,23907.529296875,5866.39013671875,3986.712890625
2026-04-10 09:45:00+00:00,24051.80078125,6823.93994140625,56892.5390625,25893.5390625,10637.7998046875,23933.80078125,5866.39013671875,3986.712890625
2026-04-10 10:00:00+00:00,24051.80078125,6823.93994140625,56892.5390625,25893.5390625,10629.25,23890.7890625,5866.39013671875,3986.712890625
2026-04-10 10:15:00+00:00,24051.80078125,6823.93994140625,56892.5390625,25893.5390625,10644.169921875,23975.150390625,5866.39013671875,3986.712890625
2026-04-10 10:30:00+00:00,24051.80078125,6823.93994140625,56892.5390625,25893.5390625,10640.8203125,23970.970703125,5866.39013671875,3986.712890625
2026-04-10 10:45:00+00:00,24051.80078125,6823.93994140625,56892.5390625,25893.5390625,10635.669921875,23983.810546875,5866.39013671875,3986.712890625
2026-04-10 11:00:00+00:00,24051.80078125,6823.93994140625,56892.5390625,25893.5390625,10639.51953125,23992.2890625,5866.39013671875,3986.712890625
2026-04-10 11:15:00+00:00,24051.80078125,6823.93994140625,56892.5390625,25893.5390625,10637.9296875,23990.529296875,5866.39013671875,3986.712890625
2026-04-10 11:30:00+00:00,24051.80078125,6823.93994140625,56892.5390625,25893.5390625,10637.6103515625,23986.990234375,5866.39013671875,3986.712890625
2026-04-10 11:45:00+00:00,24051.80078125,6823.93994140625,56892.5390625,25893.5390625,10635.9404296875,23963.740234375,5866.39013671875,3986.712890625
2026-04-10 12:00:00+00:00,24051.80078125,6823.93994140625,56892.5390625,25893.5390625,10640.66015625,23986.529296875,5866.39013671875,3986.712890625
2026-04-10 12:15:00+00:00,24051.80078125,6823.93994140625,56892.5390625,25893.5390625,10644.240234375,23995.380859375,5866.39013671875,3986.712890625
2026-04-10 12:30:00+00:00,24051.80078125,6823.93994140625,56892.5390625,25893.5390625,10647.099609375,24006.25,5866.39013671875,3986.712890625
2026-04-10 12:45:00+00:00,24051.80078125,6823.93994140625,56892.5390625,25893.5390625,10640.6796875,23975.98046875,5866.39013671875,3986.712890625
2026-04-10 13:00:00+00:00,24051.80078125,6823.93994140625,56892.5390625,25893.5390625,10639.2099609375,23977.76953125,5866.39013671875,3986.712890625
2026-04-10 13:15:00+00:00,24051.80078125,6823.93994140625,56892.5390625,25893.5390625,10635.419921875,23982.169921875,5866.39013671875,3986.712890625
2026-04-10 13:30:00+00:00,24051.80078125,6832.93994140625,56892.5390625,25893.5390625,10619.25,23912.140625,5866.39013671875,3986.712890625
2026-04-10 13:45:00+00:00,24051.80078125,6832.7998046875,56892.5390625,25893.5390625,10620.3798828125,23921.30078125,5866.39013671875,3986.712890625
2026-04-10 14:00:00+00:00,24051.80078125,6836.1298828125,56892.5390625,25893.5390625,10625.1103515625,23954.44921875,5866.39013671875,3986.712890625
2026-04-10 14:15:00+00:00,24051.80078125,6839.669921875,56892.5390625,25893.5390625,10624.0498046875,23967.220703125,5866.39013671875,3986.712890625
2026-04-10 14:30:00+00:00,24051.80078125,6832.56982421875,56892.5390625,25893.5390625,10610.490234375,23898.6796875,5866.39013671875,3986.712890625
2026-04-10 14:45:00+00:00,24051.80078125,6837.39990234375,56892.5390625,25893.5390625,10604.490234375,23870.009765625,5866.39013671875,3986.712890625
2026-04-10 15:00:00+00:00,24051.80078125,6840.06005859375,56892.5390625,25893.5390625,10608.740234375,23889.140625,5866.39013671875,3986.712890625
2026-04-10 15:15:00+00:00,24051.80078125,6835.830078125,56892.5390625,25893.5390625,10596.259765625,23855.779296875,5866.39013671875,3986.712890625
2026-04-10 15:30:00+00:00,24051.80078125,6828.35009765625,56892.5390625,25893.5390625,10596.259765625,23855.779296875,5866.39013671875,3986.712890625
2026-04-10 15:45:00+00:00,24051.80078125,6817.02001953125,56892.5390625,25893.5390625,10596.259765625,23855.779296875,5866.39013671875,3986.712890625
2026-04-10 16:00:00+00:00,24051.80078125,6822.58984375,56892.5390625,25893.5390625,10596.259765625,23855.779296875,5866.39013671875,3986.712890625
2026-04-10 16:15:00+00:00,24051.80078125,6818.97021484375,56892.5390625,25893.5390625,10596.259765625,23855.779296875,5866.39013671875,3986.712890625
2026-04-10 16:30:00+00:00,24051.80078125,6810.02978515625,56892.5390625,25893.5390625,10596.259765625,23855.779296875,5866.39013671875,3986.712890625
2026-04-10 16:45:00+00:00,24051.80078125,6818.31005859375,56892.5390625,25893.5390625,10596.259765625,23855.779296875,5866.39013671875,3986.712890625
2026-04-10 17:00:00+00:00,24051.80078125,6814.5498046875,56892.5390625,25893.5390625,10596.259765625,23855.779296875,5866.39013671875,3986.712890625
2026-04-10 17:15:00+00:00,24051.80078125,6810.47998046875,56892.5390625,25893.5390625,10596.259765625,23855.779296875,5866.39013671875,3986.712890625
2026-04-10 17:30:00+00:00,24051.80078125,6815.2998046875,56892.5390625,25893.5390625,10596.259765625,23855.779296875,5866.39013671875,3986.712890625
2026-04-10 17:45:00+00:00,24051.80078125,6818.31005859375,56892.5390625,25893.5390625,10596.259765625,23855.779296875,5866.39013671875,3986.712890625
2026-04-10 18:00:00+00:00,24051.80078125,6815.25,56892.5390625,25893.5390625,10596.259765625,23855.779296875,5866.39013671875,3986.712890625
2026-04-10 18:15:00+00:00,24051.80078125,6817.41015625,56892.5390625,25893.5390625,10596.259765625,23855.779296875,5866.39013671875,3986.712890625
2026-04-10 18:30:00+00:00,24051.80078125,6814.85986328125,56892.5390625,25893.5390625,10596.259765625,23855.779296875,5866.39013671875,3986.712890625
2026-04-10 18:45:00+00:00,24051.80078125,6816.81982421875,56892.5390625,25893.5390625,10596.259765625,23855.779296875,5866.39013671875,3986.712890625
2026-04-10 19:00:00+00:00,24051.80078125,6823.08984375,56892.5390625,25893.5390625,10596.259765625,23855.779296875,5866.39013671875,3986.712890625
2026-04-10 19:15:00+00:00,24051.80078125,6820.330078125,56892.5390625,25893.5390625,10596.259765625,23855.779296875,5866.39013671875,3986.712890625
2026-04-10 19:30:00+00:00,24051.80078125,6814.4599609375,56892.5390625,25893.5390625,10596.259765625,23855.779296875,5866.39013671875,3986.712890625
2026-04-10 19:45:00+00:00,24051.80078125,6817.89990234375,56892.5390625,25893.5390625,10596.259765625,23855.779296875,5866.39013671875,3986.712890625
2026-04-13 00:00:00+00:00,24051.80078125,6817.89990234375,56735.01171875,25893.5390625,10596.259765625,23855.779296875,5768.22998046875,3986.712890625
2026-04-13 00:15:00+00:00,24051.80078125,6817.89990234375,56508.16015625,25893.5390625,10596.259765625,23855.779296875,5800.2900390625,3986.712890625
2026-04-13 00:30:00+00:00,24051.80078125,6817.89990234375,56416.640625,25893.5390625,10596.259765625,23855.779296875,5794.0,3986.712890625
2026-04-13 00:45:00+00:00,24051.80078125,6817.89990234375,56497.62109375,25893.5390625,10596.259765625,23855.779296875,5820.83984375,3986.712890625
2026-04-13 01:00:00+00:00,24051.80078125,6817.89990234375,56583.19140625,25893.5390625,10596.259765625,23855.779296875,5813.25,3986.712890625
2026-04-13 01:15:00+00:00,24051.80078125,6817.89990234375,56510.1484375,25893.5390625,10596.259765625,23855.779296875,5817.9501953125,3986.712890625
2026-04-13 01:30:00+00:00,24051.80078125,6817.89990234375,56508.08984375,25555.16015625,10596.259765625,23855.779296875,5809.7099609375,3971.23046875
2026-04-13 01:45:00+00:00,24051.80078125,6817.89990234375,56472.12109375,25595.529296875,10596.259765625,23855.779296875,5803.89013671875,3980.911865234375
2026-04-13 02:00:00+00:00,24051.80078125,6817.89990234375,56342.75,25632.439453125,10596.259765625,23855.779296875,5788.240234375,3982.5283203125
2026-04-13 02:15:00+00:00,24051.80078125,6817.89990234375,56387.33984375,25591.099609375,10596.259765625,23855.779296875,5783.6298828125,3981.9658203125
2026-04-13 02:30:00+00:00,24051.80078125,6817.89990234375,56357.3984375,25590.529296875,10596.259765625,23855.779296875,5793.4501953125,3981.6669921875
2026-04-13 02:45:00+00:00,24051.80078125,6817.89990234375,56357.3984375,25596.630859375,10596.259765625,23855.779296875,5797.9599609375,3978.023681640625
2026-04-13 03:00:00+00:00,24051.80078125,6817.89990234375,56357.3984375,25521.58984375,10596.259765625,23855.779296875,5777.7998046875,3975.2333984375
2026-04-13 03:15:00+00:00,24051.80078125,6817.89990234375,56357.3984375,25547.490234375,10596.259765625,23855.779296875,5782.6298828125,3978.482666015625
2026-04-13 03:30:00+00:00,24051.80078125,6817.89990234375,56354.0390625,25581.419921875,10596.259765625,23855.779296875,5788.5498046875,3979.264404296875
2026-04-13 03:45:00+00:00,23604.69921875,6817.89990234375,56303.48046875,25587.630859375,10596.259765625,23855.779296875,5790.64013671875,3979.264404296875
2026-04-13 04:00:00+00:00,23633.5,6817.89990234375,56276.6015625,25587.259765625,10596.259765625,23855.779296875,5795.81005859375,3979.264404296875
2026-04-13 04:15:00+00:00,23669.05078125,6817.89990234375,56304.08984375,25587.259765625,10596.259765625,23855.779296875,5790.64990234375,3979.264404296875
2026-04-13 04:30:00+00:00,23660.05078125,6817.89990234375,56423.48046875,25587.259765625,10596.259765625,23855.779296875,5786.580078125,3979.264404296875
2026-04-13 04:45:00+00:00,23721.5,6817.89990234375,56489.33984375,25587.259765625,10596.259765625,23855.779296875,5802.56005859375,3979.264404296875
2026-04-13 05:00:00+00:00,23723.55078125,6817.89990234375,56456.37890625,25562.140625,10596.259765625,23855.779296875,5797.72021484375,3978.041015625
2026-04-13 05:15:00+00:00,23740.0,6817.89990234375,56493.390625,25601.150390625,10596.259765625,23855.779296875,5805.580078125,3984.0224609375
2026-04-13 05:30:00+00:00,23743.69921875,6817.89990234375,56477.94921875,25610.08984375,10596.259765625,23855.779296875,5803.93994140625,3988.486572265625
2026-04-13 05:45:00+00:00,23740.5,6817.89990234375,56484.390625,25578.609375,10596.259765625,23855.779296875,5795.35009765625,3986.022216796875
2026-04-13 06:00:00+00:00,23756.150390625,6817.89990234375,56497.8515625,25586.609375,10596.259765625,23855.779296875,5795.35009765625,3986.2705078125
2026-04-13 06:15:00+00:00,23785.650390625,6817.89990234375,56564.25,25607.689453125,10596.259765625,23855.779296875,5795.35009765625,3986.617431640625
2026-04-13 06:30:00+00:00,23814.599609375,6817.89990234375,56564.25,25596.619140625,10596.259765625,23855.779296875,5795.35009765625,3984.5712890625
2026-04-13 06:45:00+00:00,23835.94921875,6817.89990234375,56564.25,25602.740234375,10596.259765625,23855.779296875,5795.35009765625,3988.789794921875
2026-04-13 07:00:00+00:00,23841.349609375,6817.89990234375,56564.25,25624.91015625,10550.919921875,23585.609375,5795.35009765625,3988.789794921875
2026-04-13 07:15:00+00:00,23806.44921875,6817.89990234375,56564.25,25630.220703125,10559.509765625,23573.8203125,5795.35009765625,3988.789794921875
2026-04-13 07:30:00+00:00,23820.650390625,6817.89990234375,56564.25,25634.380859375,10557.4404296875,23579.9296875,5795.35009765625,3988.789794921875
2026-04-13 07:45:00+00:00,23823.400390625,6817.89990234375,56564.25,25654.669921875,10557.8203125,23586.470703125,5795.35009765625,3988.789794921875
2026-04-13 08:00:00+00:00,23835.44921875,6817.89990234375,56564.25,25660.849609375,10553.48046875,23569.080078125,5795.35009765625,3988.789794921875
2026-04-13 08:15:00+00:00,23893.69921875,6817.89990234375,56564.25,25660.849609375,10558.740234375,23593.349609375,5795.35009765625,3988.789794921875
2026-04-13 08:30:00+00:00,23854.5,6817.89990234375,56564.25,25660.849609375,10553.73046875,23560.599609375,5795.35009765625,3988.789794921875
2026-04-13 08:45:00+00:00,23866.05078125,6817.89990234375,56564.25,25660.849609375,10561.98046875,23575.310546875,5795.35009765625,3988.789794921875
2026-04-13 09:00:00+00:00,23866.349609375,6817.89990234375,56564.25,25660.849609375,10566.6103515625,23593.640625,5795.35009765625,3988.789794921875
2026-04-13 09:15:00+00:00,23883.69921875,6817.89990234375,56564.25,25660.849609375,10564.0400390625,23583.1796875,5795.35009765625,3988.789794921875
2026-04-13 09:30:00+00:00,23845.400390625,6817.89990234375,56564.25,25660.849609375,10558.75,23563.3203125,5795.35009765625,3988.789794921875
2026-04-13 09:45:00+00:00,23818.900390625,6817.89990234375,56564.25,25660.849609375,10556.9296875,23561.869140625,5795.35009765625,3988.789794921875
2026-04-13 10:00:00+00:00,23818.900390625,6817.89990234375,56564.25,25660.849609375,10565.4501953125,23587.759765625,5795.35009765625,3988.789794921875
2026-04-13 10:15:00+00:00,23818.900390625,6817.89990234375,56564.25,25660.849609375,10566.1298828125,23572.44921875,5795.35009765625,3988.789794921875
2026-04-13 10:30:00+00:00,23818.900390625,6817.89990234375,56564.25,25660.849609375,10563.3896484375,23564.220703125,5795.35009765625,3988.789794921875
2026-04-13 10:45:00+00:00,23818.900390625,6817.89990234375,56564.25,25660.849609375,10561.3095703125,23567.01953125,5795.35009765625,3988.789794921875
2026-04-13 11:00:00+00:00,23818.900390625,6817.89990234375,56564.25,25660.849609375,10562.1904296875,23569.990234375,5795.35009765625,3988.789794921875
2026-04-13 11:15:00+00:00,23818.900390625,6817.89990234375,56564.25,25660.849609375,10554.1201171875,23542.98046875,5795.35009765625,3988.789794921875
2026-04-13 11:30:00+00:00,23818.900390625,6817.89990234375,56564.25,25660.849609375,10545.0703125,23528.05078125,5795.35009765625,3988.789794921875
2026-04-13 11:45:00+00:00,23818.900390625,6817.89990234375,56564.25,25660.849609375,10536.259765625,23493.2890625,5795.35009765625,3988.789794921875
2026-04-13 12:00:00+00:00,23818.900390625,6817.89990234375,56564.25,25660.849609375,10548.7802734375,23526.5703125,5795.35009765625,3988.789794921875
2026-04-13 12:15:00+00:00,23818.900390625,6817.89990234375,56564.25,25660.849609375,10553.6201171875,23522.310546875,5795.35009765625,3988.789794921875
2026-04-13 12:30:00+00:00,23818.900390625,6817.89990234375,56564.25,25660.849609375,10547.080078125,23512.189453125,5795.35009765625,3988.789794921875
2026-04-13 12:45:00+00:00,23818.900390625,6817.89990234375,56564.25,25660.849609375,10560.1796875,23548.25,5795.35009765625,3988.789794921875
2026-04-13 13:00:00+00:00,23818.900390625,6817.89990234375,56564.25,25660.849609375,10558.3095703125,23563.240234375,5795.35009765625,3988.789794921875
2026-04-13 13:15:00+00:00,23818.900390625,6817.89990234375,56564.25,25660.849609375,10558.6796875,23592.130859375,5795.35009765625,3988.789794921875
2026-04-13 13:30:00+00:00,23818.900390625,6793.0400390625,56564.25,25660.849609375,10555.990234375,23598.859375,5795.35009765625,3988.789794921875
2026-04-13 13:45:00+00:00,23818.900390625,6820.08984375,56564.25,25660.849609375,10586.23046875,23720.5703125,5795.35009765625,3988.789794921875
2026-04-13 14:00:00+00:00,23818.900390625,6814.60986328125,56564.25,25660.849609375,10576.830078125,23708.400390625,5795.35009765625,3988.789794921875
2026-04-13 14:15:00+00:00,23818.900390625,6818.8701171875,56564.25,25660.849609375,10579.6201171875,23724.4609375,5795.35009765625,3988.789794921875
2026-04-13 14:30:00+00:00,23818.900390625,6823.72021484375,56564.25,25660.849609375,10590.900390625,23738.2890625,5795.35009765625,3988.789794921875
2026-04-13 14:45:00+00:00,23818.900390625,6829.2998046875,56564.25,25660.849609375,10582.6796875,23744.419921875,5795.35009765625,3988.789794921875
2026-04-13 15:00:00+00:00,23818.900390625,6824.1201171875,56564.25,25660.849609375,10584.41015625,23745.5703125,5795.35009765625,3988.789794921875
2026-04-13 15:15:00+00:00,23818.900390625,6819.64013671875,56564.25,25660.849609375,10579.91015625,23748.390625,5795.35009765625,3988.789794921875
2026-04-13 15:30:00+00:00,23818.900390625,6819.18994140625,56564.25,25660.849609375,10579.91015625,23748.390625,5795.35009765625,3988.789794921875
2026-04-13 15:45:00+00:00,23818.900390625,6818.669921875,56564.25,25660.849609375,10579.91015625,23748.390625,5795.35009765625,3988.789794921875
2026-04-13 16:00:00+00:00,23818.900390625,6822.8701171875,56564.25,25660.849609375,10579.91015625,23748.390625,5795.35009765625,3988.789794921875
2026-04-13 16:15:00+00:00,23818.900390625,6837.97021484375,56564.25,25660.849609375,10579.91015625,23748.390625,5795.35009765625,3988.789794921875
2026-04-13 16:30:00+00:00,23818.900390625,6839.77978515625,56564.25,25660.849609375,10579.91015625,23748.390625,5795.35009765625,3988.789794921875
2026-04-13 16:45:00+00:00,23818.900390625,6847.06005859375,56564.25,25660.849609375,10579.91015625,23748.390625,5795.35009765625,3988.789794921875
2026-04-13 17:00:00+00:00,23818.900390625,6847.0400390625,56564.25,25660.849609375,10579.91015625,23748.390625,5795.35009765625,3988.789794921875
2026-04-13 17:15:00+00:00,23818.900390625,6848.9599609375,56564.25,25660.849609375,10579.91015625,23748.390625,5795.35009765625,3988.789794921875
2026-04-13 17:30:00+00:00,23818.900390625,6845.3798828125,56564.25,25660.849609375,10579.91015625,23748.390625,5795.35009765625,3988.789794921875
2026-04-13 17:45:00+00:00,23818.900390625,6845.27978515625,56564.25,25660.849609375,10579.91015625,23748.390625,5795.35009765625,3988.789794921875
2026-04-13 18:00:00+00:00,23818.900390625,6849.60009765625,56564.25,25660.849609375,10579.91015625,23748.390625,5795.35009765625,3988.789794921875
2026-04-13 18:15:00+00:00,23818.900390625,6847.35986328125,56564.25,25660.849609375,10579.91015625,23748.390625,5795.35009765625,3988.789794921875
2026-04-13 18:30:00+00:00,23818.900390625,6851.7998046875,56564.25,25660.849609375,10579.91015625,23748.390625,5795.35009765625,3988.789794921875
2026-04-13 18:45:00+00:00,23818.900390625,6856.990234375,56564.25,25660.849609375,10579.91015625,23748.390625,5795.35009765625,3988.789794921875
2026-04-13 19:00:00+00:00,23818.900390625,6855.740234375,56564.25,25660.849609375,10579.91015625,23748.390625,5795.35009765625,3988.789794921875
2026-04-13 19:15:00+00:00,23818.900390625,6862.0,56564.25,25660.849609375,10579.91015625,23748.390625,5795.35009765625,3988.789794921875
2026-04-13 19:30:00+00:00,23818.900390625,6865.3798828125,56564.25,25660.849609375,10579.91015625,23748.390625,5795.35009765625,3988.789794921875
2026-04-13 19:45:00+00:00,23818.900390625,6885.91015625,56564.25,25660.849609375,10579.91015625,23748.390625,5795.35009765625,3988.789794921875
2026-04-14 00:00:00+00:00,23818.900390625,6885.91015625,57590.3984375,25660.849609375,10579.91015625,23748.390625,5954.2998046875,3988.789794921875
2026-04-14 00:15:00+00:00,23818.900390625,6885.91015625,57807.55859375,25660.849609375,10579.91015625,23748.390625,5970.580078125,3988.789794921875
2026-04-14 00:30:00+00:00,23818.900390625,6885.91015625,57871.3203125,25660.849609375,10579.91015625,23748.390625,5988.0498046875,3988.789794921875
2026-04-14 00:45:00+00:00,23818.900390625,6885.91015625,57859.0703125,25660.849609375,10579.91015625,23748.390625,5986.93994140625,3988.789794921875
2026-04-14 01:00:00+00:00,23818.900390625,6885.91015625,57938.21875,25660.849609375,10579.91015625,23748.390625,5996.0400390625,3988.789794921875
2026-04-14 01:15:00+00:00,23818.900390625,6885.91015625,57786.16015625,25660.849609375,10579.91015625,23748.390625,5994.16015625,3988.789794921875
2026-04-14 01:30:00+00:00,23818.900390625,6885.91015625,57900.12109375,25925.080078125,10579.91015625,23748.390625,5998.8798828125,4000.646240234375
2026-04-14 01:45:00+00:00,23818.900390625,6885.91015625,57898.51171875,25880.310546875,10579.91015625,23748.390625,5981.990234375,4005.506591796875
2026-04-14 02:00:00+00:00,23818.900390625,6885.91015625,57934.48046875,25902.720703125,10579.91015625,23748.390625,5994.22998046875,4008.634765625
2026-04-14 02:15:00+00:00,23818.900390625,6885.91015625,57857.1796875,25879.0390625,10579.91015625,23748.390625,6003.60009765625,4009.5966796875
2026-04-14 02:30:00+00:00,23818.900390625,6885.91015625,57849.01953125,25809.599609375,10579.91015625,23748.390625,6001.7099609375,4008.37255859375
2026-04-14 02:45:00+00:00,23818.900390625,6885.91015625,57849.01953125,25791.779296875,10579.91015625,23748.390625,6000.58984375,4004.0869140625
2026-04-14 03:00:00+00:00,23818.900390625,6885.91015625,57849.01953125,25782.01953125,10579.91015625,23748.390625,6007.83984375,4004.604736328125
2026-04-14 03:15:00+00:00,23818.900390625,6885.91015625,57849.01953125,25766.580078125,10579.91015625,23748.390625,6005.93017578125,4011.18701171875
2026-04-14 03:30:00+00:00,23818.900390625,6885.91015625,57810.62109375,25763.0703125,10579.91015625,23748.390625,6006.56982421875,4010.447509765625
2026-04-14 03:45:00+00:00,23818.900390625,6885.91015625,57857.48828125,25770.08984375,10579.91015625,23748.390625,6007.2998046875,4010.447509765625
2026-04-14 04:00:00+00:00,23818.900390625,6885.91015625,57885.609375,25770.400390625,10579.91015625,23748.390625,6014.330078125,4010.447509765625
2026-04-14 04:15:00+00:00,23818.900390625,6885.91015625,57908.94921875,25770.400390625,10579.91015625,23748.390625,6023.10986328125,4010.447509765625
2026-04-14 04:30:00+00:00,23818.900390625,6885.91015625,57759.69921875,25770.400390625,10579.91015625,23748.390625,6015.56982421875,4010.447509765625
2026-04-14 04:45:00+00:00,23818.900390625,6885.91015625,57799.421875,25770.400390625,10579.91015625,23748.390625,6006.8798828125,4010.447509765625
2026-04-14 05:00:00+00:00,23818.900390625,6885.91015625,57854.328125,25731.41015625,10579.91015625,23748.390625,6004.4501953125,4006.397705078125
2026-04-14 05:15:00+00:00,23818.900390625,6885.91015625,57857.1015625,25686.5,10579.91015625,23748.390625,5992.60986328125,3999.068115234375
2026-04-14 05:30:00+00:00,23818.900390625,6885.91015625,57815.609375,25708.5390625,10579.91015625,23748.390625,5984.60009765625,3999.10302734375
2026-04-14 05:45:00+00:00,23818.900390625,6885.91015625,57796.03125,25737.2109375,10579.91015625,23748.390625,5976.56005859375,3999.342529296875
2026-04-14 06:00:00+00:00,23818.900390625,6885.91015625,57838.12890625,25776.58984375,10579.91015625,23748.390625,5976.56005859375,4004.455078125
2026-04-14 06:15:00+00:00,23818.900390625,6885.91015625,57785.87109375,25792.630859375,10579.91015625,23748.390625,5976.56005859375,4005.71826171875
2026-04-14 06:30:00+00:00,23818.900390625,6885.91015625,57785.87109375,25842.91015625,10579.91015625,23748.390625,5976.56005859375,4018.826904296875
2026-04-14 06:45:00+00:00,23818.900390625,6885.91015625,57785.87109375,25867.66015625,10579.91015625,23748.390625,5976.56005859375,4026.314453125
2026-04-14 07:00:00+00:00,23818.900390625,6885.91015625,57785.87109375,25902.900390625,10608.509765625,23991.73046875,5976.56005859375,4026.314453125
2026-04-14 07:15:00+00:00,23818.900390625,6885.91015625,57785.87109375,25887.439453125,10611.419921875,23995.9296875,5976.56005859375,4026.314453125
2026-04-14 07:30:00+00:00,23818.900390625,6885.91015625,57785.87109375,25862.69921875,10613.7099609375,23991.33984375,5976.56005859375,4026.314453125
2026-04-14 07:45:00+00:00,23818.900390625,6885.91015625,57785.87109375,25881.880859375,10621.4697265625,23997.19921875,5976.56005859375,4026.314453125
2026-04-14 08:00:00+00:00,23818.900390625,6885.91015625,57785.87109375,25872.3203125,10618.099609375,23997.2890625,5976.56005859375,4026.314453125
2026-04-14 08:15:00+00:00,23818.900390625,6885.91015625,57785.87109375,25872.3203125,10618.599609375,23996.900390625,5976.56005859375,4026.314453125
2026-04-14 08:30:00+00:00,23818.900390625,6885.91015625,57785.87109375,25872.3203125,10609.9697265625,23992.619140625,5976.56005859375,4026.314453125
2026-04-14 08:45:00+00:00,23818.900390625,6885.91015625,57785.87109375,25872.3203125,10608.01953125,24033.529296875,5976.56005859375,4026.314453125
2026-04-14 09:00:00+00:00,23818.900390625,6885.91015625,57785.87109375,25872.3203125,10600.349609375,24023.240234375,5976.56005859375,4026.314453125
2026-04-14 09:15:00+00:00,23818.900390625,6885.91015625,57785.87109375,25872.3203125,10601.4697265625,23987.109375,5976.56005859375,4026.314453125
2026-04-14 09:30:00+00:00,23818.900390625,6885.91015625,57785.87109375,25872.3203125,10590.23046875,23965.640625,5976.56005859375,4026.314453125
2026-04-14 09:45:00+00:00,23818.900390625,6885.91015625,57785.87109375,25872.3203125,10597.830078125,23971.859375,5976.56005859375,4026.314453125
2026-04-14 10:00:00+00:00,23818.900390625,6885.91015625,57785.87109375,25872.3203125,10590.900390625,23965.029296875,5976.56005859375,4026.314453125
2026-04-14 10:15:00+00:00,23818.900390625,6885.91015625,57785.87109375,25872.3203125,10589.1904296875,23972.76953125,5976.56005859375,4026.314453125
2026-04-14 10:30:00+00:00,23818.900390625,6885.91015625,57785.87109375,25872.3203125,10574.6103515625,23940.33984375,5976.56005859375,4026.314453125
2026-04-14 10:45:00+00:00,23818.900390625,6885.91015625,57785.87109375,25872.3203125,10573.7802734375,23954.490234375,5976.56005859375,4026.314453125
2026-04-14 11:00:00+00:00,23818.900390625,6885.91015625,57785.87109375,25872.3203125,10575.7802734375,23950.619140625,5976.56005859375,4026.314453125
2026-04-14 11:15:00+00:00,23818.900390625,6885.91015625,57785.87109375,25872.3203125,10587.4296875,23984.529296875,5976.56005859375,4026.314453125
2026-04-14 11:30:00+00:00,23818.900390625,6885.91015625,57785.87109375,25872.3203125,10589.8798828125,23972.91015625,5976.56005859375,4026.314453125
2026-04-14 11:45:00+00:00,23818.900390625,6885.91015625,57785.87109375,25872.3203125,10593.2998046875,24010.44921875,5976.56005859375,4026.314453125
2026-04-14 12:00:00+00:00,23818.900390625,6885.91015625,57785.87109375,25872.3203125,10590.759765625,23997.630859375,5976.56005859375,4026.314453125
2026-04-14 12:15:00+00:00,23818.900390625,6885.91015625,57785.87109375,25872.3203125,10601.25,24029.19921875,5976.56005859375,4026.314453125
2026-04-14 12:30:00+00:00,23818.900390625,6885.91015625,57785.87109375,25872.3203125,10594.5595703125,24025.51953125,5976.56005859375,4026.314453125
2026-04-14 12:45:00+00:00,23818.900390625,6885.91015625,57785.87109375,25872.3203125,10593.8701171875,24022.349609375,5976.56005859375,4026.314453125
2026-04-14 13:00:00+00:00,23818.900390625,6885.91015625,57785.87109375,25872.3203125,10600.330078125,24036.939453125,5976.56005859375,4026.314453125
2026-04-14 13:15:00+00:00,23818.900390625,6885.91015625,57785.87109375,25872.3203125,10594.3603515625,24037.9296875,5976.56005859375,4026.314453125
2026-04-14 13:30:00+00:00,23818.900390625,6923.330078125,57785.87109375,25872.3203125,10598.849609375,24047.349609375,5976.56005859375,4026.314453125
2026-04-14 13:45:00+00:00,23818.900390625,6919.25,57785.87109375,25872.3203125,10603.0400390625,24048.189453125,5976.56005859375,4026.314453125
2026-04-14 14:00:00+00:00,23818.900390625,6933.240234375,57785.87109375,25872.3203125,10606.1298828125,24085.580078125,5976.56005859375,4026.314453125
2026-04-14 14:15:00+00:00,23818.900390625,6934.18994140625,57785.87109375,25872.3203125,10587.919921875,24052.169921875,5976.56005859375,4026.314453125
2026-04-14 14:30:00+00:00,23818.900390625,6932.68017578125,57785.87109375,25872.3203125,10591.5498046875,24057.390625,5976.56005859375,4026.314453125
2026-04-14 14:45:00+00:00,23818.900390625,6940.22998046875,57785.87109375,25872.3203125,10588.490234375,24055.119140625,5976.56005859375,4026.314453125
2026-04-14 15:00:00+00:00,23818.900390625,6934.02978515625,57785.87109375,25872.3203125,10590.830078125,24005.490234375,5976.56005859375,4026.314453125
2026-04-14 15:15:00+00:00,23818.900390625,6946.4599609375,57785.87109375,25872.3203125,10600.7900390625,24035.419921875,5976.56005859375,4026.314453125
2026-04-14 15:30:00+00:00,23818.900390625,6952.6201171875,57785.87109375,25872.3203125,10600.7900390625,24035.419921875,5976.56005859375,4026.314453125
2026-04-14 15:45:00+00:00,23818.900390625,6952.9501953125,57785.87109375,25872.3203125,10600.7900390625,24035.419921875,5976.56005859375,4026.314453125
2026-04-14 16:00:00+00:00,23818.900390625,6954.580078125,57785.87109375,25872.3203125,10600.7900390625,24035.419921875,5976.56005859375,4026.314453125
2026-04-14 16:15:00+00:00,23818.900390625,6960.2998046875,57785.87109375,25872.3203125,10600.7900390625,24035.419921875,5976.56005859375,4026.314453125
2026-04-14 16:30:00+00:00,23818.900390625,6959.240234375,57785.87109375,25872.3203125,10600.7900390625,24035.419921875,5976.56005859375,4026.314453125
2026-04-14 16:45:00+00:00,23818.900390625,6953.6201171875,57785.87109375,25872.3203125,10600.7900390625,24035.419921875,5976.56005859375,4026.314453125
2026-04-14 17:00:00+00:00,23818.900390625,6957.14990234375,57785.87109375,25872.3203125,10600.7900390625,24035.419921875,5976.56005859375,4026.314453125
2026-04-14 17:15:00+00:00,23818.900390625,6961.47998046875,57785.87109375,25872.3203125,10600.7900390625,24035.419921875,5976.56005859375,4026.314453125
2026-04-14 17:30:00+00:00,23818.900390625,6964.759765625,57785.87109375,25872.3203125,10600.7900390625,24035.419921875,5976.56005859375,4026.314453125
2026-04-14 17:45:00+00:00,23818.900390625,6961.5,57785.87109375,25872.3203125,10600.7900390625,24035.419921875,5976.56005859375,4026.314453125
2026-04-14 18:00:00+00:00,23818.900390625,6959.89013671875,57785.87109375,25872.3203125,10600.7900390625,24035.419921875,5976.56005859375,4026.314453125
2026-04-14 18:15:00+00:00,23818.900390625,6949.93994140625,57785.87109375,25872.3203125,10600.7900390625,24035.419921875,5976.56005859375,4026.314453125
2026-04-14 18:30:00+00:00,23818.900390625,6949.8798828125,57785.87109375,25872.3203125,10600.7900390625,24035.419921875,5976.56005859375,4026.314453125
2026-04-14 18:45:00+00:00,23818.900390625,6951.56005859375,57785.87109375,25872.3203125,10600.7900390625,24035.419921875,5976.56005859375,4026.314453125
2026-04-14 19:00:00+00:00,23818.900390625,6959.4501953125,57785.87109375,25872.3203125,10600.7900390625,24035.419921875,5976.56005859375,4026.314453125
2026-04-14 19:15:00+00:00,23818.900390625,6966.66015625,57785.87109375,25872.3203125,10600.7900390625,24035.419921875,5976.56005859375,4026.314453125
2026-04-14 19:30:00+00:00,23818.900390625,6964.27978515625,57785.87109375,25872.3203125,10600.7900390625,24035.419921875,5976.56005859375,4026.314453125
2026-04-14 19:45:00+00:00,23818.900390625,6966.77978515625,57785.87109375,25872.3203125,10600.7900390625,24035.419921875,5976.56005859375,4026.314453125
2026-04-15 00:00:00+00:00,23818.900390625,6966.77978515625,58498.23046875,25872.3203125,10600.7900390625,24035.419921875,6137.490234375,4026.314453125
2026-04-15 00:15:00+00:00,23818.900390625,6966.77978515625,58509.390625,25872.3203125,10600.7900390625,24035.419921875,6172.3798828125,4026.314453125
2026-04-15 00:30:00+00:00,23818.900390625,6966.77978515625,58422.30859375,25872.3203125,10600.7900390625,24035.419921875,6150.8701171875,4026.314453125
2026-04-15 00:45:00+00:00,23818.900390625,6966.77978515625,58542.33984375,25872.3203125,10600.7900390625,24035.419921875,6148.83984375,4026.314453125
2026-04-15 01:00:00+00:00,23818.900390625,6966.77978515625,58517.30859375,25872.3203125,10600.7900390625,24035.419921875,6177.81982421875,4026.314453125
2026-04-15 01:15:00+00:00,23818.900390625,6966.77978515625,58422.30859375,25872.3203125,10600.7900390625,24035.419921875,6145.7001953125,4026.314453125
2026-04-15 01:30:00+00:00,23818.900390625,6966.77978515625,58316.83984375,26116.740234375,10600.7900390625,24035.419921875,6143.93994140625,4042.042236328125
2026-04-15 01:45:00+00:00,23818.900390625,6966.77978515625,58307.98046875,26211.509765625,10600.7900390625,24035.419921875,6147.6201171875,4047.000732421875
2026-04-15 02:00:00+00:00,23818.900390625,6966.77978515625,58179.30078125,26180.73046875,10600.7900390625,24035.419921875,6138.02001953125,4043.148681640625
2026-04-15 02:15:00+00:00,23818.900390625,6966.77978515625,58169.8203125,26117.80078125,10600.7900390625,24035.419921875,6143.68994140625,4043.297607421875
2026-04-15 02:30:00+00:00,23818.900390625,6966.77978515625,58162.83984375,26116.419921875,10600.7900390625,24035.419921875,6143.97021484375,4042.747802734375
2026-04-15 02:45:00+00:00,23818.900390625,6966.77978515625,58162.83984375,26081.41015625,10600.7900390625,24035.419921875,6148.33984375,4037.384521484375
2026-04-15 03:00:00+00:00,23818.900390625,6966.77978515625,58162.83984375,26069.08984375,10600.7900390625,24035.419921875,6149.10009765625,4035.952392578125
2026-04-15 03:15:00+00:00,23818.900390625,6966.77978515625,58162.83984375,26119.009765625,10600.7900390625,24035.419921875,6140.9501953125,4041.8232421875
2026-04-15 03:30:00+00:00,23818.900390625,6966.77978515625,58416.16015625,26074.76953125,10600.7900390625,24035.419921875,6139.89990234375,4041.452880859375
2026-04-15 03:45:00+00:00,24192.44921875,6966.77978515625,58406.609375,26069.33984375,10600.7900390625,24035.419921875,6147.2998046875,4041.452880859375
2026-04-15 04:00:00+00:00,24207.349609375,6966.77978515625,58374.23828125,26069.509765625,10600.7900390625,24035.419921875,6145.93994140625,4041.452880859375
2026-04-15 04:15:00+00:00,24216.0,6966.77978515625,58358.75,26069.509765625,10600.7900390625,24035.419921875,6150.16015625,4041.452880859375
2026-04-15 04:30:00+00:00,24241.650390625,6966.77978515625,58399.9609375,26069.509765625,10600.7900390625,24035.419921875,6139.22021484375,4041.452880859375
2026-04-15 04:45:00+00:00,24260.099609375,6966.77978515625,58399.2890625,26069.509765625,10600.7900390625,24035.419921875,6141.7099609375,4041.452880859375
2026-04-15 05:00:00+00:00,24243.099609375,6966.77978515625,58396.26171875,26026.25,10600.7900390625,24035.419921875,6151.75,4038.595458984375
2026-04-15 05:15:00+00:00,24216.099609375,6966.77978515625,58168.140625,25997.2890625,10600.7900390625,24035.419921875,6125.2900390625,4034.07666015625
2026-04-15 05:30:00+00:00,24184.25,6966.77978515625,58086.8984375,25985.109375,10600.7900390625,24035.419921875,6090.47021484375,4035.529541015625
2026-04-15 05:45:00+00:00,24188.05078125,6966.77978515625,58172.87890625,25999.470703125,10600.7900390625,24035.419921875,6103.68994140625,4036.618408203125
2026-04-15 06:00:00+00:00,24210.349609375,6966.77978515625,58172.03125,25996.2109375,10600.7900390625,24035.419921875,6103.68994140625,4030.340576171875
2026-04-15 06:15:00+00:00,24217.099609375,6966.77978515625,58107.80078125,25976.779296875,10600.7900390625,24035.419921875,6103.68994140625,4030.2998046875
2026-04-15 06:30:00+00:00,24226.849609375,6966.77978515625,58107.80078125,25973.220703125,10600.7900390625,24035.419921875,6103.68994140625,4022.635009765625
2026-04-15 06:45:00+00:00,24219.75,6966.77978515625,58107.80078125,25998.75,10600.7900390625,24035.419921875,6103.68994140625,4028.4873046875
2026-04-15 07:00:00+00:00,24228.05078125,6966.77978515625,58107.80078125,26043.55078125,10628.6904296875,24069.609375,6103.68994140625,4028.4873046875
2026-04-15 07:15:00+00:00,24207.849609375,6966.77978515625,58107.80078125,26024.69921875,10622.4296875,24049.400390625,6103.68994140625,4028.4873046875
2026-04-15 07:30:00+00:00,24220.55078125,6966.77978515625,58107.80078125,25973.439453125,10616.2001953125,24056.51953125,6103.68994140625,4028.4873046875
2026-04-15 07:45:00+00:00,24196.94921875,6966.77978515625,58107.80078125,25968.259765625,10610.0703125,24050.919921875,6103.68994140625,4028.4873046875
2026-04-15 08:00:00+00:00,24215.75,6966.77978515625,58107.80078125,25947.3203125,10607.9404296875,24039.0,6103.68994140625,4028.4873046875
2026-04-15 08:15:00+00:00,24221.25,6966.77978515625,58107.80078125,25947.3203125,10613.7802734375,24066.98046875,6103.68994140625,4028.4873046875
2026-04-15 08:30:00+00:00,24226.599609375,6966.77978515625,58107.80078125,25947.3203125,10613.33984375,24087.650390625,6103.68994140625,4028.4873046875
2026-04-15 08:45:00+00:00,24233.349609375,6966.77978515625,58107.80078125,25947.3203125,10614.7802734375,24092.470703125,6103.68994140625,4028.4873046875
2026-04-15 09:00:00+00:00,24233.150390625,6966.77978515625,58107.80078125,25947.3203125,10614.6396484375,24058.490234375,6103.68994140625,4028.4873046875
2026-04-15 09:15:00+00:00,24261.25,6966.77978515625,58107.80078125,25947.3203125,10605.7099609375,24035.509765625,6103.68994140625,4028.4873046875
2026-04-15 09:30:00+00:00,24227.849609375,6966.77978515625,58107.80078125,25947.3203125,10610.0498046875,24056.0,6103.68994140625,4028.4873046875
2026-04-15 09:45:00+00:00,24211.900390625,6966.77978515625,58107.80078125,25947.3203125,10609.4697265625,24049.619140625,6103.68994140625,4028.4873046875
2026-04-15 10:00:00+00:00,24211.900390625,6966.77978515625,58107.80078125,25947.3203125,10615.58984375,24066.5703125,6103.68994140625,4028.4873046875
2026-04-15 10:15:00+00:00,24211.900390625,6966.77978515625,58107.80078125,25947.3203125,10604.91015625,24002.630859375,6103.68994140625,4028.4873046875
2026-04-15 10:30:00+00:00,24211.900390625,6966.77978515625,58107.80078125,25947.3203125,10619.4599609375,24046.7890625,6103.68994140625,4028.4873046875
2026-04-15 10:45:00+00:00,24211.900390625,6966.77978515625,58107.80078125,25947.3203125,10617.759765625,24035.25,6103.68994140625,4028.4873046875
2026-04-15 11:00:00+00:00,24211.900390625,6966.77978515625,58107.80078125,25947.3203125,10616.1396484375,24050.0,6103.68994140625,4028.4873046875
2026-04-15 11:15:00+00:00,24211.900390625,6966.77978515625,58107.80078125,25947.3203125,10616.01953125,24042.640625,6103.68994140625,4028.4873046875
2026-04-15 11:30:00+00:00,24211.900390625,6966.77978515625,58107.80078125,25947.3203125,10621.240234375,24059.740234375,6103.68994140625,4028.4873046875
2026-04-15 11:45:00+00:00,24211.900390625,6966.77978515625,58107.80078125,25947.3203125,10628.5595703125,24070.619140625,6103.68994140625,4028.4873046875
2026-04-15 12:00:00+00:00,24211.900390625,6966.77978515625,58107.80078125,25947.3203125,10620.9296875,24062.5390625,6103.68994140625,4028.4873046875
2026-04-15 12:15:00+00:00,24211.900390625,6966.77978515625,58107.80078125,25947.3203125,10613.9501953125,24059.240234375,6103.68994140625,4028.4873046875
2026-04-15 12:30:00+00:00,24211.900390625,6966.77978515625,58107.80078125,25947.3203125,10614.26953125,24061.5390625,6103.68994140625,4028.4873046875
2026-04-15 12:45:00+00:00,24211.900390625,6966.77978515625,58107.80078125,25947.3203125,10612.66015625,24059.75,6103.68994140625,4028.4873046875
2026-04-15 13:00:00+00:00,24211.900390625,6966.77978515625,58107.80078125,25947.3203125,10607.76953125,24058.33984375,6103.68994140625,4028.4873046875
2026-04-15 13:15:00+00:00,24211.900390625,6966.77978515625,58107.80078125,25947.3203125,10612.6796875,24084.880859375,6103.68994140625,4028.4873046875
2026-04-15 13:30:00+00:00,24211.900390625,6967.1298828125,58107.80078125,25947.3203125,10595.2099609375,24069.16015625,6103.68994140625,4028.4873046875
2026-04-15 13:45:00+00:00,24211.900390625,6980.77001953125,58107.80078125,25947.3203125,10602.66015625,24099.5703125,6103.68994140625,4028.4873046875
2026-04-15 14:00:00+00:00,24211.900390625,6983.1298828125,58107.80078125,25947.3203125,10589.8798828125,24095.599609375,6103.68994140625,4028.4873046875
2026-04-15 14:15:00+00:00,24211.900390625,6992.7900390625,58107.80078125,25947.3203125,10589.9697265625,24113.349609375,6103.68994140625,4028.4873046875
2026-04-15 14:30:00+00:00,24211.900390625,6991.35986328125,58107.80078125,25947.3203125,10578.830078125,24075.099609375,6103.68994140625,4028.4873046875
2026-04-15 14:45:00+00:00,24211.900390625,6991.72021484375,58107.80078125,25947.3203125,10579.73046875,24090.4609375,6103.68994140625,4028.4873046875
2026-04-15 15:00:00+00:00,24211.900390625,6996.72021484375,58107.80078125,25947.3203125,10572.83984375,24087.19921875,6103.68994140625,4028.4873046875
2026-04-15 15:15:00+00:00,24211.900390625,6998.1201171875,58107.80078125,25947.3203125,10572.3798828125,24087.529296875,6103.68994140625,4028.4873046875
2026-04-15 15:30:00+00:00,24211.900390625,6998.419921875,58107.80078125,25947.3203125,10572.3798828125,24087.529296875,6103.68994140625,4028.4873046875
2026-04-15 15:45:00+00:00,24211.900390625,6994.9599609375,58107.80078125,25947.3203125,10572.3798828125,24087.529296875,6103.68994140625,4028.4873046875
2026-04-15 16:00:00+00:00,24211.900390625,6997.91015625,58107.80078125,25947.3203125,10572.3798828125,24087.529296875,6103.68994140625,4028.4873046875
2026-04-15 16:15:00+00:00,24211.900390625,6997.31005859375,58107.80078125,25947.3203125,10572.3798828125,24087.529296875,6103.68994140625,4028.4873046875
2026-04-15 16:30:00+00:00,24211.900390625,6986.580078125,58107.80078125,25947.3203125,10572.3798828125,24087.529296875,6103.68994140625,4028.4873046875
2026-04-15 16:45:00+00:00,24211.900390625,6988.830078125,58107.80078125,25947.3203125,10572.3798828125,24087.529296875,6103.68994140625,4028.4873046875
2026-04-15 17:00:00+00:00,24211.900390625,6995.3701171875,58107.80078125,25947.3203125,10572.3798828125,24087.529296875,6103.68994140625,4028.4873046875
2026-04-15 17:15:00+00:00,24211.900390625,6998.16015625,58107.80078125,25947.3203125,10572.3798828125,24087.529296875,6103.68994140625,4028.4873046875
2026-04-15 17:30:00+00:00,24211.900390625,6997.89013671875,58107.80078125,25947.3203125,10572.3798828125,24087.529296875,6103.68994140625,4028.4873046875
2026-04-15 17:45:00+00:00,24211.900390625,6998.22021484375,58107.80078125,25947.3203125,10572.3798828125,24087.529296875,6103.68994140625,4028.4873046875
2026-04-15 18:00:00+00:00,24211.900390625,7007.3798828125,58107.80078125,25947.3203125,10572.3798828125,24087.529296875,6103.68994140625,4028.4873046875
2026-04-15 18:15:00+00:00,24211.900390625,7008.509765625,58107.80078125,25947.3203125,10572.3798828125,24087.529296875,6103.68994140625,4028.4873046875
2026-04-15 18:30:00+00:00,24211.900390625,7012.43017578125,58107.80078125,25947.3203125,10572.3798828125,24087.529296875,6103.68994140625,4028.4873046875
2026-04-15 18:45:00+00:00,24211.900390625,7020.39013671875,58107.80078125,25947.3203125,10572.3798828125,24087.529296875,6103.68994140625,4028.4873046875
2026-04-15 19:00:00+00:00,24211.900390625,7018.68994140625,58107.80078125,25947.3203125,10572.3798828125,24087.529296875,6103.68994140625,4028.4873046875
2026-04-15 19:15:00+00:00,24211.900390625,7024.2099609375,58107.80078125,25947.3203125,10572.3798828125,24087.529296875,6103.68994140625,4028.4873046875
2026-04-15 19:30:00+00:00,24211.900390625,7018.7900390625,58107.80078125,25947.3203125,10572.3798828125,24087.529296875,6103.68994140625,4028.4873046875
2026-04-15 19:45:00+00:00,24211.900390625,7022.10009765625,58107.80078125,25947.3203125,10572.3798828125,24087.529296875,6103.68994140625,4028.4873046875
2026-04-16 00:00:00+00:00,24211.900390625,7022.10009765625,58913.1015625,25947.3203125,10572.3798828125,24087.529296875,6143.169921875,4028.4873046875
2026-04-16 00:15:00+00:00,24211.900390625,7022.10009765625,58820.87890625,25947.3203125,10572.3798828125,24087.529296875,6139.35009765625,4028.4873046875
2026-04-16 00:30:00+00:00,24211.900390625,7022.10009765625,58924.171875,25947.3203125,10572.3798828125,24087.529296875,6175.1201171875,4028.4873046875
2026-04-16 00:45:00+00:00,24211.900390625,7022.10009765625,59005.66015625,25947.3203125,10572.3798828125,24087.529296875,6194.47998046875,4028.4873046875
2026-04-16 01:00:00+00:00,24211.900390625,7022.10009765625,59039.75,25947.3203125,10572.3798828125,24087.529296875,6190.47021484375,4028.4873046875
2026-04-16 01:15:00+00:00,24211.900390625,7022.10009765625,59047.2109375,25947.3203125,10572.3798828125,24087.529296875,6207.33984375,4028.4873046875
2026-04-16 01:30:00+00:00,24211.900390625,7022.10009765625,59186.578125,26201.990234375,10572.3798828125,24087.529296875,6201.919921875,4040.341064453125
2026-04-16 01:45:00+00:00,24211.900390625,7022.10009765625,59209.33984375,26140.470703125,10572.3798828125,24087.529296875,6212.97021484375,4038.17919921875
2026-04-16 02:00:00+00:00,24211.900390625,7022.10009765625,59470.8203125,26136.849609375,10572.3798828125,24087.529296875,6225.22021484375,4045.383056640625
2026-04-16 02:15:00+00:00,24211.900390625,7022.10009765625,59545.23046875,26196.58984375,10572.3798828125,24087.529296875,6217.740234375,4045.66259765625
2026-04-16 02:30:00+00:00,24211.900390625,7022.10009765625,59549.58984375,26216.140625,10572.3798828125,24087.529296875,6215.0,4043.82861328125
2026-04-16 02:45:00+00:00,24211.900390625,7022.10009765625,59549.58984375,26239.7109375,10572.3798828125,24087.529296875,6212.9501953125,4045.315185546875
2026-04-16 03:00:00+00:00,24211.900390625,7022.10009765625,59549.58984375,26256.98046875,10572.3798828125,24087.529296875,6211.669921875,4048.347900390625
2026-04-16 03:15:00+00:00,24211.900390625,7022.10009765625,59549.58984375,26292.150390625,10572.3798828125,24087.529296875,6198.81982421875,4048.40283203125
2026-04-16 03:30:00+00:00,24211.900390625,7022.10009765625,59408.98046875,26298.369140625,10572.3798828125,24087.529296875,6209.1298828125,4048.644287109375
2026-04-16 03:45:00+00:00,24385.849609375,7022.10009765625,59451.62890625,26307.7890625,10572.3798828125,24087.529296875,6204.669921875,4048.644287109375
2026-04-16 04:00:00+00:00,24301.94921875,7022.10009765625,59370.8203125,26306.55078125,10572.3798828125,24087.529296875,6197.39990234375,4048.644287109375
2026-04-16 04:15:00+00:00,24271.55078125,7022.10009765625,59331.7890625,26306.55078125,10572.3798828125,24087.529296875,6190.72021484375,4048.644287109375
2026-04-16 04:30:00+00:00,24307.599609375,7022.10009765625,59324.2890625,26306.55078125,10572.3798828125,24087.529296875,6194.93017578125,4048.644287109375
2026-04-16 04:45:00+00:00,24300.75,7022.10009765625,59402.05859375,26306.55078125,10572.3798828125,24087.529296875,6187.759765625,4048.644287109375
2026-04-16 05:00:00+00:00,24307.650390625,7022.10009765625,59434.390625,26272.1796875,10572.3798828125,24087.529296875,6191.68994140625,4037.986328125
2026-04-16 05:15:00+00:00,24309.55078125,7022.10009765625,59538.28125,26330.400390625,10572.3798828125,24087.529296875,6206.7900390625,4042.151611328125
2026-04-16 05:30:00+00:00,24313.900390625,7022.10009765625,59595.28125,26296.25,10572.3798828125,24087.529296875,6208.4501953125,4038.9169921875
2026-04-16 05:45:00+00:00,24299.150390625,7022.10009765625,59538.12109375,26339.599609375,10572.3798828125,24087.529296875,6207.2099609375,4046.994384765625
2026-04-16 06:00:00+00:00,24254.69921875,7022.10009765625,59655.66015625,26342.869140625,10572.3798828125,24087.529296875,6207.2099609375,4051.95458984375
2026-04-16 06:15:00+00:00,24197.19921875,7022.10009765625,59667.890625,26353.4296875,10572.3798828125,24087.529296875,6207.2099609375,4051.71533203125
2026-04-16 06:30:00+00:00,24184.80078125,7022.10009765625,59667.890625,26377.240234375,10572.3798828125,24087.529296875,6207.2099609375,4056.763427734375
2026-04-16 06:45:00+00:00,24162.94921875,7022.10009765625,59667.890625,26362.41015625,10572.3798828125,24087.529296875,6207.2099609375,4057.015380859375
2026-04-16 07:00:00+00:00,24139.05078125,7022.10009765625,59667.890625,26338.849609375,10577.1904296875,24076.119140625,6207.2099609375,4057.015380859375
2026-04-16 07:15:00+00:00,24144.55078125,7022.10009765625,59667.890625,26366.1796875,10589.01953125,24103.169921875,6207.2099609375,4057.015380859375
2026-04-16 07:30:00+00:00,24122.30078125,7022.10009765625,59667.890625,26393.9609375,10587.509765625,24109.0703125,6207.2099609375,4057.015380859375
2026-04-16 07:45:00+00:00,24116.05078125,7022.10009765625,59667.890625,26398.330078125,10587.2900390625,24105.91015625,6207.2099609375,4057.015380859375
2026-04-16 08:00:00+00:00,24137.75,7022.10009765625,59667.890625,26394.259765625,10577.099609375,24071.19921875,6207.2099609375,4057.015380859375
2026-04-16 08:15:00+00:00,24183.19921875,7022.10009765625,59667.890625,26394.259765625,10579.2099609375,24075.1796875,6207.2099609375,4057.015380859375
2026-04-16 08:30:00+00:00,24166.69921875,7022.10009765625,59667.890625,26394.259765625,10574.5,24098.19921875,6207.2099609375,4057.015380859375
2026-04-16 08:45:00+00:00,24186.599609375,7022.10009765625,59667.890625,26394.259765625,10572.4296875,24120.2890625,6207.2099609375,4057.015380859375
2026-04-16 09:00:00+00:00,24219.650390625,7022.10009765625,59667.890625,26394.259765625,10575.2802734375,24136.19921875,6207.2099609375,4057.015380859375
2026-04-16 09:15:00+00:00,24230.05078125,7022.10009765625,59667.890625,26394.259765625,10581.2001953125,24143.599609375,6207.2099609375,4057.015380859375
2026-04-16 09:30:00+00:00,24183.900390625,7022.10009765625,59667.890625,26394.259765625,10589.3798828125,24147.4609375,6207.2099609375,4057.015380859375
2026-04-16 09:45:00+00:00,24188.400390625,7022.10009765625,59667.890625,26394.259765625,10600.009765625,24149.869140625,6207.2099609375,4057.015380859375
2026-04-16 10:00:00+00:00,24188.400390625,7022.10009765625,59667.890625,26394.259765625,10606.91015625,24178.41015625,6207.2099609375,4057.015380859375
2026-04-16 10:15:00+00:00,24188.400390625,7022.10009765625,59667.890625,26394.259765625,10610.349609375,24188.400390625,6207.2099609375,4057.015380859375
2026-04-16 10:30:00+00:00,24188.400390625,7022.10009765625,59667.890625,26394.259765625,10613.23046875,24189.7109375,6207.2099609375,4057.015380859375
2026-04-16 10:45:00+00:00,24188.400390625,7022.10009765625,59667.890625,26394.259765625,10617.849609375,24195.890625,6207.2099609375,4057.015380859375
2026-04-16 11:00:00+00:00,24188.400390625,7022.10009765625,59667.890625,26394.259765625,10620.6796875,24202.060546875,6207.2099609375,4057.015380859375
2026-04-16 11:15:00+00:00,24188.400390625,7022.10009765625,59667.890625,26394.259765625,10626.0703125,24194.51953125,6207.2099609375,4057.015380859375
2026-04-16 11:30:00+00:00,24188.400390625,7022.10009765625,59667.890625,26394.259765625,10634.599609375,24213.05078125,6207.2099609375,4057.015380859375
2026-04-16 11:45:00+00:00,24188.400390625,7022.10009765625,59667.890625,26394.259765625,10638.1396484375,24232.130859375,6207.2099609375,4057.015380859375
2026-04-16 12:00:00+00:00,24188.400390625,7022.10009765625,59667.890625,26394.259765625,10624.330078125,24222.529296875,6207.2099609375,4057.015380859375
2026-04-16 12:15:00+00:00,24188.400390625,7022.10009765625,59667.890625,26394.259765625,10628.650390625,24221.009765625,6207.2099609375,4057.015380859375
2026-04-16 12:30:00+00:00,24188.400390625,7022.10009765625,59667.890625,26394.259765625,10635.150390625,24226.33984375,6207.2099609375,4057.015380859375
2026-04-16 12:45:00+00:00,24188.400390625,7022.10009765625,59667.890625,26394.259765625,10638.4404296875,24234.669921875,6207.2099609375,4057.015380859375
2026-04-16 13:00:00+00:00,24188.400390625,7022.10009765625,59667.890625,26394.259765625,10639.41015625,24235.51953125,6207.2099609375,4057.015380859375
2026-04-16 13:15:00+00:00,24188.400390625,7022.10009765625,59667.890625,26394.259765625,10636.1796875,24247.390625,6207.2099609375,4057.015380859375
2026-04-16 13:30:00+00:00,24188.400390625,7032.93994140625,59667.890625,26394.259765625,10621.58984375,24187.189453125,6207.2099609375,4057.015380859375
2026-04-16 13:45:00+00:00,24188.400390625,7018.56005859375,59667.890625,26394.259765625,10615.0595703125,24134.2890625,6207.2099609375,4057.015380859375
2026-04-16 14:00:00+00:00,24188.400390625,7020.56005859375,59667.890625,26394.259765625,10609.330078125,24153.779296875,6207.2099609375,4057.015380859375
2026-04-16 14:15:00+00:00,24188.400390625,7015.5498046875,59667.890625,26394.259765625,10594.8603515625,24123.91015625,6207.2099609375,4057.015380859375
2026-04-16 14:30:00+00:00,24188.400390625,7019.06982421875,59667.890625,26394.259765625,10587.8095703125,24131.169921875,6207.2099609375,4057.015380859375
2026-04-16 14:45:00+00:00,24188.400390625,7024.02001953125,59667.890625,26394.259765625,10587.919921875,24131.099609375,6207.2099609375,4057.015380859375
2026-04-16 15:00:00+00:00,24188.400390625,7038.18994140625,59667.890625,26394.259765625,10593.4697265625,24162.490234375,6207.2099609375,4057.015380859375
2026-04-16 15:15:00+00:00,24188.400390625,7033.2099609375,59667.890625,26394.259765625,10587.58984375,24155.349609375,6207.2099609375,4057.015380859375
2026-04-16 15:30:00+00:00,24188.400390625,7037.66015625,59667.890625,26394.259765625,10587.58984375,24155.349609375,6207.2099609375,4057.015380859375
2026-04-16 15:45:00+00:00,24188.400390625,7046.60009765625,59667.890625,26394.259765625,10587.58984375,24155.349609375,6207.2099609375,4057.015380859375
2026-04-16 16:00:00+00:00,24188.400390625,7048.580078125,59667.890625,26394.259765625,10587.58984375,24155.349609375,6207.2099609375,4057.015380859375
2026-04-16 16:15:00+00:00,24188.400390625,7043.6298828125,59667.890625,26394.259765625,10587.58984375,24155.349609375,6207.2099609375,4057.015380859375
2026-04-16 16:30:00+00:00,24188.400390625,7037.509765625,59667.890625,26394.259765625,10587.58984375,24155.349609375,6207.2099609375,4057.015380859375
2026-04-16 16:45:00+00:00,24188.400390625,7031.27978515625,59667.890625,26394.259765625,10587.58984375,24155.349609375,6207.2099609375,4057.015380859375
2026-04-16 17:00:00+00:00,24188.400390625,7024.27978515625,59667.890625,26394.259765625,10587.58984375,24155.349609375,6207.2099609375,4057.015380859375
2026-04-16 17:15:00+00:00,24188.400390625,7030.75,59667.890625,26394.259765625,10587.58984375,24155.349609375,6207.2099609375,4057.015380859375
2026-04-16 17:30:00+00:00,24188.400390625,7037.75,59667.890625,26394.259765625,10587.58984375,24155.349609375,6207.2099609375,4057.015380859375
2026-04-16 17:45:00+00:00,24188.400390625,7029.89013671875,59667.890625,26394.259765625,10587.58984375,24155.349609375,6207.2099609375,4057.015380859375
2026-04-16 18:00:00+00:00,24188.400390625,7028.669921875,59667.890625,26394.259765625,10587.58984375,24155.349609375,6207.2099609375,4057.015380859375
2026-04-16 18:15:00+00:00,24188.400390625,7020.93994140625,59667.890625,26394.259765625,10587.58984375,24155.349609375,6207.2099609375,4057.015380859375
2026-04-16 18:30:00+00:00,24188.400390625,7031.52001953125,59667.890625,26394.259765625,10587.58984375,24155.349609375,6207.2099609375,4057.015380859375
2026-04-16 18:45:00+00:00,24188.400390625,7030.64013671875,59667.890625,26394.259765625,10587.58984375,24155.349609375,6207.2099609375,4057.015380859375
2026-04-16 19:00:00+00:00,24188.400390625,7031.2099609375,59667.890625,26394.259765625,10587.58984375,24155.349609375,6207.2099609375,4057.015380859375
2026-04-16 19:15:00+00:00,24188.400390625,7032.740234375,59667.890625,26394.259765625,10587.58984375,24155.349609375,6207.2099609375,4057.015380859375
2026-04-16 19:30:00+00:00,24188.400390625,7036.68017578125,59667.890625,26394.259765625,10587.58984375,24155.349609375,6207.2099609375,4057.015380859375
2026-04-16 19:45:00+00:00,24188.400390625,7039.3701171875,59667.890625,26394.259765625,10587.58984375,24155.349609375,6207.2099609375,4057.015380859375
2026-04-17 00:00:00+00:00,24188.400390625,7039.3701171875,59167.69921875,26394.259765625,10587.58984375,24155.349609375,6192.2998046875,4057.015380859375
2026-04-17 00:15:00+00:00,24188.400390625,7039.3701171875,59110.1796875,26394.259765625,10587.58984375,24155.349609375,6198.41015625,4057.015380859375
2026-04-17 00:30:00+00:00,24188.400390625,7039.3701171875,59014.26171875,26394.259765625,10587.58984375,24155.349609375,6219.2099609375,4057.015380859375
2026-04-17 00:45:00+00:00,24188.400390625,7039.3701171875,58992.51171875,26394.259765625,10587.58984375,24155.349609375,6204.08984375,4057.015380859375
2026-04-17 01:00:00+00:00,24188.400390625,7039.3701171875,58986.83984375,26394.259765625,10587.58984375,24155.349609375,6197.10986328125,4057.015380859375
2026-04-17 01:15:00+00:00,24188.400390625,7039.3701171875,58974.640625,26394.259765625,10587.58984375,24155.349609375,6214.259765625,4057.015380859375
2026-04-17 01:30:00+00:00,24188.400390625,7039.3701171875,58944.83984375,26200.19921875,10587.58984375,24155.349609375,6205.0498046875,4047.831298828125
2026-04-17 01:45:00+00:00,24188.400390625,7039.3701171875,58988.1796875,26166.990234375,10587.58984375,24155.349609375,6208.68017578125,4042.7275390625
2026-04-17 02:00:00+00:00,24188.400390625,7039.3701171875,58980.37890625,26130.640625,10587.58984375,24155.349609375,6210.81982421875,4038.915771484375
2026-04-17 02:15:00+00:00,24188.400390625,7039.3701171875,58924.08984375,26148.7109375,10587.58984375,24155.349609375,6199.1298828125,4047.4033203125
2026-04-17 02:30:00+00:00,24188.400390625,7039.3701171875,58930.87109375,26129.19921875,10587.58984375,24155.349609375,6195.5,4048.046875
2026-04-17 02:45:00+00:00,24188.400390625,7039.3701171875,58930.87109375,26063.109375,10587.58984375,24155.349609375,6192.27978515625,4048.57666015625
2026-04-17 03:00:00+00:00,24188.400390625,7039.3701171875,58930.87109375,26043.48046875,10587.58984375,24155.349609375,6184.77978515625,4047.3154296875
2026-04-17 03:15:00+00:00,24188.400390625,7039.3701171875,58930.87109375,26046.009765625,10587.58984375,24155.349609375,6177.83984375,4043.734619140625
2026-04-17 03:30:00+00:00,24188.400390625,7039.3701171875,58930.109375,26020.470703125,10587.58984375,24155.349609375,6163.919921875,4043.44775390625
2026-04-17 03:45:00+00:00,24233.349609375,7039.3701171875,58946.28125,26046.529296875,10587.58984375,24155.349609375,6177.02001953125,4043.44775390625
2026-04-17 04:00:00+00:00,24191.349609375,7039.3701171875,58999.16015625,26046.69921875,10587.58984375,24155.349609375,6185.35986328125,4043.44775390625
2026-04-17 04:15:00+00:00,24232.099609375,7039.3701171875,58990.55859375,26046.69921875,10587.58984375,24155.349609375,6200.4501953125,4043.44775390625
2026-04-17 04:30:00+00:00,24272.94921875,7039.3701171875,58917.5703125,26046.69921875,10587.58984375,24155.349609375,6195.8798828125,4043.44775390625
2026-04-17 04:45:00+00:00,24285.849609375,7039.3701171875,58928.05078125,26046.69921875,10587.58984375,24155.349609375,6196.2900390625,4043.44775390625
2026-04-17 05:00:00+00:00,24260.400390625,7039.3701171875,58974.1484375,26058.490234375,10587.58984375,24155.349609375,6204.330078125,4042.94140625
2026-04-17 05:15:00+00:00,24254.94921875,7039.3701171875,58926.33984375,26060.119140625,10587.58984375,24155.349609375,6199.0498046875,4048.390625
2026-04-17 05:30:00+00:00,24265.099609375,7039.3701171875,58879.21875,26065.029296875,10587.58984375,24155.349609375,6194.56005859375,4047.1689453125
2026-04-17 05:45:00+00:00,24275.25,7039.3701171875,58891.80078125,26104.9296875,10587.58984375,24155.349609375,6194.0498046875,4053.935791015625
2026-04-17 06:00:00+00:00,24294.900390625,7039.3701171875,58834.58984375,26089.650390625,10587.58984375,24155.349609375,6194.0498046875,4052.05078125
2026-04-17 06:15:00+00:00,24271.44921875,7039.3701171875,58798.0390625,26067.140625,10587.58984375,24155.349609375,6194.0498046875,4049.032470703125
2026-04-17 06:30:00+00:00,24285.599609375,7039.3701171875,58798.0390625,26084.220703125,10587.58984375,24155.349609375,6194.0498046875,4049.474853515625
2026-04-17 06:45:00+00:00,24284.0,7039.3701171875,58798.0390625,26087.2890625,10587.58984375,24155.349609375,6194.0498046875,4050.908203125
2026-04-17 07:00:00+00:00,24267.0,7039.3701171875,58798.0390625,26118.66015625,10580.330078125,24191.359375,6194.0498046875,4050.908203125
2026-04-17 07:15:00+00:00,24266.099609375,7039.3701171875,58798.0390625,26115.630859375,10580.1201171875,24187.740234375,6194.0498046875,4050.908203125
2026-04-17 07:30:00+00:00,24285.05078125,7039.3701171875,58798.0390625,26109.05078125,10572.5595703125,24210.279296875,6194.0498046875,4050.908203125
2026-04-17 07:45:00+00:00,24289.349609375,7039.3701171875,58798.0390625,26144.01953125,10571.9404296875,24236.380859375,6194.0498046875,4050.908203125
2026-04-17 08:00:00+00:00,24301.900390625,7039.3701171875,58798.0390625,26160.330078125,10575.5595703125,24237.890625,6194.0498046875,4050.908203125
2026-04-17 08:15:00+00:00,24303.30078125,7039.3701171875,58798.0390625,26160.330078125,10576.7099609375,24270.330078125,6194.0498046875,4050.908203125
2026-04-17 08:30:00+00:00,24306.849609375,7039.3701171875,58798.0390625,26160.330078125,10577.73046875,24307.599609375,6194.0498046875,4050.908203125
2026-04-17 08:45:00+00:00,24307.099609375,7039.3701171875,58798.0390625,26160.330078125,10583.75,24317.390625,6194.0498046875,4050.908203125
2026-04-17 09:00:00+00:00,24340.44921875,7039.3701171875,58798.0390625,26160.330078125,10580.8095703125,24311.0390625,6194.0498046875,4050.908203125
2026-04-17 09:15:00+00:00,24349.849609375,7039.3701171875,58798.0390625,26160.330078125,10582.9599609375,24317.599609375,6194.0498046875,4050.908203125
2026-04-17 09:30:00+00:00,24354.55078125,7039.3701171875,58798.0390625,26160.330078125,10583.3701171875,24324.779296875,6194.0498046875,4050.908203125
2026-04-17 09:45:00+00:00,24366.900390625,7039.3701171875,58798.0390625,26160.330078125,10581.0498046875,24330.859375,6194.0498046875,4050.908203125
2026-04-17 10:00:00+00:00,24366.900390625,7039.3701171875,58798.0390625,26160.330078125,10571.41015625,24318.8203125,6194.0498046875,4050.908203125
2026-04-17 10:15:00+00:00,24366.900390625,7039.3701171875,58798.0390625,26160.330078125,10565.7099609375,24319.83984375,6194.0498046875,4050.908203125
2026-04-17 10:30:00+00:00,24366.900390625,7039.3701171875,58798.0390625,26160.330078125,10567.169921875,24290.580078125,6194.0498046875,4050.908203125
2026-04-17 10:45:00+00:00,24366.900390625,7039.3701171875,58798.0390625,26160.330078125,10560.76953125,24316.4296875,6194.0498046875,4050.908203125
2026-04-17 11:00:00+00:00,24366.900390625,7039.3701171875,58798.0390625,26160.330078125,10551.9599609375,24266.630859375,6194.0498046875,4050.908203125
2026-04-17 11:15:00+00:00,24366.900390625,7039.3701171875,58798.0390625,26160.330078125,10552.91015625,24260.900390625,6194.0498046875,4050.908203125
2026-04-17 11:30:00+00:00,24366.900390625,7039.3701171875,58798.0390625,26160.330078125,10562.23046875,24272.1796875,6194.0498046875,4050.908203125
2026-04-17 11:45:00+00:00,24366.900390625,7039.3701171875,58798.0390625,26160.330078125,10561.9697265625,24266.919921875,6194.0498046875,4050.908203125
2026-04-17 12:00:00+00:00,24366.900390625,7039.3701171875,58798.0390625,26160.330078125,10567.41015625,24272.599609375,6194.0498046875,4050.908203125
2026-04-17 12:15:00+00:00,24366.900390625,7039.3701171875,58798.0390625,26160.330078125,10578.990234375,24331.98046875,6194.0498046875,4050.908203125
2026-04-17 12:30:00+00:00,24366.900390625,7039.3701171875,58798.0390625,26160.330078125,10584.6298828125,24328.810546875,6194.0498046875,4050.908203125
2026-04-17 12:45:00+00:00,24366.900390625,7039.3701171875,58798.0390625,26160.330078125,10639.169921875,24615.4296875,6194.0498046875,4050.908203125
2026-04-17 13:00:00+00:00,24366.900390625,7039.3701171875,58798.0390625,26160.330078125,10648.650390625,24698.470703125,6194.0498046875,4050.908203125
2026-04-17 13:15:00+00:00,24366.900390625,7039.3701171875,58798.0390625,26160.330078125,10632.150390625,24665.220703125,6194.0498046875,4050.908203125
2026-04-17 13:30:00+00:00,24366.900390625,7095.6201171875,58798.0390625,26160.330078125,10638.419921875,24669.91015625,6194.0498046875,4050.908203125
2026-04-17 13:45:00+00:00,24366.900390625,7108.18994140625,58798.0390625,26160.330078125,10647.2099609375,24657.76953125,6194.0498046875,4050.908203125
2026-04-17 14:00:00+00:00,24366.900390625,7115.58984375,58798.0390625,26160.330078125,10645.8896484375,24695.509765625,6194.0498046875,4050.908203125
2026-04-17 14:15:00+00:00,24366.900390625,7116.27001953125,58798.0390625,26160.330078125,10647.9404296875,24722.900390625,6194.0498046875,4050.908203125
2026-04-17 14:30:00+00:00,24366.900390625,7132.97021484375,58798.0390625,26160.330078125,10659.4404296875,24777.359375,6194.0498046875,4050.908203125
2026-04-17 14:45:00+00:00,24366.900390625,7129.14013671875,58798.0390625,26160.330078125,10651.76953125,24748.0390625,6194.0498046875,4050.908203125
2026-04-17 15:00:00+00:00,24366.900390625,7126.2900390625,58798.0390625,26160.330078125,10657.9599609375,24714.470703125,6194.0498046875,4050.908203125
2026-04-17 15:15:00+00:00,24366.900390625,7130.009765625,58798.0390625,26160.330078125,10661.080078125,24698.76953125,6194.0498046875,4050.908203125
2026-04-17 15:30:00+00:00,24366.900390625,7128.10986328125,58798.0390625,26160.330078125,10661.080078125,24698.76953125,6194.0498046875,4050.908203125
2026-04-17 15:45:00+00:00,24366.900390625,7131.10986328125,58798.0390625,26160.330078125,10661.080078125,24698.76953125,6194.0498046875,4050.908203125
2026-04-17 16:00:00+00:00,24366.900390625,7137.77978515625,58798.0390625,26160.330078125,10661.080078125,24698.76953125,6194.0498046875,4050.908203125
2026-04-17 16:15:00+00:00,24366.900390625,7138.89990234375,58798.0390625,26160.330078125,10661.080078125,24698.76953125,6194.0498046875,4050.908203125
2026-04-17 16:30:00+00:00,24366.900390625,7145.81005859375,58798.0390625,26160.330078125,10661.080078125,24698.76953125,6194.0498046875,4050.908203125
2026-04-17 16:45:00+00:00,24366.900390625,7143.27001953125,58798.0390625,26160.330078125,10661.080078125,24698.76953125,6194.0498046875,4050.908203125
2026-04-17 17:00:00+00:00,24366.900390625,7136.2900390625,58798.0390625,26160.330078125,10661.080078125,24698.76953125,6194.0498046875,4050.908203125
2026-04-17 17:15:00+00:00,24366.900390625,7122.85986328125,58798.0390625,26160.330078125,10661.080078125,24698.76953125,6194.0498046875,4050.908203125
2026-04-17 17:30:00+00:00,24366.900390625,7123.14013671875,58798.0390625,26160.330078125,10661.080078125,24698.76953125,6194.0498046875,4050.908203125
2026-04-17 17:45:00+00:00,24366.900390625,7126.85009765625,58798.0390625,26160.330078125,10661.080078125,24698.76953125,6194.0498046875,4050.908203125
2026-04-17 18:00:00+00:00,24366.900390625,7118.14013671875,58798.0390625,26160.330078125,10661.080078125,24698.76953125,6194.0498046875,4050.908203125
2026-04-17 18:15:00+00:00,24366.900390625,7122.06982421875,58798.0390625,26160.330078125,10661.080078125,24698.76953125,6194.0498046875,4050.908203125
2026-04-17 18:30:00+00:00,24366.900390625,7124.97998046875,58798.0390625,26160.330078125,10661.080078125,24698.76953125,6194.0498046875,4050.908203125
2026-04-17 18:45:00+00:00,24366.900390625,7120.580078125,58798.0390625,26160.330078125,10661.080078125,24698.76953125,6194.0498046875,4050.908203125
2026-04-17 19:00:00+00:00,24366.900390625,7115.41015625,58798.0390625,26160.330078125,10661.080078125,24698.76953125,6194.0498046875,4050.908203125
2026-04-17 19:15:00+00:00,24366.900390625,7116.58984375,58798.0390625,26160.330078125,10661.080078125,24698.76953125,6194.0498046875,4050.908203125
2026-04-17 19:30:00+00:00,24366.900390625,7126.72998046875,58798.0390625,26160.330078125,10661.080078125,24698.76953125,6194.0498046875,4050.908203125
2026-04-17 19:45:00+00:00,24366.900390625,7125.1201171875,58798.0390625,26160.330078125,10661.080078125,24698.76953125,6194.0498046875,4050.908203125
2026-04-20 00:00:00+00:00,24366.900390625,7125.1201171875,58784.80859375,26160.330078125,10661.080078125,24698.76953125,6193.27978515625,4050.908203125
2026-04-20 00:15:00+00:00,24366.900390625,7125.1201171875,58865.69921875,26160.330078125,10661.080078125,24698.76953125,6231.7900390625,4050.908203125
2026-04-20 00:30:00+00:00,24366.900390625,7125.1201171875,58904.16015625,26160.330078125,10661.080078125,24698.76953125,6212.31982421875,4050.908203125
2026-04-20 00:45:00+00:00,24366.900390625,7125.1201171875,58973.0,26160.330078125,10661.080078125,24698.76953125,6242.8798828125,4050.908203125
2026-04-20 01:00:00+00:00,24366.900390625,7125.1201171875,58919.87890625,26160.330078125,10661.080078125,24698.76953125,6263.330078125,4050.908203125
2026-04-20 01:15:00+00:00,24366.900390625,7125.1201171875,58948.8515625,26160.330078125,10661.080078125,24698.76953125,6248.77001953125,4050.908203125
2026-04-20 01:30:00+00:00,24366.900390625,7125.1201171875,59034.69921875,26222.109375,10661.080078125,24698.76953125,6259.2998046875,4050.908203125
2026-04-20 01:45:00+00:00,24366.900390625,7125.1201171875,59092.9296875,26223.810546875,10661.080078125,24698.76953125,6271.830078125,4050.908203125
2026-04-20 02:00:00+00:00,24366.900390625,7125.1201171875,59066.3203125,26283.359375,10661.080078125,24698.76953125,6273.7099609375,4050.908203125
2026-04-20 02:15:00+00:00,24366.900390625,7125.1201171875,59040.76171875,26341.119140625,10661.080078125,24698.76953125,6271.4501953125,4050.908203125
2026-04-20 02:30:00+00:00,24366.900390625,7125.1201171875,59045.44921875,26305.16015625,10661.080078125,24698.76953125,6266.31005859375,4050.908203125
2026-04-20 02:45:00+00:00,24366.900390625,7125.1201171875,59045.44921875,26374.609375,10661.080078125,24698.76953125,6260.89990234375,4050.908203125
2026-04-20 03:00:00+00:00,24366.900390625,7125.1201171875,59045.44921875,26353.26953125,10661.080078125,24698.76953125,6254.0,4050.908203125
2026-04-20 03:15:00+00:00,24366.900390625,7125.1201171875,59045.44921875,26388.880859375,10661.080078125,24698.76953125,6262.18994140625,4050.908203125
2026-04-20 03:30:00+00:00,24366.900390625,7125.1201171875,59107.80078125,26394.0390625,10661.080078125,24698.76953125,6255.72021484375,4050.908203125
2026-04-20 03:45:00+00:00,24366.900390625,7125.1201171875,59084.37109375,26375.919921875,10661.080078125,24698.76953125,6262.18994140625,4050.908203125
2026-04-20 04:00:00+00:00,24366.900390625,7125.1201171875,58966.80859375,26376.98046875,10661.080078125,24698.76953125,6258.759765625,4050.908203125
2026-04-20 04:15:00+00:00,24366.900390625,7125.1201171875,58899.48828125,26376.98046875,10661.080078125,24698.76953125,6255.2001953125,4050.908203125
2026-04-20 08:00:00+00:00,24366.900390625,7125.1201171875,58899.48828125,26361.0703125,10661.080078125,24698.76953125,6255.2001953125,4050.908203125
2026-04-20 09:15:00+00:00,24366.900390625,7125.1201171875,58899.48828125,26361.0703125,10610.5,24368.880859375,6255.2001953125,4050.908203125
2026-04-20 09:30:00+00:00,24381.80078125,7125.1201171875,58899.48828125,26361.0703125,10605.0,24380.900390625,6255.2001953125,4050.908203125
2026-04-20 09:45:00+00:00,24330.900390625,7125.1201171875,58899.48828125,26361.0703125,10596.0,24366.55078125,6255.2001953125,4050.908203125
2026-04-20 10:00:00+00:00,24330.900390625,7125.1201171875,58899.48828125,26361.0703125,10601.01953125,24384.650390625,6255.2001953125,4050.908203125
2026-04-20 10:15:00+00:00,24330.900390625,7125.1201171875,58899.48828125,26361.0703125,10604.990234375,24380.640625,6255.2001953125,4050.908203125
2026-04-20 10:30:00+00:00,24330.900390625,7125.1201171875,58899.48828125,26361.0703125,10594.58984375,24368.80078125,6255.2001953125,4050.908203125
2026-04-20 10:45:00+00:00,24330.900390625,7125.1201171875,58899.48828125,26361.0703125,10594.25,24376.009765625,6255.2001953125,4050.908203125
2026-04-20 11:00:00+00:00,24330.900390625,7125.1201171875,58899.48828125,26361.0703125,10594.23046875,24372.58984375,6255.2001953125,4050.908203125
2026-04-20 11:15:00+00:00,24330.900390625,7125.1201171875,58899.48828125,26361.0703125,10593.490234375,24368.109375,6255.2001953125,4050.908203125
2026-04-20 11:30:00+00:00,24330.900390625,7125.1201171875,58899.48828125,26361.0703125,10590.5595703125,24365.0,6255.2001953125,4050.908203125
2026-04-20 11:45:00+00:00,24330.900390625,7125.1201171875,58899.48828125,26361.0703125,10600.23046875,24385.869140625,6255.2001953125,4050.908203125
2026-04-20 12:00:00+00:00,24330.900390625,7125.1201171875,58899.48828125,26361.0703125,10598.740234375,24378.76953125,6255.2001953125,4050.908203125
2026-04-20 12:15:00+00:00,24330.900390625,7125.1201171875,58899.48828125,26361.0703125,10603.1904296875,24363.869140625,6255.2001953125,4050.908203125
2026-04-20 12:30:00+00:00,24330.900390625,7125.1201171875,58899.48828125,26361.0703125,10598.599609375,24369.830078125,6255.2001953125,4050.908203125
2026-04-20 12:45:00+00:00,24330.900390625,7125.1201171875,58899.48828125,26361.0703125,10593.1103515625,24358.83984375,6255.2001953125,4050.908203125
2026-04-20 13:00:00+00:00,24330.900390625,7125.1201171875,58899.48828125,26361.0703125,10613.759765625,24412.560546875,6255.2001953125,4050.908203125
2026-04-20 13:15:00+00:00,24330.900390625,7125.1201171875,58899.48828125,26361.0703125,10619.98046875,24445.859375,6255.2001953125,4050.908203125
2026-04-20 13:30:00+00:00,24330.900390625,7111.33984375,58899.48828125,26361.0703125,10626.25,24461.169921875,6255.2001953125,4050.908203125
2026-04-20 13:45:00+00:00,24330.900390625,7121.56005859375,58899.48828125,26361.0703125,10621.75,24492.580078125,6255.2001953125,4050.908203125
2026-04-20 14:00:00+00:00,24330.900390625,7116.18994140625,58899.48828125,26361.0703125,10603.9599609375,24455.439453125,6255.2001953125,4050.908203125
2026-04-20 14:15:00+00:00,24330.900390625,7112.830078125,58899.48828125,26361.0703125,10618.1796875,24466.01953125,6255.2001953125,4050.908203125
2026-04-20 14:30:00+00:00,24330.900390625,7104.81005859375,58899.48828125,26361.0703125,10612.91015625,24449.279296875,6255.2001953125,4050.908203125
2026-04-20 14:45:00+00:00,24330.900390625,7095.06005859375,58899.48828125,26361.0703125,10596.509765625,24405.869140625,6255.2001953125,4050.908203125
2026-04-20 15:00:00+00:00,24330.900390625,7090.64013671875,58899.48828125,26361.0703125,10589.5400390625,24400.939453125,6255.2001953125,4050.908203125
2026-04-20 15:15:00+00:00,24330.900390625,7107.3701171875,58899.48828125,26361.0703125,10604.8896484375,24440.849609375,6255.2001953125,4050.908203125
2026-04-20 15:30:00+00:00,24330.900390625,7099.10986328125,58899.48828125,26361.0703125,10604.8896484375,24440.849609375,6255.2001953125,4050.908203125
2026-04-20 15:45:00+00:00,24330.900390625,7099.72021484375,58899.48828125,26361.0703125,10604.8896484375,24440.849609375,6255.2001953125,4050.908203125
2026-04-20 16:00:00+00:00,24330.900390625,7099.830078125,58899.48828125,26361.0703125,10604.8896484375,24440.849609375,6255.2001953125,4050.908203125
2026-04-20 16:15:00+00:00,24330.900390625,7100.43017578125,58899.48828125,26361.0703125,10604.8896484375,24440.849609375,6255.2001953125,4050.908203125
2026-04-20 16:30:00+00:00,24330.900390625,7101.1298828125,58899.48828125,26361.0703125,10604.8896484375,24440.849609375,6255.2001953125,4050.908203125
2026-04-20 16:45:00+00:00,24330.900390625,7100.240234375,58899.48828125,26361.0703125,10604.8896484375,24440.849609375,6255.2001953125,4050.908203125
2026-04-20 17:00:00+00:00,24330.900390625,7104.2001953125,58899.48828125,26361.0703125,10604.8896484375,24440.849609375,6255.2001953125,4050.908203125
2026-04-20 17:15:00+00:00,24330.900390625,7103.2900390625,58899.48828125,26361.0703125,10604.8896484375,24440.849609375,6255.2001953125,4050.908203125
2026-04-20 17:30:00+00:00,24330.900390625,7103.06982421875,58899.48828125,26361.0703125,10604.8896484375,24440.849609375,6255.2001953125,4050.908203125
2026-04-20 17:45:00+00:00,24330.900390625,7101.02001953125,58899.48828125,26361.0703125,10604.8896484375,24440.849609375,6255.2001953125,4050.908203125
2026-04-20 18:00:00+00:00,24330.900390625,7105.8798828125,58899.48828125,26361.0703125,10604.8896484375,24440.849609375,6255.2001953125,4050.908203125
2026-04-20 18:15:00+00:00,24330.900390625,7107.2099609375,58899.48828125,26361.0703125,10604.8896484375,24440.849609375,6255.2001953125,4050.908203125
2026-04-20 18:30:00+00:00,24330.900390625,7105.4599609375,58899.48828125,26361.0703125,10604.8896484375,24440.849609375,6255.2001953125,4050.908203125
2026-04-20 18:45:00+00:00,24330.900390625,7106.60986328125,58899.48828125,26361.0703125,10604.8896484375,24440.849609375,6255.2001953125,4050.908203125
2026-04-20 19:00:00+00:00,24330.900390625,7108.47021484375,58899.48828125,26361.0703125,10604.8896484375,24440.849609375,6255.2001953125,4050.908203125
2026-04-20 19:15:00+00:00,24330.900390625,7104.27978515625,58899.48828125,26361.0703125,10604.8896484375,24440.849609375,6255.2001953125,4050.908203125
2026-04-20 19:30:00+00:00,24330.900390625,7100.490234375,58899.48828125,26361.0703125,10604.8896484375,24440.849609375,6255.2001953125,4050.908203125
2026-04-20 19:45:00+00:00,24330.900390625,7110.3798828125,58899.48828125,26361.0703125,10604.8896484375,24440.849609375,6255.2001953125,4050.908203125
2026-04-21 00:00:00+00:00,24330.900390625,7110.3798828125,59327.66015625,26361.0703125,10604.8896484375,24440.849609375,6346.5,4050.908203125
2026-04-21 00:15:00+00:00,24330.900390625,7110.3798828125,59275.640625,26361.0703125,10604.8896484375,24440.849609375,6339.83984375,4050.908203125
2026-04-21 00:30:00+00:00,24330.900390625,7110.3798828125,59412.171875,26361.0703125,10604.8896484375,24440.849609375,6343.2001953125,4050.908203125
2026-04-21 00:45:00+00:00,24330.900390625,7110.3798828125,59476.6015625,26361.0703125,10604.8896484375,24440.849609375,6345.60009765625,4050.908203125
2026-04-21 01:00:00+00:00,24330.900390625,7110.3798828125,59376.1015625,26361.0703125,10604.8896484375,24440.849609375,6346.2099609375,4050.908203125
2026-04-21 01:15:00+00:00,24330.900390625,7110.3798828125,59528.2109375,26361.0703125,10604.8896484375,24440.849609375,6355.35986328125,4050.908203125
2026-04-21 01:30:00+00:00,24330.900390625,7110.3798828125,59453.1484375,26394.130859375,10604.8896484375,24440.849609375,6328.1201171875,4069.377197265625
2026-04-21 01:45:00+00:00,24330.900390625,7110.3798828125,59423.58984375,26403.240234375,10604.8896484375,24440.849609375,6319.97998046875,4072.875
2026-04-21 02:00:00+00:00,24330.900390625,7110.3798828125,59474.7890625,26409.140625,10604.8896484375,24440.849609375,6330.759765625,4069.4501953125
2026-04-21 02:15:00+00:00,24330.900390625,7110.3798828125,59595.8984375,26376.640625,10604.8896484375,24440.849609375,6348.330078125,4068.087158203125
2026-04-21 02:30:00+00:00,24330.900390625,7110.3798828125,59596.1015625,26409.4609375,10604.8896484375,24440.849609375,6351.97998046875,4073.481201171875
2026-04-21 02:45:00+00:00,24330.900390625,7110.3798828125,59596.1015625,26412.44921875,10604.8896484375,24440.849609375,6350.64990234375,4075.048583984375
2026-04-21 03:00:00+00:00,24330.900390625,7110.3798828125,59596.1015625,26359.759765625,10604.8896484375,24440.849609375,6346.08984375,4072.4580078125
2026-04-21 03:15:00+00:00,24330.900390625,7110.3798828125,59596.1015625,26364.490234375,10604.8896484375,24440.849609375,6345.9501953125,4072.472900390625
2026-04-21 03:30:00+00:00,24330.900390625,7110.3798828125,59448.828125,26384.609375,10604.8896484375,24440.849609375,6346.080078125,4072.3916015625
2026-04-21 03:45:00+00:00,24450.5,7110.3798828125,59536.62890625,26394.419921875,10604.8896484375,24440.849609375,6361.16015625,4072.3916015625
2026-04-21 04:00:00+00:00,24466.599609375,7110.3798828125,59548.8984375,26394.859375,10604.8896484375,24440.849609375,6355.7001953125,4072.3916015625
2026-04-21 04:15:00+00:00,24499.25,7110.3798828125,59578.75,26394.859375,10604.8896484375,24440.849609375,6363.06982421875,4072.3916015625
2026-04-21 04:30:00+00:00,24513.150390625,7110.3798828125,59527.6015625,26394.859375,10604.8896484375,24440.849609375,6364.7900390625,4072.3916015625
2026-04-21 04:45:00+00:00,24495.400390625,7110.3798828125,59453.6796875,26394.859375,10604.8896484375,24440.849609375,6364.66015625,4072.3916015625
2026-04-21 05:00:00+00:00,24529.099609375,7110.3798828125,59544.05078125,26478.30078125,10604.8896484375,24440.849609375,6371.6298828125,4080.023681640625
2026-04-21 05:15:00+00:00,24549.099609375,7110.3798828125,59538.05078125,26473.880859375,10604.8896484375,24440.849609375,6371.39990234375,4079.823974609375
2026-04-21 05:30:00+00:00,24557.44921875,7110.3798828125,59459.51171875,26528.5703125,10604.8896484375,24440.849609375,6375.5400390625,4085.37109375
2026-04-21 05:45:00+00:00,24539.150390625,7110.3798828125,59386.78125,26466.220703125,10604.8896484375,24440.849609375,6378.60009765625,4079.629150390625
2026-04-21 06:00:00+00:00,24528.25,7110.3798828125,59381.12890625,26475.220703125,10604.8896484375,24440.849609375,6378.60009765625,4076.135498046875
2026-04-21 06:15:00+00:00,24531.30078125,7110.3798828125,59345.80078125,26446.240234375,10604.8896484375,24440.849609375,6378.60009765625,4081.151611328125
2026-04-21 06:30:00+00:00,24559.05078125,7110.3798828125,59345.80078125,26464.109375,10604.8896484375,24440.849609375,6378.60009765625,4083.6015625
2026-04-21 06:45:00+00:00,24548.75,7110.3798828125,59345.80078125,26467.4609375,10604.8896484375,24440.849609375,6378.60009765625,4086.36962890625
2026-04-21 07:00:00+00:00,24552.75,7110.3798828125,59345.80078125,26441.560546875,10613.9599609375,24544.099609375,6378.60009765625,4086.36962890625
2026-04-21 07:15:00+00:00,24536.94921875,7110.3798828125,59345.80078125,26458.490234375,10616.5400390625,24559.259765625,6378.60009765625,4086.36962890625
2026-04-21 07:30:00+00:00,24540.400390625,7110.3798828125,59345.80078125,26455.630859375,10617.5,24571.490234375,6378.60009765625,4086.36962890625
2026-04-21 07:45:00+00:00,24552.650390625,7110.3798828125,59345.80078125,26470.380859375,10629.26953125,24560.830078125,6378.60009765625,4086.36962890625
2026-04-21 08:00:00+00:00,24531.25,7110.3798828125,59345.80078125,26487.48046875,10611.6298828125,24518.2890625,6378.60009765625,4086.36962890625
2026-04-21 08:15:00+00:00,24555.19921875,7110.3798828125,59345.80078125,26487.48046875,10624.7099609375,24566.23046875,6378.60009765625,4086.36962890625
2026-04-21 08:30:00+00:00,24537.400390625,7110.3798828125,59345.80078125,26487.48046875,10622.4404296875,24600.83984375,6378.60009765625,4086.36962890625
2026-04-21 08:45:00+00:00,24573.099609375,7110.3798828125,59345.80078125,26487.48046875,10628.3798828125,24582.7109375,6378.60009765625,4086.36962890625
2026-04-21 09:00:00+00:00,24536.650390625,7110.3798828125,59345.80078125,26487.48046875,10625.3798828125,24573.9296875,6378.60009765625,4086.36962890625
2026-04-21 09:15:00+00:00,24568.349609375,7110.3798828125,59345.80078125,26487.48046875,10626.4697265625,24567.69921875,6378.60009765625,4086.36962890625
2026-04-21 09:30:00+00:00,24573.0,7110.3798828125,59345.80078125,26487.48046875,10624.66015625,24568.560546875,6378.60009765625,4086.36962890625
2026-04-21 09:45:00+00:00,24581.05078125,7110.3798828125,59345.80078125,26487.48046875,10626.3203125,24583.599609375,6378.60009765625,4086.36962890625
2026-04-21 10:00:00+00:00,24581.05078125,7110.3798828125,59345.80078125,26487.48046875,10619.91015625,24574.509765625,6378.60009765625,4086.36962890625
2026-04-21 10:15:00+00:00,24581.05078125,7110.3798828125,59345.80078125,26487.48046875,10614.7998046875,24555.439453125,6378.60009765625,4086.36962890625
2026-04-21 10:30:00+00:00,24581.05078125,7110.3798828125,59345.80078125,26487.48046875,10624.5302734375,24575.609375,6378.60009765625,4086.36962890625
2026-04-21 10:45:00+00:00,24581.05078125,7110.3798828125,59345.80078125,26487.48046875,10622.7197265625,24596.650390625,6378.60009765625,4086.36962890625
2026-04-21 11:00:00+00:00,24581.05078125,7110.3798828125,59345.80078125,26487.48046875,10608.099609375,24550.080078125,6378.60009765625,4086.36962890625
2026-04-21 11:15:00+00:00,24581.05078125,7110.3798828125,59345.80078125,26487.48046875,10606.1396484375,24570.1796875,6378.60009765625,4086.36962890625
2026-04-21 11:30:00+00:00,24581.05078125,7110.3798828125,59345.80078125,26487.48046875,10601.2998046875,24561.259765625,6378.60009765625,4086.36962890625
2026-04-21 11:45:00+00:00,24581.05078125,7110.3798828125,59345.80078125,26487.48046875,10593.25,24515.779296875,6378.60009765625,4086.36962890625
2026-04-21 12:00:00+00:00,24581.05078125,7110.3798828125,59345.80078125,26487.48046875,10591.9697265625,24510.76953125,6378.60009765625,4086.36962890625
2026-04-21 12:15:00+00:00,24581.05078125,7110.3798828125,59345.80078125,26487.48046875,10584.349609375,24504.5703125,6378.60009765625,4086.36962890625
2026-04-21 12:30:00+00:00,24581.05078125,7110.3798828125,59345.80078125,26487.48046875,10572.9404296875,24470.9296875,6378.60009765625,4086.36962890625
2026-04-21 12:45:00+00:00,24581.05078125,7110.3798828125,59345.80078125,26487.48046875,10570.1904296875,24456.66015625,6378.60009765625,4086.36962890625
2026-04-21 13:00:00+00:00,24581.05078125,7110.3798828125,59345.80078125,26487.48046875,10557.3603515625,24431.740234375,6378.60009765625,4086.36962890625
2026-04-21 13:15:00+00:00,24581.05078125,7110.3798828125,59345.80078125,26487.48046875,10563.5302734375,24418.609375,6378.60009765625,4086.36962890625
2026-04-21 13:30:00+00:00,24581.05078125,7120.35986328125,59345.80078125,26487.48046875,10552.6201171875,24452.669921875,6378.60009765625,4086.36962890625
2026-04-21 13:45:00+00:00,24581.05078125,7131.64013671875,59345.80078125,26487.48046875,10551.150390625,24474.470703125,6378.60009765625,4086.36962890625
2026-04-21 14:00:00+00:00,24581.05078125,7134.2099609375,59345.80078125,26487.48046875,10540.41015625,24436.58984375,6378.60009765625,4086.36962890625
2026-04-21 14:15:00+00:00,24581.05078125,7129.41015625,59345.80078125,26487.48046875,10541.0400390625,24399.189453125,6378.60009765625,4086.36962890625
2026-04-21 14:30:00+00:00,24581.05078125,7123.259765625,59345.80078125,26487.48046875,10519.740234375,24366.140625,6378.60009765625,4086.36962890625
2026-04-21 14:45:00+00:00,24581.05078125,7099.0400390625,59345.80078125,26487.48046875,10504.08984375,24286.759765625,6378.60009765625,4086.36962890625
2026-04-21 15:00:00+00:00,24581.05078125,7102.85986328125,59345.80078125,26487.48046875,10506.599609375,24310.939453125,6378.60009765625,4086.36962890625
2026-04-21 15:15:00+00:00,24581.05078125,7090.35009765625,59345.80078125,26487.48046875,10504.16015625,24296.080078125,6378.60009765625,4086.36962890625
2026-04-21 15:30:00+00:00,24581.05078125,7093.4501953125,59345.80078125,26487.48046875,10504.16015625,24296.080078125,6378.60009765625,4086.36962890625
2026-04-21 15:45:00+00:00,24581.05078125,7091.0498046875,59345.80078125,26487.48046875,10504.16015625,24296.080078125,6378.60009765625,4086.36962890625
2026-04-21 16:00:00+00:00,24581.05078125,7092.4501953125,59345.80078125,26487.48046875,10504.16015625,24296.080078125,6378.60009765625,4086.36962890625
2026-04-21 16:15:00+00:00,24581.05078125,7087.10986328125,59345.80078125,26487.48046875,10504.16015625,24296.080078125,6378.60009765625,4086.36962890625
2026-04-21 16:30:00+00:00,24581.05078125,7082.2998046875,59345.80078125,26487.48046875,10504.16015625,24296.080078125,6378.60009765625,4086.36962890625
2026-04-21 16:45:00+00:00,24581.05078125,7079.93994140625,59345.80078125,26487.48046875,10504.16015625,24296.080078125,6378.60009765625,4086.36962890625
2026-04-21 17:00:00+00:00,24581.05078125,7070.72998046875,59345.80078125,26487.48046875,10504.16015625,24296.080078125,6378.60009765625,4086.36962890625
2026-04-21 17:15:00+00:00,24581.05078125,7069.77978515625,59345.80078125,26487.48046875,10504.16015625,24296.080078125,6378.60009765625,4086.36962890625
2026-04-21 17:30:00+00:00,24581.05078125,7089.240234375,59345.80078125,26487.48046875,10504.16015625,24296.080078125,6378.60009765625,4086.36962890625
2026-04-21 17:45:00+00:00,24581.05078125,7081.5498046875,59345.80078125,26487.48046875,10504.16015625,24296.080078125,6378.60009765625,4086.36962890625
2026-04-21 18:00:00+00:00,24581.05078125,7082.509765625,59345.80078125,26487.48046875,10504.16015625,24296.080078125,6378.60009765625,4086.36962890625
2026-04-21 18:15:00+00:00,24581.05078125,7074.4501953125,59345.80078125,26487.48046875,10504.16015625,24296.080078125,6378.60009765625,4086.36962890625
2026-04-21 18:30:00+00:00,24581.05078125,7078.31005859375,59345.80078125,26487.48046875,10504.16015625,24296.080078125,6378.60009765625,4086.36962890625
2026-04-21 18:45:00+00:00,24581.05078125,7087.39013671875,59345.80078125,26487.48046875,10504.16015625,24296.080078125,6378.60009765625,4086.36962890625
2026-04-21 19:00:00+00:00,24581.05078125,7089.35986328125,59345.80078125,26487.48046875,10504.16015625,24296.080078125,6378.60009765625,4086.36962890625
2026-04-21 19:15:00+00:00,24581.05078125,7101.10009765625,59345.80078125,26487.48046875,10504.16015625,24296.080078125,6378.60009765625,4086.36962890625
2026-04-21 19:30:00+00:00,24581.05078125,7054.10986328125,59345.80078125,26487.48046875,10504.16015625,24296.080078125,6378.60009765625,4086.36962890625
2026-04-21 19:45:00+00:00,24581.05078125,7064.31005859375,59345.80078125,26487.48046875,10504.16015625,24296.080078125,6378.60009765625,4086.36962890625
2026-04-22 00:00:00+00:00,24581.05078125,7064.31005859375,59139.26171875,26487.48046875,10504.16015625,24296.080078125,6377.81982421875,4086.36962890625
2026-04-22 00:15:00+00:00,24581.05078125,7064.31005859375,59337.3515625,26487.48046875,10504.16015625,24296.080078125,6397.7998046875,4086.36962890625
2026-04-22 00:30:00+00:00,24581.05078125,7064.31005859375,59393.44921875,26487.48046875,10504.16015625,24296.080078125,6395.43017578125,4086.36962890625
2026-04-22 00:45:00+00:00,24581.05078125,7064.31005859375,59436.48828125,26487.48046875,10504.16015625,24296.080078125,6368.419921875,4086.36962890625
2026-04-22 01:00:00+00:00,24581.05078125,7064.31005859375,59409.8515625,26487.48046875,10504.16015625,24296.080078125,6355.2998046875,4086.36962890625
2026-04-22 01:15:00+00:00,24581.05078125,7064.31005859375,59390.23828125,26487.48046875,10504.16015625,24296.080078125,6332.68994140625,4086.36962890625
2026-04-22 01:30:00+00:00,24581.05078125,7064.31005859375,59468.421875,26211.390625,10504.16015625,24296.080078125,6338.89013671875,4090.144287109375
2026-04-22 01:45:00+00:00,24581.05078125,7064.31005859375,59566.3984375,26181.1796875,10504.16015625,24296.080078125,6349.1201171875,4086.0615234375
2026-04-22 02:00:00+00:00,24581.05078125,7064.31005859375,59649.4296875,26181.5703125,10504.16015625,24296.080078125,6368.7998046875,4087.19091796875
2026-04-22 02:15:00+00:00,24581.05078125,7064.31005859375,59661.19921875,26130.890625,10504.16015625,24296.080078125,6371.56005859375,4090.13427734375
2026-04-22 02:30:00+00:00,24581.05078125,7064.31005859375,59653.55859375,26112.419921875,10504.16015625,24296.080078125,6378.81982421875,4086.469482421875
2026-04-22 02:45:00+00:00,24581.05078125,7064.31005859375,59653.55859375,26102.330078125,10504.16015625,24296.080078125,6373.35009765625,4089.202880859375
2026-04-22 03:00:00+00:00,24581.05078125,7064.31005859375,59653.55859375,26115.140625,10504.16015625,24296.080078125,6371.93017578125,4090.7021484375
2026-04-22 03:15:00+00:00,24581.05078125,7064.31005859375,59653.55859375,26141.490234375,10504.16015625,24296.080078125,6377.6298828125,4095.071533203125
2026-04-22 03:30:00+00:00,24581.05078125,7064.31005859375,59555.55859375,26151.8203125,10504.16015625,24296.080078125,6378.7900390625,4095.074462890625
2026-04-22 03:45:00+00:00,24440.400390625,7064.31005859375,59531.8515625,26137.169921875,10504.16015625,24296.080078125,6382.0,4095.074462890625
2026-04-22 04:00:00+00:00,24424.400390625,7064.31005859375,59548.01171875,26137.009765625,10504.16015625,24296.080078125,6389.81982421875,4095.074462890625
2026-04-22 04:15:00+00:00,24382.25,7064.31005859375,59455.48828125,26137.009765625,10504.16015625,24296.080078125,6384.85009765625,4095.074462890625
2026-04-22 04:30:00+00:00,24373.150390625,7064.31005859375,59393.6796875,26137.009765625,10504.16015625,24296.080078125,6386.16015625,4095.074462890625
2026-04-22 04:45:00+00:00,24373.05078125,7064.31005859375,59234.9609375,26137.009765625,10504.16015625,24296.080078125,6362.2001953125,4095.074462890625
2026-04-22 05:00:00+00:00,24416.349609375,7064.31005859375,59360.8984375,26099.099609375,10504.16015625,24296.080078125,6382.91015625,4094.05908203125
2026-04-22 05:15:00+00:00,24439.900390625,7064.31005859375,59460.66015625,26131.419921875,10504.16015625,24296.080078125,6403.3701171875,4096.46142578125
2026-04-22 05:30:00+00:00,24428.150390625,7064.31005859375,59500.1015625,26130.2109375,10504.16015625,24296.080078125,6412.919921875,4098.88623046875
2026-04-22 05:45:00+00:00,24435.44921875,7064.31005859375,59538.640625,26111.73046875,10504.16015625,24296.080078125,6420.14013671875,4096.87109375
2026-04-22 06:00:00+00:00,24417.19921875,7064.31005859375,59587.05859375,26100.150390625,10504.16015625,24296.080078125,6420.14013671875,4091.69580078125
2026-04-22 06:15:00+00:00,24426.900390625,7064.31005859375,59569.30859375,26129.5703125,10504.16015625,24296.080078125,6420.14013671875,4100.81103515625
2026-04-22 06:30:00+00:00,24419.150390625,7064.31005859375,59569.30859375,26148.689453125,10504.16015625,24296.080078125,6420.14013671875,4102.89404296875
2026-04-22 06:45:00+00:00,24409.900390625,7064.31005859375,59569.30859375,26175.279296875,10504.16015625,24296.080078125,6420.14013671875,4106.43701171875
2026-04-22 07:00:00+00:00,24418.44921875,7064.31005859375,59569.30859375,26166.55078125,10489.7802734375,24359.060546875,6420.14013671875,4106.43701171875
2026-04-22 07:15:00+00:00,24429.75,7064.31005859375,59569.30859375,26169.44921875,10490.16015625,24353.640625,6420.14013671875,4106.43701171875
2026-04-22 07:30:00+00:00,24431.25,7064.31005859375,59569.30859375,26160.08984375,10510.1904296875,24336.359375,6420.14013671875,4106.43701171875
2026-04-22 07:45:00+00:00,24415.599609375,7064.31005859375,59569.30859375,26191.94921875,10507.66015625,24308.580078125,6420.14013671875,4106.43701171875
2026-04-22 08:00:00+00:00,24431.900390625,7064.31005859375,59569.30859375,26163.240234375,10513.3203125,24292.0390625,6420.14013671875,4106.43701171875
2026-04-22 08:15:00+00:00,24449.55078125,7064.31005859375,59569.30859375,26163.240234375,10499.66015625,24243.1796875,6420.14013671875,4106.43701171875
2026-04-22 08:30:00+00:00,24415.0,7064.31005859375,59569.30859375,26163.240234375,10501.4501953125,24258.26953125,6420.14013671875,4106.43701171875
2026-04-22 08:45:00+00:00,24405.599609375,7064.31005859375,59569.30859375,26163.240234375,10502.1796875,24289.400390625,6420.14013671875,4106.43701171875
2026-04-22 09:00:00+00:00,24413.150390625,7064.31005859375,59569.30859375,26163.240234375,10500.599609375,24302.33984375,6420.14013671875,4106.43701171875
2026-04-22 09:15:00+00:00,24425.75,7064.31005859375,59569.30859375,26163.240234375,10498.76953125,24287.98046875,6420.14013671875,4106.43701171875
2026-04-22 09:30:00+00:00,24382.400390625,7064.31005859375,59569.30859375,26163.240234375,10504.3798828125,24285.240234375,6420.14013671875,4106.43701171875
2026-04-22 09:45:00+00:00,24367.650390625,7064.31005859375,59569.30859375,26163.240234375,10490.01953125,24211.75,6420.14013671875,4106.43701171875
2026-04-22 10:00:00+00:00,24367.650390625,7064.31005859375,59569.30859375,26163.240234375,10481.0498046875,24183.470703125,6420.14013671875,4106.43701171875
2026-04-22 10:15:00+00:00,24367.650390625,7064.31005859375,59569.30859375,26163.240234375,10495.8095703125,24215.580078125,6420.14013671875,4106.43701171875
2026-04-22 10:30:00+00:00,24367.650390625,7064.31005859375,59569.30859375,26163.240234375,10493.4404296875,24214.400390625,6420.14013671875,4106.43701171875
2026-04-22 10:45:00+00:00,24367.650390625,7064.31005859375,59569.30859375,26163.240234375,10506.7197265625,24234.4296875,6420.14013671875,4106.43701171875
2026-04-22 11:00:00+00:00,24367.650390625,7064.31005859375,59569.30859375,26163.240234375,10498.58984375,24232.869140625,6420.14013671875,4106.43701171875
2026-04-22 11:15:00+00:00,24367.650390625,7064.31005859375,59569.30859375,26163.240234375,10500.4697265625,24250.349609375,6420.14013671875,4106.43701171875
2026-04-22 11:30:00+00:00,24367.650390625,7064.31005859375,59569.30859375,26163.240234375,10494.330078125,24250.560546875,6420.14013671875,4106.43701171875
2026-04-22 11:45:00+00:00,24367.650390625,7064.31005859375,59569.30859375,26163.240234375,10502.91015625,24281.66015625,6420.14013671875,4106.43701171875
2026-04-22 12:00:00+00:00,24367.650390625,7064.31005859375,59569.30859375,26163.240234375,10506.7001953125,24299.2890625,6420.14013671875,4106.43701171875
2026-04-22 12:15:00+00:00,24367.650390625,7064.31005859375,59569.30859375,26163.240234375,10497.599609375,24275.060546875,6420.14013671875,4106.43701171875
2026-04-22 12:30:00+00:00,24367.650390625,7064.31005859375,59569.30859375,26163.240234375,10487.4404296875,24244.390625,6420.14013671875,4106.43701171875
2026-04-22 12:45:00+00:00,24367.650390625,7064.31005859375,59569.30859375,26163.240234375,10485.5595703125,24231.970703125,6420.14013671875,4106.43701171875
2026-04-22 13:00:00+00:00,24367.650390625,7064.31005859375,59569.30859375,26163.240234375,10491.080078125,24241.30078125,6420.14013671875,4106.43701171875
2026-04-22 13:15:00+00:00,24367.650390625,7064.31005859375,59569.30859375,26163.240234375,10495.73046875,24253.33984375,6420.14013671875,4106.43701171875
2026-04-22 13:30:00+00:00,24367.650390625,7110.89013671875,59569.30859375,26163.240234375,10483.7998046875,24212.83984375,6420.14013671875,4106.43701171875
2026-04-22 13:45:00+00:00,24367.650390625,7117.2998046875,59569.30859375,26163.240234375,10488.4404296875,24220.169921875,6420.14013671875,4106.43701171875
2026-04-22 14:00:00+00:00,24367.650390625,7124.8798828125,59569.30859375,26163.240234375,10478.75,24214.970703125,6420.14013671875,4106.43701171875
2026-04-22 14:15:00+00:00,24367.650390625,7129.0400390625,59569.30859375,26163.240234375,10484.6201171875,24239.25,6420.14013671875,4106.43701171875
2026-04-22 14:30:00+00:00,24367.650390625,7120.93017578125,59569.30859375,26163.240234375,10483.73046875,24208.400390625,6420.14013671875,4106.43701171875
2026-04-22 14:45:00+00:00,24367.650390625,7124.47998046875,59569.30859375,26163.240234375,10476.150390625,24181.609375,6420.14013671875,4106.43701171875
2026-04-22 15:00:00+00:00,24367.650390625,7122.39990234375,59569.30859375,26163.240234375,10476.099609375,24179.150390625,6420.14013671875,4106.43701171875
2026-04-22 15:15:00+00:00,24367.650390625,7126.72021484375,59569.30859375,26163.240234375,10480.2197265625,24210.08984375,6420.14013671875,4106.43701171875
2026-04-22 15:30:00+00:00,24367.650390625,7116.580078125,59569.30859375,26163.240234375,10480.2197265625,24210.08984375,6420.14013671875,4106.43701171875
2026-04-22 15:45:00+00:00,24367.650390625,7120.41015625,59569.30859375,26163.240234375,10480.2197265625,24210.08984375,6420.14013671875,4106.43701171875
2026-04-22 16:00:00+00:00,24367.650390625,7123.3798828125,59569.30859375,26163.240234375,10480.2197265625,24210.08984375,6420.14013671875,4106.43701171875
2026-04-22 16:15:00+00:00,24367.650390625,7115.47021484375,59569.30859375,26163.240234375,10480.2197265625,24210.08984375,6420.14013671875,4106.43701171875
2026-04-22 16:30:00+00:00,24367.650390625,7115.1201171875,59569.30859375,26163.240234375,10480.2197265625,24210.08984375,6420.14013671875,4106.43701171875
2026-04-22 16:45:00+00:00,24367.650390625,7113.0,59569.30859375,26163.240234375,10480.2197265625,24210.08984375,6420.14013671875,4106.43701171875
2026-04-22 17:00:00+00:00,24367.650390625,7123.2099609375,59569.30859375,26163.240234375,10480.2197265625,24210.08984375,6420.14013671875,4106.43701171875
2026-04-22 17:15:00+00:00,24367.650390625,7124.169921875,59569.30859375,26163.240234375,10480.2197265625,24210.08984375,6420.14013671875,4106.43701171875
2026-04-22 17:30:00+00:00,24367.650390625,7126.1298828125,59569.30859375,26163.240234375,10480.2197265625,24210.08984375,6420.14013671875,4106.43701171875
2026-04-22 17:45:00+00:00,24367.650390625,7123.97998046875,59569.30859375,26163.240234375,10480.2197265625,24210.08984375,6420.14013671875,4106.43701171875
2026-04-22 18:00:00+00:00,24367.650390625,7123.81005859375,59569.30859375,26163.240234375,10480.2197265625,24210.08984375,6420.14013671875,4106.43701171875
2026-04-22 18:15:00+00:00,24367.650390625,7118.56005859375,59569.30859375,26163.240234375,10480.2197265625,24210.08984375,6420.14013671875,4106.43701171875
2026-04-22 18:30:00+00:00,24367.650390625,7122.93017578125,59569.30859375,26163.240234375,10480.2197265625,24210.08984375,6420.14013671875,4106.43701171875
2026-04-22 18:45:00+00:00,24367.650390625,7120.58984375,59569.30859375,26163.240234375,10480.2197265625,24210.08984375,6420.14013671875,4106.43701171875
2026-04-22 19:00:00+00:00,24367.650390625,7123.72021484375,59569.30859375,26163.240234375,10480.2197265625,24210.08984375,6420.14013671875,4106.43701171875
2026-04-22 19:15:00+00:00,24367.650390625,7128.93017578125,59569.30859375,26163.240234375,10480.2197265625,24210.08984375,6420.14013671875,4106.43701171875
2026-04-22 19:30:00+00:00,24367.650390625,7128.47021484375,59569.30859375,26163.240234375,10480.2197265625,24210.08984375,6420.14013671875,4106.43701171875
2026-04-22 19:45:00+00:00,24367.650390625,7137.1201171875,59569.30859375,26163.240234375,10480.2197265625,24210.08984375,6420.14013671875,4106.43701171875
2026-04-23 00:00:00+00:00,24367.650390625,7137.1201171875,59388.37890625,26163.240234375,10480.2197265625,24210.08984375,6499.0400390625,4106.43701171875
2026-04-23 00:15:00+00:00,24367.650390625,7137.1201171875,59894.21875,26163.240234375,10480.2197265625,24210.08984375,6545.68994140625,4106.43701171875
2026-04-23 00:30:00+00:00,24367.650390625,7137.1201171875,59904.83984375,26163.240234375,10480.2197265625,24210.08984375,6544.2001953125,4106.43701171875
2026-04-23 00:45:00+00:00,24367.650390625,7137.1201171875,59980.5390625,26163.240234375,10480.2197265625,24210.08984375,6551.330078125,4106.43701171875
2026-04-23 01:00:00+00:00,24367.650390625,7137.1201171875,59676.078125,26163.240234375,10480.2197265625,24210.08984375,6539.509765625,4106.43701171875
2026-04-23 01:15:00+00:00,24367.650390625,7137.1201171875,59410.12109375,26163.240234375,10480.2197265625,24210.08984375,6524.6201171875,4106.43701171875
2026-04-23 01:30:00+00:00,24367.650390625,7137.1201171875,59431.76171875,25893.73046875,10480.2197265625,24210.08984375,6508.14013671875,4101.8251953125
2026-04-23 01:45:00+00:00,24367.650390625,7137.1201171875,59181.76171875,25982.169921875,10480.2197265625,24210.08984375,6499.330078125,4095.551025390625
2026-04-23 02:00:00+00:00,24367.650390625,7137.1201171875,58961.9296875,25893.220703125,10480.2197265625,24210.08984375,6475.93017578125,4094.831298828125
2026-04-23 02:15:00+00:00,24367.650390625,7137.1201171875,58955.19921875,25921.619140625,10480.2197265625,24210.08984375,6467.10009765625,4102.1650390625
2026-04-23 02:30:00+00:00,24367.650390625,7137.1201171875,58952.109375,25915.990234375,10480.2197265625,24210.08984375,6432.2900390625,4090.80712890625
2026-04-23 02:45:00+00:00,24367.650390625,7137.1201171875,58952.109375,25933.330078125,10480.2197265625,24210.08984375,6412.10009765625,4092.705810546875
2026-04-23 03:00:00+00:00,24367.650390625,7137.1201171875,58952.109375,25891.919921875,10480.2197265625,24210.08984375,6360.58984375,4083.744873046875
2026-04-23 03:15:00+00:00,24367.650390625,7137.1201171875,58952.109375,25856.4296875,10480.2197265625,24210.08984375,6369.72021484375,4073.79541015625
2026-04-23 03:30:00+00:00,24367.650390625,7137.1201171875,58776.05859375,25883.5390625,10480.2197265625,24210.08984375,6339.27978515625,4073.714111328125
2026-04-23 03:45:00+00:00,24230.44921875,7137.1201171875,58964.9609375,25870.529296875,10480.2197265625,24210.08984375,6379.33984375,4073.714111328125
2026-04-23 04:00:00+00:00,24242.650390625,7137.1201171875,59027.5703125,25870.369140625,10480.2197265625,24210.08984375,6393.2099609375,4073.714111328125
2026-04-23 04:15:00+00:00,24287.5,7137.1201171875,58933.98828125,25870.369140625,10480.2197265625,24210.08984375,6382.5400390625,4073.714111328125
2026-04-23 04:30:00+00:00,24275.349609375,7137.1201171875,59035.9609375,25870.369140625,10480.2197265625,24210.08984375,6415.02978515625,4073.714111328125
2026-04-23 04:45:00+00:00,24261.30078125,7137.1201171875,58985.91015625,25870.369140625,10480.2197265625,24210.08984375,6433.009765625,4073.714111328125
2026-04-23 05:00:00+00:00,24220.0,7137.1201171875,59087.48046875,25884.69921875,10480.2197265625,24210.08984375,6442.419921875,4080.4033203125
2026-04-23 05:15:00+00:00,24215.349609375,7137.1201171875,59042.1484375,25904.4296875,10480.2197265625,24210.08984375,6425.85986328125,4082.854736328125
2026-04-23 05:30:00+00:00,24191.849609375,7137.1201171875,59061.46875,25900.810546875,10480.2197265625,24210.08984375,6440.39013671875,4091.3515625
2026-04-23 05:45:00+00:00,24197.75,7137.1201171875,59169.2109375,25970.4296875,10480.2197265625,24210.08984375,6469.10986328125,4099.4052734375
2026-04-23 06:00:00+00:00,24178.150390625,7137.1201171875,59222.69921875,25917.109375,10480.2197265625,24210.08984375,6469.10986328125,4087.023193359375
2026-04-23 06:15:00+00:00,24206.099609375,7137.1201171875,59174.87890625,25930.349609375,10480.2197265625,24210.08984375,6469.10986328125,4084.8564453125
2026-04-23 06:30:00+00:00,24222.5,7137.1201171875,59174.87890625,25933.990234375,10480.2197265625,24210.08984375,6469.10986328125,4094.96142578125
2026-04-23 06:45:00+00:00,24180.099609375,7137.1201171875,59174.87890625,25910.759765625,10480.2197265625,24210.08984375,6469.10986328125,4094.728759765625
2026-04-23 07:00:00+00:00,24201.650390625,7137.1201171875,59174.87890625,25907.330078125,10424.240234375,24131.41015625,6469.10986328125,4094.728759765625
2026-04-23 07:15:00+00:00,24214.69921875,7137.1201171875,59174.87890625,25917.51953125,10430.0302734375,24141.279296875,6469.10986328125,4094.728759765625
2026-04-23 07:30:00+00:00,24216.19921875,7137.1201171875,59174.87890625,25906.919921875,10438.6396484375,24176.189453125,6469.10986328125,4094.728759765625
2026-04-23 07:45:00+00:00,24271.44921875,7137.1201171875,59174.87890625,25914.859375,10433.8701171875,24167.080078125,6469.10986328125,4094.728759765625
2026-04-23 08:00:00+00:00,24213.69921875,7137.1201171875,59174.87890625,25915.19921875,10414.2197265625,24099.609375,6469.10986328125,4094.728759765625
2026-04-23 08:15:00+00:00,24241.5,7137.1201171875,59174.87890625,25915.19921875,10420.9404296875,24137.1796875,6469.10986328125,4094.728759765625
2026-04-23 08:30:00+00:00,24209.19921875,7137.1201171875,59174.87890625,25915.19921875,10398.33984375,24065.830078125,6469.10986328125,4094.728759765625
2026-04-23 08:45:00+00:00,24189.44921875,7137.1201171875,59174.87890625,25915.19921875,10391.5302734375,24054.01953125,6469.10986328125,4094.728759765625
2026-04-23 09:00:00+00:00,24162.599609375,7137.1201171875,59174.87890625,25915.19921875,10387.0,24045.380859375,6469.10986328125,4094.728759765625
2026-04-23 09:15:00+00:00,24180.849609375,7137.1201171875,59174.87890625,25915.19921875,10388.3701171875,24072.859375,6469.10986328125,4094.728759765625
2026-04-23 09:30:00+00:00,24160.0,7137.1201171875,59174.87890625,25915.19921875,10387.169921875,24074.169921875,6469.10986328125,4094.728759765625
2026-04-23 09:45:00+00:00,24156.05078125,7137.1201171875,59174.87890625,25915.19921875,10375.01953125,24041.939453125,6469.10986328125,4094.728759765625
2026-04-23 10:00:00+00:00,24156.05078125,7137.1201171875,59174.87890625,25915.19921875,10366.0595703125,24023.1796875,6469.10986328125,4094.728759765625
2026-04-23 10:15:00+00:00,24156.05078125,7137.1201171875,59174.87890625,25915.19921875,10377.580078125,24063.220703125,6469.10986328125,4094.728759765625
2026-04-23 10:30:00+00:00,24156.05078125,7137.1201171875,59174.87890625,25915.19921875,10385.58984375,24076.75,6469.10986328125,4094.728759765625
2026-04-23 10:45:00+00:00,24156.05078125,7137.1201171875,59174.87890625,25915.19921875,10402.9697265625,24116.0390625,6469.10986328125,4094.728759765625
2026-04-23 11:00:00+00:00,24156.05078125,7137.1201171875,59174.87890625,25915.19921875,10394.4501953125,24082.55078125,6469.10986328125,4094.728759765625
2026-04-23 11:15:00+00:00,24156.05078125,7137.1201171875,59174.87890625,25915.19921875,10392.9404296875,24063.880859375,6469.10986328125,4094.728759765625
2026-04-23 11:30:00+00:00,24156.05078125,7137.1201171875,59174.87890625,25915.19921875,10393.3798828125,24090.189453125,6469.10986328125,4094.728759765625
2026-04-23 11:45:00+00:00,24156.05078125,7137.1201171875,59174.87890625,25915.19921875,10412.849609375,24133.240234375,6469.10986328125,4094.728759765625
2026-04-23 12:00:00+00:00,24156.05078125,7137.1201171875,59174.87890625,25915.19921875,10428.16015625,24178.640625,6469.10986328125,4094.728759765625
2026-04-23 12:15:00+00:00,24156.05078125,7137.1201171875,59174.87890625,25915.19921875,10424.330078125,24151.33984375,6469.10986328125,4094.728759765625
2026-04-23 12:30:00+00:00,24156.05078125,7137.1201171875,59174.87890625,25915.19921875,10419.8203125,24106.740234375,6469.10986328125,4094.728759765625
2026-04-23 12:45:00+00:00,24156.05078125,7137.1201171875,59174.87890625,25915.19921875,10429.2900390625,24121.310546875,6469.10986328125,4094.728759765625
2026-04-23 13:00:00+00:00,24156.05078125,7137.1201171875,59174.87890625,25915.19921875,10425.1396484375,24101.060546875,6469.10986328125,4094.728759765625
2026-04-23 13:15:00+00:00,24156.05078125,7137.1201171875,59174.87890625,25915.19921875,10439.099609375,24131.259765625,6469.10986328125,4094.728759765625
2026-04-23 13:30:00+00:00,24156.05078125,7129.89990234375,59174.87890625,25915.19921875,10445.0595703125,24171.849609375,6469.10986328125,4094.728759765625
2026-04-23 13:45:00+00:00,24156.05078125,7125.77001953125,59174.87890625,25915.19921875,10445.6396484375,24154.76953125,6469.10986328125,4094.728759765625
2026-04-23 14:00:00+00:00,24156.05078125,7124.75,59174.87890625,25915.19921875,10456.240234375,24157.94921875,6469.10986328125,4094.728759765625
2026-04-23 14:15:00+00:00,24156.05078125,7128.740234375,59174.87890625,25915.19921875,10462.599609375,24168.919921875,6469.10986328125,4094.728759765625
2026-04-23 14:30:00+00:00,24156.05078125,7133.68017578125,59174.87890625,25915.19921875,10464.51953125,24174.169921875,6469.10986328125,4094.728759765625
2026-04-23 14:45:00+00:00,24156.05078125,7141.64990234375,59174.87890625,25915.19921875,10468.0498046875,24198.169921875,6469.10986328125,4094.728759765625
2026-04-23 15:00:00+00:00,24156.05078125,7140.81982421875,59174.87890625,25915.19921875,10461.6796875,24156.359375,6469.10986328125,4094.728759765625
2026-04-23 15:15:00+00:00,24156.05078125,7143.6201171875,59174.87890625,25915.19921875,10468.349609375,24181.130859375,6469.10986328125,4094.728759765625
2026-04-23 15:30:00+00:00,24156.05078125,7139.91015625,59174.87890625,25915.19921875,10468.349609375,24181.130859375,6469.10986328125,4094.728759765625
2026-04-23 15:45:00+00:00,24156.05078125,7135.35986328125,59174.87890625,25915.19921875,10468.349609375,24181.130859375,6469.10986328125,4094.728759765625
2026-04-23 16:00:00+00:00,24156.05078125,7133.22021484375,59174.87890625,25915.19921875,10468.349609375,24181.130859375,6469.10986328125,4094.728759765625
2026-04-23 16:15:00+00:00,24156.05078125,7130.9501953125,59174.87890625,25915.19921875,10468.349609375,24181.130859375,6469.10986328125,4094.728759765625
2026-04-23 16:30:00+00:00,24156.05078125,7133.0,59174.87890625,25915.19921875,10468.349609375,24181.130859375,6469.10986328125,4094.728759765625
2026-04-23 16:45:00+00:00,24156.05078125,7132.35009765625,59174.87890625,25915.19921875,10468.349609375,24181.130859375,6469.10986328125,4094.728759765625
2026-04-23 17:00:00+00:00,24156.05078125,7100.60986328125,59174.87890625,25915.19921875,10468.349609375,24181.130859375,6469.10986328125,4094.728759765625
2026-04-23 17:15:00+00:00,24156.05078125,7084.35009765625,59174.87890625,25915.19921875,10468.349609375,24181.130859375,6469.10986328125,4094.728759765625
2026-04-23 17:30:00+00:00,24156.05078125,7060.2001953125,59174.87890625,25915.19921875,10468.349609375,24181.130859375,6469.10986328125,4094.728759765625
2026-04-23 17:45:00+00:00,24156.05078125,7090.5400390625,59174.87890625,25915.19921875,10468.349609375,24181.130859375,6469.10986328125,4094.728759765625
2026-04-23 18:00:00+00:00,24156.05078125,7101.3798828125,59174.87890625,25915.19921875,10468.349609375,24181.130859375,6469.10986328125,4094.728759765625
2026-04-23 18:15:00+00:00,24156.05078125,7109.06982421875,59174.87890625,25915.19921875,10468.349609375,24181.130859375,6469.10986328125,4094.728759765625
2026-04-23 18:30:00+00:00,24156.05078125,7110.330078125,59174.87890625,25915.19921875,10468.349609375,24181.130859375,6469.10986328125,4094.728759765625
2026-04-23 18:45:00+00:00,24156.05078125,7094.77001953125,59174.87890625,25915.19921875,10468.349609375,24181.130859375,6469.10986328125,4094.728759765625
2026-04-23 19:00:00+00:00,24156.05078125,7105.39013671875,59174.87890625,25915.19921875,10468.349609375,24181.130859375,6469.10986328125,4094.728759765625
2026-04-23 19:15:00+00:00,24156.05078125,7107.81982421875,59174.87890625,25915.19921875,10468.349609375,24181.130859375,6469.10986328125,4094.728759765625
2026-04-23 19:30:00+00:00,24156.05078125,7097.14990234375,59174.87890625,25915.19921875,10468.349609375,24181.130859375,6469.10986328125,4094.728759765625
2026-04-23 19:45:00+00:00,24156.05078125,7108.0400390625,59174.87890625,25915.19921875,10468.349609375,24181.130859375,6469.10986328125,4094.728759765625
2026-04-24 00:00:00+00:00,24156.05078125,7108.0400390625,59561.4609375,25915.19921875,10468.349609375,24181.130859375,6464.47998046875,4094.728759765625
2026-04-24 00:15:00+00:00,24156.05078125,7108.0400390625,59612.5703125,25915.19921875,10468.349609375,24181.130859375,6477.81005859375,4094.728759765625
2026-04-24 00:30:00+00:00,24156.05078125,7108.0400390625,59494.3203125,25915.19921875,10468.349609375,24181.130859375,6464.56005859375,4094.728759765625
2026-04-24 00:45:00+00:00,24156.05078125,7108.0400390625,59507.08984375,25915.19921875,10468.349609375,24181.130859375,6466.240234375,4094.728759765625
2026-04-24 01:00:00+00:00,24156.05078125,7108.0400390625,59381.26953125,25915.19921875,10468.349609375,24181.130859375,6470.31982421875,4094.728759765625
2026-04-24 01:15:00+00:00,24156.05078125,7108.0400390625,59543.671875,25915.19921875,10468.349609375,24181.130859375,6471.25,4094.728759765625
2026-04-24 01:30:00+00:00,24156.05078125,7108.0400390625,59444.16015625,25689.560546875,10468.349609375,24181.130859375,6462.77001953125,4068.428466796875
2026-04-24 01:45:00+00:00,24156.05078125,7108.0400390625,59538.30859375,25681.509765625,10468.349609375,24181.130859375,6487.990234375,4069.822021484375
2026-04-24 02:00:00+00:00,24156.05078125,7108.0400390625,59413.53125,25735.720703125,10468.349609375,24181.130859375,6465.6201171875,4071.82275390625
2026-04-24 02:15:00+00:00,24156.05078125,7108.0400390625,59338.62109375,25718.439453125,10468.349609375,24181.130859375,6451.83984375,4067.83203125
2026-04-24 02:30:00+00:00,24156.05078125,7108.0400390625,59343.3984375,25769.7890625,10468.349609375,24181.130859375,6460.93994140625,4074.034912109375
2026-04-24 02:45:00+00:00,24156.05078125,7108.0400390625,59343.3984375,25784.390625,10468.349609375,24181.130859375,6456.52001953125,4073.9501953125
2026-04-24 03:00:00+00:00,24156.05078125,7108.0400390625,59343.3984375,25802.33984375,10468.349609375,24181.130859375,6454.43017578125,4061.72216796875
2026-04-24 03:15:00+00:00,24156.05078125,7108.0400390625,59343.3984375,25786.240234375,10468.349609375,24181.130859375,6456.10009765625,4069.736328125
2026-04-24 03:30:00+00:00,24156.05078125,7108.0400390625,59316.58984375,25810.990234375,10468.349609375,24181.130859375,6435.85009765625,4069.37060546875
2026-04-24 03:45:00+00:00,24058.099609375,7108.0400390625,59374.83984375,25863.490234375,10468.349609375,24181.130859375,6416.85986328125,4069.37060546875
2026-04-24 04:00:00+00:00,23984.25,7108.0400390625,59544.51953125,25862.609375,10468.349609375,24181.130859375,6443.43994140625,4069.37060546875
2026-04-24 04:15:00+00:00,23955.0,7108.0400390625,59502.44140625,25862.609375,10468.349609375,24181.130859375,6443.0498046875,4069.37060546875
2026-04-24 04:30:00+00:00,23992.849609375,7108.0400390625,59515.6484375,25862.609375,10468.349609375,24181.130859375,6460.66015625,4069.37060546875
2026-04-24 04:45:00+00:00,23957.69921875,7108.0400390625,59604.5703125,25862.609375,10468.349609375,24181.130859375,6462.8798828125,4069.37060546875
2026-04-24 05:00:00+00:00,23933.650390625,7108.0400390625,59628.87109375,25896.48046875,10468.349609375,24181.130859375,6455.7001953125,4067.181884765625
2026-04-24 05:15:00+00:00,23925.400390625,7108.0400390625,59625.5703125,25874.25,10468.349609375,24181.130859375,6468.169921875,4070.1357421875
2026-04-24 05:30:00+00:00,23916.19921875,7108.0400390625,59687.51953125,25912.8203125,10468.349609375,24181.130859375,6471.4501953125,4074.96728515625
2026-04-24 05:45:00+00:00,23931.30078125,7108.0400390625,59713.0703125,25950.869140625,10468.349609375,24181.130859375,6479.1298828125,4075.354248046875
2026-04-24 06:00:00+00:00,23927.05078125,7108.0400390625,59739.30078125,25991.3203125,10468.349609375,24181.130859375,6479.1298828125,4087.5009765625
2026-04-24 06:15:00+00:00,23898.25,7108.0400390625,59730.25,25969.51953125,10468.349609375,24181.130859375,6479.1298828125,4088.423095703125
2026-04-24 06:30:00+00:00,23930.650390625,7108.0400390625,59730.25,25962.55078125,10468.349609375,24181.130859375,6479.1298828125,4085.3046875
2026-04-24 06:45:00+00:00,23881.80078125,7108.0400390625,59730.25,25959.01953125,10468.349609375,24181.130859375,6479.1298828125,4080.068603515625
2026-04-24 07:00:00+00:00,23882.099609375,7108.0400390625,59730.25,25953.509765625,10410.3203125,24147.73046875,6479.1298828125,4080.068603515625
2026-04-24 07:15:00+00:00,23904.349609375,7108.0400390625,59730.25,25983.759765625,10414.9697265625,24188.310546875,6479.1298828125,4080.068603515625
2026-04-24 07:30:00+00:00,23865.5,7108.0400390625,59730.25,25963.919921875,10413.1796875,24147.05078125,6479.1298828125,4080.068603515625
2026-04-24 07:45:00+00:00,23878.30078125,7108.0400390625,59730.25,25986.220703125,10420.1298828125,24175.98046875,6479.1298828125,4080.068603515625
2026-04-24 08:00:00+00:00,23830.400390625,7108.0400390625,59730.25,25978.0703125,10394.4404296875,24113.1796875,6479.1298828125,4080.068603515625
2026-04-24 08:15:00+00:00,23846.30078125,7108.0400390625,59730.25,25978.0703125,10391.58984375,24108.5,6479.1298828125,4080.068603515625
2026-04-24 08:30:00+00:00,23841.650390625,7108.0400390625,59730.25,25978.0703125,10380.2802734375,24067.140625,6479.1298828125,4080.068603515625
2026-04-24 08:45:00+00:00,23888.55078125,7108.0400390625,59730.25,25978.0703125,10372.0703125,24041.0390625,6479.1298828125,4080.068603515625
2026-04-24 09:00:00+00:00,23926.0,7108.0400390625,59730.25,25978.0703125,10382.599609375,24041.900390625,6479.1298828125,4080.068603515625
2026-04-24 09:15:00+00:00,23920.900390625,7108.0400390625,59730.25,25978.0703125,10375.990234375,24001.310546875,6479.1298828125,4080.068603515625
2026-04-24 09:30:00+00:00,23895.44921875,7108.0400390625,59730.25,25978.0703125,10386.8603515625,24049.220703125,6479.1298828125,4080.068603515625
2026-04-24 09:45:00+00:00,23903.94921875,7108.0400390625,59730.25,25978.0703125,10384.5498046875,24034.58984375,6479.1298828125,4080.068603515625
2026-04-24 10:00:00+00:00,23903.94921875,7108.0400390625,59730.25,25978.0703125,10386.9697265625,24071.44921875,6479.1298828125,4080.068603515625
2026-04-24 10:15:00+00:00,23903.94921875,7108.0400390625,59730.25,25978.0703125,10394.48046875,24082.390625,6479.1298828125,4080.068603515625
2026-04-24 10:30:00+00:00,23903.94921875,7108.0400390625,59730.25,25978.0703125,10399.2099609375,24084.060546875,6479.1298828125,4080.068603515625
2026-04-24 10:45:00+00:00,23903.94921875,7108.0400390625,59730.25,25978.0703125,10395.08984375,24078.55078125,6479.1298828125,4080.068603515625
2026-04-24 11:00:00+00:00,23903.94921875,7108.0400390625,59730.25,25978.0703125,10422.5400390625,24220.91015625,6479.1298828125,4080.068603515625
2026-04-24 11:15:00+00:00,23903.94921875,7108.0400390625,59730.25,25978.0703125,10444.349609375,24314.189453125,6479.1298828125,4080.068603515625
2026-04-24 11:30:00+00:00,23903.94921875,7108.0400390625,59730.25,25978.0703125,10424.08984375,24204.439453125,6479.1298828125,4080.068603515625
2026-04-24 11:45:00+00:00,23903.94921875,7108.0400390625,59730.25,25978.0703125,10426.490234375,24209.5390625,6479.1298828125,4080.068603515625
2026-04-24 12:00:00+00:00,23903.94921875,7108.0400390625,59730.25,25978.0703125,10434.4296875,24250.73046875,6479.1298828125,4080.068603515625
2026-04-24 12:15:00+00:00,23903.94921875,7108.0400390625,59730.25,25978.0703125,10430.509765625,24215.25,6479.1298828125,4080.068603515625
2026-04-24 12:30:00+00:00,23903.94921875,7108.0400390625,59730.25,25978.0703125,10407.2001953125,24137.119140625,6479.1298828125,4080.068603515625
2026-04-24 12:45:00+00:00,23903.94921875,7108.0400390625,59730.25,25978.0703125,10401.2802734375,24138.220703125,6479.1298828125,4080.068603515625
2026-04-24 13:00:00+00:00,23903.94921875,7108.0400390625,59730.25,25978.0703125,10414.1201171875,24144.869140625,6479.1298828125,4080.068603515625
2026-04-24 13:15:00+00:00,23903.94921875,7108.0400390625,59730.25,25978.0703125,10409.6796875,24155.849609375,6479.1298828125,4080.068603515625
2026-04-24 13:30:00+00:00,23903.94921875,7123.7001953125,59730.25,25978.0703125,10406.990234375,24155.26953125,6479.1298828125,4080.068603515625
2026-04-24 13:45:00+00:00,23903.94921875,7123.4501953125,59730.25,25978.0703125,10401.58984375,24120.740234375,6479.1298828125,4080.068603515625
2026-04-24 14:00:00+00:00,23903.94921875,7124.06005859375,59730.25,25978.0703125,10409.400390625,24140.119140625,6479.1298828125,4080.068603515625
2026-04-24 14:15:00+00:00,23903.94921875,7121.080078125,59730.25,25978.0703125,10405.25,24128.51953125,6479.1298828125,4080.068603515625
2026-04-24 14:30:00+00:00,23903.94921875,7133.5400390625,59730.25,25978.0703125,10400.830078125,24172.91015625,6479.1298828125,4080.068603515625
2026-04-24 14:45:00+00:00,23903.94921875,7138.0498046875,59730.25,25978.0703125,10399.0498046875,24154.509765625,6479.1298828125,4080.068603515625
2026-04-24 15:00:00+00:00,23903.94921875,7141.009765625,59730.25,25978.0703125,10398.25,24141.58984375,6479.1298828125,4080.068603515625
2026-04-24 15:15:00+00:00,23903.94921875,7142.31005859375,59730.25,25978.0703125,10387.9599609375,24139.94921875,6479.1298828125,4080.068603515625
2026-04-24 15:30:00+00:00,23903.94921875,7156.18017578125,59730.25,25978.0703125,10387.9599609375,24139.94921875,6479.1298828125,4080.068603515625
2026-04-24 15:45:00+00:00,23903.94921875,7161.89990234375,59730.25,25978.0703125,10387.9599609375,24139.94921875,6479.1298828125,4080.068603515625
2026-04-24 16:00:00+00:00,23903.94921875,7157.72021484375,59730.25,25978.0703125,10387.9599609375,24139.94921875,6479.1298828125,4080.068603515625
2026-04-24 16:15:00+00:00,23903.94921875,7156.56982421875,59730.25,25978.0703125,10387.9599609375,24139.94921875,6479.1298828125,4080.068603515625
2026-04-24 16:30:00+00:00,23903.94921875,7154.830078125,59730.25,25978.0703125,10387.9599609375,24139.94921875,6479.1298828125,4080.068603515625
2026-04-24 16:45:00+00:00,23903.94921875,7159.93017578125,59730.25,25978.0703125,10387.9599609375,24139.94921875,6479.1298828125,4080.068603515625
2026-04-24 17:00:00+00:00,23903.94921875,7157.5400390625,59730.25,25978.0703125,10387.9599609375,24139.94921875,6479.1298828125,4080.068603515625
2026-04-24 17:15:00+00:00,23903.94921875,7153.8798828125,59730.25,25978.0703125,10387.9599609375,24139.94921875,6479.1298828125,4080.068603515625
2026-04-24 17:30:00+00:00,23903.94921875,7159.27001953125,59730.25,25978.0703125,10387.9599609375,24139.94921875,6479.1298828125,4080.068603515625
2026-04-24 17:45:00+00:00,23903.94921875,7160.580078125,59730.25,25978.0703125,10387.9599609375,24139.94921875,6479.1298828125,4080.068603515625
2026-04-24 18:00:00+00:00,23903.94921875,7158.64013671875,59730.25,25978.0703125,10387.9599609375,24139.94921875,6479.1298828125,4080.068603515625
2026-04-24 18:15:00+00:00,23903.94921875,7153.9501953125,59730.25,25978.0703125,10387.9599609375,24139.94921875,6479.1298828125,4080.068603515625
2026-04-24 18:30:00+00:00,23903.94921875,7157.33984375,59730.25,25978.0703125,10387.9599609375,24139.94921875,6479.1298828125,4080.068603515625
2026-04-24 18:45:00+00:00,23903.94921875,7159.60986328125,59730.25,25978.0703125,10387.9599609375,24139.94921875,6479.1298828125,4080.068603515625
2026-04-24 19:00:00+00:00,23903.94921875,7166.490234375,59730.25,25978.0703125,10387.9599609375,24139.94921875,6479.1298828125,4080.068603515625
2026-04-24 19:15:00+00:00,23903.94921875,7161.68017578125,59730.25,25978.0703125,10387.9599609375,24139.94921875,6479.1298828125,4080.068603515625
2026-04-24 19:30:00+00:00,23903.94921875,7161.64013671875,59730.25,25978.0703125,10387.9599609375,24139.94921875,6479.1298828125,4080.068603515625
2026-04-24 19:45:00+00:00,23903.94921875,7164.2900390625,59730.25,25978.0703125,10387.9599609375,24139.94921875,6479.1298828125,4080.068603515625
2026-04-27 00:00:00+00:00,23903.94921875,7164.2900390625,59829.44921875,25978.0703125,10387.9599609375,24139.94921875,6546.64013671875,4080.068603515625
2026-04-27 00:15:00+00:00,23903.94921875,7164.2900390625,59691.2109375,25978.0703125,10387.9599609375,24139.94921875,6561.52978515625,4080.068603515625
2026-04-27 00:30:00+00:00,23903.94921875,7164.2900390625,59871.05859375,25978.0703125,10387.9599609375,24139.94921875,6563.25,4080.068603515625
2026-04-27 00:45:00+00:00,23903.94921875,7164.2900390625,60093.62890625,25978.0703125,10387.9599609375,24139.94921875,6580.77978515625,4080.068603515625
2026-04-27 01:00:00+00:00,23903.94921875,7164.2900390625,60138.33984375,25978.0703125,10387.9599609375,24139.94921875,6587.9599609375,4080.068603515625
2026-04-27 01:15:00+00:00,23903.94921875,7164.2900390625,60419.83984375,25978.0703125,10387.9599609375,24139.94921875,6582.0498046875,4080.068603515625
2026-04-27 01:30:00+00:00,23903.94921875,7164.2900390625,60454.55078125,25993.44921875,10387.9599609375,24139.94921875,6595.64990234375,4075.5859375
2026-04-27 01:45:00+00:00,23903.94921875,7164.2900390625,60549.828125,26050.880859375,10387.9599609375,24139.94921875,6601.7001953125,4081.968017578125
2026-04-27 02:00:00+00:00,23903.94921875,7164.2900390625,60612.69140625,25952.41015625,10387.9599609375,24139.94921875,6614.47021484375,4087.06884765625
2026-04-27 02:15:00+00:00,23903.94921875,7164.2900390625,60581.48046875,25965.890625,10387.9599609375,24139.94921875,6615.81982421875,4088.289794921875
2026-04-27 02:30:00+00:00,23903.94921875,7164.2900390625,60584.37109375,25986.509765625,10387.9599609375,24139.94921875,6616.14990234375,4085.58056640625
2026-04-27 02:45:00+00:00,23903.94921875,7164.2900390625,60584.37109375,25972.720703125,10387.9599609375,24139.94921875,6618.81005859375,4086.26708984375
2026-04-27 03:00:00+00:00,23903.94921875,7164.2900390625,60584.37109375,25936.609375,10387.9599609375,24139.94921875,6621.240234375,4084.60791015625
2026-04-27 03:15:00+00:00,23903.94921875,7164.2900390625,60584.37109375,25969.099609375,10387.9599609375,24139.94921875,6623.16015625,4085.345703125
2026-04-27 03:30:00+00:00,23903.94921875,7164.2900390625,60804.5390625,26027.490234375,10387.9599609375,24139.94921875,6624.08984375,4085.87548828125
2026-04-27 03:45:00+00:00,24042.0,7164.2900390625,60780.44921875,26016.7890625,10387.9599609375,24139.94921875,6644.85009765625,4085.87548828125
2026-04-27 04:00:00+00:00,24045.400390625,7164.2900390625,60795.0,26016.2109375,10387.9599609375,24139.94921875,6636.72998046875,4085.87548828125
2026-04-27 04:15:00+00:00,24099.05078125,7164.2900390625,60863.9296875,26016.2109375,10387.9599609375,24139.94921875,6646.43994140625,4085.87548828125
2026-04-27 04:30:00+00:00,24063.30078125,7164.2900390625,60870.8203125,26016.2109375,10387.9599609375,24139.94921875,6653.4599609375,4085.87548828125
2026-04-27 04:45:00+00:00,24058.30078125,7164.2900390625,60778.53125,26016.2109375,10387.9599609375,24139.94921875,6637.919921875,4085.87548828125
2026-04-27 05:00:00+00:00,24043.44921875,7164.2900390625,60685.21875,25946.470703125,10387.9599609375,24139.94921875,6634.31005859375,4086.155517578125
2026-04-27 05:15:00+00:00,24072.19921875,7164.2900390625,60673.19921875,25940.9296875,10387.9599609375,24139.94921875,6635.2001953125,4092.220947265625
2026-04-27 05:30:00+00:00,24056.900390625,7164.2900390625,60593.609375,25895.169921875,10387.9599609375,24139.94921875,6611.64013671875,4083.038818359375
2026-04-27 05:45:00+00:00,24030.94921875,7164.2900390625,60449.859375,25898.390625,10387.9599609375,24139.94921875,6601.93994140625,4083.051513671875
2026-04-27 06:00:00+00:00,23998.650390625,7164.2900390625,60468.69921875,25899.369140625,10387.9599609375,24139.94921875,6601.93994140625,4083.326904296875
2026-04-27 06:15:00+00:00,24037.19921875,7164.2900390625,60560.9296875,25888.439453125,10387.9599609375,24139.94921875,6601.93994140625,4083.1982421875
2026-04-27 06:30:00+00:00,24040.5,7164.2900390625,60560.9296875,25910.580078125,10387.9599609375,24139.94921875,6601.93994140625,4084.642822265625
2026-04-27 06:45:00+00:00,24059.0,7164.2900390625,60560.9296875,25913.4609375,10387.9599609375,24139.94921875,6601.93994140625,4088.082763671875
2026-04-27 07:00:00+00:00,24075.69921875,7164.2900390625,60560.9296875,25917.25,10378.0400390625,24221.380859375,6601.93994140625,4088.082763671875
2026-04-27 07:15:00+00:00,24071.5,7164.2900390625,60560.9296875,25935.3203125,10373.759765625,24191.900390625,6601.93994140625,4088.082763671875
2026-04-27 07:30:00+00:00,24099.75,7164.2900390625,60560.9296875,25927.599609375,10376.51953125,24185.939453125,6601.93994140625,4088.082763671875
2026-04-27 07:45:00+00:00,24107.5,7164.2900390625,60560.9296875,25963.4609375,10363.7197265625,24166.76953125,6601.93994140625,4088.082763671875
2026-04-27 08:00:00+00:00,24116.25,7164.2900390625,60560.9296875,25925.650390625,10353.25,24152.919921875,6601.93994140625,4088.082763671875
2026-04-27 08:15:00+00:00,24114.25,7164.2900390625,60560.9296875,25925.650390625,10375.73046875,24207.1796875,6601.93994140625,4088.082763671875
2026-04-27 08:30:00+00:00,24122.19921875,7164.2900390625,60560.9296875,25925.650390625,10376.599609375,24238.830078125,6601.93994140625,4088.082763671875
2026-04-27 08:45:00+00:00,24111.19921875,7164.2900390625,60560.9296875,25925.650390625,10386.33984375,24223.580078125,6601.93994140625,4088.082763671875
2026-04-27 09:00:00+00:00,24110.650390625,7164.2900390625,60560.9296875,25925.650390625,10385.240234375,24246.119140625,6601.93994140625,4088.082763671875
2026-04-27 09:15:00+00:00,24121.94921875,7164.2900390625,60560.9296875,25925.650390625,10379.51953125,24239.380859375,6601.93994140625,4088.082763671875
2026-04-27 09:30:00+00:00,24094.30078125,7164.2900390625,60560.9296875,25925.650390625,10385.919921875,24271.919921875,6601.93994140625,4088.082763671875
2026-04-27 09:45:00+00:00,24110.19921875,7164.2900390625,60560.9296875,25925.650390625,10391.9501953125,24273.990234375,6601.93994140625,4088.082763671875
2026-04-27 10:00:00+00:00,24110.19921875,7164.2900390625,60560.9296875,25925.650390625,10390.8896484375,24270.16015625,6601.93994140625,4088.082763671875
2026-04-27 10:15:00+00:00,24110.19921875,7164.2900390625,60560.9296875,25925.650390625,10392.2900390625,24277.25,6601.93994140625,4088.082763671875
2026-04-27 10:30:00+00:00,24110.19921875,7164.2900390625,60560.9296875,25925.650390625,10401.080078125,24317.5703125,6601.93994140625,4088.082763671875
2026-04-27 10:45:00+00:00,24110.19921875,7164.2900390625,60560.9296875,25925.650390625,10397.5,24334.009765625,6601.93994140625,4088.082763671875
2026-04-27 11:00:00+00:00,24110.19921875,7164.2900390625,60560.9296875,25925.650390625,10396.9404296875,24332.8203125,6601.93994140625,4088.082763671875
2026-04-27 11:15:00+00:00,24110.19921875,7164.2900390625,60560.9296875,25925.650390625,10405.400390625,24366.2109375,6601.93994140625,4088.082763671875
2026-04-27 11:30:00+00:00,24110.19921875,7164.2900390625,60560.9296875,25925.650390625,10406.8095703125,24362.529296875,6601.93994140625,4088.082763671875
2026-04-27 11:45:00+00:00,24110.19921875,7164.2900390625,60560.9296875,25925.650390625,10401.1904296875,24333.080078125,6601.93994140625,4088.082763671875
2026-04-27 12:00:00+00:00,24110.19921875,7164.2900390625,60560.9296875,25925.650390625,10382.01953125,24314.890625,6601.93994140625,4088.082763671875
2026-04-27 12:15:00+00:00,24110.19921875,7164.2900390625,60560.9296875,25925.650390625,10364.5703125,24278.5703125,6601.93994140625,4088.082763671875
2026-04-27 12:30:00+00:00,24110.19921875,7164.2900390625,60560.9296875,25925.650390625,10360.1796875,24266.279296875,6601.93994140625,4088.082763671875
2026-04-27 12:45:00+00:00,24110.19921875,7164.2900390625,60560.9296875,25925.650390625,10338.23046875,24201.5390625,6601.93994140625,4088.082763671875
2026-04-27 13:00:00+00:00,24110.19921875,7164.2900390625,60560.9296875,25925.650390625,10335.4599609375,24158.1796875,6601.93994140625,4088.082763671875
2026-04-27 13:15:00+00:00,24110.19921875,7164.2900390625,60560.9296875,25925.650390625,10344.490234375,24202.009765625,6601.93994140625,4088.082763671875
2026-04-27 13:30:00+00:00,24110.19921875,7160.25,60560.9296875,25925.650390625,10363.2998046875,24178.16015625,6601.93994140625,4088.082763671875
2026-04-27 13:45:00+00:00,24110.19921875,7164.93017578125,60560.9296875,25925.650390625,10367.73046875,24187.0,6601.93994140625,4088.082763671875
2026-04-27 14:00:00+00:00,24110.19921875,7162.18017578125,60560.9296875,25925.650390625,10357.4501953125,24154.490234375,6601.93994140625,4088.082763671875
2026-04-27 14:15:00+00:00,24110.19921875,7157.5498046875,60560.9296875,25925.650390625,10343.1103515625,24166.05078125,6601.93994140625,4088.082763671875
2026-04-27 14:30:00+00:00,24110.19921875,7163.490234375,60560.9296875,25925.650390625,10341.4501953125,24145.650390625,6601.93994140625,4088.082763671875
2026-04-27 14:45:00+00:00,24110.19921875,7159.97021484375,60560.9296875,25925.650390625,10328.009765625,24092.740234375,6601.93994140625,4088.082763671875
2026-04-27 15:00:00+00:00,24110.19921875,7152.16015625,60560.9296875,25925.650390625,10325.580078125,24083.470703125,6601.93994140625,4088.082763671875
2026-04-27 15:15:00+00:00,24110.19921875,7152.9599609375,60560.9296875,25925.650390625,10331.0703125,24093.140625,6601.93994140625,4088.082763671875
2026-04-27 15:30:00+00:00,24110.19921875,7155.9599609375,60560.9296875,25925.650390625,10331.0703125,24093.140625,6601.93994140625,4088.082763671875
2026-04-27 15:45:00+00:00,24110.19921875,7157.14013671875,60560.9296875,25925.650390625,10331.0703125,24093.140625,6601.93994140625,4088.082763671875
2026-04-27 16:00:00+00:00,24110.19921875,7163.08984375,60560.9296875,25925.650390625,10331.0703125,24093.140625,6601.93994140625,4088.082763671875
2026-04-27 16:15:00+00:00,24110.19921875,7162.419921875,60560.9296875,25925.650390625,10331.0703125,24093.140625,6601.93994140625,4088.082763671875
2026-04-27 16:30:00+00:00,24110.19921875,7165.14013671875,60560.9296875,25925.650390625,10331.0703125,24093.140625,6601.93994140625,4088.082763671875
2026-04-27 16:45:00+00:00,24110.19921875,7165.330078125,60560.9296875,25925.650390625,10331.0703125,24093.140625,6601.93994140625,4088.082763671875
2026-04-27 17:00:00+00:00,24110.19921875,7167.47021484375,60560.9296875,25925.650390625,10331.0703125,24093.140625,6601.93994140625,4088.082763671875
2026-04-27 17:15:00+00:00,24110.19921875,7169.81005859375,60560.9296875,25925.650390625,10331.0703125,24093.140625,6601.93994140625,4088.082763671875
2026-04-27 17:30:00+00:00,24110.19921875,7171.89990234375,60560.9296875,25925.650390625,10331.0703125,24093.140625,6601.93994140625,4088.082763671875
2026-04-27 17:45:00+00:00,24110.19921875,7172.60986328125,60560.9296875,25925.650390625,10331.0703125,24093.140625,6601.93994140625,4088.082763671875
2026-04-27 18:00:00+00:00,24110.19921875,7174.5400390625,60560.9296875,25925.650390625,10331.0703125,24093.140625,6601.93994140625,4088.082763671875
2026-04-27 18:15:00+00:00,24110.19921875,7174.6201171875,60560.9296875,25925.650390625,10331.0703125,24093.140625,6601.93994140625,4088.082763671875
2026-04-27 18:30:00+00:00,24110.19921875,7172.72021484375,60560.9296875,25925.650390625,10331.0703125,24093.140625,6601.93994140625,4088.082763671875
2026-04-27 18:45:00+00:00,24110.19921875,7172.259765625,60560.9296875,25925.650390625,10331.0703125,24093.140625,6601.93994140625,4088.082763671875
2026-04-27 19:00:00+00:00,24110.19921875,7173.31005859375,60560.9296875,25925.650390625,10331.0703125,24093.140625,6601.93994140625,4088.082763671875
2026-04-27 19:15:00+00:00,24110.19921875,7174.7900390625,60560.9296875,25925.650390625,10331.0703125,24093.140625,6601.93994140625,4088.082763671875
2026-04-27 19:30:00+00:00,24110.19921875,7175.080078125,60560.9296875,25925.650390625,10331.0703125,24093.140625,6601.93994140625,4088.082763671875
2026-04-27 19:45:00+00:00,24110.19921875,7174.009765625,60560.9296875,25925.650390625,10331.0703125,24093.140625,6601.93994140625,4088.082763671875
2026-04-28 00:00:00+00:00,24110.19921875,7174.009765625,60300.640625,25925.650390625,10331.0703125,24093.140625,6658.91015625,4088.082763671875
2026-04-28 00:15:00+00:00,24110.19921875,7174.009765625,60145.9296875,25925.650390625,10331.0703125,24093.140625,6646.169921875,4088.082763671875
2026-04-28 00:30:00+00:00,24110.19921875,7174.009765625,60345.1796875,25925.650390625,10331.0703125,24093.140625,6679.1201171875,4088.082763671875
2026-04-28 00:45:00+00:00,24110.19921875,7174.009765625,60316.4609375,25925.650390625,10331.0703125,24093.140625,6695.1298828125,4088.082763671875
2026-04-28 01:00:00+00:00,24110.19921875,7174.009765625,60246.671875,25925.650390625,10331.0703125,24093.140625,6712.02978515625,4088.082763671875
2026-04-28 01:15:00+00:00,24110.19921875,7174.009765625,60228.28125,25925.650390625,10331.0703125,24093.140625,6703.77001953125,4088.082763671875
2026-04-28 01:30:00+00:00,24110.19921875,7174.009765625,60267.359375,25859.849609375,10331.0703125,24093.140625,6699.2001953125,4083.5458984375
2026-04-28 01:45:00+00:00,24110.19921875,7174.009765625,60211.8515625,25840.150390625,10331.0703125,24093.140625,6660.60986328125,4083.506103515625
2026-04-28 02:00:00+00:00,24110.19921875,7174.009765625,60247.76171875,25882.419921875,10331.0703125,24093.140625,6656.7001953125,4082.19091796875
2026-04-28 02:15:00+00:00,24110.19921875,7174.009765625,60245.51171875,25811.640625,10331.0703125,24093.140625,6677.22021484375,4082.2578125
2026-04-28 02:30:00+00:00,24110.19921875,7174.009765625,60238.2109375,25773.98046875,10331.0703125,24093.140625,6662.27978515625,4080.13232421875
2026-04-28 02:45:00+00:00,24110.19921875,7174.009765625,60238.2109375,25756.869140625,10331.0703125,24093.140625,6646.2001953125,4075.98388671875
2026-04-28 03:00:00+00:00,24110.19921875,7174.009765625,60238.2109375,25767.05078125,10331.0703125,24093.140625,6665.89013671875,4077.080078125
2026-04-28 03:15:00+00:00,24110.19921875,7174.009765625,60238.2109375,25786.650390625,10331.0703125,24093.140625,6677.91015625,4084.70458984375
2026-04-28 03:30:00+00:00,24110.19921875,7174.009765625,59996.83984375,25747.4296875,10331.0703125,24093.140625,6681.009765625,4083.471435546875
2026-04-28 03:45:00+00:00,24115.349609375,7174.009765625,59958.0390625,25754.19921875,10331.0703125,24093.140625,6677.0400390625,4083.471435546875
2026-04-28 04:00:00+00:00,24128.30078125,7174.009765625,59902.48046875,25752.599609375,10331.0703125,24093.140625,6685.52001953125,4083.471435546875
2026-04-28 04:15:00+00:00,24155.30078125,7174.009765625,59939.58984375,25752.599609375,10331.0703125,24093.140625,6686.25,4083.471435546875
2026-04-28 04:30:00+00:00,24148.30078125,7174.009765625,59973.7890625,25752.599609375,10331.0703125,24093.140625,6680.740234375,4083.471435546875
2026-04-28 04:45:00+00:00,24166.80078125,7174.009765625,59969.73828125,25752.599609375,10331.0703125,24093.140625,6676.14990234375,4083.471435546875
2026-04-28 05:00:00+00:00,24134.849609375,7174.009765625,59875.0,25676.75,10331.0703125,24093.140625,6664.509765625,4076.295654296875
2026-04-28 05:15:00+00:00,24167.80078125,7174.009765625,59862.71875,25664.330078125,10331.0703125,24093.140625,6655.9501953125,4077.01611328125
2026-04-28 05:30:00+00:00,24148.0,7174.009765625,59789.8203125,25670.509765625,10331.0703125,24093.140625,6650.39013671875,4068.333984375
2026-04-28 05:45:00+00:00,24058.0,7174.009765625,59841.80078125,25660.259765625,10331.0703125,24093.140625,6651.60009765625,4071.406005859375
2026-04-28 06:00:00+00:00,24085.400390625,7174.009765625,59795.1796875,25669.880859375,10331.0703125,24093.140625,6651.60009765625,4078.720947265625
2026-04-28 06:15:00+00:00,24056.0,7174.009765625,59832.578125,25621.189453125,10331.0703125,24093.140625,6651.60009765625,4067.5234375
2026-04-28 06:30:00+00:00,24048.25,7174.009765625,59832.578125,25645.310546875,10331.0703125,24093.140625,6651.60009765625,4074.187255859375
2026-04-28 06:45:00+00:00,24012.44921875,7174.009765625,59832.578125,25691.73046875,10331.0703125,24093.140625,6651.60009765625,4078.035400390625
2026-04-28 07:00:00+00:00,24029.849609375,7174.009765625,59832.578125,25706.609375,10309.76953125,24003.01953125,6651.60009765625,4078.035400390625
2026-04-28 07:15:00+00:00,24007.349609375,7174.009765625,59832.578125,25680.349609375,10324.9599609375,24023.130859375,6651.60009765625,4078.035400390625
2026-04-28 07:30:00+00:00,24017.599609375,7174.009765625,59832.578125,25687.330078125,10348.5703125,24092.580078125,6651.60009765625,4078.035400390625
2026-04-28 07:45:00+00:00,24019.44921875,7174.009765625,59832.578125,25697.2109375,10348.2099609375,24115.9296875,6651.60009765625,4078.035400390625
2026-04-28 08:00:00+00:00,24002.650390625,7174.009765625,59832.578125,25679.779296875,10330.0302734375,24050.30078125,6651.60009765625,4078.035400390625
2026-04-28 08:15:00+00:00,24010.55078125,7174.009765625,59832.578125,25679.779296875,10349.599609375,24129.859375,6651.60009765625,4078.035400390625
2026-04-28 08:30:00+00:00,23981.94921875,7174.009765625,59832.578125,25679.779296875,10342.01953125,24120.869140625,6651.60009765625,4078.035400390625
2026-04-28 08:45:00+00:00,23997.400390625,7174.009765625,59832.578125,25679.779296875,10347.5595703125,24131.810546875,6651.60009765625,4078.035400390625
2026-04-28 09:00:00+00:00,24032.19921875,7174.009765625,59832.578125,25679.779296875,10363.8095703125,24132.91015625,6651.60009765625,4078.035400390625
2026-04-28 09:15:00+00:00,24039.150390625,7174.009765625,59832.578125,25679.779296875,10370.6796875,24140.529296875,6651.60009765625,4078.035400390625
2026-04-28 09:30:00+00:00,23972.44921875,7174.009765625,59832.578125,25679.779296875,10369.150390625,24123.900390625,6651.60009765625,4078.035400390625
2026-04-28 09:45:00+00:00,24016.5,7174.009765625,59832.578125,25679.779296875,10364.7099609375,24111.76953125,6651.60009765625,4078.035400390625
2026-04-28 10:00:00+00:00,24016.5,7174.009765625,59832.578125,25679.779296875,10362.419921875,24106.939453125,6651.60009765625,4078.035400390625
2026-04-28 10:15:00+00:00,24016.5,7174.009765625,59832.578125,25679.779296875,10366.599609375,24115.58984375,6651.60009765625,4078.035400390625
2026-04-28 10:30:00+00:00,24016.5,7174.009765625,59832.578125,25679.779296875,10367.8896484375,24115.0,6651.60009765625,4078.035400390625
2026-04-28 10:45:00+00:00,24016.5,7174.009765625,59832.578125,25679.779296875,10375.3095703125,24141.75,6651.60009765625,4078.035400390625
2026-04-28 11:00:00+00:00,24016.5,7174.009765625,59832.578125,25679.779296875,10359.2802734375,24084.0703125,6651.60009765625,4078.035400390625
2026-04-28 11:15:00+00:00,24016.5,7174.009765625,59832.578125,25679.779296875,10334.9404296875,24024.3203125,6651.60009765625,4078.035400390625
2026-04-28 11:30:00+00:00,24016.5,7174.009765625,59832.578125,25679.779296875,10325.5595703125,24002.619140625,6651.60009765625,4078.035400390625
2026-04-28 11:45:00+00:00,24016.5,7174.009765625,59832.578125,25679.779296875,10317.9404296875,23962.189453125,6651.60009765625,4078.035400390625
2026-04-28 12:00:00+00:00,24016.5,7174.009765625,59832.578125,25679.779296875,10325.83984375,23973.83984375,6651.60009765625,4078.035400390625
2026-04-28 12:15:00+00:00,24016.5,7174.009765625,59832.578125,25679.779296875,10308.5595703125,23918.779296875,6651.60009765625,4078.035400390625
2026-04-28 12:30:00+00:00,24016.5,7174.009765625,59832.578125,25679.779296875,10312.5498046875,23982.330078125,6651.60009765625,4078.035400390625
2026-04-28 12:45:00+00:00,24016.5,7174.009765625,59832.578125,25679.779296875,10329.0498046875,24059.2890625,6651.60009765625,4078.035400390625
2026-04-28 13:00:00+00:00,24016.5,7174.009765625,59832.578125,25679.779296875,10312.509765625,24002.880859375,6651.60009765625,4078.035400390625
2026-04-28 13:15:00+00:00,24016.5,7174.009765625,59832.578125,25679.779296875,10309.9501953125,24022.80078125,6651.60009765625,4078.035400390625
2026-04-28 13:30:00+00:00,24016.5,7147.58984375,59832.578125,25679.779296875,10318.0400390625,24048.650390625,6651.60009765625,4078.035400390625
2026-04-28 13:45:00+00:00,24016.5,7139.4501953125,59832.578125,25679.779296875,10307.8896484375,24030.41015625,6651.60009765625,4078.035400390625
2026-04-28 14:00:00+00:00,24016.5,7139.93017578125,59832.578125,25679.779296875,10309.330078125,24013.259765625,6651.60009765625,4078.035400390625
2026-04-28 14:15:00+00:00,24016.5,7135.1298828125,59832.578125,25679.779296875,10312.7197265625,24017.509765625,6651.60009765625,4078.035400390625
2026-04-28 14:30:00+00:00,24016.5,7127.60986328125,59832.578125,25679.779296875,10299.650390625,23984.669921875,6651.60009765625,4078.035400390625
2026-04-28 14:45:00+00:00,24016.5,7127.990234375,59832.578125,25679.779296875,10310.25,24019.130859375,6651.60009765625,4078.035400390625
2026-04-28 15:00:00+00:00,24016.5,7130.10009765625,59832.578125,25679.779296875,10326.8798828125,24042.7109375,6651.60009765625,4078.035400390625
2026-04-28 15:15:00+00:00,24016.5,7122.06982421875,59832.578125,25679.779296875,10332.5703125,24041.240234375,6651.60009765625,4078.035400390625
2026-04-28 15:30:00+00:00,24016.5,7120.97998046875,59832.578125,25679.779296875,10332.5703125,24041.240234375,6651.60009765625,4078.035400390625
2026-04-28 15:45:00+00:00,24016.5,7122.7099609375,59832.578125,25679.779296875,10332.5703125,24041.240234375,6651.60009765625,4078.035400390625
2026-04-28 16:00:00+00:00,24016.5,7127.6298828125,59832.578125,25679.779296875,10332.5703125,24041.240234375,6651.60009765625,4078.035400390625
2026-04-28 16:15:00+00:00,24016.5,7126.72998046875,59832.578125,25679.779296875,10332.5703125,24041.240234375,6651.60009765625,4078.035400390625
2026-04-28 16:30:00+00:00,24016.5,7118.64013671875,59832.578125,25679.779296875,10332.5703125,24041.240234375,6651.60009765625,4078.035400390625
2026-04-28 16:45:00+00:00,24016.5,7124.830078125,59832.578125,25679.779296875,10332.5703125,24041.240234375,6651.60009765625,4078.035400390625
2026-04-28 17:00:00+00:00,24016.5,7122.7001953125,59832.578125,25679.779296875,10332.5703125,24041.240234375,6651.60009765625,4078.035400390625
2026-04-28 17:15:00+00:00,24016.5,7124.7099609375,59832.578125,25679.779296875,10332.5703125,24041.240234375,6651.60009765625,4078.035400390625
2026-04-28 17:30:00+00:00,24016.5,7130.85986328125,59832.578125,25679.779296875,10332.5703125,24041.240234375,6651.60009765625,4078.035400390625
2026-04-28 17:45:00+00:00,24016.5,7133.56982421875,59832.578125,25679.779296875,10332.5703125,24041.240234375,6651.60009765625,4078.035400390625
2026-04-28 18:00:00+00:00,24016.5,7133.93017578125,59832.578125,25679.779296875,10332.5703125,24041.240234375,6651.60009765625,4078.035400390625
2026-04-28 18:15:00+00:00,24016.5,7137.2001953125,59832.578125,25679.779296875,10332.5703125,24041.240234375,6651.60009765625,4078.035400390625
2026-04-28 18:30:00+00:00,24016.5,7137.31005859375,59832.578125,25679.779296875,10332.5703125,24041.240234375,6651.60009765625,4078.035400390625
2026-04-28 18:45:00+00:00,24016.5,7138.68017578125,59832.578125,25679.779296875,10332.5703125,24041.240234375,6651.60009765625,4078.035400390625
2026-04-28 19:00:00+00:00,24016.5,7142.39013671875,59832.578125,25679.779296875,10332.5703125,24041.240234375,6651.60009765625,4078.035400390625
2026-04-28 19:15:00+00:00,24016.5,7139.22021484375,59832.578125,25679.779296875,10332.5703125,24041.240234375,6651.60009765625,4078.035400390625
2026-04-28 19:30:00+00:00,24016.5,7139.3701171875,59832.578125,25679.779296875,10332.5703125,24041.240234375,6651.60009765625,4078.035400390625
2026-04-28 19:45:00+00:00,24016.5,7139.240234375,59832.578125,25679.779296875,10332.5703125,24041.240234375,6651.60009765625,4078.035400390625
2026-04-29 00:00:00+00:00,24016.5,7139.240234375,59832.578125,25679.779296875,10332.5703125,24041.240234375,6633.10986328125,4078.035400390625
2026-04-29 00:15:00+00:00,24016.5,7139.240234375,59832.578125,25679.779296875,10332.5703125,24041.240234375,6629.22998046875,4078.035400390625
2026-04-29 00:30:00+00:00,24016.5,7139.240234375,59832.578125,25679.779296875,10332.5703125,24041.240234375,6664.72998046875,4078.035400390625
2026-04-29 00:45:00+00:00,24016.5,7139.240234375,59832.578125,25679.779296875,10332.5703125,24041.240234375,6639.14013671875,4078.035400390625
2026-04-29 01:00:00+00:00,24016.5,7139.240234375,59832.578125,25679.779296875,10332.5703125,24041.240234375,6609.64990234375,4078.035400390625
2026-04-29 01:15:00+00:00,24016.5,7139.240234375,59832.578125,25679.779296875,10332.5703125,24041.240234375,6614.31005859375,4078.035400390625
2026-04-29 01:30:00+00:00,24016.5,7139.240234375,59832.578125,26018.2109375,10332.5703125,24041.240234375,6638.25,4082.0
2026-04-29 01:45:00+00:00,24016.5,7139.240234375,59832.578125,25963.990234375,10332.5703125,24041.240234375,6644.41015625,4080.011474609375
2026-04-29 02:00:00+00:00,24016.5,7139.240234375,59832.578125,26008.900390625,10332.5703125,24041.240234375,6635.1298828125,4085.082275390625
2026-04-29 02:15:00+00:00,24016.5,7139.240234375,59832.578125,25982.75,10332.5703125,24041.240234375,6637.919921875,4083.63232421875
2026-04-29 02:30:00+00:00,24016.5,7139.240234375,59832.578125,25995.900390625,10332.5703125,24041.240234375,6622.7900390625,4081.945068359375
2026-04-29 02:45:00+00:00,24016.5,7139.240234375,59832.578125,25965.849609375,10332.5703125,24041.240234375,6633.81005859375,4085.586181640625
2026-04-29 03:00:00+00:00,24016.5,7139.240234375,59832.578125,26029.029296875,10332.5703125,24041.240234375,6647.10009765625,4092.657958984375
2026-04-29 03:15:00+00:00,24016.5,7139.240234375,59832.578125,26020.58984375,10332.5703125,24041.240234375,6655.580078125,4095.33984375
2026-04-29 03:30:00+00:00,24016.5,7139.240234375,59832.578125,25974.26953125,10332.5703125,24041.240234375,6653.66015625,4094.798583984375
2026-04-29 03:45:00+00:00,24111.55078125,7139.240234375,59832.578125,25991.669921875,10332.5703125,24041.240234375,6651.60009765625,4094.798583984375
2026-04-29 04:00:00+00:00,24141.349609375,7139.240234375,59832.578125,26010.619140625,10332.5703125,24041.240234375,6674.97021484375,4094.798583984375
2026-04-29 04:15:00+00:00,24173.19921875,7139.240234375,59832.578125,26010.619140625,10332.5703125,24041.240234375,6692.1298828125,4094.798583984375
2026-04-29 04:30:00+00:00,24233.80078125,7139.240234375,59832.578125,26010.619140625,10332.5703125,24041.240234375,6689.580078125,4094.798583984375
2026-04-29 04:45:00+00:00,24290.150390625,7139.240234375,59832.578125,26010.619140625,10332.5703125,24041.240234375,6688.31982421875,4094.798583984375
2026-04-29 05:00:00+00:00,24267.44921875,7139.240234375,59832.578125,26039.7109375,10332.5703125,24041.240234375,6664.91015625,4098.3701171875
2026-04-29 05:15:00+00:00,24287.099609375,7139.240234375,59832.578125,26058.740234375,10332.5703125,24041.240234375,6679.4599609375,4100.52978515625
2026-04-29 05:30:00+00:00,24288.150390625,7139.240234375,59832.578125,26065.41015625,10332.5703125,24041.240234375,6681.81005859375,4101.87890625
2026-04-29 05:45:00+00:00,24263.25,7139.240234375,59832.578125,26057.490234375,10332.5703125,24041.240234375,6694.740234375,4102.31494140625
2026-04-29 06:00:00+00:00,24271.849609375,7139.240234375,59832.578125,26054.369140625,10332.5703125,24041.240234375,6694.740234375,4105.787109375
2026-04-29 06:15:00+00:00,24276.94921875,7139.240234375,59832.578125,26066.08984375,10332.5703125,24041.240234375,6694.740234375,4109.54296875
2026-04-29 06:30:00+00:00,24293.150390625,7139.240234375,59832.578125,26081.009765625,10332.5703125,24041.240234375,6694.740234375,4106.6533203125
2026-04-29 06:45:00+00:00,24307.099609375,7139.240234375,59832.578125,26055.9609375,10332.5703125,24041.240234375,6694.740234375,4106.28125
2026-04-29 07:00:00+00:00,24321.599609375,7139.240234375,59832.578125,26041.2890625,10293.9296875,24053.109375,6694.740234375,4106.28125
2026-04-29 07:15:00+00:00,24316.849609375,7139.240234375,59832.578125,26079.470703125,10287.25,24067.650390625,6694.740234375,4106.28125
2026-04-29 07:30:00+00:00,24318.19921875,7139.240234375,59832.578125,26125.19921875,10275.2001953125,24024.9296875,6694.740234375,4106.28125
2026-04-29 07:45:00+00:00,24305.19921875,7139.240234375,59832.578125,26100.01953125,10269.6103515625,24000.509765625,6694.740234375,4106.28125
2026-04-29 08:00:00+00:00,24272.55078125,7139.240234375,59832.578125,26111.83984375,10268.5302734375,23961.470703125,6694.740234375,4106.28125
2026-04-29 08:15:00+00:00,24254.94921875,7139.240234375,59832.578125,26111.83984375,10279.0400390625,23973.91015625,6694.740234375,4106.28125
2026-04-29 08:30:00+00:00,24214.599609375,7139.240234375,59832.578125,26111.83984375,10268.7001953125,23962.130859375,6694.740234375,4106.28125
2026-04-29 08:45:00+00:00,24186.69921875,7139.240234375,59832.578125,26111.83984375,10272.150390625,23951.73046875,6694.740234375,4106.28125
2026-04-29 09:00:00+00:00,24229.150390625,7139.240234375,59832.578125,26111.83984375,10269.990234375,23982.859375,6694.740234375,4106.28125
2026-04-29 09:15:00+00:00,24185.44921875,7139.240234375,59832.578125,26111.83984375,10269.599609375,23980.849609375,6694.740234375,4106.28125
2026-04-29 09:30:00+00:00,24170.150390625,7139.240234375,59832.578125,26111.83984375,10263.2099609375,23967.66015625,6694.740234375,4106.28125
2026-04-29 09:45:00+00:00,24163.599609375,7139.240234375,59832.578125,26111.83984375,10252.7197265625,23931.6796875,6694.740234375,4106.28125
2026-04-29 10:00:00+00:00,24163.599609375,7139.240234375,59832.578125,26111.83984375,10262.3701171875,23982.580078125,6694.740234375,4106.28125
2026-04-29 10:15:00+00:00,24163.599609375,7139.240234375,59832.578125,26111.83984375,10269.98046875,24008.779296875,6694.740234375,4106.28125
2026-04-29 10:30:00+00:00,24163.599609375,7139.240234375,59832.578125,26111.83984375,10251.8203125,23992.01953125,6694.740234375,4106.28125
2026-04-29 10:45:00+00:00,24163.599609375,7139.240234375,59832.578125,26111.83984375,10250.919921875,23985.48046875,6694.740234375,4106.28125
2026-04-29 11:00:00+00:00,24163.599609375,7139.240234375,59832.578125,26111.83984375,10248.98046875,23977.69921875,6694.740234375,4106.28125
2026-04-29 11:15:00+00:00,24163.599609375,7139.240234375,59832.578125,26111.83984375,10252.3701171875,23987.599609375,6694.740234375,4106.28125
2026-04-29 11:30:00+00:00,24163.599609375,7139.240234375,59832.578125,26111.83984375,10252.0498046875,23986.490234375,6694.740234375,4106.28125
2026-04-29 11:45:00+00:00,24163.599609375,7139.240234375,59832.578125,26111.83984375,10249.169921875,24011.5,6694.740234375,4106.28125
2026-04-29 12:00:00+00:00,24163.599609375,7139.240234375,59832.578125,26111.83984375,10243.6201171875,24005.5390625,6694.740234375,4106.28125
2026-04-29 12:15:00+00:00,24163.599609375,7139.240234375,59832.578125,26111.83984375,10240.5,24012.8203125,6694.740234375,4106.28125
2026-04-29 12:30:00+00:00,24163.599609375,7139.240234375,59832.578125,26111.83984375,10236.5302734375,23993.439453125,6694.740234375,4106.28125
2026-04-29 12:45:00+00:00,24163.599609375,7139.240234375,59832.578125,26111.83984375,10256.490234375,24002.2109375,6694.740234375,4106.28125
2026-04-29 13:00:00+00:00,24163.599609375,7139.240234375,59832.578125,26111.83984375,10250.0595703125,24030.689453125,6694.740234375,4106.28125
2026-04-29 13:15:00+00:00,24163.599609375,7139.240234375,59832.578125,26111.83984375,10233.0400390625,23968.419921875,6694.740234375,4106.28125
2026-04-29 13:30:00+00:00,24163.599609375,7123.60009765625,59832.578125,26111.83984375,10216.150390625,23908.189453125,6694.740234375,4106.28125
2026-04-29 13:45:00+00:00,24163.599609375,7131.93017578125,59832.578125,26111.83984375,10213.849609375,23944.390625,6694.740234375,4106.28125
2026-04-29 14:00:00+00:00,24163.599609375,7135.66015625,59832.578125,26111.83984375,10218.98046875,23996.890625,6694.740234375,4106.28125
2026-04-29 14:15:00+00:00,24163.599609375,7138.31982421875,59832.578125,26111.83984375,10206.6396484375,23992.849609375,6694.740234375,4106.28125
2026-04-29 14:30:00+00:00,24163.599609375,7142.31005859375,59832.578125,26111.83984375,10207.3896484375,23986.30078125,6694.740234375,4106.28125
2026-04-29 14:45:00+00:00,24163.599609375,7137.759765625,59832.578125,26111.83984375,10203.23046875,23996.01953125,6694.740234375,4106.28125
2026-04-29 15:00:00+00:00,24163.599609375,7125.5498046875,59832.578125,26111.83984375,10190.7802734375,23905.560546875,6694.740234375,4106.28125
2026-04-29 15:15:00+00:00,24163.599609375,7132.56982421875,59832.578125,26111.83984375,10208.8896484375,23944.369140625,6694.740234375,4106.28125
2026-04-29 15:30:00+00:00,24163.599609375,7128.919921875,59832.578125,26111.83984375,10208.8896484375,23944.369140625,6694.740234375,4106.28125
2026-04-29 15:45:00+00:00,24163.599609375,7123.58984375,59832.578125,26111.83984375,10208.8896484375,23944.369140625,6694.740234375,4106.28125
2026-04-29 16:00:00+00:00,24163.599609375,7125.85986328125,59832.578125,26111.83984375,10208.8896484375,23944.369140625,6694.740234375,4106.28125
2026-04-29 16:15:00+00:00,24163.599609375,7120.56005859375,59832.578125,26111.83984375,10208.8896484375,23944.369140625,6694.740234375,4106.28125
2026-04-29 16:30:00+00:00,24163.599609375,7120.669921875,59832.578125,26111.83984375,10208.8896484375,23944.369140625,6694.740234375,4106.28125
2026-04-29 16:45:00+00:00,24163.599609375,7119.5400390625,59832.578125,26111.83984375,10208.8896484375,23944.369140625,6694.740234375,4106.28125
2026-04-29 17:00:00+00:00,24163.599609375,7119.68017578125,59832.578125,26111.83984375,10208.8896484375,23944.369140625,6694.740234375,4106.28125
2026-04-29 17:15:00+00:00,24163.599609375,7121.9501953125,59832.578125,26111.83984375,10208.8896484375,23944.369140625,6694.740234375,4106.28125
2026-04-29 17:30:00+00:00,24163.599609375,7123.47021484375,59832.578125,26111.83984375,10208.8896484375,23944.369140625,6694.740234375,4106.28125
2026-04-29 17:45:00+00:00,24163.599609375,7128.72998046875,59832.578125,26111.83984375,10208.8896484375,23944.369140625,6694.740234375,4106.28125
2026-04-29 18:00:00+00:00,24163.599609375,7114.06982421875,59832.578125,26111.83984375,10208.8896484375,23944.369140625,6694.740234375,4106.28125
2026-04-29 18:15:00+00:00,24163.599609375,7115.81005859375,59832.578125,26111.83984375,10208.8896484375,23944.369140625,6694.740234375,4106.28125
2026-04-29 18:30:00+00:00,24163.599609375,7110.0400390625,59832.578125,26111.83984375,10208.8896484375,23944.369140625,6694.740234375,4106.28125
2026-04-29 18:45:00+00:00,24163.599609375,7129.10009765625,59832.578125,26111.83984375,10208.8896484375,23944.369140625,6694.740234375,4106.28125
2026-04-29 19:00:00+00:00,24163.599609375,7135.85986328125,59832.578125,26111.83984375,10208.8896484375,23944.369140625,6694.740234375,4106.28125
2026-04-29 19:15:00+00:00,24163.599609375,7132.18994140625,59832.578125,26111.83984375,10208.8896484375,23944.369140625,6694.740234375,4106.28125
2026-04-29 19:30:00+00:00,24163.599609375,7128.4501953125,59832.578125,26111.83984375,10208.8896484375,23944.369140625,6694.740234375,4106.28125
2026-04-29 19:45:00+00:00,24163.599609375,7137.56005859375,59832.578125,26111.83984375,10208.8896484375,23944.369140625,6694.740234375,4106.28125
2026-04-30 00:00:00+00:00,24163.599609375,7137.56005859375,59347.859375,26111.83984375,10208.8896484375,23944.369140625,6710.18017578125,4106.28125
2026-04-30 00:15:00+00:00,24163.599609375,7137.56005859375,59312.3515625,26111.83984375,10208.8896484375,23944.369140625,6715.009765625,4106.28125
2026-04-30 00:30:00+00:00,24163.599609375,7137.56005859375,59305.87890625,26111.83984375,10208.8896484375,23944.369140625,6712.759765625,4106.28125
2026-04-30 00:45:00+00:00,24163.599609375,7137.56005859375,59372.08984375,26111.83984375,10208.8896484375,23944.369140625,6685.259765625,4106.28125
2026-04-30 01:00:00+00:00,24163.599609375,7137.56005859375,59210.16015625,26111.83984375,10208.8896484375,23944.369140625,6678.240234375,4106.28125
2026-04-30 01:15:00+00:00,24163.599609375,7137.56005859375,59237.55078125,26111.83984375,10208.8896484375,23944.369140625,6683.8798828125,4106.28125
2026-04-30 01:30:00+00:00,24163.599609375,7137.56005859375,59184.0390625,25964.58984375,10208.8896484375,23944.369140625,6693.56005859375,4114.7294921875
2026-04-30 01:45:00+00:00,24163.599609375,7137.56005859375,59290.390625,25953.119140625,10208.8896484375,23944.369140625,6711.58984375,4115.0419921875
2026-04-30 02:00:00+00:00,24163.599609375,7137.56005859375,59444.19921875,25924.33984375,10208.8896484375,23944.369140625,6719.7900390625,4110.0810546875
2026-04-30 02:15:00+00:00,24163.599609375,7137.56005859375,59356.71875,25827.58984375,10208.8896484375,23944.369140625,6696.10009765625,4108.44287109375
2026-04-30 02:30:00+00:00,24163.599609375,7137.56005859375,59304.62109375,25822.080078125,10208.8896484375,23944.369140625,6667.3798828125,4107.443359375
2026-04-30 02:45:00+00:00,24163.599609375,7137.56005859375,59304.62109375,25758.26953125,10208.8896484375,23944.369140625,6671.77001953125,4105.09765625
2026-04-30 03:00:00+00:00,24163.599609375,7137.56005859375,59304.62109375,25779.359375,10208.8896484375,23944.369140625,6657.64013671875,4106.69775390625
2026-04-30 03:15:00+00:00,24163.599609375,7137.56005859375,59304.62109375,25750.6796875,10208.8896484375,23944.369140625,6661.330078125,4110.70654296875
2026-04-30 03:30:00+00:00,24163.599609375,7137.56005859375,59214.62890625,25758.279296875,10208.8896484375,23944.369140625,6675.18017578125,4111.0185546875
2026-04-30 03:45:00+00:00,23876.94921875,7137.56005859375,59242.390625,25790.83984375,10208.8896484375,23944.369140625,6671.33984375,4111.0185546875
2026-04-30 04:00:00+00:00,23937.80078125,7137.56005859375,59128.69921875,25789.58984375,10208.8896484375,23944.369140625,6648.02001953125,4111.0185546875
2026-04-30 04:15:00+00:00,23880.19921875,7137.56005859375,59030.921875,25789.58984375,10208.8896484375,23944.369140625,6628.8701171875,4111.0185546875
2026-04-30 04:30:00+00:00,23828.599609375,7137.56005859375,59054.76953125,25789.58984375,10208.8896484375,23944.369140625,6629.080078125,4111.0185546875
2026-04-30 04:45:00+00:00,23827.599609375,7137.56005859375,59064.859375,25789.58984375,10208.8896484375,23944.369140625,6604.81982421875,4111.0185546875
2026-04-30 05:00:00+00:00,23843.69921875,7137.56005859375,59269.26953125,25794.75,10208.8896484375,23944.369140625,6630.7998046875,4104.9931640625
2026-04-30 05:15:00+00:00,23815.849609375,7137.56005859375,59175.8203125,25742.30078125,10208.8896484375,23944.369140625,6629.509765625,4101.8935546875
2026-04-30 05:30:00+00:00,23799.900390625,7137.56005859375,59224.01171875,25818.73046875,10208.8896484375,23944.369140625,6628.580078125,4112.18603515625
2026-04-30 05:45:00+00:00,23831.650390625,7137.56005859375,59166.73046875,25839.240234375,10208.8896484375,23944.369140625,6626.85986328125,4113.53515625
2026-04-30 06:00:00+00:00,23835.650390625,7137.56005859375,59120.6015625,25805.0390625,10208.8896484375,23944.369140625,6626.85986328125,4114.04443359375
2026-04-30 06:15:00+00:00,23842.55078125,7137.56005859375,59111.55078125,25813.830078125,10208.8896484375,23944.369140625,6626.85986328125,4113.4130859375
2026-04-30 06:30:00+00:00,23899.75,7137.56005859375,59111.55078125,25815.849609375,10208.8896484375,23944.369140625,6626.85986328125,4113.8779296875
2026-04-30 06:45:00+00:00,23911.44921875,7137.56005859375,59111.55078125,25834.619140625,10208.8896484375,23944.369140625,6626.85986328125,4112.79833984375
2026-04-30 07:00:00+00:00,23912.94921875,7137.56005859375,59111.55078125,25828.4296875,10213.4296875,23804.189453125,6626.85986328125,4112.79833984375
2026-04-30 07:15:00+00:00,23936.849609375,7137.56005859375,59111.55078125,25815.58984375,10226.1201171875,23865.69921875,6626.85986328125,4112.79833984375
2026-04-30 07:30:00+00:00,23950.150390625,7137.56005859375,59111.55078125,25784.25,10235.01953125,23893.580078125,6626.85986328125,4112.79833984375
2026-04-30 07:45:00+00:00,23971.150390625,7137.56005859375,59111.55078125,25777.19921875,10239.0302734375,23880.939453125,6626.85986328125,4112.79833984375
2026-04-30 08:00:00+00:00,24029.80078125,7137.56005859375,59111.55078125,25776.529296875,10259.7197265625,23895.240234375,6626.85986328125,4112.79833984375
2026-04-30 08:15:00+00:00,24055.05078125,7137.56005859375,59111.55078125,25776.529296875,10265.5400390625,23922.76953125,6626.85986328125,4112.79833984375
2026-04-30 08:30:00+00:00,24022.849609375,7137.56005859375,59111.55078125,25776.529296875,10259.91015625,23896.33984375,6626.85986328125,4112.79833984375
2026-04-30 08:45:00+00:00,24007.150390625,7137.56005859375,59111.55078125,25776.529296875,10266.5302734375,23878.169921875,6626.85986328125,4112.79833984375
2026-04-30 09:00:00+00:00,24075.099609375,7137.56005859375,59111.55078125,25776.529296875,10281.5,23904.48046875,6626.85986328125,4112.79833984375
2026-04-30 09:15:00+00:00,24050.19921875,7137.56005859375,59111.55078125,25776.529296875,10290.4599609375,23955.30078125,6626.85986328125,4112.79833984375
2026-04-30 09:30:00+00:00,23991.30078125,7137.56005859375,59111.55078125,25776.529296875,10309.58984375,23984.970703125,6626.85986328125,4112.79833984375
2026-04-30 09:45:00+00:00,24043.69921875,7137.56005859375,59111.55078125,25776.529296875,10308.0302734375,23996.0703125,6626.85986328125,4112.79833984375
2026-04-30 10:00:00+00:00,24043.69921875,7137.56005859375,59111.55078125,25776.529296875,10316.830078125,24018.30078125,6626.85986328125,4112.79833984375
2026-04-30 10:15:00+00:00,24043.69921875,7137.56005859375,59111.55078125,25776.529296875,10323.8603515625,24042.19921875,6626.85986328125,4112.79833984375
2026-04-30 10:30:00+00:00,24043.69921875,7137.56005859375,59111.55078125,25776.529296875,10313.01953125,24010.779296875,6626.85986328125,4112.79833984375
2026-04-30 10:45:00+00:00,24043.69921875,7137.56005859375,59111.55078125,25776.529296875,10331.2197265625,24060.55078125,6626.85986328125,4112.79833984375
2026-04-30 11:00:00+00:00,24043.69921875,7137.56005859375,59111.55078125,25776.529296875,10348.4296875,24106.75,6626.85986328125,4112.79833984375
2026-04-30 11:15:00+00:00,24043.69921875,7137.56005859375,59111.55078125,25776.529296875,10346.9697265625,24143.220703125,6626.85986328125,4112.79833984375
2026-04-30 11:30:00+00:00,24043.69921875,7137.56005859375,59111.55078125,25776.529296875,10346.1904296875,24120.73046875,6626.85986328125,4112.79833984375
2026-04-30 11:45:00+00:00,24043.69921875,7137.56005859375,59111.55078125,25776.529296875,10355.4697265625,24135.080078125,6626.85986328125,4112.79833984375
2026-04-30 12:00:00+00:00,24043.69921875,7137.56005859375,59111.55078125,25776.529296875,10359.0302734375,24150.0703125,6626.85986328125,4112.79833984375
2026-04-30 12:15:00+00:00,24043.69921875,7137.56005859375,59111.55078125,25776.529296875,10379.3603515625,24192.330078125,6626.85986328125,4112.79833984375
2026-04-30 12:30:00+00:00,24043.69921875,7137.56005859375,59111.55078125,25776.529296875,10374.3896484375,24165.259765625,6626.85986328125,4112.79833984375
2026-04-30 12:45:00+00:00,24043.69921875,7137.56005859375,59111.55078125,25776.529296875,10369.83984375,24163.880859375,6626.85986328125,4112.79833984375
2026-04-30 13:00:00+00:00,24043.69921875,7137.56005859375,59111.55078125,25776.529296875,10367.23046875,24190.66015625,6626.85986328125,4112.79833984375
2026-04-30 13:15:00+00:00,24043.69921875,7137.56005859375,59111.55078125,25776.529296875,10359.6796875,24157.529296875,6626.85986328125,4112.79833984375
2026-04-30 13:30:00+00:00,24043.69921875,7152.52978515625,59111.55078125,25776.529296875,10351.2802734375,24121.130859375,6626.85986328125,4112.79833984375
2026-04-30 13:45:00+00:00,24043.69921875,7135.830078125,59111.55078125,25776.529296875,10360.4404296875,24098.119140625,6626.85986328125,4112.79833984375
2026-04-30 14:00:00+00:00,24043.69921875,7138.169921875,59111.55078125,25776.529296875,10357.849609375,24122.0390625,6626.85986328125,4112.79833984375
2026-04-30 14:15:00+00:00,24043.69921875,7142.47998046875,59111.55078125,25776.529296875,10380.0302734375,24190.919921875,6626.85986328125,4112.79833984375
2026-04-30 14:30:00+00:00,24043.69921875,7144.89013671875,59111.55078125,25776.529296875,10373.3095703125,24208.619140625,6626.85986328125,4112.79833984375
2026-04-30 14:45:00+00:00,24043.69921875,7162.18994140625,59111.55078125,25776.529296875,10372.5703125,24230.51953125,6626.85986328125,4112.79833984375
2026-04-30 15:00:00+00:00,24043.69921875,7166.669921875,59111.55078125,25776.529296875,10375.5302734375,24259.630859375,6626.85986328125,4112.79833984375
2026-04-30 15:15:00+00:00,24043.69921875,7167.52001953125,59111.55078125,25776.529296875,10371.849609375,24269.970703125,6626.85986328125,4112.79833984375
2026-04-30 15:30:00+00:00,24043.69921875,7162.35986328125,59111.55078125,25776.529296875,10371.849609375,24269.970703125,6626.85986328125,4112.79833984375
2026-04-30 15:45:00+00:00,24043.69921875,7168.7099609375,59111.55078125,25776.529296875,10371.849609375,24269.970703125,6626.85986328125,4112.79833984375
2026-04-30 16:00:00+00:00,24043.69921875,7176.60986328125,59111.55078125,25776.529296875,10371.849609375,24269.970703125,6626.85986328125,4112.79833984375
2026-04-30 16:15:00+00:00,24043.69921875,7174.669921875,59111.55078125,25776.529296875,10371.849609375,24269.970703125,6626.85986328125,4112.79833984375
2026-04-30 16:30:00+00:00,24043.69921875,7170.2099609375,59111.55078125,25776.529296875,10371.849609375,24269.970703125,6626.85986328125,4112.79833984375
2026-04-30 16:45:00+00:00,24043.69921875,7166.08984375,59111.55078125,25776.529296875,10371.849609375,24269.970703125,6626.85986328125,4112.79833984375
2026-04-30 17:00:00+00:00,24043.69921875,7178.68994140625,59111.55078125,25776.529296875,10371.849609375,24269.970703125,6626.85986328125,4112.79833984375
2026-04-30 17:15:00+00:00,24043.69921875,7181.3701171875,59111.55078125,25776.529296875,10371.849609375,24269.970703125,6626.85986328125,4112.79833984375
2026-04-30 17:30:00+00:00,24043.69921875,7187.0498046875,59111.55078125,25776.529296875,10371.849609375,24269.970703125,6626.85986328125,4112.79833984375
2026-04-30 17:45:00+00:00,24043.69921875,7194.06005859375,59111.55078125,25776.529296875,10371.849609375,24269.970703125,6626.85986328125,4112.79833984375
2026-04-30 18:00:00+00:00,24043.69921875,7201.669921875,59111.55078125,25776.529296875,10371.849609375,24269.970703125,6626.85986328125,4112.79833984375
2026-04-30 18:15:00+00:00,24043.69921875,7202.43017578125,59111.55078125,25776.529296875,10371.849609375,24269.970703125,6626.85986328125,4112.79833984375
2026-04-30 18:30:00+00:00,24043.69921875,7209.2099609375,59111.55078125,25776.529296875,10371.849609375,24269.970703125,6626.85986328125,4112.79833984375
2026-04-30 18:45:00+00:00,24043.69921875,7206.93994140625,59111.55078125,25776.529296875,10371.849609375,24269.970703125,6626.85986328125,4112.79833984375
2026-04-30 19:00:00+00:00,24043.69921875,7216.509765625,59111.55078125,25776.529296875,10371.849609375,24269.970703125,6626.85986328125,4112.79833984375
2026-04-30 19:15:00+00:00,24043.69921875,7214.14990234375,59111.55078125,25776.529296875,10371.849609375,24269.970703125,6626.85986328125,4112.79833984375
2026-04-30 19:30:00+00:00,24043.69921875,7216.8798828125,59111.55078125,25776.529296875,10371.849609375,24269.970703125,6626.85986328125,4112.79833984375
2026-04-30 19:45:00+00:00,24043.69921875,7209.6298828125,59111.55078125,25776.529296875,10371.849609375,24269.970703125,6626.85986328125,4112.79833984375
2026-05-01 00:00:00+00:00,24043.69921875,7209.6298828125,59429.19921875,25776.529296875,10371.849609375,24269.970703125,6626.85986328125,4112.79833984375
2026-05-01 00:15:00+00:00,24043.69921875,7209.6298828125,59510.109375,25776.529296875,10371.849609375,24269.970703125,6626.85986328125,4112.79833984375
2026-05-01 00:30:00+00:00,24043.69921875,7209.6298828125,59492.671875,25776.529296875,10371.849609375,24269.970703125,6626.85986328125,4112.79833984375
2026-05-01 00:45:00+00:00,24043.69921875,7209.6298828125,59517.44921875,25776.529296875,10371.849609375,24269.970703125,6626.85986328125,4112.79833984375
2026-05-01 01:00:00+00:00,24043.69921875,7209.6298828125,59561.62109375,25776.529296875,10371.849609375,24269.970703125,6626.85986328125,4112.79833984375
2026-05-01 01:15:00+00:00,24043.69921875,7209.6298828125,59530.890625,25776.529296875,10371.849609375,24269.970703125,6626.85986328125,4112.79833984375
2026-05-01 01:30:00+00:00,24043.69921875,7209.6298828125,59639.109375,25776.529296875,10371.849609375,24269.970703125,6626.85986328125,4112.79833984375
2026-05-01 01:45:00+00:00,24043.69921875,7209.6298828125,59662.6796875,25776.529296875,10371.849609375,24269.970703125,6626.85986328125,4112.79833984375
2026-05-01 02:00:00+00:00,24043.69921875,7209.6298828125,59656.33984375,25776.529296875,10371.849609375,24269.970703125,6626.85986328125,4112.79833984375
2026-05-01 02:15:00+00:00,24043.69921875,7209.6298828125,59666.71875,25776.529296875,10371.849609375,24269.970703125,6626.85986328125,4112.79833984375
2026-05-01 02:30:00+00:00,24043.69921875,7209.6298828125,59676.0390625,25776.529296875,10371.849609375,24269.970703125,6626.85986328125,4112.79833984375
2026-05-01 03:30:00+00:00,24043.69921875,7209.6298828125,59618.01171875,25776.529296875,10371.849609375,24269.970703125,6626.85986328125,4112.79833984375
2026-05-01 03:45:00+00:00,24043.69921875,7209.6298828125,59627.41015625,25776.529296875,10371.849609375,24269.970703125,6626.85986328125,4112.79833984375
2026-05-01 04:00:00+00:00,24043.69921875,7209.6298828125,59640.7890625,25776.529296875,10371.849609375,24269.970703125,6626.85986328125,4112.79833984375
2026-05-01 04:15:00+00:00,24043.69921875,7209.6298828125,59626.828125,25776.529296875,10371.849609375,24269.970703125,6626.85986328125,4112.79833984375
2026-05-01 04:30:00+00:00,24043.69921875,7209.6298828125,59656.91015625,25776.529296875,10371.849609375,24269.970703125,6626.85986328125,4112.79833984375
2026-05-01 04:45:00+00:00,24043.69921875,7209.6298828125,59658.26953125,25776.529296875,10371.849609375,24269.970703125,6626.85986328125,4112.79833984375
2026-05-01 05:00:00+00:00,24043.69921875,7209.6298828125,59670.671875,25776.529296875,10371.849609375,24269.970703125,6626.85986328125,4112.79833984375
2026-05-01 05:15:00+00:00,24043.69921875,7209.6298828125,59675.69140625,25776.529296875,10371.849609375,24269.970703125,6626.85986328125,4112.79833984375
2026-05-01 05:30:00+00:00,24043.69921875,7209.6298828125,59632.19921875,25776.529296875,10371.849609375,24269.970703125,6626.85986328125,4112.79833984375
2026-05-01 05:45:00+00:00,24043.69921875,7209.6298828125,59590.578125,25776.529296875,10371.849609375,24269.970703125,6626.85986328125,4112.79833984375
2026-05-01 06:00:00+00:00,24043.69921875,7209.6298828125,59587.51953125,25776.529296875,10371.849609375,24269.970703125,6626.85986328125,4112.79833984375
2026-05-01 06:15:00+00:00,24043.69921875,7209.6298828125,59509.55859375,25776.529296875,10371.849609375,24269.970703125,6626.85986328125,4112.79833984375
2026-05-01 07:00:00+00:00,24043.69921875,7209.6298828125,59509.55859375,25776.529296875,10340.669921875,24269.970703125,6626.85986328125,4112.79833984375
2026-05-01 07:15:00+00:00,24043.69921875,7209.6298828125,59509.55859375,25776.529296875,10338.76953125,24269.970703125,6626.85986328125,4112.79833984375
2026-05-01 07:30:00+00:00,24043.69921875,7209.6298828125,59509.55859375,25776.529296875,10320.4296875,24269.970703125,6626.85986328125,4112.79833984375
2026-05-01 07:45:00+00:00,24043.69921875,7209.6298828125,59509.55859375,25776.529296875,10320.23046875,24269.970703125,6626.85986328125,4112.79833984375
2026-05-01 08:00:00+00:00,24043.69921875,7209.6298828125,59509.55859375,25776.529296875,10323.099609375,24269.970703125,6626.85986328125,4112.79833984375
2026-05-01 08:15:00+00:00,24043.69921875,7209.6298828125,59509.55859375,25776.529296875,10321.3701171875,24269.970703125,6626.85986328125,4112.79833984375
2026-05-01 08:30:00+00:00,24043.69921875,7209.6298828125,59509.55859375,25776.529296875,10318.6298828125,24269.970703125,6626.85986328125,4112.79833984375
2026-05-01 08:45:00+00:00,24043.69921875,7209.6298828125,59509.55859375,25776.529296875,10305.599609375,24269.970703125,6626.85986328125,4112.79833984375
2026-05-01 09:00:00+00:00,24043.69921875,7209.6298828125,59509.55859375,25776.529296875,10298.349609375,24269.970703125,6626.85986328125,4112.79833984375
2026-05-01 09:15:00+00:00,24043.69921875,7209.6298828125,59509.55859375,25776.529296875,10311.240234375,24269.970703125,6626.85986328125,4112.79833984375
2026-05-01 09:30:00+00:00,24043.69921875,7209.6298828125,59509.55859375,25776.529296875,10321.5,24269.970703125,6626.85986328125,4112.79833984375
2026-05-01 09:45:00+00:00,24043.69921875,7209.6298828125,59509.55859375,25776.529296875,10319.2998046875,24269.970703125,6626.85986328125,4112.79833984375
2026-05-01 10:00:00+00:00,24043.69921875,7209.6298828125,59509.55859375,25776.529296875,10312.2802734375,24269.970703125,6626.85986328125,4112.79833984375
2026-05-01 10:15:00+00:00,24043.69921875,7209.6298828125,59509.55859375,25776.529296875,10318.3203125,24269.970703125,6626.85986328125,4112.79833984375
2026-05-01 10:30:00+00:00,24043.69921875,7209.6298828125,59509.55859375,25776.529296875,10314.23046875,24269.970703125,6626.85986328125,4112.79833984375
2026-05-01 10:45:00+00:00,24043.69921875,7209.6298828125,59509.55859375,25776.529296875,10324.509765625,24269.970703125,6626.85986328125,4112.79833984375
2026-05-01 11:00:00+00:00,24043.69921875,7209.6298828125,59509.55859375,25776.529296875,10318.6298828125,24269.970703125,6626.85986328125,4112.79833984375
2026-05-01 11:15:00+00:00,24043.69921875,7209.6298828125,59509.55859375,25776.529296875,10322.849609375,24269.970703125,6626.85986328125,4112.79833984375
2026-05-01 11:30:00+00:00,24043.69921875,7209.6298828125,59509.55859375,25776.529296875,10321.580078125,24269.970703125,6626.85986328125,4112.79833984375
2026-05-01 11:45:00+00:00,24043.69921875,7209.6298828125,59509.55859375,25776.529296875,10315.7900390625,24269.970703125,6626.85986328125,4112.79833984375
2026-05-01 12:00:00+00:00,24043.69921875,7209.6298828125,59509.55859375,25776.529296875,10318.3603515625,24269.970703125,6626.85986328125,4112.79833984375
2026-05-01 12:15:00+00:00,24043.69921875,7209.6298828125,59509.55859375,25776.529296875,10328.8603515625,24269.970703125,6626.85986328125,4112.79833984375
2026-05-01 12:30:00+00:00,24043.69921875,7209.6298828125,59509.55859375,25776.529296875,10321.650390625,24269.970703125,6626.85986328125,4112.79833984375
2026-05-01 12:45:00+00:00,24043.69921875,7209.6298828125,59509.55859375,25776.529296875,10310.5498046875,24269.970703125,6626.85986328125,4112.79833984375
2026-05-01 13:00:00+00:00,24043.69921875,7209.6298828125,59509.55859375,25776.529296875,10320.6298828125,24269.970703125,6626.85986328125,4112.79833984375
2026-05-01 13:15:00+00:00,24043.69921875,7209.6298828125,59509.55859375,25776.529296875,10321.0498046875,24269.970703125,6626.85986328125,4112.79833984375
2026-05-01 13:30:00+00:00,24043.69921875,7249.31005859375,59509.55859375,25776.529296875,10333.0595703125,24269.970703125,6626.85986328125,4112.79833984375
2026-05-01 13:45:00+00:00,24043.69921875,7265.080078125,59509.55859375,25776.529296875,10360.419921875,24269.970703125,6626.85986328125,4112.79833984375
2026-05-01 14:00:00+00:00,24043.69921875,7267.8798828125,59509.55859375,25776.529296875,10360.23046875,24269.970703125,6626.85986328125,4112.79833984375
2026-05-01 14:15:00+00:00,24043.69921875,7265.93017578125,59509.55859375,25776.529296875,10362.0498046875,24269.970703125,6626.85986328125,4112.79833984375
2026-05-01 14:30:00+00:00,24043.69921875,7252.72021484375,59509.55859375,25776.529296875,10364.2900390625,24269.970703125,6626.85986328125,4112.79833984375
2026-05-01 14:45:00+00:00,24043.69921875,7250.89013671875,59509.55859375,25776.529296875,10373.5400390625,24269.970703125,6626.85986328125,4112.79833984375
2026-05-01 15:00:00+00:00,24043.69921875,7253.47998046875,59509.55859375,25776.529296875,10372.5498046875,24269.970703125,6626.85986328125,4112.79833984375
2026-05-01 15:15:00+00:00,24043.69921875,7256.6298828125,59509.55859375,25776.529296875,10375.3701171875,24269.970703125,6626.85986328125,4112.79833984375
2026-05-01 15:30:00+00:00,24043.69921875,7263.580078125,59509.55859375,25776.529296875,10375.3701171875,24269.970703125,6626.85986328125,4112.79833984375
2026-05-01 15:45:00+00:00,24043.69921875,7257.2900390625,59509.55859375,25776.529296875,10375.3701171875,24269.970703125,6626.85986328125,4112.79833984375
2026-05-01 16:00:00+00:00,24043.69921875,7248.31005859375,59509.55859375,25776.529296875,10375.3701171875,24269.970703125,6626.85986328125,4112.79833984375
2026-05-01 16:15:00+00:00,24043.69921875,7245.52978515625,59509.55859375,25776.529296875,10375.3701171875,24269.970703125,6626.85986328125,4112.79833984375
2026-05-01 16:30:00+00:00,24043.69921875,7240.66015625,59509.55859375,25776.529296875,10375.3701171875,24269.970703125,6626.85986328125,4112.79833984375
2026-05-01 16:45:00+00:00,24043.69921875,7242.31005859375,59509.55859375,25776.529296875,10375.3701171875,24269.970703125,6626.85986328125,4112.79833984375
2026-05-01 17:00:00+00:00,24043.69921875,7247.8701171875,59509.55859375,25776.529296875,10375.3701171875,24269.970703125,6626.85986328125,4112.79833984375
2026-05-01 17:15:00+00:00,24043.69921875,7253.080078125,59509.55859375,25776.529296875,10375.3701171875,24269.970703125,6626.85986328125,4112.79833984375
2026-05-01 17:30:00+00:00,24043.69921875,7252.10986328125,59509.55859375,25776.529296875,10375.3701171875,24269.970703125,6626.85986328125,4112.79833984375
2026-05-01 17:45:00+00:00,24043.69921875,7251.41015625,59509.55859375,25776.529296875,10375.3701171875,24269.970703125,6626.85986328125,4112.79833984375
2026-05-01 18:00:00+00:00,24043.69921875,7241.4501953125,59509.55859375,25776.529296875,10375.3701171875,24269.970703125,6626.85986328125,4112.79833984375
2026-05-01 18:15:00+00:00,24043.69921875,7245.0498046875,59509.55859375,25776.529296875,10375.3701171875,24269.970703125,6626.85986328125,4112.79833984375
2026-05-01 18:30:00+00:00,24043.69921875,7235.490234375,59509.55859375,25776.529296875,10375.3701171875,24269.970703125,6626.85986328125,4112.79833984375
2026-05-01 18:45:00+00:00,24043.69921875,7234.8701171875,59509.55859375,25776.529296875,10375.3701171875,24269.970703125,6626.85986328125,4112.79833984375
2026-05-01 19:00:00+00:00,24043.69921875,7243.8798828125,59509.55859375,25776.529296875,10375.3701171875,24269.970703125,6626.85986328125,4112.79833984375
2026-05-01 19:15:00+00:00,24043.69921875,7247.5498046875,59509.55859375,25776.529296875,10375.3701171875,24269.970703125,6626.85986328125,4112.79833984375
2026-05-01 19:30:00+00:00,24043.69921875,7244.39990234375,59509.55859375,25776.529296875,10375.3701171875,24269.970703125,6626.85986328125,4112.79833984375
2026-05-01 19:45:00+00:00,24043.69921875,7229.31982421875,59509.55859375,25776.529296875,10375.3701171875,24269.970703125,6626.85986328125,4112.79833984375
2026-05-04 00:00:00+00:00,24043.69921875,7229.31982421875,59509.55859375,25776.529296875,10375.3701171875,24269.970703125,6757.14990234375,4112.79833984375
2026-05-04 00:15:00+00:00,24043.69921875,7229.31982421875,59509.55859375,25776.529296875,10375.3701171875,24269.970703125,6768.47998046875,4112.79833984375
2026-05-04 00:30:00+00:00,24043.69921875,7229.31982421875,59509.55859375,25776.529296875,10375.3701171875,24269.970703125,6765.0,4112.79833984375
2026-05-04 00:45:00+00:00,24043.69921875,7229.31982421875,59509.55859375,25776.529296875,10375.3701171875,24269.970703125,6782.85009765625,4112.79833984375
2026-05-04 01:00:00+00:00,24043.69921875,7229.31982421875,59509.55859375,25776.529296875,10375.3701171875,24269.970703125,6795.64990234375,4112.79833984375
2026-05-04 01:15:00+00:00,24043.69921875,7229.31982421875,59509.55859375,25776.529296875,10375.3701171875,24269.970703125,6812.4501953125,4112.79833984375
2026-05-04 01:30:00+00:00,24043.69921875,7229.31982421875,59509.55859375,26214.509765625,10375.3701171875,24269.970703125,6826.39013671875,4112.79833984375
2026-05-04 01:45:00+00:00,24043.69921875,7229.31982421875,59509.55859375,26267.869140625,10375.3701171875,24269.970703125,6850.4501953125,4112.79833984375
2026-05-04 02:00:00+00:00,24043.69921875,7229.31982421875,59509.55859375,26270.58984375,10375.3701171875,24269.970703125,6857.68017578125,4112.79833984375
2026-05-04 02:15:00+00:00,24043.69921875,7229.31982421875,59509.55859375,26129.7109375,10375.3701171875,24269.970703125,6848.91015625,4112.79833984375
2026-05-04 02:30:00+00:00,24043.69921875,7229.31982421875,59509.55859375,26242.7890625,10375.3701171875,24269.970703125,6873.56982421875,4112.79833984375
2026-05-04 02:45:00+00:00,24043.69921875,7229.31982421875,59509.55859375,26269.439453125,10375.3701171875,24269.970703125,6874.10009765625,4112.79833984375
2026-05-04 03:00:00+00:00,24043.69921875,7229.31982421875,59509.55859375,26295.029296875,10375.3701171875,24269.970703125,6863.72998046875,4112.79833984375
2026-05-04 03:15:00+00:00,24043.69921875,7229.31982421875,59509.55859375,26268.30078125,10375.3701171875,24269.970703125,6885.080078125,4112.79833984375
2026-05-04 03:30:00+00:00,24043.69921875,7229.31982421875,59509.55859375,26226.58984375,10375.3701171875,24269.970703125,6891.14990234375,4112.79833984375
2026-05-04 03:45:00+00:00,24214.55078125,7229.31982421875,59509.55859375,26220.30078125,10375.3701171875,24269.970703125,6902.669921875,4112.79833984375
2026-05-04 04:00:00+00:00,24276.650390625,7229.31982421875,59509.55859375,26216.390625,10375.3701171875,24269.970703125,6903.6298828125,4112.79833984375
2026-05-04 04:15:00+00:00,24246.19921875,7229.31982421875,59509.55859375,26216.390625,10375.3701171875,24269.970703125,6896.5400390625,4112.79833984375
2026-05-04 04:30:00+00:00,24175.19921875,7229.31982421875,59509.55859375,26216.390625,10375.3701171875,24269.970703125,6901.31005859375,4112.79833984375
2026-05-04 04:45:00+00:00,24196.650390625,7229.31982421875,59509.55859375,26216.390625,10375.3701171875,24269.970703125,6898.18017578125,4112.79833984375
2026-05-04 05:00:00+00:00,24219.150390625,7229.31982421875,59509.55859375,26168.369140625,10375.3701171875,24269.970703125,6901.31005859375,4112.79833984375
2026-05-04 05:15:00+00:00,24187.25,7229.31982421875,59509.55859375,26168.8203125,10375.3701171875,24269.970703125,6907.47998046875,4112.79833984375
2026-05-04 05:30:00+00:00,24227.25,7229.31982421875,59509.55859375,26177.990234375,10375.3701171875,24269.970703125,6907.8798828125,4112.79833984375
2026-05-04 05:45:00+00:00,24237.400390625,7229.31982421875,59509.55859375,26195.259765625,10375.3701171875,24269.970703125,6922.0,4112.79833984375
2026-05-04 06:00:00+00:00,24228.44921875,7229.31982421875,59509.55859375,26189.58984375,10375.3701171875,24269.970703125,6922.0,4112.79833984375
2026-05-04 06:15:00+00:00,24221.05078125,7229.31982421875,59509.55859375,26179.1796875,10375.3701171875,24269.970703125,6922.0,4112.79833984375
2026-05-04 06:30:00+00:00,24117.0,7229.31982421875,59509.55859375,26138.720703125,10375.3701171875,24269.970703125,6922.0,4112.79833984375
2026-05-04 06:45:00+00:00,24132.80078125,7229.31982421875,59509.55859375,26132.2890625,10375.3701171875,24269.970703125,6922.0,4112.79833984375
2026-05-04 07:00:00+00:00,24100.55078125,7229.31982421875,59509.55859375,26114.0,10375.3701171875,24325.30078125,6922.0,4112.79833984375
2026-05-04 07:15:00+00:00,24103.80078125,7229.31982421875,59509.55859375,26110.099609375,10375.3701171875,24359.76953125,6922.0,4112.79833984375
2026-05-04 07:30:00+00:00,24109.099609375,7229.31982421875,59509.55859375,26103.0,10375.3701171875,24394.69921875,6922.0,4112.79833984375
2026-05-04 07:45:00+00:00,24025.25,7229.31982421875,59509.55859375,26119.80078125,10375.3701171875,24350.6796875,6922.0,4112.79833984375
2026-05-04 08:00:00+00:00,24086.80078125,7229.31982421875,59509.55859375,26095.880859375,10375.3701171875,24310.859375,6922.0,4112.79833984375
2026-05-04 08:15:00+00:00,24072.25,7229.31982421875,59509.55859375,26095.880859375,10375.3701171875,24333.80078125,6922.0,4112.79833984375
2026-05-04 08:30:00+00:00,24103.75,7229.31982421875,59509.55859375,26095.880859375,10375.3701171875,24314.94921875,6922.0,4112.79833984375
2026-05-04 08:45:00+00:00,24122.69921875,7229.31982421875,59509.55859375,26095.880859375,10375.3701171875,24295.640625,6922.0,4112.79833984375
2026-05-04 09:00:00+00:00,24096.0,7229.31982421875,59509.55859375,26095.880859375,10375.3701171875,24342.599609375,6922.0,4112.79833984375
2026-05-04 09:15:00+00:00,24089.25,7229.31982421875,59509.55859375,26095.880859375,10375.3701171875,24357.05078125,6922.0,4112.79833984375
2026-05-04 09:30:00+00:00,24123.25,7229.31982421875,59509.55859375,26095.880859375,10375.3701171875,24380.69921875,6922.0,4112.79833984375
2026-05-04 09:45:00+00:00,24123.80078125,7229.31982421875,59509.55859375,26095.880859375,10375.3701171875,24377.94921875,6922.0,4112.79833984375
2026-05-04 10:00:00+00:00,24123.80078125,7229.31982421875,59509.55859375,26095.880859375,10375.3701171875,24098.4609375,6922.0,4112.79833984375
2026-05-04 10:15:00+00:00,24123.80078125,7229.31982421875,59509.55859375,26095.880859375,10375.3701171875,24198.75,6922.0,4112.79833984375
2026-05-04 10:30:00+00:00,24123.80078125,7229.31982421875,59509.55859375,26095.880859375,10375.3701171875,24287.66015625,6922.0,4112.79833984375
2026-05-04 10:45:00+00:00,24123.80078125,7229.31982421875,59509.55859375,26095.880859375,10375.3701171875,24272.970703125,6922.0,4112.79833984375
2026-05-04 11:00:00+00:00,24123.80078125,7229.31982421875,59509.55859375,26095.880859375,10375.3701171875,24275.23046875,6922.0,4112.79833984375
2026-05-04 11:15:00+00:00,24123.80078125,7229.31982421875,59509.55859375,26095.880859375,10375.3701171875,24278.240234375,6922.0,4112.79833984375
2026-05-04 11:30:00+00:00,24123.80078125,7229.31982421875,59509.55859375,26095.880859375,10375.3701171875,24251.23046875,6922.0,4112.79833984375
2026-05-04 11:45:00+00:00,24123.80078125,7229.31982421875,59509.55859375,26095.880859375,10375.3701171875,24261.7890625,6922.0,4112.79833984375
2026-05-04 12:00:00+00:00,24123.80078125,7229.31982421875,59509.55859375,26095.880859375,10375.3701171875,24266.279296875,6922.0,4112.79833984375
2026-05-04 12:15:00+00:00,24123.80078125,7229.31982421875,59509.55859375,26095.880859375,10375.3701171875,24283.509765625,6922.0,4112.79833984375
2026-05-04 12:30:00+00:00,24123.80078125,7229.31982421875,59509.55859375,26095.880859375,10375.3701171875,24283.23046875,6922.0,4112.79833984375
2026-05-04 12:45:00+00:00,24123.80078125,7229.31982421875,59509.55859375,26095.880859375,10375.3701171875,24250.970703125,6922.0,4112.79833984375
2026-05-04 13:00:00+00:00,24123.80078125,7229.31982421875,59509.55859375,26095.880859375,10375.3701171875,24222.580078125,6922.0,4112.79833984375
2026-05-04 13:15:00+00:00,24123.80078125,7229.31982421875,59509.55859375,26095.880859375,10375.3701171875,24197.140625,6922.0,4112.79833984375
2026-05-04 13:30:00+00:00,24123.80078125,7222.43994140625,59509.55859375,26095.880859375,10375.3701171875,24208.369140625,6922.0,4112.79833984375
2026-05-04 13:45:00+00:00,24123.80078125,7231.7001953125,59509.55859375,26095.880859375,10375.3701171875,24191.4609375,6922.0,4112.79833984375
2026-05-04 14:00:00+00:00,24123.80078125,7233.5498046875,59509.55859375,26095.880859375,10375.3701171875,24164.19921875,6922.0,4112.79833984375
2026-05-04 14:15:00+00:00,24123.80078125,7234.72998046875,59509.55859375,26095.880859375,10375.3701171875,24181.1796875,6922.0,4112.79833984375
2026-05-04 14:30:00+00:00,24123.80078125,7242.93017578125,59509.55859375,26095.880859375,10375.3701171875,24188.560546875,6922.0,4112.79833984375
2026-05-04 14:45:00+00:00,24123.80078125,7232.31005859375,59509.55859375,26095.880859375,10375.3701171875,24117.369140625,6922.0,4112.79833984375
2026-05-04 15:00:00+00:00,24123.80078125,7225.31005859375,59509.55859375,26095.880859375,10375.3701171875,24140.76953125,6922.0,4112.79833984375
2026-05-04 15:15:00+00:00,24123.80078125,7206.77001953125,59509.55859375,26095.880859375,10375.3701171875,24036.470703125,6922.0,4112.79833984375
2026-05-04 15:30:00+00:00,24123.80078125,7205.830078125,59509.55859375,26095.880859375,10375.3701171875,24036.470703125,6922.0,4112.79833984375
2026-05-04 15:45:00+00:00,24123.80078125,7198.8701171875,59509.55859375,26095.880859375,10375.3701171875,24036.470703125,6922.0,4112.79833984375
2026-05-04 16:00:00+00:00,24123.80078125,7182.509765625,59509.55859375,26095.880859375,10375.3701171875,24036.470703125,6922.0,4112.79833984375
2026-05-04 16:15:00+00:00,24123.80078125,7192.52978515625,59509.55859375,26095.880859375,10375.3701171875,24036.470703125,6922.0,4112.79833984375
2026-05-04 16:30:00+00:00,24123.80078125,7192.31005859375,59509.55859375,26095.880859375,10375.3701171875,24036.470703125,6922.0,4112.79833984375
2026-05-04 16:45:00+00:00,24123.80078125,7188.4501953125,59509.55859375,26095.880859375,10375.3701171875,24036.470703125,6922.0,4112.79833984375
2026-05-04 17:00:00+00:00,24123.80078125,7197.4599609375,59509.55859375,26095.880859375,10375.3701171875,24036.470703125,6922.0,4112.79833984375
2026-05-04 17:15:00+00:00,24123.80078125,7207.8798828125,59509.55859375,26095.880859375,10375.3701171875,24036.470703125,6922.0,4112.79833984375
2026-05-04 17:30:00+00:00,24123.80078125,7205.0,59509.55859375,26095.880859375,10375.3701171875,24036.470703125,6922.0,4112.79833984375
2026-05-04 17:45:00+00:00,24123.80078125,7206.08984375,59509.55859375,26095.880859375,10375.3701171875,24036.470703125,6922.0,4112.79833984375
2026-05-04 18:00:00+00:00,24123.80078125,7207.25,59509.55859375,26095.880859375,10375.3701171875,24036.470703125,6922.0,4112.79833984375
2026-05-04 18:15:00+00:00,24123.80078125,7200.60986328125,59509.55859375,26095.880859375,10375.3701171875,24036.470703125,6922.0,4112.79833984375
2026-05-04 18:30:00+00:00,24123.80078125,7193.43017578125,59509.55859375,26095.880859375,10375.3701171875,24036.470703125,6922.0,4112.79833984375
2026-05-04 18:45:00+00:00,24123.80078125,7198.06982421875,59509.55859375,26095.880859375,10375.3701171875,24036.470703125,6922.0,4112.79833984375
2026-05-04 19:00:00+00:00,24123.80078125,7203.419921875,59509.55859375,26095.880859375,10375.3701171875,24036.470703125,6922.0,4112.79833984375
2026-05-04 19:15:00+00:00,24123.80078125,7200.3701171875,59509.55859375,26095.880859375,10375.3701171875,24036.470703125,6922.0,4112.79833984375
2026-05-04 19:30:00+00:00,24123.80078125,7200.9599609375,59509.55859375,26095.880859375,10375.3701171875,24036.470703125,6922.0,4112.79833984375
2026-05-04 19:45:00+00:00,24123.80078125,7201.4599609375,59509.55859375,26095.880859375,10375.3701171875,24036.470703125,6922.0,4112.79833984375
2026-05-05 01:30:00+00:00,24123.80078125,7201.4599609375,59509.55859375,25735.970703125,10375.3701171875,24036.470703125,6922.0,4112.79833984375
2026-05-05 01:45:00+00:00,24123.80078125,7201.4599609375,59509.55859375,25730.16015625,10375.3701171875,24036.470703125,6922.0,4112.79833984375
2026-05-05 02:00:00+00:00,24123.80078125,7201.4599609375,59509.55859375,25824.970703125,10375.3701171875,24036.470703125,6922.0,4112.79833984375
2026-05-05 02:15:00+00:00,24123.80078125,7201.4599609375,59509.55859375,25877.9609375,10375.3701171875,24036.470703125,6922.0,4112.79833984375
2026-05-05 02:30:00+00:00,24123.80078125,7201.4599609375,59509.55859375,25914.060546875,10375.3701171875,24036.470703125,6922.0,4112.79833984375
2026-05-05 02:45:00+00:00,24123.80078125,7201.4599609375,59509.55859375,25811.6796875,10375.3701171875,24036.470703125,6922.0,4112.79833984375
2026-05-05 03:00:00+00:00,24123.80078125,7201.4599609375,59509.55859375,25832.05078125,10375.3701171875,24036.470703125,6922.0,4112.79833984375
2026-05-05 03:15:00+00:00,24123.80078125,7201.4599609375,59509.55859375,25804.630859375,10375.3701171875,24036.470703125,6922.0,4112.79833984375
2026-05-05 03:30:00+00:00,24123.80078125,7201.4599609375,59509.55859375,25802.380859375,10375.3701171875,24036.470703125,6922.0,4112.79833984375
2026-05-05 03:45:00+00:00,23992.05078125,7201.4599609375,59509.55859375,25792.19921875,10375.3701171875,24036.470703125,6922.0,4112.79833984375
2026-05-05 04:00:00+00:00,24013.75,7201.4599609375,59509.55859375,25793.109375,10375.3701171875,24036.470703125,6922.0,4112.79833984375
2026-05-05 04:15:00+00:00,24043.05078125,7201.4599609375,59509.55859375,25793.109375,10375.3701171875,24036.470703125,6922.0,4112.79833984375
2026-05-05 04:30:00+00:00,23986.0,7201.4599609375,59509.55859375,25793.109375,10375.3701171875,24036.470703125,6922.0,4112.79833984375
2026-05-05 04:45:00+00:00,23954.400390625,7201.4599609375,59509.55859375,25793.109375,10375.3701171875,24036.470703125,6922.0,4112.79833984375
2026-05-05 05:00:00+00:00,23937.94921875,7201.4599609375,59509.55859375,25773.859375,10375.3701171875,24036.470703125,6922.0,4112.79833984375
2026-05-05 05:15:00+00:00,23925.94921875,7201.4599609375,59509.55859375,25736.130859375,10375.3701171875,24036.470703125,6922.0,4112.79833984375
2026-05-05 05:30:00+00:00,23939.0,7201.4599609375,59509.55859375,25769.220703125,10375.3701171875,24036.470703125,6922.0,4112.79833984375
2026-05-05 05:45:00+00:00,23935.150390625,7201.4599609375,59509.55859375,25820.599609375,10375.3701171875,24036.470703125,6922.0,4112.79833984375
2026-05-05 06:00:00+00:00,23916.05078125,7201.4599609375,59509.55859375,25813.439453125,10375.3701171875,24036.470703125,6922.0,4112.79833984375
2026-05-05 06:15:00+00:00,23888.94921875,7201.4599609375,59509.55859375,25806.150390625,10375.3701171875,24036.470703125,6922.0,4112.79833984375
2026-05-05 06:30:00+00:00,23946.44921875,7201.4599609375,59509.55859375,25821.2109375,10375.3701171875,24036.470703125,6922.0,4112.79833984375
2026-05-05 06:45:00+00:00,23943.19921875,7201.4599609375,59509.55859375,25853.890625,10375.3701171875,24036.470703125,6922.0,4112.79833984375
2026-05-05 07:00:00+00:00,23952.849609375,7201.4599609375,59509.55859375,25882.439453125,10255.0,24071.05078125,6922.0,4112.79833984375
2026-05-05 07:15:00+00:00,24011.900390625,7201.4599609375,59509.55859375,25870.69921875,10264.0595703125,24098.990234375,6922.0,4112.79833984375
2026-05-05 07:30:00+00:00,24068.80078125,7201.4599609375,59509.55859375,25897.19921875,10273.080078125,24173.240234375,6922.0,4112.79833984375
2026-05-05 07:45:00+00:00,24039.94921875,7201.4599609375,59509.55859375,25889.259765625,10260.9296875,24132.810546875,6922.0,4112.79833984375
2026-05-05 08:00:00+00:00,24050.44921875,7201.4599609375,59509.55859375,25898.609375,10271.830078125,24184.880859375,6922.0,4112.79833984375
2026-05-05 08:15:00+00:00,24038.099609375,7201.4599609375,59509.55859375,25898.609375,10284.6103515625,24225.060546875,6922.0,4112.79833984375
2026-05-05 08:30:00+00:00,24016.80078125,7201.4599609375,59509.55859375,25898.609375,10277.3701171875,24228.33984375,6922.0,4112.79833984375
2026-05-05 08:45:00+00:00,24058.30078125,7201.4599609375,59509.55859375,25898.609375,10265.66015625,24247.779296875,6922.0,4112.79833984375
2026-05-05 09:00:00+00:00,24042.099609375,7201.4599609375,59509.55859375,25898.609375,10265.2900390625,24238.220703125,6922.0,4112.79833984375
2026-05-05 09:15:00+00:00,24010.80078125,7201.4599609375,59509.55859375,25898.609375,10270.5703125,24227.990234375,6922.0,4112.79833984375
2026-05-05 09:30:00+00:00,24041.650390625,7201.4599609375,59509.55859375,25898.609375,10261.7099609375,24260.900390625,6922.0,4112.79833984375
2026-05-05 09:45:00+00:00,24052.150390625,7201.4599609375,59509.55859375,25898.609375,10262.3203125,24263.0,6922.0,4112.79833984375
2026-05-05 10:00:00+00:00,24052.150390625,7201.4599609375,59509.55859375,25898.609375,10265.0498046875,24250.029296875,6922.0,4112.79833984375
2026-05-05 10:15:00+00:00,24052.150390625,7201.4599609375,59509.55859375,25898.609375,10257.58984375,24253.30078125,6922.0,4112.79833984375
2026-05-05 10:30:00+00:00,24052.150390625,7201.4599609375,59509.55859375,25898.609375,10251.7099609375,24264.619140625,6922.0,4112.79833984375
2026-05-05 10:45:00+00:00,24052.150390625,7201.4599609375,59509.55859375,25898.609375,10256.080078125,24300.48046875,6922.0,4112.79833984375
2026-05-05 11:00:00+00:00,24052.150390625,7201.4599609375,59509.55859375,25898.609375,10241.599609375,24286.310546875,6922.0,4112.79833984375
2026-05-05 11:15:00+00:00,24052.150390625,7201.4599609375,59509.55859375,25898.609375,10235.740234375,24317.189453125,6922.0,4112.79833984375
2026-05-05 11:30:00+00:00,24052.150390625,7201.4599609375,59509.55859375,25898.609375,10237.51953125,24360.26953125,6922.0,4112.79833984375
2026-05-05 11:45:00+00:00,24052.150390625,7201.4599609375,59509.55859375,25898.609375,10221.9404296875,24326.5,6922.0,4112.79833984375
2026-05-05 12:00:00+00:00,24052.150390625,7201.4599609375,59509.55859375,25898.609375,10224.8603515625,24364.060546875,6922.0,4112.79833984375
2026-05-05 12:15:00+00:00,24052.150390625,7201.4599609375,59509.55859375,25898.609375,10235.4404296875,24375.150390625,6922.0,4112.79833984375
2026-05-05 12:30:00+00:00,24052.150390625,7201.4599609375,59509.55859375,25898.609375,10227.5302734375,24325.48046875,6922.0,4112.79833984375
2026-05-05 12:45:00+00:00,24052.150390625,7201.4599609375,59509.55859375,25898.609375,10216.7197265625,24323.58984375,6922.0,4112.79833984375
2026-05-05 13:00:00+00:00,24052.150390625,7201.4599609375,59509.55859375,25898.609375,10222.91015625,24349.859375,6922.0,4112.79833984375
2026-05-05 13:15:00+00:00,24052.150390625,7201.4599609375,59509.55859375,25898.609375,10218.9501953125,24334.140625,6922.0,4112.79833984375
2026-05-05 13:30:00+00:00,24052.150390625,7245.10009765625,59509.55859375,25898.609375,10184.0302734375,24275.7890625,6922.0,4112.79833984375
2026-05-05 13:45:00+00:00,24052.150390625,7248.5498046875,59509.55859375,25898.609375,10199.7197265625,24292.16015625,6922.0,4112.79833984375
2026-05-05 14:00:00+00:00,24052.150390625,7246.43017578125,59509.55859375,25898.609375,10185.9296875,24267.880859375,6922.0,4112.79833984375
2026-05-05 14:15:00+00:00,24052.150390625,7256.1298828125,59509.55859375,25898.609375,10178.1103515625,24270.490234375,6922.0,4112.79833984375
2026-05-05 14:30:00+00:00,24052.150390625,7250.6298828125,59509.55859375,25898.609375,10183.48046875,24285.669921875,6922.0,4112.79833984375
2026-05-05 14:45:00+00:00,24052.150390625,7254.47021484375,59509.55859375,25898.609375,10183.759765625,24323.130859375,6922.0,4112.79833984375
2026-05-05 15:00:00+00:00,24052.150390625,7259.6201171875,59509.55859375,25898.609375,10201.509765625,24375.130859375,6922.0,4112.79833984375
2026-05-05 15:15:00+00:00,24052.150390625,7257.52001953125,59509.55859375,25898.609375,10219.7197265625,24393.16015625,6922.0,4112.79833984375
2026-05-05 15:30:00+00:00,24052.150390625,7254.25,59509.55859375,25898.609375,10219.7197265625,24393.16015625,6922.0,4112.79833984375
2026-05-05 15:45:00+00:00,24052.150390625,7253.580078125,59509.55859375,25898.609375,10219.7197265625,24393.16015625,6922.0,4112.79833984375
2026-05-05 16:00:00+00:00,24052.150390625,7258.5,59509.55859375,25898.609375,10219.7197265625,24393.16015625,6922.0,4112.79833984375
2026-05-05 16:15:00+00:00,24052.150390625,7258.77001953125,59509.55859375,25898.609375,10219.7197265625,24393.16015625,6922.0,4112.79833984375
2026-05-05 16:30:00+00:00,24052.150390625,7257.58984375,59509.55859375,25898.609375,10219.7197265625,24393.16015625,6922.0,4112.79833984375
2026-05-05 16:45:00+00:00,24052.150390625,7257.89990234375,59509.55859375,25898.609375,10219.7197265625,24393.16015625,6922.0,4112.79833984375
2026-05-05 17:00:00+00:00,24052.150390625,7256.330078125,59509.55859375,25898.609375,10219.7197265625,24393.16015625,6922.0,4112.79833984375
2026-05-05 17:15:00+00:00,24052.150390625,7261.68017578125,59509.55859375,25898.609375,10219.7197265625,24393.16015625,6922.0,4112.79833984375
2026-05-05 17:30:00+00:00,24052.150390625,7261.919921875,59509.55859375,25898.609375,10219.7197265625,24393.16015625,6922.0,4112.79833984375
2026-05-05 17:45:00+00:00,24052.150390625,7263.0400390625,59509.55859375,25898.609375,10219.7197265625,24393.16015625,6922.0,4112.79833984375
2026-05-05 18:00:00+00:00,24052.150390625,7269.06005859375,59509.55859375,25898.609375,10219.7197265625,24393.16015625,6922.0,4112.79833984375
2026-05-05 18:15:00+00:00,24052.150390625,7267.990234375,59509.55859375,25898.609375,10219.7197265625,24393.16015625,6922.0,4112.79833984375
2026-05-05 18:30:00+00:00,24052.150390625,7266.169921875,59509.55859375,25898.609375,10219.7197265625,24393.16015625,6922.0,4112.79833984375
2026-05-05 18:45:00+00:00,24052.150390625,7266.06005859375,59509.55859375,25898.609375,10219.7197265625,24393.16015625,6922.0,4112.79833984375
2026-05-05 19:00:00+00:00,24052.150390625,7270.43994140625,59509.55859375,25898.609375,10219.7197265625,24393.16015625,6922.0,4112.79833984375
2026-05-05 19:15:00+00:00,24052.150390625,7270.18017578125,59509.55859375,25898.609375,10219.7197265625,24393.16015625,6922.0,4112.79833984375
2026-05-05 19:30:00+00:00,24052.150390625,7270.4599609375,59509.55859375,25898.609375,10219.7197265625,24393.16015625,6922.0,4112.79833984375
2026-05-05 19:45:00+00:00,24052.150390625,7259.47021484375,59509.55859375,25898.609375,10219.7197265625,24393.16015625,6922.0,4112.79833984375
2026-05-06 00:00:00+00:00,24052.150390625,7259.47021484375,59509.55859375,25898.609375,10219.7197265625,24393.16015625,7279.72021484375,4112.79833984375
2026-05-06 00:15:00+00:00,24052.150390625,7259.47021484375,59509.55859375,25898.609375,10219.7197265625,24393.16015625,7279.6201171875,4112.79833984375
2026-05-06 00:30:00+00:00,24052.150390625,7259.47021484375,59509.55859375,25898.609375,10219.7197265625,24393.16015625,7302.2998046875,4112.79833984375
2026-05-06 00:45:00+00:00,24052.150390625,7259.47021484375,59509.55859375,25898.609375,10219.7197265625,24393.16015625,7330.31005859375,4112.79833984375
2026-05-06 01:00:00+00:00,24052.150390625,7259.47021484375,59509.55859375,25898.609375,10219.7197265625,24393.16015625,7313.18994140625,4112.79833984375
2026-05-06 01:15:00+00:00,24052.150390625,7259.47021484375,59509.55859375,25898.609375,10219.7197265625,24393.16015625,7299.39013671875,4112.79833984375
2026-05-06 01:30:00+00:00,24052.150390625,7259.47021484375,59509.55859375,25960.91015625,10219.7197265625,24393.16015625,7339.31005859375,4140.27880859375
2026-05-06 01:45:00+00:00,24052.150390625,7259.47021484375,59509.55859375,26053.76953125,10219.7197265625,24393.16015625,7349.4501953125,4152.15283203125
2026-05-06 02:00:00+00:00,24052.150390625,7259.47021484375,59509.55859375,26081.7109375,10219.7197265625,24393.16015625,7339.89990234375,4159.40771484375
2026-05-06 02:15:00+00:00,24052.150390625,7259.47021484375,59509.55859375,26070.19921875,10219.7197265625,24393.16015625,7353.5,4157.37646484375
2026-05-06 02:30:00+00:00,24052.150390625,7259.47021484375,59509.55859375,26037.060546875,10219.7197265625,24393.16015625,7348.490234375,4154.66259765625
2026-05-06 02:45:00+00:00,24052.150390625,7259.47021484375,59509.55859375,26078.5,10219.7197265625,24393.16015625,7361.169921875,4152.67578125
2026-05-06 03:00:00+00:00,24052.150390625,7259.47021484375,59509.55859375,26154.900390625,10219.7197265625,24393.16015625,7388.8798828125,4160.53076171875
2026-05-06 03:15:00+00:00,24052.150390625,7259.47021484375,59509.55859375,26149.66015625,10219.7197265625,24393.16015625,7402.990234375,4164.22412109375
2026-05-06 03:30:00+00:00,24052.150390625,7259.47021484375,59509.55859375,26070.470703125,10219.7197265625,24393.16015625,7398.47021484375,4164.42138671875
2026-05-06 03:45:00+00:00,24171.599609375,7259.47021484375,59509.55859375,26104.44921875,10219.7197265625,24393.16015625,7381.39990234375,4164.42138671875
2026-05-06 04:00:00+00:00,24138.44921875,7259.47021484375,59509.55859375,26104.419921875,10219.7197265625,24393.16015625,7404.06982421875,4164.42138671875
2026-05-06 04:15:00+00:00,24140.30078125,7259.47021484375,59509.55859375,26104.419921875,10219.7197265625,24393.16015625,7411.72998046875,4164.42138671875
2026-05-06 04:30:00+00:00,24137.30078125,7259.47021484375,59509.55859375,26104.419921875,10219.7197265625,24393.16015625,7406.8701171875,4164.42138671875
2026-05-06 04:45:00+00:00,24136.400390625,7259.47021484375,59509.55859375,26104.419921875,10219.7197265625,24393.16015625,7389.18017578125,4164.42138671875
2026-05-06 05:00:00+00:00,24142.849609375,7259.47021484375,59509.55859375,26136.509765625,10219.7197265625,24393.16015625,7376.7900390625,4162.2705078125
2026-05-06 05:15:00+00:00,24095.75,7259.47021484375,59509.55859375,26144.169921875,10219.7197265625,24393.16015625,7404.5400390625,4161.36181640625
2026-05-06 05:30:00+00:00,24089.30078125,7259.47021484375,59509.55859375,26126.029296875,10219.7197265625,24393.16015625,7405.60986328125,4162.30517578125
2026-05-06 05:45:00+00:00,24112.5,7259.47021484375,59509.55859375,26134.279296875,10219.7197265625,24393.16015625,7418.93017578125,4161.3759765625
2026-05-06 06:00:00+00:00,24096.80078125,7259.47021484375,59509.55859375,26102.73046875,10219.7197265625,24393.16015625,7418.93017578125,4147.33935546875
2026-05-06 06:15:00+00:00,24097.349609375,7259.47021484375,59509.55859375,26177.779296875,10219.7197265625,24393.16015625,7418.93017578125,4157.04345703125
2026-05-06 06:30:00+00:00,24082.80078125,7259.47021484375,59509.55859375,26178.490234375,10219.7197265625,24393.16015625,7418.93017578125,4159.103515625
2026-05-06 06:45:00+00:00,24054.650390625,7259.47021484375,59509.55859375,26142.400390625,10219.7197265625,24393.16015625,7418.93017578125,4160.4208984375
2026-05-06 07:00:00+00:00,24022.30078125,7259.47021484375,59509.55859375,26130.220703125,10372.0498046875,24708.609375,7418.93017578125,4160.4208984375
2026-05-06 07:15:00+00:00,24023.099609375,7259.47021484375,59509.55859375,26138.759765625,10356.099609375,24699.439453125,7418.93017578125,4160.4208984375
2026-05-06 07:30:00+00:00,24040.650390625,7259.47021484375,59509.55859375,26160.0703125,10377.8896484375,24710.58984375,7418.93017578125,4160.4208984375
2026-05-06 07:45:00+00:00,24075.349609375,7259.47021484375,59509.55859375,26201.419921875,10382.669921875,24763.490234375,7418.93017578125,4160.4208984375
2026-05-06 08:00:00+00:00,24100.900390625,7259.47021484375,59509.55859375,26213.779296875,10390.66015625,24769.0390625,7418.93017578125,4160.4208984375
2026-05-06 08:15:00+00:00,24106.94921875,7259.47021484375,59509.55859375,26213.779296875,10396.150390625,24766.669921875,7418.93017578125,4160.4208984375
2026-05-06 08:30:00+00:00,24133.349609375,7259.47021484375,59509.55859375,26213.779296875,10408.0498046875,24801.08984375,7418.93017578125,4160.4208984375
2026-05-06 08:45:00+00:00,24311.650390625,7259.47021484375,59509.55859375,26213.779296875,10444.58984375,25004.900390625,7418.93017578125,4160.4208984375
2026-05-06 09:00:00+00:00,24334.349609375,7259.47021484375,59509.55859375,26213.779296875,10438.330078125,24953.6796875,7418.93017578125,4160.4208984375
2026-05-06 09:15:00+00:00,24348.25,7259.47021484375,59509.55859375,26213.779296875,10435.3896484375,24930.66015625,7418.93017578125,4160.4208984375
2026-05-06 09:30:00+00:00,24321.349609375,7259.47021484375,59509.55859375,26213.779296875,10442.669921875,25014.25,7418.93017578125,4160.4208984375
2026-05-06 09:45:00+00:00,24339.30078125,7259.47021484375,59509.55859375,26213.779296875,10433.9697265625,25023.099609375,7418.93017578125,4160.4208984375
2026-05-06 10:00:00+00:00,24339.30078125,7259.47021484375,59509.55859375,26213.779296875,10433.2900390625,25030.740234375,7418.93017578125,4160.4208984375
2026-05-06 10:15:00+00:00,24339.30078125,7259.47021484375,59509.55859375,26213.779296875,10445.48046875,25029.75,7418.93017578125,4160.4208984375
2026-05-06 10:30:00+00:00,24339.30078125,7259.47021484375,59509.55859375,26213.779296875,10450.25,25075.890625,7418.93017578125,4160.4208984375
2026-05-06 10:45:00+00:00,24339.30078125,7259.47021484375,59509.55859375,26213.779296875,10453.5703125,25116.869140625,7418.93017578125,4160.4208984375
2026-05-06 11:00:00+00:00,24339.30078125,7259.47021484375,59509.55859375,26213.779296875,10468.009765625,25124.279296875,7418.93017578125,4160.4208984375
2026-05-06 11:15:00+00:00,24339.30078125,7259.47021484375,59509.55859375,26213.779296875,10478.259765625,25090.220703125,7418.93017578125,4160.4208984375
2026-05-06 11:30:00+00:00,24339.30078125,7259.47021484375,59509.55859375,26213.779296875,10475.6298828125,25049.390625,7418.93017578125,4160.4208984375
2026-05-06 11:45:00+00:00,24339.30078125,7259.47021484375,59509.55859375,26213.779296875,10480.0498046875,25024.3203125,7418.93017578125,4160.4208984375
2026-05-06 12:00:00+00:00,24339.30078125,7259.47021484375,59509.55859375,26213.779296875,10448.0595703125,24900.44921875,7418.93017578125,4160.4208984375
2026-05-06 12:15:00+00:00,24339.30078125,7259.47021484375,59509.55859375,26213.779296875,10445.01953125,24935.529296875,7418.93017578125,4160.4208984375
2026-05-06 12:30:00+00:00,24339.30078125,7259.47021484375,59509.55859375,26213.779296875,10448.5,24920.26953125,7418.93017578125,4160.4208984375
2026-05-06 12:45:00+00:00,24339.30078125,7259.47021484375,59509.55859375,26213.779296875,10447.400390625,24933.5703125,7418.93017578125,4160.4208984375
2026-05-06 13:00:00+00:00,24339.30078125,7259.47021484375,59509.55859375,26213.779296875,10449.5498046875,24916.810546875,7418.93017578125,4160.4208984375
2026-05-06 13:15:00+00:00,24339.30078125,7259.47021484375,59509.55859375,26213.779296875,10438.6298828125,24907.66015625,7418.93017578125,4160.4208984375
2026-05-06 13:30:00+00:00,24339.30078125,7315.27001953125,59509.55859375,26213.779296875,10436.599609375,24870.76953125,7418.93017578125,4160.4208984375
2026-05-06 13:45:00+00:00,24339.30078125,7319.97021484375,59509.55859375,26213.779296875,10432.7197265625,24866.470703125,7418.93017578125,4160.4208984375
2026-05-06 14:00:00+00:00,24339.30078125,7323.7900390625,59509.55859375,26213.779296875,10439.0,24910.529296875,7418.93017578125,4160.4208984375
2026-05-06 14:15:00+00:00,24339.30078125,7322.580078125,59509.55859375,26213.779296875,10433.849609375,24881.890625,7418.93017578125,4160.4208984375
2026-05-06 14:30:00+00:00,24339.30078125,7341.830078125,59509.55859375,26213.779296875,10441.330078125,24973.869140625,7418.93017578125,4160.4208984375
2026-05-06 14:45:00+00:00,24339.30078125,7344.97021484375,59509.55859375,26213.779296875,10437.2001953125,24948.91015625,7418.93017578125,4160.4208984375
2026-05-06 15:00:00+00:00,24339.30078125,7340.33984375,59509.55859375,26213.779296875,10439.0595703125,24932.740234375,7418.93017578125,4160.4208984375
2026-05-06 15:15:00+00:00,24339.30078125,7344.1201171875,59509.55859375,26213.779296875,10441.73046875,24951.94921875,7418.93017578125,4160.4208984375
2026-05-06 15:30:00+00:00,24339.30078125,7337.35986328125,59509.55859375,26213.779296875,10441.73046875,24951.94921875,7418.93017578125,4160.4208984375
2026-05-06 15:45:00+00:00,24339.30078125,7340.41015625,59509.55859375,26213.779296875,10441.73046875,24951.94921875,7418.93017578125,4160.4208984375
2026-05-06 16:00:00+00:00,24339.30078125,7342.919921875,59509.55859375,26213.779296875,10441.73046875,24951.94921875,7418.93017578125,4160.4208984375
2026-05-06 16:15:00+00:00,24339.30078125,7341.33984375,59509.55859375,26213.779296875,10441.73046875,24951.94921875,7418.93017578125,4160.4208984375
2026-05-06 16:30:00+00:00,24339.30078125,7339.43994140625,59509.55859375,26213.779296875,10441.73046875,24951.94921875,7418.93017578125,4160.4208984375
2026-05-06 16:45:00+00:00,24339.30078125,7333.81982421875,59509.55859375,26213.779296875,10441.73046875,24951.94921875,7418.93017578125,4160.4208984375
2026-05-06 17:00:00+00:00,24339.30078125,7339.3701171875,59509.55859375,26213.779296875,10441.73046875,24951.94921875,7418.93017578125,4160.4208984375
2026-05-06 17:15:00+00:00,24339.30078125,7340.1298828125,59509.55859375,26213.779296875,10441.73046875,24951.94921875,7418.93017578125,4160.4208984375
2026-05-06 17:30:00+00:00,24339.30078125,7342.27001953125,59509.55859375,26213.779296875,10441.73046875,24951.94921875,7418.93017578125,4160.4208984375
2026-05-06 17:45:00+00:00,24339.30078125,7344.56005859375,59509.55859375,26213.779296875,10441.73046875,24951.94921875,7418.93017578125,4160.4208984375
2026-05-06 18:00:00+00:00,24339.30078125,7348.18017578125,59509.55859375,26213.779296875,10441.73046875,24951.94921875,7418.93017578125,4160.4208984375
2026-05-06 18:15:00+00:00,24339.30078125,7353.7998046875,59509.55859375,26213.779296875,10441.73046875,24951.94921875,7418.93017578125,4160.4208984375
2026-05-06 18:30:00+00:00,24339.30078125,7353.759765625,59509.55859375,26213.779296875,10441.73046875,24951.94921875,7418.93017578125,4160.4208984375
2026-05-06 18:45:00+00:00,24339.30078125,7352.56982421875,59509.55859375,26213.779296875,10441.73046875,24951.94921875,7418.93017578125,4160.4208984375
2026-05-06 19:00:00+00:00,24339.30078125,7360.89990234375,59509.55859375,26213.779296875,10441.73046875,24951.94921875,7418.93017578125,4160.4208984375
2026-05-06 19:15:00+00:00,24339.30078125,7362.02001953125,59509.55859375,26213.779296875,10441.73046875,24951.94921875,7418.93017578125,4160.4208984375
2026-05-06 19:30:00+00:00,24339.30078125,7360.16015625,59509.55859375,26213.779296875,10441.73046875,24951.94921875,7418.93017578125,4160.4208984375
2026-05-06 19:45:00+00:00,24339.30078125,7363.68017578125,59509.55859375,26213.779296875,10441.73046875,24951.94921875,7418.93017578125,4160.4208984375
2026-05-07 00:00:00+00:00,24339.30078125,7363.68017578125,61711.640625,26213.779296875,10441.73046875,24951.94921875,7437.7900390625,4160.4208984375
2026-05-07 00:15:00+00:00,24339.30078125,7363.68017578125,61900.2109375,26213.779296875,10441.73046875,24951.94921875,7306.91015625,4160.4208984375
2026-05-07 00:30:00+00:00,24339.30078125,7363.68017578125,61968.1796875,26213.779296875,10441.73046875,24951.94921875,7360.1201171875,4160.4208984375
2026-05-07 00:45:00+00:00,24339.30078125,7363.68017578125,62200.2890625,26213.779296875,10441.73046875,24951.94921875,7313.10009765625,4160.4208984375
2026-05-07 01:00:00+00:00,24339.30078125,7363.68017578125,62337.37109375,26213.779296875,10441.73046875,24951.94921875,7315.56982421875,4160.4208984375
2026-05-07 01:15:00+00:00,24339.30078125,7363.68017578125,62494.62890625,26213.779296875,10441.73046875,24951.94921875,7334.259765625,4160.4208984375
2026-05-07 01:30:00+00:00,24339.30078125,7363.68017578125,62709.01953125,26574.33984375,10441.73046875,24951.94921875,7371.16015625,4165.8154296875
2026-05-07 01:45:00+00:00,24339.30078125,7363.68017578125,62762.05078125,26570.6796875,10441.73046875,24951.94921875,7391.4599609375,4165.0771484375
2026-05-07 02:00:00+00:00,24339.30078125,7363.68017578125,62821.921875,26593.359375,10441.73046875,24951.94921875,7400.64990234375,4166.68505859375
2026-05-07 02:15:00+00:00,24339.30078125,7363.68017578125,62914.66015625,26555.26953125,10441.73046875,24951.94921875,7411.27001953125,4167.0517578125
2026-05-07 02:30:00+00:00,24339.30078125,7363.68017578125,62915.87109375,26573.66015625,10441.73046875,24951.94921875,7374.27978515625,4166.36865234375
2026-05-07 02:45:00+00:00,24339.30078125,7363.68017578125,62915.87109375,26613.19921875,10441.73046875,24951.94921875,7380.27978515625,4166.92724609375
2026-05-07 03:00:00+00:00,24339.30078125,7363.68017578125,62915.87109375,26551.240234375,10441.73046875,24951.94921875,7341.0498046875,4166.65087890625
2026-05-07 03:15:00+00:00,24339.30078125,7363.68017578125,62915.87109375,26606.169921875,10441.73046875,24951.94921875,7390.9501953125,4170.6015625
2026-05-07 03:30:00+00:00,24339.30078125,7363.68017578125,62893.53125,26619.01953125,10441.73046875,24951.94921875,7399.91015625,4170.74755859375
2026-05-07 03:45:00+00:00,24334.150390625,7363.68017578125,62842.48828125,26624.58984375,10441.73046875,24951.94921875,7391.6298828125,4170.74755859375
2026-05-07 04:00:00+00:00,24397.349609375,7363.68017578125,62851.1796875,26623.939453125,10441.73046875,24951.94921875,7382.2099609375,4170.74755859375
2026-05-07 04:15:00+00:00,24342.94921875,7363.68017578125,62850.05078125,26623.939453125,10441.73046875,24951.94921875,7400.35009765625,4170.74755859375
2026-05-07 04:30:00+00:00,24323.650390625,7363.68017578125,62887.80859375,26623.939453125,10441.73046875,24951.94921875,7397.740234375,4170.74755859375
2026-05-07 04:45:00+00:00,24360.30078125,7363.68017578125,62971.87109375,26623.939453125,10441.73046875,24951.94921875,7397.5498046875,4170.74755859375
2026-05-07 05:00:00+00:00,24373.44921875,7363.68017578125,63068.171875,26612.310546875,10441.73046875,24951.94921875,7451.009765625,4170.92236328125
2026-05-07 05:15:00+00:00,24340.849609375,7363.68017578125,63083.640625,26575.41015625,10441.73046875,24951.94921875,7473.9599609375,4168.9365234375
2026-05-07 05:30:00+00:00,24317.75,7363.68017578125,63070.5703125,26572.7109375,10441.73046875,24951.94921875,7496.27001953125,4171.96484375
2026-05-07 05:45:00+00:00,24306.44921875,7363.68017578125,62999.0390625,26571.369140625,10441.73046875,24951.94921875,7496.60009765625,4173.88671875
2026-05-07 06:00:00+00:00,24288.5,7363.68017578125,62945.8515625,26559.58984375,10441.73046875,24951.94921875,7496.60009765625,4174.45703125
2026-05-07 06:15:00+00:00,24340.55078125,7363.68017578125,62917.609375,26568.869140625,10441.73046875,24951.94921875,7496.60009765625,4176.259765625
2026-05-07 06:30:00+00:00,24361.55078125,7363.68017578125,62917.609375,26654.66015625,10441.73046875,24951.94921875,7496.60009765625,4177.37548828125
2026-05-07 06:45:00+00:00,24355.150390625,7363.68017578125,62917.609375,26617.509765625,10441.73046875,24951.94921875,7496.60009765625,4179.92578125
2026-05-07 07:00:00+00:00,24463.150390625,7363.68017578125,62917.609375,26658.5703125,10412.259765625,24995.380859375,7496.60009765625,4179.92578125
2026-05-07 07:15:00+00:00,24388.25,7363.68017578125,62917.609375,26606.400390625,10392.91015625,24988.880859375,7496.60009765625,4179.92578125
2026-05-07 07:30:00+00:00,24389.69921875,7363.68017578125,62917.609375,26625.8203125,10392.3701171875,24986.94921875,7496.60009765625,4179.92578125
2026-05-07 07:45:00+00:00,24353.349609375,7363.68017578125,62917.609375,26621.119140625,10380.509765625,24952.009765625,7496.60009765625,4179.92578125
2026-05-07 08:00:00+00:00,24349.75,7363.68017578125,62917.609375,26626.279296875,10398.419921875,24963.939453125,7496.60009765625,4179.92578125
2026-05-07 08:15:00+00:00,24368.650390625,7363.68017578125,62917.609375,26626.279296875,10395.1396484375,24939.91015625,7496.60009765625,4179.92578125
2026-05-07 08:30:00+00:00,24361.650390625,7363.68017578125,62917.609375,26626.279296875,10386.599609375,24933.330078125,7496.60009765625,4179.92578125
2026-05-07 08:45:00+00:00,24376.900390625,7363.68017578125,62917.609375,26626.279296875,10371.33984375,24891.91015625,7496.60009765625,4179.92578125
2026-05-07 09:00:00+00:00,24339.44921875,7363.68017578125,62917.609375,26626.279296875,10367.150390625,24893.2109375,7496.60009765625,4179.92578125
2026-05-07 09:15:00+00:00,24352.650390625,7363.68017578125,62917.609375,26626.279296875,10366.9296875,24910.099609375,7496.60009765625,4179.92578125
2026-05-07 09:30:00+00:00,24303.099609375,7363.68017578125,62917.609375,26626.279296875,10370.0595703125,24918.73046875,7496.60009765625,4179.92578125
2026-05-07 09:45:00+00:00,24336.400390625,7363.68017578125,62917.609375,26626.279296875,10372.6904296875,24879.19921875,7496.60009765625,4179.92578125
2026-05-07 10:00:00+00:00,24336.400390625,7363.68017578125,62917.609375,26626.279296875,10370.349609375,24876.490234375,7496.60009765625,4179.92578125
2026-05-07 10:15:00+00:00,24336.400390625,7363.68017578125,62917.609375,26626.279296875,10364.5302734375,24873.94921875,7496.60009765625,4179.92578125
2026-05-07 10:30:00+00:00,24336.400390625,7363.68017578125,62917.609375,26626.279296875,10371.6201171875,24900.740234375,7496.60009765625,4179.92578125
2026-05-07 10:45:00+00:00,24336.400390625,7363.68017578125,62917.609375,26626.279296875,10365.7802734375,24856.310546875,7496.60009765625,4179.92578125
2026-05-07 11:00:00+00:00,24336.400390625,7363.68017578125,62917.609375,26626.279296875,10382.7900390625,24874.130859375,7496.60009765625,4179.92578125
2026-05-07 11:15:00+00:00,24336.400390625,7363.68017578125,62917.609375,26626.279296875,10380.599609375,24872.7890625,7496.60009765625,4179.92578125
2026-05-07 11:30:00+00:00,24336.400390625,7363.68017578125,62917.609375,26626.279296875,10379.7900390625,24888.220703125,7496.60009765625,4179.92578125
2026-05-07 11:45:00+00:00,24336.400390625,7363.68017578125,62917.609375,26626.279296875,10375.76953125,24867.7890625,7496.60009765625,4179.92578125
2026-05-07 12:00:00+00:00,24336.400390625,7363.68017578125,62917.609375,26626.279296875,10376.2998046875,24877.05078125,7496.60009765625,4179.92578125
2026-05-07 12:15:00+00:00,24336.400390625,7363.68017578125,62917.609375,26626.279296875,10383.240234375,24915.73046875,7496.60009765625,4179.92578125
2026-05-07 12:30:00+00:00,24336.400390625,7363.68017578125,62917.609375,26626.279296875,10376.7099609375,24929.19921875,7496.60009765625,4179.92578125
2026-05-07 12:45:00+00:00,24336.400390625,7363.68017578125,62917.609375,26626.279296875,10383.3203125,24921.33984375,7496.60009765625,4179.92578125
2026-05-07 13:00:00+00:00,24336.400390625,7363.68017578125,62917.609375,26626.279296875,10367.2900390625,24859.189453125,7496.60009765625,4179.92578125
2026-05-07 13:15:00+00:00,24336.400390625,7363.68017578125,62917.609375,26626.279296875,10364.3896484375,24856.51953125,7496.60009765625,4179.92578125
2026-05-07 13:30:00+00:00,24336.400390625,7366.18017578125,62917.609375,26626.279296875,10336.6796875,24816.849609375,7496.60009765625,4179.92578125
2026-05-07 13:45:00+00:00,24336.400390625,7363.6298828125,62917.609375,26626.279296875,10329.509765625,24814.080078125,7496.60009765625,4179.92578125
2026-05-07 14:00:00+00:00,24336.400390625,7369.7900390625,62917.609375,26626.279296875,10308.3203125,24782.5703125,7496.60009765625,4179.92578125
2026-05-07 14:15:00+00:00,24336.400390625,7369.60986328125,62917.609375,26626.279296875,10294.7099609375,24756.599609375,7496.60009765625,4179.92578125
2026-05-07 14:30:00+00:00,24336.400390625,7376.169921875,62917.609375,26626.279296875,10301.740234375,24743.169921875,7496.60009765625,4179.92578125
2026-05-07 14:45:00+00:00,24336.400390625,7384.77001953125,62917.609375,26626.279296875,10305.7900390625,24761.23046875,7496.60009765625,4179.92578125
2026-05-07 15:00:00+00:00,24336.400390625,7376.06982421875,62917.609375,26626.279296875,10304.740234375,24736.609375,7496.60009765625,4179.92578125
2026-05-07 15:15:00+00:00,24336.400390625,7372.16015625,62917.609375,26626.279296875,10289.7001953125,24666.720703125,7496.60009765625,4179.92578125
2026-05-07 15:30:00+00:00,24336.400390625,7377.06005859375,62917.609375,26626.279296875,10289.7001953125,24666.720703125,7496.60009765625,4179.92578125
2026-05-07 15:45:00+00:00,24336.400390625,7363.22998046875,62917.609375,26626.279296875,10289.7001953125,24666.720703125,7496.60009765625,4179.92578125
2026-05-07 16:00:00+00:00,24336.400390625,7350.16015625,62917.609375,26626.279296875,10289.7001953125,24666.720703125,7496.60009765625,4179.92578125
2026-05-07 16:15:00+00:00,24336.400390625,7357.080078125,62917.609375,26626.279296875,10289.7001953125,24666.720703125,7496.60009765625,4179.92578125
2026-05-07 16:30:00+00:00,24336.400390625,7350.89013671875,62917.609375,26626.279296875,10289.7001953125,24666.720703125,7496.60009765625,4179.92578125
2026-05-07 16:45:00+00:00,24336.400390625,7343.8701171875,62917.609375,26626.279296875,10289.7001953125,24666.720703125,7496.60009765625,4179.92578125
2026-05-07 17:00:00+00:00,24336.400390625,7343.080078125,62917.609375,26626.279296875,10289.7001953125,24666.720703125,7496.60009765625,4179.92578125
2026-05-07 17:15:00+00:00,24336.400390625,7329.740234375,62917.609375,26626.279296875,10289.7001953125,24666.720703125,7496.60009765625,4179.92578125
2026-05-07 17:30:00+00:00,24336.400390625,7330.14990234375,62917.609375,26626.279296875,10289.7001953125,24666.720703125,7496.60009765625,4179.92578125
2026-05-07 17:45:00+00:00,24336.400390625,7340.93017578125,62917.609375,26626.279296875,10289.7001953125,24666.720703125,7496.60009765625,4179.92578125
2026-05-07 18:00:00+00:00,24336.400390625,7338.60986328125,62917.609375,26626.279296875,10289.7001953125,24666.720703125,7496.60009765625,4179.92578125
2026-05-07 18:15:00+00:00,24336.400390625,7335.93994140625,62917.609375,26626.279296875,10289.7001953125,24666.720703125,7496.60009765625,4179.92578125
2026-05-07 18:30:00+00:00,24336.400390625,7325.93017578125,62917.609375,26626.279296875,10289.7001953125,24666.720703125,7496.60009765625,4179.92578125
2026-05-07 18:45:00+00:00,24336.400390625,7334.0400390625,62917.609375,26626.279296875,10289.7001953125,24666.720703125,7496.60009765625,4179.92578125
2026-05-07 19:00:00+00:00,24336.400390625,7335.3798828125,62917.609375,26626.279296875,10289.7001953125,24666.720703125,7496.60009765625,4179.92578125
2026-05-07 19:15:00+00:00,24336.400390625,7327.68994140625,62917.609375,26626.279296875,10289.7001953125,24666.720703125,7496.60009765625,4179.92578125
2026-05-07 19:30:00+00:00,24336.400390625,7335.14990234375,62917.609375,26626.279296875,10289.7001953125,24666.720703125,7496.60009765625,4179.92578125
2026-05-07 19:45:00+00:00,24336.400390625,7337.10986328125,62917.609375,26626.279296875,10289.7001953125,24666.720703125,7496.60009765625,4179.92578125
2026-05-08 00:00:00+00:00,24336.400390625,7337.10986328125,62343.1015625,26626.279296875,10289.7001953125,24666.720703125,7319.43017578125,4179.92578125
2026-05-08 00:15:00+00:00,24336.400390625,7337.10986328125,62501.03125,26626.279296875,10289.7001953125,24666.720703125,7346.7099609375,4179.92578125
2026-05-08 00:30:00+00:00,24336.400390625,7337.10986328125,62624.55859375,26626.279296875,10289.7001953125,24666.720703125,7401.27978515625,4179.92578125
2026-05-08 00:45:00+00:00,24336.400390625,7337.10986328125,62581.3515625,26626.279296875,10289.7001953125,24666.720703125,7418.08984375,4179.92578125
2026-05-08 01:00:00+00:00,24336.400390625,7337.10986328125,62691.80859375,26626.279296875,10289.7001953125,24666.720703125,7437.169921875,4179.92578125
2026-05-08 01:15:00+00:00,24336.400390625,7337.10986328125,62527.87109375,26626.279296875,10289.7001953125,24666.720703125,7424.2900390625,4179.92578125
2026-05-08 01:30:00+00:00,24336.400390625,7337.10986328125,62444.109375,26307.2109375,10289.7001953125,24666.720703125,7415.2998046875,4174.49267578125
2026-05-08 01:45:00+00:00,24336.400390625,7337.10986328125,62380.94140625,26348.2890625,10289.7001953125,24666.720703125,7387.58984375,4175.76953125
2026-05-08 02:00:00+00:00,24336.400390625,7337.10986328125,62288.05078125,26316.470703125,10289.7001953125,24666.720703125,7388.06005859375,4169.029296875
2026-05-08 02:15:00+00:00,24336.400390625,7337.10986328125,62171.37109375,26344.109375,10289.7001953125,24666.720703125,7393.85986328125,4166.22119140625
2026-05-08 02:30:00+00:00,24336.400390625,7337.10986328125,62174.12109375,26278.859375,10289.7001953125,24666.720703125,7390.18017578125,4167.7255859375
2026-05-08 02:45:00+00:00,24336.400390625,7337.10986328125,62174.12109375,26299.26953125,10289.7001953125,24666.720703125,7405.759765625,4162.6328125
2026-05-08 03:00:00+00:00,24336.400390625,7337.10986328125,62174.12109375,26306.08984375,10289.7001953125,24666.720703125,7417.02978515625,4161.55224609375
2026-05-08 03:15:00+00:00,24336.400390625,7337.10986328125,62174.12109375,26312.66015625,10289.7001953125,24666.720703125,7407.9501953125,4161.3212890625
2026-05-08 03:30:00+00:00,24336.400390625,7337.10986328125,62389.26171875,26307.279296875,10289.7001953125,24666.720703125,7421.759765625,4162.27001953125
2026-05-08 03:45:00+00:00,24244.150390625,7337.10986328125,62458.01171875,26336.83984375,10289.7001953125,24666.720703125,7436.56005859375,4162.27001953125
2026-05-08 04:00:00+00:00,24167.75,7337.10986328125,62472.71875,26335.939453125,10289.7001953125,24666.720703125,7439.7099609375,4162.27001953125
2026-05-08 04:15:00+00:00,24198.44921875,7337.10986328125,62495.7109375,26335.939453125,10289.7001953125,24666.720703125,7454.27001953125,4162.27001953125
2026-05-08 04:30:00+00:00,24211.30078125,7337.10986328125,62385.140625,26335.939453125,10289.7001953125,24666.720703125,7424.6201171875,4162.27001953125
2026-05-08 04:45:00+00:00,24238.05078125,7337.10986328125,62472.44921875,26335.939453125,10289.7001953125,24666.720703125,7448.41015625,4162.27001953125
2026-05-08 05:00:00+00:00,24232.25,7337.10986328125,62535.69921875,26320.73046875,10289.7001953125,24666.720703125,7461.43994140625,4172.4169921875
2026-05-08 05:15:00+00:00,24195.94921875,7337.10986328125,62577.578125,26361.419921875,10289.7001953125,24666.720703125,7472.2998046875,4177.642578125
2026-05-08 05:30:00+00:00,24233.0,7337.10986328125,62638.171875,26355.55078125,10289.7001953125,24666.720703125,7499.35986328125,4176.6044921875
2026-05-08 05:45:00+00:00,24198.349609375,7337.10986328125,62646.46875,26343.5390625,10289.7001953125,24666.720703125,7490.7099609375,4180.2978515625
2026-05-08 06:00:00+00:00,24199.44921875,7337.10986328125,62680.1796875,26339.98046875,10289.7001953125,24666.720703125,7490.7099609375,4177.80615234375
2026-05-08 06:15:00+00:00,24205.849609375,7337.10986328125,62615.328125,26354.400390625,10289.7001953125,24666.720703125,7490.7099609375,4176.57080078125
2026-05-08 06:30:00+00:00,24184.19921875,7337.10986328125,62615.328125,26395.30078125,10289.7001953125,24666.720703125,7490.7099609375,4175.8974609375
2026-05-08 06:45:00+00:00,24196.099609375,7337.10986328125,62615.328125,26467.23046875,10289.7001953125,24666.720703125,7490.7099609375,4179.98291015625
2026-05-08 07:00:00+00:00,24164.30078125,7337.10986328125,62615.328125,26408.4609375,10196.4404296875,24425.669921875,7490.7099609375,4179.98291015625
2026-05-08 07:15:00+00:00,24163.400390625,7337.10986328125,62615.328125,26396.609375,10191.849609375,24458.44921875,7490.7099609375,4179.98291015625
2026-05-08 07:30:00+00:00,24167.0,7337.10986328125,62615.328125,26421.7890625,10200.5498046875,24450.400390625,7490.7099609375,4179.98291015625
2026-05-08 07:45:00+00:00,24195.44921875,7337.10986328125,62615.328125,26412.1796875,10224.1298828125,24488.400390625,7490.7099609375,4179.98291015625
2026-05-08 08:00:00+00:00,24170.94921875,7337.10986328125,62615.328125,26393.7109375,10203.75,24426.470703125,7490.7099609375,4179.98291015625
2026-05-08 08:15:00+00:00,24137.19921875,7337.10986328125,62615.328125,26393.7109375,10203.0400390625,24432.330078125,7490.7099609375,4179.98291015625
2026-05-08 08:30:00+00:00,24145.849609375,7337.10986328125,62615.328125,26393.7109375,10205.6396484375,24435.310546875,7490.7099609375,4179.98291015625
2026-05-08 08:45:00+00:00,24169.650390625,7337.10986328125,62615.328125,26393.7109375,10205.8896484375,24412.880859375,7490.7099609375,4179.98291015625
2026-05-08 09:00:00+00:00,24231.69921875,7337.10986328125,62615.328125,26393.7109375,10228.4501953125,24471.76953125,7490.7099609375,4179.98291015625
2026-05-08 09:15:00+00:00,24213.650390625,7337.10986328125,62615.328125,26393.7109375,10258.099609375,24497.130859375,7490.7099609375,4179.98291015625
2026-05-08 09:30:00+00:00,24180.849609375,7337.10986328125,62615.328125,26393.7109375,10260.3896484375,24504.30078125,7490.7099609375,4179.98291015625
2026-05-08 09:45:00+00:00,24179.80078125,7337.10986328125,62615.328125,26393.7109375,10244.08984375,24448.669921875,7490.7099609375,4179.98291015625
2026-05-08 10:00:00+00:00,24179.80078125,7337.10986328125,62615.328125,26393.7109375,10242.48046875,24435.759765625,7490.7099609375,4179.98291015625
2026-05-08 10:15:00+00:00,24179.80078125,7337.10986328125,62615.328125,26393.7109375,10251.08984375,24461.900390625,7490.7099609375,4179.98291015625
2026-05-08 10:30:00+00:00,24179.80078125,7337.10986328125,62615.328125,26393.7109375,10270.23046875,24497.380859375,7490.7099609375,4179.98291015625
2026-05-08 10:45:00+00:00,24179.80078125,7337.10986328125,62615.328125,26393.7109375,10267.8095703125,24483.91015625,7490.7099609375,4179.98291015625
2026-05-08 11:00:00+00:00,24179.80078125,7337.10986328125,62615.328125,26393.7109375,10256.919921875,24471.58984375,7490.7099609375,4179.98291015625
2026-05-08 11:15:00+00:00,24179.80078125,7337.10986328125,62615.328125,26393.7109375,10258.3896484375,24457.5390625,7490.7099609375,4179.98291015625
2026-05-08 11:30:00+00:00,24179.80078125,7337.10986328125,62615.328125,26393.7109375,10252.0703125,24419.58984375,7490.7099609375,4179.98291015625
2026-05-08 11:45:00+00:00,24179.80078125,7337.10986328125,62615.328125,26393.7109375,10260.740234375,24435.740234375,7490.7099609375,4179.98291015625
2026-05-08 12:00:00+00:00,24179.80078125,7337.10986328125,62615.328125,26393.7109375,10264.490234375,24428.359375,7490.7099609375,4179.98291015625
2026-05-08 12:15:00+00:00,24179.80078125,7337.10986328125,62615.328125,26393.7109375,10266.4697265625,24443.69921875,7490.7099609375,4179.98291015625
2026-05-08 12:30:00+00:00,24179.80078125,7337.10986328125,62615.328125,26393.7109375,10267.25,24441.669921875,7490.7099609375,4179.98291015625
2026-05-08 12:45:00+00:00,24179.80078125,7337.10986328125,62615.328125,26393.7109375,10263.580078125,24400.029296875,7490.7099609375,4179.98291015625
2026-05-08 13:00:00+00:00,24179.80078125,7337.10986328125,62615.328125,26393.7109375,10252.23046875,24392.9609375,7490.7099609375,4179.98291015625
2026-05-08 13:15:00+00:00,24179.80078125,7337.10986328125,62615.328125,26393.7109375,10273.150390625,24448.83984375,7490.7099609375,4179.98291015625
2026-05-08 13:30:00+00:00,24179.80078125,7374.56005859375,62615.328125,26393.7109375,10259.7001953125,24437.560546875,7490.7099609375,4179.98291015625
2026-05-08 13:45:00+00:00,24179.80078125,7389.4599609375,62615.328125,26393.7109375,10267.51953125,24482.33984375,7490.7099609375,4179.98291015625
2026-05-08 14:00:00+00:00,24179.80078125,7390.22998046875,62615.328125,26393.7109375,10243.75,24400.58984375,7490.7099609375,4179.98291015625
2026-05-08 14:15:00+00:00,24179.80078125,7389.68994140625,62615.328125,26393.7109375,10249.259765625,24387.41015625,7490.7099609375,4179.98291015625
2026-05-08 14:30:00+00:00,24179.80078125,7394.31982421875,62615.328125,26393.7109375,10247.099609375,24359.109375,7490.7099609375,4179.98291015625
2026-05-08 14:45:00+00:00,24179.80078125,7393.740234375,62615.328125,26393.7109375,10237.2900390625,24341.05078125,7490.7099609375,4179.98291015625
2026-05-08 15:00:00+00:00,24179.80078125,7387.81005859375,62615.328125,26393.7109375,10227.75,24307.259765625,7490.7099609375,4179.98291015625
2026-05-08 15:15:00+00:00,24179.80078125,7391.22998046875,62615.328125,26393.7109375,10227.58984375,24308.6796875,7490.7099609375,4179.98291015625
2026-05-08 15:30:00+00:00,24179.80078125,7390.14013671875,62615.328125,26393.7109375,10227.58984375,24308.6796875,7490.7099609375,4179.98291015625
2026-05-08 15:45:00+00:00,24179.80078125,7390.97021484375,62615.328125,26393.7109375,10227.58984375,24308.6796875,7490.7099609375,4179.98291015625
2026-05-08 16:00:00+00:00,24179.80078125,7396.64990234375,62615.328125,26393.7109375,10227.58984375,24308.6796875,7490.7099609375,4179.98291015625
2026-05-08 16:15:00+00:00,24179.80078125,7397.56005859375,62615.328125,26393.7109375,10227.58984375,24308.6796875,7490.7099609375,4179.98291015625
2026-05-08 16:30:00+00:00,24179.80078125,7390.259765625,62615.328125,26393.7109375,10227.58984375,24308.6796875,7490.7099609375,4179.98291015625
2026-05-08 16:45:00+00:00,24179.80078125,7391.5,62615.328125,26393.7109375,10227.58984375,24308.6796875,7490.7099609375,4179.98291015625
2026-05-08 17:00:00+00:00,24179.80078125,7394.64013671875,62615.328125,26393.7109375,10227.58984375,24308.6796875,7490.7099609375,4179.98291015625
2026-05-08 17:15:00+00:00,24179.80078125,7399.56982421875,62615.328125,26393.7109375,10227.58984375,24308.6796875,7490.7099609375,4179.98291015625
2026-05-08 17:30:00+00:00,24179.80078125,7395.14013671875,62615.328125,26393.7109375,10227.58984375,24308.6796875,7490.7099609375,4179.98291015625
2026-05-08 17:45:00+00:00,24179.80078125,7394.31005859375,62615.328125,26393.7109375,10227.58984375,24308.6796875,7490.7099609375,4179.98291015625
2026-05-08 18:00:00+00:00,24179.80078125,7399.77978515625,62615.328125,26393.7109375,10227.58984375,24308.6796875,7490.7099609375,4179.98291015625
2026-05-08 18:15:00+00:00,24179.80078125,7399.5,62615.328125,26393.7109375,10227.58984375,24308.6796875,7490.7099609375,4179.98291015625
2026-05-08 18:30:00+00:00,24179.80078125,7394.830078125,62615.328125,26393.7109375,10227.58984375,24308.6796875,7490.7099609375,4179.98291015625
2026-05-08 18:45:00+00:00,24179.80078125,7386.06005859375,62615.328125,26393.7109375,10227.58984375,24308.6796875,7490.7099609375,4179.98291015625
2026-05-08 19:00:00+00:00,24179.80078125,7391.02001953125,62615.328125,26393.7109375,10227.58984375,24308.6796875,7490.7099609375,4179.98291015625
2026-05-08 19:15:00+00:00,24179.80078125,7389.0,62615.328125,26393.7109375,10227.58984375,24308.6796875,7490.7099609375,4179.98291015625
2026-05-08 19:30:00+00:00,24179.80078125,7395.8798828125,62615.328125,26393.7109375,10227.58984375,24308.6796875,7490.7099609375,4179.98291015625
2026-05-08 19:45:00+00:00,24179.80078125,7397.43017578125,62615.328125,26393.7109375,10227.58984375,24308.6796875,7490.7099609375,4179.98291015625
2026-05-11 00:00:00+00:00,24179.80078125,7397.43017578125,63259.69140625,26393.7109375,10227.58984375,24308.6796875,7766.47998046875,4179.98291015625
2026-05-11 00:15:00+00:00,24179.80078125,7397.43017578125,63271.25,26393.7109375,10227.58984375,24308.6796875,7818.7099609375,4179.98291015625
2026-05-11 00:30:00+00:00,24179.80078125,7397.43017578125,63221.21875,26393.7109375,10227.58984375,24308.6796875,7867.25,4179.98291015625
2026-05-11 00:45:00+00:00,24179.80078125,7397.43017578125,63009.05859375,26393.7109375,10227.58984375,24308.6796875,7779.0,4179.98291015625
2026-05-11 01:00:00+00:00,24179.80078125,7397.43017578125,63021.9609375,26393.7109375,10227.58984375,24308.6796875,7808.97998046875,4179.98291015625
2026-05-11 01:15:00+00:00,24179.80078125,7397.43017578125,62706.140625,26393.7109375,10227.58984375,24308.6796875,7845.169921875,4179.98291015625
2026-05-11 01:30:00+00:00,24179.80078125,7397.43017578125,62638.640625,26252.0390625,10227.58984375,24308.6796875,7837.68994140625,4190.9560546875
2026-05-11 01:45:00+00:00,24179.80078125,7397.43017578125,62517.5390625,26304.029296875,10227.58984375,24308.6796875,7858.8701171875,4201.17529296875
2026-05-11 02:00:00+00:00,24179.80078125,7397.43017578125,62538.6796875,26277.0,10227.58984375,24308.6796875,7834.419921875,4210.24951171875
2026-05-11 02:15:00+00:00,24179.80078125,7397.43017578125,62492.1796875,26266.7890625,10227.58984375,24308.6796875,7842.14013671875,4208.8837890625
2026-05-11 02:30:00+00:00,24179.80078125,7397.43017578125,62486.83984375,26228.330078125,10227.58984375,24308.6796875,7811.5498046875,4208.96435546875
2026-05-11 02:45:00+00:00,24179.80078125,7397.43017578125,62486.83984375,26282.890625,10227.58984375,24308.6796875,7802.8798828125,4212.25244140625
2026-05-11 03:00:00+00:00,24179.80078125,7397.43017578125,62486.83984375,26318.5,10227.58984375,24308.6796875,7815.06982421875,4218.17138671875
2026-05-11 03:15:00+00:00,24179.80078125,7397.43017578125,62486.83984375,26320.560546875,10227.58984375,24308.6796875,7832.169921875,4218.19677734375
2026-05-11 03:30:00+00:00,24179.80078125,7397.43017578125,62596.01953125,26347.810546875,10227.58984375,24308.6796875,7828.9501953125,4219.1328125
2026-05-11 03:45:00+00:00,23953.25,7397.43017578125,62624.4609375,26317.869140625,10227.58984375,24308.6796875,7835.02978515625,4219.1328125
2026-05-11 04:00:00+00:00,23865.69921875,7397.43017578125,62579.828125,26318.369140625,10227.58984375,24308.6796875,7835.490234375,4219.1328125
2026-05-11 04:15:00+00:00,23874.25,7397.43017578125,62697.30859375,26318.369140625,10227.58984375,24308.6796875,7861.3701171875,4219.1328125
2026-05-11 04:30:00+00:00,23893.400390625,7397.43017578125,62636.94140625,26318.369140625,10227.58984375,24308.6796875,7847.41015625,4219.1328125
2026-05-11 04:45:00+00:00,23869.19921875,7397.43017578125,62576.19921875,26318.369140625,10227.58984375,24308.6796875,7870.2998046875,4219.1328125
2026-05-11 05:00:00+00:00,23860.099609375,7397.43017578125,62478.2890625,26325.380859375,10227.58984375,24308.6796875,7891.8701171875,4206.47412109375
2026-05-11 05:15:00+00:00,23886.94921875,7397.43017578125,62465.4609375,26295.73046875,10227.58984375,24308.6796875,7896.1298828125,4207.50244140625
2026-05-11 05:30:00+00:00,23914.599609375,7397.43017578125,62455.26171875,26323.810546875,10227.58984375,24308.6796875,7827.1201171875,4212.3857421875
2026-05-11 05:45:00+00:00,23927.80078125,7397.43017578125,62453.23828125,26360.880859375,10227.58984375,24308.6796875,7829.830078125,4215.7998046875
2026-05-11 06:00:00+00:00,23949.400390625,7397.43017578125,62400.71875,26413.9609375,10227.58984375,24308.6796875,7829.830078125,4227.2001953125
2026-05-11 06:15:00+00:00,23930.900390625,7397.43017578125,62437.76953125,26403.009765625,10227.58984375,24308.6796875,7829.830078125,4222.93505859375
2026-05-11 06:30:00+00:00,23935.55078125,7397.43017578125,62437.76953125,26396.619140625,10227.58984375,24308.6796875,7829.830078125,4220.2744140625
2026-05-11 06:45:00+00:00,23929.05078125,7397.43017578125,62437.76953125,26407.5,10227.58984375,24308.6796875,7829.830078125,4226.89599609375
2026-05-11 07:00:00+00:00,23950.349609375,7397.43017578125,62437.76953125,26412.640625,10277.7802734375,24321.009765625,7829.830078125,4226.89599609375
2026-05-11 07:15:00+00:00,23945.55078125,7397.43017578125,62437.76953125,26400.060546875,10249.2099609375,24298.330078125,7829.830078125,4226.89599609375
2026-05-11 07:30:00+00:00,23949.80078125,7397.43017578125,62437.76953125,26404.890625,10250.1201171875,24295.650390625,7829.830078125,4226.89599609375
2026-05-11 07:45:00+00:00,23946.349609375,7397.43017578125,62437.76953125,26399.359375,10255.2197265625,24293.759765625,7829.830078125,4226.89599609375
2026-05-11 08:00:00+00:00,23965.44921875,7397.43017578125,62437.76953125,26406.83984375,10260.1904296875,24310.58984375,7829.830078125,4226.89599609375
2026-05-11 08:15:00+00:00,23966.44921875,7397.43017578125,62437.76953125,26406.83984375,10258.6396484375,24334.509765625,7829.830078125,4226.89599609375
2026-05-11 08:30:00+00:00,23946.30078125,7397.43017578125,62437.76953125,26406.83984375,10256.16015625,24343.66015625,7829.830078125,4226.89599609375
2026-05-11 08:45:00+00:00,23931.900390625,7397.43017578125,62437.76953125,26406.83984375,10248.7197265625,24290.41015625,7829.830078125,4226.89599609375
2026-05-11 09:00:00+00:00,23916.349609375,7397.43017578125,62437.76953125,26406.83984375,10245.75,24283.73046875,7829.830078125,4226.89599609375
2026-05-11 09:15:00+00:00,23875.900390625,7397.43017578125,62437.76953125,26406.83984375,10248.490234375,24297.609375,7829.830078125,4226.89599609375
2026-05-11 09:30:00+00:00,23805.75,7397.43017578125,62437.76953125,26406.83984375,10258.7900390625,24339.73046875,7829.830078125,4226.89599609375
2026-05-11 09:45:00+00:00,23820.349609375,7397.43017578125,62437.76953125,26406.83984375,10253.08984375,24307.900390625,7829.830078125,4226.89599609375
2026-05-11 10:00:00+00:00,23820.349609375,7397.43017578125,62437.76953125,26406.83984375,10251.169921875,24297.560546875,7829.830078125,4226.89599609375
2026-05-11 10:15:00+00:00,23820.349609375,7397.43017578125,62437.76953125,26406.83984375,10248.7099609375,24298.859375,7829.830078125,4226.89599609375
2026-05-11 10:30:00+00:00,23820.349609375,7397.43017578125,62437.76953125,26406.83984375,10241.41015625,24289.109375,7829.830078125,4226.89599609375
2026-05-11 10:45:00+00:00,23820.349609375,7397.43017578125,62437.76953125,26406.83984375,10240.6396484375,24295.369140625,7829.830078125,4226.89599609375
2026-05-11 11:00:00+00:00,23820.349609375,7397.43017578125,62437.76953125,26406.83984375,10237.08984375,24292.44921875,7829.830078125,4226.89599609375
2026-05-11 11:15:00+00:00,23820.349609375,7397.43017578125,62437.76953125,26406.83984375,10237.23046875,24280.640625,7829.830078125,4226.89599609375
2026-05-11 11:30:00+00:00,23820.349609375,7397.43017578125,62437.76953125,26406.83984375,10239.1201171875,24264.509765625,7829.830078125,4226.89599609375
2026-05-11 11:45:00+00:00,23820.349609375,7397.43017578125,62437.76953125,26406.83984375,10233.6396484375,24239.349609375,7829.830078125,4226.89599609375
2026-05-11 12:00:00+00:00,23820.349609375,7397.43017578125,62437.76953125,26406.83984375,10227.7001953125,24219.119140625,7829.830078125,4226.89599609375
2026-05-11 12:15:00+00:00,23820.349609375,7397.43017578125,62437.76953125,26406.83984375,10237.740234375,24255.130859375,7829.830078125,4226.89599609375
2026-05-11 12:30:00+00:00,23820.349609375,7397.43017578125,62437.76953125,26406.83984375,10239.259765625,24251.390625,7829.830078125,4226.89599609375
2026-05-11 12:45:00+00:00,23820.349609375,7397.43017578125,62437.76953125,26406.83984375,10241.0703125,24257.650390625,7829.830078125,4226.89599609375
2026-05-11 13:00:00+00:00,23820.349609375,7397.43017578125,62437.76953125,26406.83984375,10262.76953125,24291.859375,7829.830078125,4226.89599609375
2026-05-11 13:15:00+00:00,23820.349609375,7397.43017578125,62437.76953125,26406.83984375,10270.2001953125,24291.44921875,7829.830078125,4226.89599609375
2026-05-11 13:30:00+00:00,23820.349609375,7405.6298828125,62437.76953125,26406.83984375,10272.1298828125,24303.9296875,7829.830078125,4226.89599609375
2026-05-11 13:45:00+00:00,23820.349609375,7407.83984375,62437.76953125,26406.83984375,10286.51953125,24313.73046875,7829.830078125,4226.89599609375
2026-05-11 14:00:00+00:00,23820.349609375,7412.2900390625,62437.76953125,26406.83984375,10264.1396484375,24289.1796875,7829.830078125,4226.89599609375
2026-05-11 14:15:00+00:00,23820.349609375,7405.77978515625,62437.76953125,26406.83984375,10285.01953125,24302.060546875,7829.830078125,4226.89599609375
2026-05-11 14:30:00+00:00,23820.349609375,7410.7900390625,62437.76953125,26406.83984375,10267.5498046875,24290.560546875,7829.830078125,4226.89599609375
2026-05-11 14:45:00+00:00,23820.349609375,7417.93017578125,62437.76953125,26406.83984375,10258.8603515625,24289.759765625,7829.830078125,4226.89599609375
2026-05-11 15:00:00+00:00,23820.349609375,7412.56005859375,62437.76953125,26406.83984375,10271.08984375,24321.099609375,7829.830078125,4226.89599609375
2026-05-11 15:15:00+00:00,23820.349609375,7422.6201171875,62437.76953125,26406.83984375,10269.580078125,24356.640625,7829.830078125,4226.89599609375
2026-05-11 15:30:00+00:00,23820.349609375,7420.8701171875,62437.76953125,26406.83984375,10269.580078125,24356.640625,7829.830078125,4226.89599609375
2026-05-11 15:45:00+00:00,23820.349609375,7423.93994140625,62437.76953125,26406.83984375,10269.580078125,24356.640625,7829.830078125,4226.89599609375
2026-05-11 16:00:00+00:00,23820.349609375,7422.89990234375,62437.76953125,26406.83984375,10269.580078125,24356.640625,7829.830078125,4226.89599609375
2026-05-11 16:15:00+00:00,23820.349609375,7425.2998046875,62437.76953125,26406.83984375,10269.580078125,24356.640625,7829.830078125,4226.89599609375
2026-05-11 16:30:00+00:00,23820.349609375,7417.93017578125,62437.76953125,26406.83984375,10269.580078125,24356.640625,7829.830078125,4226.89599609375
2026-05-11 16:45:00+00:00,23820.349609375,7415.02978515625,62437.76953125,26406.83984375,10269.580078125,24356.640625,7829.830078125,4226.89599609375
2026-05-11 17:00:00+00:00,23820.349609375,7412.10009765625,62437.76953125,26406.83984375,10269.580078125,24356.640625,7829.830078125,4226.89599609375
2026-05-11 17:15:00+00:00,23820.349609375,7419.56005859375,62437.76953125,26406.83984375,10269.580078125,24356.640625,7829.830078125,4226.89599609375
2026-05-11 17:30:00+00:00,23820.349609375,7427.8701171875,62437.76953125,26406.83984375,10269.580078125,24356.640625,7829.830078125,4226.89599609375
2026-05-11 17:45:00+00:00,23820.349609375,7423.31005859375,62437.76953125,26406.83984375,10269.580078125,24356.640625,7829.830078125,4226.89599609375
2026-05-11 18:00:00+00:00,23820.349609375,7425.22998046875,62437.76953125,26406.83984375,10269.580078125,24356.640625,7829.830078125,4226.89599609375
2026-05-11 18:15:00+00:00,23820.349609375,7425.1201171875,62437.76953125,26406.83984375,10269.580078125,24356.640625,7829.830078125,4226.89599609375
2026-05-11 18:30:00+00:00,23820.349609375,7419.490234375,62437.76953125,26406.83984375,10269.580078125,24356.640625,7829.830078125,4226.89599609375
2026-05-11 18:45:00+00:00,23820.349609375,7407.10986328125,62437.76953125,26406.83984375,10269.580078125,24356.640625,7829.830078125,4226.89599609375
2026-05-11 19:00:00+00:00,23820.349609375,7409.47998046875,62437.76953125,26406.83984375,10269.580078125,24356.640625,7829.830078125,4226.89599609375
2026-05-11 19:15:00+00:00,23820.349609375,7406.64990234375,62437.76953125,26406.83984375,10269.580078125,24356.640625,7829.830078125,4226.89599609375
2026-05-11 19:30:00+00:00,23820.349609375,7403.39990234375,62437.76953125,26406.83984375,10269.580078125,24356.640625,7829.830078125,4226.89599609375
2026-05-11 19:45:00+00:00,23820.349609375,7412.9501953125,62437.76953125,26406.83984375,10269.580078125,24356.640625,7829.830078125,4226.89599609375
2026-05-12 00:00:00+00:00,23820.349609375,7412.9501953125,62855.5,26406.83984375,10269.580078125,24356.640625,7937.27978515625,4226.89599609375
2026-05-12 00:15:00+00:00,23820.349609375,7412.9501953125,62913.48046875,26406.83984375,10269.580078125,24356.640625,7935.60009765625,4226.89599609375
2026-05-12 00:30:00+00:00,23820.349609375,7412.9501953125,63049.71875,26406.83984375,10269.580078125,24356.640625,7947.27978515625,4226.89599609375
2026-05-12 00:45:00+00:00,23820.349609375,7412.9501953125,63172.48046875,26406.83984375,10269.580078125,24356.640625,7908.43994140625,4226.89599609375
2026-05-12 01:00:00+00:00,23820.349609375,7412.9501953125,63127.98828125,26406.83984375,10269.580078125,24356.640625,7824.4599609375,4226.89599609375
2026-05-12 01:15:00+00:00,23820.349609375,7412.9501953125,62708.578125,26406.83984375,10269.580078125,24356.640625,7719.33984375,4226.89599609375
2026-05-12 01:30:00+00:00,23820.349609375,7412.9501953125,62457.5390625,26510.630859375,10269.580078125,24356.640625,7571.759765625,4217.388671875
2026-05-12 01:45:00+00:00,23820.349609375,7412.9501953125,62426.12890625,26559.51953125,10269.580078125,24356.640625,7541.35009765625,4220.45849609375
2026-05-12 02:00:00+00:00,23820.349609375,7412.9501953125,62671.890625,26503.939453125,10269.580078125,24356.640625,7714.66015625,4217.025390625
2026-05-12 02:15:00+00:00,23820.349609375,7412.9501953125,62779.44921875,26467.439453125,10269.580078125,24356.640625,7726.43994140625,4217.47216796875
2026-05-12 02:30:00+00:00,23820.349609375,7412.9501953125,62805.44140625,26559.94921875,10269.580078125,24356.640625,7714.31005859375,4228.66015625
2026-05-12 02:45:00+00:00,23820.349609375,7412.9501953125,62805.44140625,26570.390625,10269.580078125,24356.640625,7791.6298828125,4222.97509765625
2026-05-12 03:00:00+00:00,23820.349609375,7412.9501953125,62805.44140625,26519.7109375,10269.580078125,24356.640625,7738.7099609375,4219.59765625
2026-05-12 03:15:00+00:00,23820.349609375,7412.9501953125,62805.44140625,26483.970703125,10269.580078125,24356.640625,7709.02001953125,4207.056640625
2026-05-12 03:30:00+00:00,23820.349609375,7412.9501953125,62859.96875,26473.58984375,10269.580078125,24356.640625,7724.91015625,4208.0048828125
2026-05-12 03:45:00+00:00,23638.30078125,7412.9501953125,62715.37890625,26484.2109375,10269.580078125,24356.640625,7658.16015625,4208.0048828125
2026-05-12 04:00:00+00:00,23640.650390625,7412.9501953125,62746.4296875,26486.630859375,10269.580078125,24356.640625,7648.169921875,4208.0048828125
2026-05-12 04:15:00+00:00,23625.849609375,7412.9501953125,62795.94140625,26486.630859375,10269.580078125,24356.640625,7632.1201171875,4208.0048828125
2026-05-12 04:30:00+00:00,23651.400390625,7412.9501953125,62851.73828125,26486.630859375,10269.580078125,24356.640625,7611.2900390625,4208.0048828125
2026-05-12 04:45:00+00:00,23613.25,7412.9501953125,62600.94140625,26486.630859375,10269.580078125,24356.640625,7566.7900390625,4208.0048828125
2026-05-12 05:00:00+00:00,23627.55078125,7412.9501953125,62618.3203125,26440.0,10269.580078125,24356.640625,7538.080078125,4207.9912109375
2026-05-12 05:15:00+00:00,23614.69921875,7412.9501953125,62763.03125,26455.490234375,10269.580078125,24356.640625,7613.85986328125,4214.25146484375
2026-05-12 05:30:00+00:00,23589.349609375,7412.9501953125,62668.26171875,26423.900390625,10269.580078125,24356.640625,7556.47998046875,4206.5703125
2026-05-12 05:45:00+00:00,23588.900390625,7412.9501953125,62718.62890625,26418.8203125,10269.580078125,24356.640625,7636.47998046875,4208.94189453125
2026-05-12 06:00:00+00:00,23602.69921875,7412.9501953125,62796.73828125,26400.23046875,10269.580078125,24356.640625,7636.47998046875,4204.79638671875
2026-05-12 06:15:00+00:00,23597.5,7412.9501953125,62716.75,26366.30078125,10269.580078125,24356.640625,7636.47998046875,4208.0986328125
2026-05-12 06:30:00+00:00,23557.80078125,7412.9501953125,62716.75,26365.029296875,10269.580078125,24356.640625,7636.47998046875,4215.1787109375
2026-05-12 06:45:00+00:00,23557.30078125,7412.9501953125,62716.75,26372.33984375,10269.580078125,24356.640625,7636.47998046875,4215.64404296875
2026-05-12 07:00:00+00:00,23526.150390625,7412.9501953125,62716.75,26337.9296875,10160.3701171875,24089.51953125,7636.47998046875,4215.64404296875
2026-05-12 07:15:00+00:00,23524.55078125,7412.9501953125,62716.75,26380.830078125,10184.4697265625,24148.330078125,7636.47998046875,4215.64404296875
2026-05-12 07:30:00+00:00,23536.80078125,7412.9501953125,62716.75,26369.939453125,10217.98046875,24175.94921875,7636.47998046875,4215.64404296875
2026-05-12 07:45:00+00:00,23531.05078125,7412.9501953125,62716.75,26368.080078125,10207.9296875,24132.220703125,7636.47998046875,4215.64404296875
2026-05-12 08:00:00+00:00,23506.80078125,7412.9501953125,62716.75,26347.91015625,10220.4296875,24136.609375,7636.47998046875,4215.64404296875
2026-05-12 08:15:00+00:00,23491.5,7412.9501953125,62716.75,26347.91015625,10216.240234375,24146.279296875,7636.47998046875,4215.64404296875
2026-05-12 08:30:00+00:00,23457.5,7412.9501953125,62716.75,26347.91015625,10220.6298828125,24155.109375,7636.47998046875,4215.64404296875
2026-05-12 08:45:00+00:00,23468.599609375,7412.9501953125,62716.75,26347.91015625,10218.8701171875,24137.470703125,7636.47998046875,4215.64404296875
2026-05-12 09:00:00+00:00,23463.599609375,7412.9501953125,62716.75,26347.91015625,10211.75,24141.19921875,7636.47998046875,4215.64404296875
2026-05-12 09:15:00+00:00,23421.25,7412.9501953125,62716.75,26347.91015625,10210.7099609375,24149.76953125,7636.47998046875,4215.64404296875
2026-05-12 09:30:00+00:00,23354.80078125,7412.9501953125,62716.75,26347.91015625,10211.41015625,24141.25,7636.47998046875,4215.64404296875
2026-05-12 09:45:00+00:00,23430.55078125,7412.9501953125,62716.75,26347.91015625,10206.83984375,24100.779296875,7636.47998046875,4215.64404296875
2026-05-12 10:00:00+00:00,23430.55078125,7412.9501953125,62716.75,26347.91015625,10220.6103515625,24108.009765625,7636.47998046875,4215.64404296875
2026-05-12 10:15:00+00:00,23430.55078125,7412.9501953125,62716.75,26347.91015625,10231.0,24110.609375,7636.47998046875,4215.64404296875
2026-05-12 10:30:00+00:00,23430.55078125,7412.9501953125,62716.75,26347.91015625,10232.0,24089.30078125,7636.47998046875,4215.64404296875
2026-05-12 10:45:00+00:00,23430.55078125,7412.9501953125,62716.75,26347.91015625,10232.16015625,24094.30078125,7636.47998046875,4215.64404296875
2026-05-12 11:00:00+00:00,23430.55078125,7412.9501953125,62716.75,26347.91015625,10230.83984375,24107.55078125,7636.47998046875,4215.64404296875
2026-05-12 11:15:00+00:00,23430.55078125,7412.9501953125,62716.75,26347.91015625,10223.919921875,24097.890625,7636.47998046875,4215.64404296875
2026-05-12 11:30:00+00:00,23430.55078125,7412.9501953125,62716.75,26347.91015625,10230.099609375,24113.91015625,7636.47998046875,4215.64404296875
2026-05-12 11:45:00+00:00,23430.55078125,7412.9501953125,62716.75,26347.91015625,10222.0400390625,24092.740234375,7636.47998046875,4215.64404296875
2026-05-12 12:00:00+00:00,23430.55078125,7412.9501953125,62716.75,26347.91015625,10219.48046875,24066.30078125,7636.47998046875,4215.64404296875
2026-05-12 12:15:00+00:00,23430.55078125,7412.9501953125,62716.75,26347.91015625,10229.41015625,24070.189453125,7636.47998046875,4215.64404296875
2026-05-12 12:30:00+00:00,23430.55078125,7412.9501953125,62716.75,26347.91015625,10235.2900390625,24116.19921875,7636.47998046875,4215.64404296875
2026-05-12 12:45:00+00:00,23430.55078125,7412.9501953125,62716.75,26347.91015625,10235.25,24139.109375,7636.47998046875,4215.64404296875
2026-05-12 13:00:00+00:00,23430.55078125,7412.9501953125,62716.75,26347.91015625,10226.5,24097.830078125,7636.47998046875,4215.64404296875
2026-05-12 13:15:00+00:00,23430.55078125,7412.9501953125,62716.75,26347.91015625,10228.0302734375,24050.220703125,7636.47998046875,4215.64404296875
2026-05-12 13:30:00+00:00,23430.55078125,7388.7998046875,62716.75,26347.91015625,10221.3095703125,24035.810546875,7636.47998046875,4215.64404296875
2026-05-12 13:45:00+00:00,23430.55078125,7371.2001953125,62716.75,26347.91015625,10235.990234375,24025.76953125,7636.47998046875,4215.64404296875
2026-05-12 14:00:00+00:00,23430.55078125,7382.06005859375,62716.75,26347.91015625,10238.3095703125,24063.740234375,7636.47998046875,4215.64404296875
2026-05-12 14:15:00+00:00,23430.55078125,7369.330078125,62716.75,26347.91015625,10243.7802734375,24038.470703125,7636.47998046875,4215.64404296875
2026-05-12 14:30:00+00:00,23430.55078125,7366.81005859375,62716.75,26347.91015625,10246.66015625,24030.990234375,7636.47998046875,4215.64404296875
2026-05-12 14:45:00+00:00,23430.55078125,7358.419921875,62716.75,26347.91015625,10238.2802734375,23969.560546875,7636.47998046875,4215.64404296875
2026-05-12 15:00:00+00:00,23430.55078125,7352.85009765625,62716.75,26347.91015625,10243.08984375,23956.029296875,7636.47998046875,4215.64404296875
2026-05-12 15:15:00+00:00,23430.55078125,7343.490234375,62716.75,26347.91015625,10254.1298828125,23970.75,7636.47998046875,4215.64404296875
2026-05-12 15:30:00+00:00,23430.55078125,7355.9599609375,62716.75,26347.91015625,10254.1298828125,23970.75,7636.47998046875,4215.64404296875
2026-05-12 15:45:00+00:00,23430.55078125,7345.740234375,62716.75,26347.91015625,10254.1298828125,23970.75,7636.47998046875,4215.64404296875
2026-05-12 16:00:00+00:00,23430.55078125,7354.4599609375,62716.75,26347.91015625,10254.1298828125,23970.75,7636.47998046875,4215.64404296875
2026-05-12 16:15:00+00:00,23430.55078125,7348.169921875,62716.75,26347.91015625,10254.1298828125,23970.75,7636.47998046875,4215.64404296875
2026-05-12 16:30:00+00:00,23430.55078125,7344.7099609375,62716.75,26347.91015625,10254.1298828125,23970.75,7636.47998046875,4215.64404296875
2026-05-12 16:45:00+00:00,23430.55078125,7341.31982421875,62716.75,26347.91015625,10254.1298828125,23970.75,7636.47998046875,4215.64404296875
2026-05-12 17:00:00+00:00,23430.55078125,7353.58984375,62716.75,26347.91015625,10254.1298828125,23970.75,7636.47998046875,4215.64404296875
2026-05-12 17:15:00+00:00,23430.55078125,7364.10986328125,62716.75,26347.91015625,10254.1298828125,23970.75,7636.47998046875,4215.64404296875
2026-05-12 17:30:00+00:00,23430.55078125,7368.72021484375,62716.75,26347.91015625,10254.1298828125,23970.75,7636.47998046875,4215.64404296875
2026-05-12 17:45:00+00:00,23430.55078125,7371.31982421875,62716.75,26347.91015625,10254.1298828125,23970.75,7636.47998046875,4215.64404296875
2026-05-12 18:00:00+00:00,23430.55078125,7371.919921875,62716.75,26347.91015625,10254.1298828125,23970.75,7636.47998046875,4215.64404296875
2026-05-12 18:15:00+00:00,23430.55078125,7382.9599609375,62716.75,26347.91015625,10254.1298828125,23970.75,7636.47998046875,4215.64404296875
2026-05-12 18:30:00+00:00,23430.55078125,7383.18994140625,62716.75,26347.91015625,10254.1298828125,23970.75,7636.47998046875,4215.64404296875
2026-05-12 18:45:00+00:00,23430.55078125,7380.58984375,62716.75,26347.91015625,10254.1298828125,23970.75,7636.47998046875,4215.64404296875
2026-05-12 19:00:00+00:00,23430.55078125,7392.009765625,62716.75,26347.91015625,10254.1298828125,23970.75,7636.47998046875,4215.64404296875
2026-05-12 19:15:00+00:00,23430.55078125,7391.85986328125,62716.75,26347.91015625,10254.1298828125,23970.75,7636.47998046875,4215.64404296875
2026-05-12 19:30:00+00:00,23430.55078125,7401.169921875,62716.75,26347.91015625,10254.1298828125,23970.75,7636.47998046875,4215.64404296875
2026-05-12 19:45:00+00:00,23430.55078125,7401.6298828125,62716.75,26347.91015625,10254.1298828125,23970.75,7636.47998046875,4215.64404296875
2026-05-13 00:00:00+00:00,23430.55078125,7401.6298828125,62385.01953125,26347.91015625,10254.1298828125,23970.75,7423.47021484375,4215.64404296875
2026-05-13 00:15:00+00:00,23430.55078125,7401.6298828125,62496.37109375,26347.91015625,10254.1298828125,23970.75,7448.64990234375,4215.64404296875
2026-05-13 00:30:00+00:00,23430.55078125,7401.6298828125,62662.25,26347.91015625,10254.1298828125,23970.75,7490.43994140625,4215.64404296875
2026-05-13 00:45:00+00:00,23430.55078125,7401.6298828125,62451.26171875,26347.91015625,10254.1298828125,23970.75,7523.39990234375,4215.64404296875
2026-05-13 01:00:00+00:00,23430.55078125,7401.6298828125,62616.890625,26347.91015625,10254.1298828125,23970.75,7630.2001953125,4215.64404296875
2026-05-13 01:15:00+00:00,23430.55078125,7401.6298828125,62810.05078125,26347.91015625,10254.1298828125,23970.75,7689.6201171875,4215.64404296875
2026-05-13 01:30:00+00:00,23430.55078125,7401.6298828125,62924.21875,26352.33984375,10254.1298828125,23970.75,7745.56005859375,4213.68408203125
2026-05-13 01:45:00+00:00,23430.55078125,7401.6298828125,62924.26953125,26289.689453125,10254.1298828125,23970.75,7709.1298828125,4207.66943359375
2026-05-13 02:00:00+00:00,23430.55078125,7401.6298828125,62788.171875,26249.970703125,10254.1298828125,23970.75,7689.0400390625,4210.66259765625
2026-05-13 02:15:00+00:00,23430.55078125,7401.6298828125,62921.640625,26253.7890625,10254.1298828125,23970.75,7733.5498046875,4214.9482421875
2026-05-13 02:30:00+00:00,23430.55078125,7401.6298828125,62930.19921875,26281.05078125,10254.1298828125,23970.75,7769.830078125,4213.76611328125
2026-05-13 02:45:00+00:00,23430.55078125,7401.6298828125,62930.19921875,26252.98046875,10254.1298828125,23970.75,7726.18994140625,4210.75439453125
2026-05-13 03:00:00+00:00,23430.55078125,7401.6298828125,62930.19921875,26241.689453125,10254.1298828125,23970.75,7737.41015625,4213.93212890625
2026-05-13 03:15:00+00:00,23430.55078125,7401.6298828125,62930.19921875,26321.98046875,10254.1298828125,23970.75,7743.91015625,4218.16064453125
2026-05-13 03:30:00+00:00,23430.55078125,7401.6298828125,63152.6484375,26382.55078125,10254.1298828125,23970.75,7778.9501953125,4218.21728515625
2026-05-13 03:45:00+00:00,23367.05078125,7401.6298828125,63124.890625,26418.98046875,10254.1298828125,23970.75,7780.56982421875,4218.21728515625
2026-05-13 04:00:00+00:00,23308.5,7401.6298828125,63118.359375,26416.98046875,10254.1298828125,23970.75,7799.58984375,4218.21728515625
2026-05-13 04:15:00+00:00,23372.44921875,7401.6298828125,63192.421875,26416.98046875,10254.1298828125,23970.75,7815.27001953125,4218.21728515625
2026-05-13 04:30:00+00:00,23403.05078125,7401.6298828125,63284.71875,26416.98046875,10254.1298828125,23970.75,7802.91015625,4218.21728515625
2026-05-13 04:45:00+00:00,23452.44921875,7401.6298828125,63247.46875,26416.98046875,10254.1298828125,23970.75,7796.97021484375,4218.21728515625
2026-05-13 05:00:00+00:00,23464.0,7401.6298828125,63327.921875,26427.33984375,10254.1298828125,23970.75,7819.58984375,4226.9267578125
2026-05-13 05:15:00+00:00,23374.80078125,7401.6298828125,63233.6796875,26368.509765625,10254.1298828125,23970.75,7793.06982421875,4228.5390625
2026-05-13 05:30:00+00:00,23403.94921875,7401.6298828125,63241.890625,26355.580078125,10254.1298828125,23970.75,7819.06005859375,4232.06884765625
2026-05-13 05:45:00+00:00,23399.0,7401.6298828125,63244.51953125,26332.7890625,10254.1298828125,23970.75,7846.2900390625,4232.89404296875
2026-05-13 06:00:00+00:00,23498.599609375,7401.6298828125,63198.3515625,26288.470703125,10254.1298828125,23970.75,7846.2900390625,4234.25927734375
2026-05-13 06:15:00+00:00,23466.849609375,7401.6298828125,63232.1796875,26311.630859375,10254.1298828125,23970.75,7846.2900390625,4239.359375
2026-05-13 06:30:00+00:00,23512.75,7401.6298828125,63232.1796875,26365.810546875,10254.1298828125,23970.75,7846.2900390625,4243.97900390625
2026-05-13 06:45:00+00:00,23491.0,7401.6298828125,63232.1796875,26362.859375,10254.1298828125,23970.75,7846.2900390625,4243.52587890625
2026-05-13 07:00:00+00:00,23453.900390625,7401.6298828125,63232.1796875,26345.23046875,10341.4296875,24126.259765625,7846.2900390625,4243.52587890625
2026-05-13 07:15:00+00:00,23577.94921875,7401.6298828125,63232.1796875,26359.4609375,10345.240234375,24094.240234375,7846.2900390625,4243.52587890625
2026-05-13 07:30:00+00:00,23538.5,7401.6298828125,63232.1796875,26353.279296875,10356.7998046875,24153.3203125,7846.2900390625,4243.52587890625
2026-05-13 07:45:00+00:00,23496.75,7401.6298828125,63232.1796875,26377.2109375,10340.8701171875,24138.349609375,7846.2900390625,4243.52587890625
2026-05-13 08:00:00+00:00,23523.349609375,7401.6298828125,63232.1796875,26388.439453125,10330.51953125,24203.900390625,7846.2900390625,4243.52587890625
2026-05-13 08:15:00+00:00,23499.80078125,7401.6298828125,63232.1796875,26388.439453125,10332.6796875,24214.4609375,7846.2900390625,4243.52587890625
2026-05-13 08:30:00+00:00,23516.80078125,7401.6298828125,63232.1796875,26388.439453125,10325.5302734375,24170.509765625,7846.2900390625,4243.52587890625
2026-05-13 08:45:00+00:00,23491.349609375,7401.6298828125,63232.1796875,26388.439453125,10315.900390625,24146.2890625,7846.2900390625,4243.52587890625
2026-05-13 09:00:00+00:00,23467.5,7401.6298828125,63232.1796875,26388.439453125,10310.0,24110.390625,7846.2900390625,4243.52587890625
2026-05-13 09:15:00+00:00,23479.19921875,7401.6298828125,63232.1796875,26388.439453125,10304.2900390625,24100.9296875,7846.2900390625,4243.52587890625
2026-05-13 09:30:00+00:00,23425.69921875,7401.6298828125,63232.1796875,26388.439453125,10294.240234375,24099.650390625,7846.2900390625,4243.52587890625
2026-05-13 09:45:00+00:00,23428.69921875,7401.6298828125,63232.1796875,26388.439453125,10297.240234375,24150.859375,7846.2900390625,4243.52587890625
2026-05-13 10:00:00+00:00,23428.69921875,7401.6298828125,63232.1796875,26388.439453125,10281.6298828125,24136.740234375,7846.2900390625,4243.52587890625
2026-05-13 10:15:00+00:00,23428.69921875,7401.6298828125,63232.1796875,26388.439453125,10270.2001953125,24101.8203125,7846.2900390625,4243.52587890625
2026-05-13 10:30:00+00:00,23428.69921875,7401.6298828125,63232.1796875,26388.439453125,10279.0498046875,24139.83984375,7846.2900390625,4243.52587890625
2026-05-13 10:45:00+00:00,23428.69921875,7401.6298828125,63232.1796875,26388.439453125,10272.4501953125,24119.759765625,7846.2900390625,4243.52587890625
2026-05-13 11:00:00+00:00,23428.69921875,7401.6298828125,63232.1796875,26388.439453125,10267.7802734375,24121.05078125,7846.2900390625,4243.52587890625
2026-05-13 11:15:00+00:00,23428.69921875,7401.6298828125,63232.1796875,26388.439453125,10263.4296875,24132.119140625,7846.2900390625,4243.52587890625
2026-05-13 11:30:00+00:00,23428.69921875,7401.6298828125,63232.1796875,26388.439453125,10272.3095703125,24162.3203125,7846.2900390625,4243.52587890625
2026-05-13 11:45:00+00:00,23428.69921875,7401.6298828125,63232.1796875,26388.439453125,10279.1396484375,24181.5,7846.2900390625,4243.52587890625
2026-05-13 12:00:00+00:00,23428.69921875,7401.6298828125,63232.1796875,26388.439453125,10279.41015625,24163.369140625,7846.2900390625,4243.52587890625
2026-05-13 12:15:00+00:00,23428.69921875,7401.6298828125,63232.1796875,26388.439453125,10265.8896484375,24096.0,7846.2900390625,4243.52587890625
2026-05-13 12:30:00+00:00,23428.69921875,7401.6298828125,63232.1796875,26388.439453125,10244.5703125,24028.26953125,7846.2900390625,4243.52587890625
2026-05-13 12:45:00+00:00,23428.69921875,7401.6298828125,63232.1796875,26388.439453125,10261.330078125,24058.4296875,7846.2900390625,4243.52587890625
2026-05-13 13:00:00+00:00,23428.69921875,7401.6298828125,63232.1796875,26388.439453125,10268.7099609375,24083.080078125,7846.2900390625,4243.52587890625
2026-05-13 13:15:00+00:00,23428.69921875,7401.6298828125,63232.1796875,26388.439453125,10274.23046875,24074.80078125,7846.2900390625,4243.52587890625
2026-05-13 13:30:00+00:00,23428.69921875,7388.3701171875,63232.1796875,26388.439453125,10302.3701171875,24098.419921875,7846.2900390625,4243.52587890625
2026-05-13 13:45:00+00:00,23428.69921875,7390.740234375,63232.1796875,26388.439453125,10308.740234375,24091.900390625,7846.2900390625,4243.52587890625
2026-05-13 14:00:00+00:00,23428.69921875,7397.35986328125,63232.1796875,26388.439453125,10306.23046875,24098.19921875,7846.2900390625,4243.52587890625
2026-05-13 14:15:00+00:00,23428.69921875,7404.39013671875,63232.1796875,26388.439453125,10312.259765625,24103.890625,7846.2900390625,4243.52587890625
2026-05-13 14:30:00+00:00,23428.69921875,7404.97021484375,63232.1796875,26388.439453125,10312.5595703125,24127.23046875,7846.2900390625,4243.52587890625
2026-05-13 14:45:00+00:00,23428.69921875,7410.22998046875,63232.1796875,26388.439453125,10297.9599609375,24111.66015625,7846.2900390625,4243.52587890625
2026-05-13 15:00:00+00:00,23428.69921875,7410.52001953125,63232.1796875,26388.439453125,10296.5498046875,24098.83984375,7846.2900390625,4243.52587890625
2026-05-13 15:15:00+00:00,23428.69921875,7414.35986328125,63232.1796875,26388.439453125,10301.3603515625,24102.4296875,7846.2900390625,4243.52587890625
2026-05-13 15:30:00+00:00,23428.69921875,7423.14013671875,63232.1796875,26388.439453125,10301.3603515625,24102.4296875,7846.2900390625,4243.52587890625
2026-05-13 15:45:00+00:00,23428.69921875,7418.68994140625,63232.1796875,26388.439453125,10301.3603515625,24102.4296875,7846.2900390625,4243.52587890625
2026-05-13 16:00:00+00:00,23428.69921875,7428.0,63232.1796875,26388.439453125,10301.3603515625,24102.4296875,7846.2900390625,4243.52587890625
2026-05-13 16:15:00+00:00,23428.69921875,7438.64990234375,63232.1796875,26388.439453125,10301.3603515625,24102.4296875,7846.2900390625,4243.52587890625
2026-05-13 16:30:00+00:00,23428.69921875,7437.97998046875,63232.1796875,26388.439453125,10301.3603515625,24102.4296875,7846.2900390625,4243.52587890625
2026-05-13 16:45:00+00:00,23428.69921875,7441.31982421875,63232.1796875,26388.439453125,10301.3603515625,24102.4296875,7846.2900390625,4243.52587890625
2026-05-13 17:00:00+00:00,23428.69921875,7449.06982421875,63232.1796875,26388.439453125,10301.3603515625,24102.4296875,7846.2900390625,4243.52587890625
2026-05-13 17:15:00+00:00,23428.69921875,7448.080078125,63232.1796875,26388.439453125,10301.3603515625,24102.4296875,7846.2900390625,4243.52587890625
2026-05-13 17:30:00+00:00,23428.69921875,7447.56005859375,63232.1796875,26388.439453125,10301.3603515625,24102.4296875,7846.2900390625,4243.52587890625
2026-05-13 17:45:00+00:00,23428.69921875,7442.1298828125,63232.1796875,26388.439453125,10301.3603515625,24102.4296875,7846.2900390625,4243.52587890625
2026-05-13 18:00:00+00:00,23428.69921875,7454.64013671875,63232.1796875,26388.439453125,10301.3603515625,24102.4296875,7846.2900390625,4243.52587890625
2026-05-13 18:15:00+00:00,23428.69921875,7456.33984375,63232.1796875,26388.439453125,10301.3603515625,24102.4296875,7846.2900390625,4243.52587890625
2026-05-13 18:30:00+00:00,23428.69921875,7449.5400390625,63232.1796875,26388.439453125,10301.3603515625,24102.4296875,7846.2900390625,4243.52587890625
2026-05-13 18:45:00+00:00,23428.69921875,7447.1298828125,63232.1796875,26388.439453125,10301.3603515625,24102.4296875,7846.2900390625,4243.52587890625
2026-05-13 19:00:00+00:00,23428.69921875,7456.81005859375,63232.1796875,26388.439453125,10301.3603515625,24102.4296875,7846.2900390625,4243.52587890625
2026-05-13 19:15:00+00:00,23428.69921875,7456.22021484375,63232.1796875,26388.439453125,10301.3603515625,24102.4296875,7846.2900390625,4243.52587890625
2026-05-13 19:30:00+00:00,23428.69921875,7455.8701171875,63232.1796875,26388.439453125,10301.3603515625,24102.4296875,7846.2900390625,4243.52587890625
2026-05-13 19:45:00+00:00,23428.69921875,7444.8798828125,63232.1796875,26388.439453125,10301.3603515625,24102.4296875,7846.2900390625,4243.52587890625
2026-05-14 00:00:00+00:00,23428.69921875,7444.8798828125,63552.87109375,26388.439453125,10301.3603515625,24102.4296875,7911.06005859375,4243.52587890625
2026-05-14 00:15:00+00:00,23428.69921875,7444.8798828125,63543.96875,26388.439453125,10301.3603515625,24102.4296875,7927.33984375,4243.52587890625
2026-05-14 00:30:00+00:00,23428.69921875,7444.8798828125,63699.1484375,26388.439453125,10301.3603515625,24102.4296875,7950.72998046875,4243.52587890625
2026-05-14 00:45:00+00:00,23428.69921875,7444.8798828125,63728.87890625,26388.439453125,10301.3603515625,24102.4296875,7985.240234375,4243.52587890625
2026-05-14 01:00:00+00:00,23428.69921875,7444.8798828125,63690.26953125,26388.439453125,10301.3603515625,24102.4296875,7971.39013671875,4243.52587890625
2026-05-14 01:15:00+00:00,23428.69921875,7444.8798828125,63761.1484375,26388.439453125,10301.3603515625,24102.4296875,7970.89013671875,4243.52587890625
2026-05-14 01:30:00+00:00,23428.69921875,7444.8798828125,63655.87109375,26694.470703125,10301.3603515625,24102.4296875,7968.75,4233.79443359375
2026-05-14 01:45:00+00:00,23428.69921875,7444.8798828125,63516.640625,26619.30078125,10301.3603515625,24102.4296875,7880.93994140625,4218.13525390625
2026-05-14 02:00:00+00:00,23428.69921875,7444.8798828125,63427.21875,26548.7890625,10301.3603515625,24102.4296875,7905.31005859375,4216.40576171875
2026-05-14 02:15:00+00:00,23428.69921875,7444.8798828125,63443.30859375,26553.529296875,10301.3603515625,24102.4296875,7906.7099609375,4214.94921875
2026-05-14 02:30:00+00:00,23428.69921875,7444.8798828125,63448.87109375,26608.150390625,10301.3603515625,24102.4296875,7896.64013671875,4204.6005859375
2026-05-14 02:45:00+00:00,23428.69921875,7444.8798828125,63448.87109375,26551.259765625,10301.3603515625,24102.4296875,7843.56982421875,4207.88525390625
2026-05-14 03:00:00+00:00,23428.69921875,7444.8798828125,63448.87109375,26470.869140625,10301.3603515625,24102.4296875,7903.43994140625,4187.88818359375
2026-05-14 03:15:00+00:00,23428.69921875,7444.8798828125,63448.87109375,26520.140625,10301.3603515625,24102.4296875,7891.27001953125,4198.78271484375
2026-05-14 03:30:00+00:00,23428.69921875,7444.8798828125,63371.16015625,26504.1796875,10301.3603515625,24102.4296875,7871.52001953125,4199.18798828125
2026-05-14 03:45:00+00:00,23581.30078125,7444.8798828125,63316.94140625,26477.3203125,10301.3603515625,24102.4296875,7860.5,4199.18798828125
2026-05-14 04:00:00+00:00,23496.80078125,7444.8798828125,63349.7109375,26478.990234375,10301.3603515625,24102.4296875,7907.27978515625,4199.18798828125
2026-05-14 04:15:00+00:00,23464.44921875,7444.8798828125,63307.140625,26478.990234375,10301.3603515625,24102.4296875,7911.68017578125,4199.18798828125
2026-05-14 04:30:00+00:00,23495.80078125,7444.8798828125,63277.890625,26478.990234375,10301.3603515625,24102.4296875,7922.77978515625,4199.18798828125
2026-05-14 04:45:00+00:00,23506.400390625,7444.8798828125,63081.46875,26478.990234375,10301.3603515625,24102.4296875,7886.5,4199.18798828125
2026-05-14 05:00:00+00:00,23497.25,7444.8798828125,62905.6796875,26480.58984375,10301.3603515625,24102.4296875,7869.259765625,4209.3291015625
2026-05-14 05:15:00+00:00,23430.44921875,7444.8798828125,62862.37109375,26507.279296875,10301.3603515625,24102.4296875,7871.7001953125,4216.33935546875
2026-05-14 05:30:00+00:00,23459.150390625,7444.8798828125,62692.48828125,26452.009765625,10301.3603515625,24102.4296875,7868.009765625,4203.9814453125
2026-05-14 05:45:00+00:00,23567.400390625,7444.8798828125,62831.1796875,26441.7109375,10301.3603515625,24102.4296875,7919.83984375,4205.8740234375
2026-05-14 06:00:00+00:00,23668.599609375,7444.8798828125,62766.73046875,26478.279296875,10301.3603515625,24102.4296875,7919.83984375,4217.4248046875
2026-05-14 06:15:00+00:00,23684.599609375,7444.8798828125,62737.53125,26451.19921875,10301.3603515625,24102.4296875,7919.83984375,4211.87255859375
2026-05-14 06:30:00+00:00,23667.400390625,7444.8798828125,62737.53125,26441.220703125,10301.3603515625,24102.4296875,7919.83984375,4199.3544921875
2026-05-14 06:45:00+00:00,23692.650390625,7444.8798828125,62737.53125,26414.119140625,10301.3603515625,24102.4296875,7919.83984375,4180.08935546875
2026-05-14 07:00:00+00:00,23701.69921875,7444.8798828125,62737.53125,26423.560546875,10325.9697265625,24381.259765625,7919.83984375,4180.08935546875
2026-05-14 07:15:00+00:00,23689.0,7444.8798828125,62737.53125,26415.900390625,10331.3095703125,24396.119140625,7919.83984375,4180.08935546875
2026-05-14 07:30:00+00:00,23713.55078125,7444.8798828125,62737.53125,26403.4296875,10330.900390625,24394.130859375,7919.83984375,4180.08935546875
2026-05-14 07:45:00+00:00,23715.150390625,7444.8798828125,62737.53125,26368.919921875,10312.4697265625,24334.76953125,7919.83984375,4180.08935546875
2026-05-14 08:00:00+00:00,23752.55078125,7444.8798828125,62737.53125,26389.0390625,10327.0302734375,24376.0703125,7919.83984375,4180.08935546875
2026-05-14 08:15:00+00:00,23751.349609375,7444.8798828125,62737.53125,26389.0390625,10338.26953125,24410.869140625,7919.83984375,4180.08935546875
2026-05-14 08:30:00+00:00,23744.55078125,7444.8798828125,62737.53125,26389.0390625,10338.41015625,24419.970703125,7919.83984375,4180.08935546875
2026-05-14 08:45:00+00:00,23755.349609375,7444.8798828125,62737.53125,26389.0390625,10349.0400390625,24428.390625,7919.83984375,4180.08935546875
2026-05-14 09:00:00+00:00,23730.099609375,7444.8798828125,62737.53125,26389.0390625,10348.4599609375,24420.05078125,7919.83984375,4180.08935546875
2026-05-14 09:15:00+00:00,23710.150390625,7444.8798828125,62737.53125,26389.0390625,10348.849609375,24443.919921875,7919.83984375,4180.08935546875
2026-05-14 09:30:00+00:00,23683.80078125,7444.8798828125,62737.53125,26389.0390625,10346.7001953125,24430.900390625,7919.83984375,4180.08935546875
2026-05-14 09:45:00+00:00,23713.75,7444.8798828125,62737.53125,26389.0390625,10344.5703125,24448.98046875,7919.83984375,4180.08935546875
2026-05-14 10:00:00+00:00,23713.75,7444.8798828125,62737.53125,26389.0390625,10353.1904296875,24475.439453125,7919.83984375,4180.08935546875
2026-05-14 10:15:00+00:00,23713.75,7444.8798828125,62737.53125,26389.0390625,10355.3203125,24461.529296875,7919.83984375,4180.08935546875
2026-05-14 10:30:00+00:00,23713.75,7444.8798828125,62737.53125,26389.0390625,10357.509765625,24428.05078125,7919.83984375,4180.08935546875
2026-05-14 10:45:00+00:00,23713.75,7444.8798828125,62737.53125,26389.0390625,10361.6201171875,24456.26953125,7919.83984375,4180.08935546875
2026-05-14 11:00:00+00:00,23713.75,7444.8798828125,62737.53125,26389.0390625,10373.1796875,24472.560546875,7919.83984375,4180.08935546875
2026-05-14 11:15:00+00:00,23713.75,7444.8798828125,62737.53125,26389.0390625,10369.66015625,24451.4609375,7919.83984375,4180.08935546875
2026-05-14 11:30:00+00:00,23713.75,7444.8798828125,62737.53125,26389.0390625,10369.9599609375,24464.400390625,7919.83984375,4180.08935546875
2026-05-14 11:45:00+00:00,23713.75,7444.8798828125,62737.53125,26389.0390625,10361.9697265625,24478.4296875,7919.83984375,4180.08935546875
2026-05-14 12:00:00+00:00,23713.75,7444.8798828125,62737.53125,26389.0390625,10362.8798828125,24466.44921875,7919.83984375,4180.08935546875
2026-05-14 12:15:00+00:00,23713.75,7444.8798828125,62737.53125,26389.0390625,10360.8798828125,24449.580078125,7919.83984375,4180.08935546875
2026-05-14 12:30:00+00:00,23713.75,7444.8798828125,62737.53125,26389.0390625,10366.009765625,24426.91015625,7919.83984375,4180.08935546875
2026-05-14 12:45:00+00:00,23713.75,7444.8798828125,62737.53125,26389.0390625,10369.849609375,24444.380859375,7919.83984375,4180.08935546875
2026-05-14 13:00:00+00:00,23713.75,7444.8798828125,62737.53125,26389.0390625,10368.6396484375,24441.2109375,7919.83984375,4180.08935546875
2026-05-14 13:15:00+00:00,23713.75,7444.8798828125,62737.53125,26389.0390625,10364.4697265625,24392.2890625,7919.83984375,4180.08935546875
2026-05-14 13:30:00+00:00,23713.75,7475.7001953125,62737.53125,26389.0390625,10339.2900390625,24379.119140625,7919.83984375,4180.08935546875
2026-05-14 13:45:00+00:00,23713.75,7465.06982421875,62737.53125,26389.0390625,10336.23046875,24369.560546875,7919.83984375,4180.08935546875
2026-05-14 14:00:00+00:00,23713.75,7476.06982421875,62737.53125,26389.0390625,10342.4296875,24427.369140625,7919.83984375,4180.08935546875
2026-05-14 14:15:00+00:00,23713.75,7481.0,62737.53125,26389.0390625,10329.400390625,24444.0703125,7919.83984375,4180.08935546875
2026-05-14 14:30:00+00:00,23713.75,7491.64990234375,62737.53125,26389.0390625,10342.91015625,24461.490234375,7919.83984375,4180.08935546875
2026-05-14 14:45:00+00:00,23713.75,7493.83984375,62737.53125,26389.0390625,10359.8798828125,24455.970703125,7919.83984375,4180.08935546875
2026-05-14 15:00:00+00:00,23713.75,7502.39990234375,62737.53125,26389.0390625,10357.6103515625,24451.029296875,7919.83984375,4180.08935546875
2026-05-14 15:15:00+00:00,23713.75,7507.259765625,62737.53125,26389.0390625,10362.7998046875,24453.16015625,7919.83984375,4180.08935546875
2026-05-14 15:30:00+00:00,23713.75,7509.580078125,62737.53125,26389.0390625,10362.7998046875,24453.16015625,7919.83984375,4180.08935546875
2026-05-14 15:45:00+00:00,23713.75,7513.72021484375,62737.53125,26389.0390625,10362.7998046875,24453.16015625,7919.83984375,4180.08935546875
2026-05-14 16:00:00+00:00,23713.75,7510.81982421875,62737.53125,26389.0390625,10362.7998046875,24453.16015625,7919.83984375,4180.08935546875
2026-05-14 16:15:00+00:00,23713.75,7501.85009765625,62737.53125,26389.0390625,10362.7998046875,24453.16015625,7919.83984375,4180.08935546875
2026-05-14 16:30:00+00:00,23713.75,7500.72998046875,62737.53125,26389.0390625,10362.7998046875,24453.16015625,7919.83984375,4180.08935546875
2026-05-14 16:45:00+00:00,23713.75,7499.490234375,62737.53125,26389.0390625,10362.7998046875,24453.16015625,7919.83984375,4180.08935546875
2026-05-14 17:00:00+00:00,23713.75,7491.8798828125,62737.53125,26389.0390625,10362.7998046875,24453.16015625,7919.83984375,4180.08935546875
2026-05-14 17:15:00+00:00,23713.75,7490.56005859375,62737.53125,26389.0390625,10362.7998046875,24453.16015625,7919.83984375,4180.08935546875
2026-05-14 17:30:00+00:00,23713.75,7498.81005859375,62737.53125,26389.0390625,10362.7998046875,24453.16015625,7919.83984375,4180.08935546875
2026-05-14 17:45:00+00:00,23713.75,7499.169921875,62737.53125,26389.0390625,10362.7998046875,24453.16015625,7919.83984375,4180.08935546875
2026-05-14 18:00:00+00:00,23713.75,7499.0498046875,62737.53125,26389.0390625,10362.7998046875,24453.16015625,7919.83984375,4180.08935546875
2026-05-14 18:15:00+00:00,23713.75,7496.81982421875,62737.53125,26389.0390625,10362.7998046875,24453.16015625,7919.83984375,4180.08935546875
2026-05-14 18:30:00+00:00,23713.75,7498.85986328125,62737.53125,26389.0390625,10362.7998046875,24453.16015625,7919.83984375,4180.08935546875
2026-05-14 18:45:00+00:00,23713.75,7504.0400390625,62737.53125,26389.0390625,10362.7998046875,24453.16015625,7919.83984375,4180.08935546875
2026-05-14 19:00:00+00:00,23713.75,7505.18994140625,62737.53125,26389.0390625,10362.7998046875,24453.16015625,7919.83984375,4180.08935546875
2026-05-14 19:15:00+00:00,23713.75,7501.740234375,62737.53125,26389.0390625,10362.7998046875,24453.16015625,7919.83984375,4180.08935546875
2026-05-14 19:30:00+00:00,23713.75,7506.240234375,62737.53125,26389.0390625,10362.7998046875,24453.16015625,7919.83984375,4180.08935546875
2026-05-14 19:45:00+00:00,23713.75,7502.0400390625,62737.53125,26389.0390625,10362.7998046875,24453.16015625,7919.83984375,4180.08935546875
2026-05-15 00:00:00+00:00,23713.75,7502.0400390625,63141.75,26389.0390625,10362.7998046875,24453.16015625,8004.0498046875,4180.08935546875
2026-05-15 00:15:00+00:00,23713.75,7502.0400390625,62981.921875,26389.0390625,10362.7998046875,24453.16015625,8036.97021484375,4180.08935546875
2026-05-15 00:30:00+00:00,23713.75,7502.0400390625,62471.140625,26389.0390625,10362.7998046875,24453.16015625,7965.5,4180.08935546875
2026-05-15 00:45:00+00:00,23713.75,7502.0400390625,62511.9296875,26389.0390625,10362.7998046875,24453.16015625,7971.35986328125,4180.08935546875
2026-05-15 01:00:00+00:00,23713.75,7502.0400390625,62377.51171875,26389.0390625,10362.7998046875,24453.16015625,7925.18994140625,4180.08935546875
2026-05-15 01:15:00+00:00,23713.75,7502.0400390625,62119.98828125,26389.0390625,10362.7998046875,24453.16015625,7885.759765625,4180.08935546875
2026-05-15 01:30:00+00:00,23713.75,7502.0400390625,62285.6796875,26190.30078125,10362.7998046875,24453.16015625,7891.52001953125,4155.66845703125
2026-05-15 01:45:00+00:00,23713.75,7502.0400390625,61892.48828125,26161.150390625,10362.7998046875,24453.16015625,7748.06982421875,4142.4609375
2026-05-15 02:00:00+00:00,23713.75,7502.0400390625,61771.08984375,26136.4296875,10362.7998046875,24453.16015625,7677.97998046875,4148.0244140625
2026-05-15 02:15:00+00:00,23713.75,7502.0400390625,61867.3515625,26112.890625,10362.7998046875,24453.16015625,7686.8798828125,4153.06494140625
2026-05-15 02:30:00+00:00,23713.75,7502.0400390625,61849.80859375,26096.720703125,10362.7998046875,24453.16015625,7749.4599609375,4160.48046875
2026-05-15 02:45:00+00:00,23713.75,7502.0400390625,61849.80859375,26122.279296875,10362.7998046875,24453.16015625,7719.2900390625,4173.5068359375
2026-05-15 03:00:00+00:00,23713.75,7502.0400390625,61849.80859375,26133.4296875,10362.7998046875,24453.16015625,7705.0498046875,4188.25341796875
2026-05-15 03:15:00+00:00,23713.75,7502.0400390625,61849.80859375,26133.83984375,10362.7998046875,24453.16015625,7694.509765625,4184.06396484375
2026-05-15 03:30:00+00:00,23713.75,7502.0400390625,61916.76953125,26148.359375,10362.7998046875,24453.16015625,7714.14990234375,4183.05615234375
2026-05-15 03:45:00+00:00,23789.30078125,7502.0400390625,61855.55859375,26156.880859375,10362.7998046875,24453.16015625,7705.18994140625,4183.05615234375
2026-05-15 04:00:00+00:00,23801.849609375,7502.0400390625,61677.16015625,26160.029296875,10362.7998046875,24453.16015625,7667.3701171875,4183.05615234375
2026-05-15 04:15:00+00:00,23818.400390625,7502.0400390625,61732.9609375,26160.029296875,10362.7998046875,24453.16015625,7633.35009765625,4183.05615234375
2026-05-15 04:30:00+00:00,23800.099609375,7502.0400390625,61637.87890625,26160.029296875,10362.7998046875,24453.16015625,7612.39013671875,4183.05615234375
2026-05-15 04:45:00+00:00,23828.849609375,7502.0400390625,61567.4296875,26160.029296875,10362.7998046875,24453.16015625,7541.7099609375,4183.05615234375
2026-05-15 05:00:00+00:00,23817.400390625,7502.0400390625,61516.859375,26037.419921875,10362.7998046875,24453.16015625,7596.83984375,4164.5068359375
2026-05-15 05:15:00+00:00,23829.5,7502.0400390625,61449.1796875,26022.580078125,10362.7998046875,24453.16015625,7530.52001953125,4164.24658203125
2026-05-15 05:30:00+00:00,23744.099609375,7502.0400390625,61156.140625,25895.119140625,10362.7998046875,24453.16015625,7454.72021484375,4140.11328125
2026-05-15 05:45:00+00:00,23712.400390625,7502.0400390625,60971.3203125,25862.970703125,10362.7998046875,24453.16015625,7399.25,4128.984375
2026-05-15 06:00:00+00:00,23721.69921875,7502.0400390625,61179.3203125,25909.5390625,10362.7998046875,24453.16015625,7399.25,4128.8388671875
2026-05-15 06:15:00+00:00,23725.55078125,7502.0400390625,61242.69921875,25870.759765625,10362.7998046875,24453.16015625,7399.25,4121.39208984375
2026-05-15 06:30:00+00:00,23751.099609375,7502.0400390625,61242.69921875,25945.580078125,10362.7998046875,24453.16015625,7399.25,4131.65673828125
2026-05-15 06:45:00+00:00,23720.099609375,7502.0400390625,61242.69921875,25927.33984375,10362.7998046875,24453.16015625,7399.25,4135.83203125
2026-05-15 07:00:00+00:00,23767.349609375,7502.0400390625,61242.69921875,25979.76953125,10296.5595703125,24282.4609375,7399.25,4135.83203125
2026-05-15 07:15:00+00:00,23784.75,7502.0400390625,61242.69921875,25992.44921875,10311.2900390625,24263.970703125,7399.25,4135.83203125
2026-05-15 07:30:00+00:00,23780.05078125,7502.0400390625,61242.69921875,25969.029296875,10290.1298828125,24209.119140625,7399.25,4135.83203125
2026-05-15 07:45:00+00:00,23777.0,7502.0400390625,61242.69921875,25968.060546875,10291.5,24199.76953125,7399.25,4135.83203125
2026-05-15 08:00:00+00:00,23738.650390625,7502.0400390625,61242.69921875,25962.73046875,10276.6396484375,24128.080078125,7399.25,4135.83203125
2026-05-15 08:15:00+00:00,23713.55078125,7502.0400390625,61242.69921875,25962.73046875,10248.919921875,24038.509765625,7399.25,4135.83203125
2026-05-15 08:30:00+00:00,23722.150390625,7502.0400390625,61242.69921875,25962.73046875,10251.9599609375,24089.01953125,7399.25,4135.83203125
2026-05-15 08:45:00+00:00,23694.25,7502.0400390625,61242.69921875,25962.73046875,10240.6904296875,24074.470703125,7399.25,4135.83203125
2026-05-15 09:00:00+00:00,23690.44921875,7502.0400390625,61242.69921875,25962.73046875,10231.669921875,24069.400390625,7399.25,4135.83203125
2026-05-15 09:15:00+00:00,23646.849609375,7502.0400390625,61242.69921875,25962.73046875,10228.16015625,24057.119140625,7399.25,4135.83203125
2026-05-15 09:30:00+00:00,23643.650390625,7502.0400390625,61242.69921875,25962.73046875,10226.4501953125,24036.5,7399.25,4135.83203125
2026-05-15 09:45:00+00:00,23657.900390625,7502.0400390625,61242.69921875,25962.73046875,10224.2001953125,24053.970703125,7399.25,4135.83203125
2026-05-15 10:00:00+00:00,23657.900390625,7502.0400390625,61242.69921875,25962.73046875,10233.9296875,24081.9609375,7399.25,4135.83203125
2026-05-15 10:15:00+00:00,23657.900390625,7502.0400390625,61242.69921875,25962.73046875,10227.3095703125,24066.390625,7399.25,4135.83203125
2026-05-15 10:30:00+00:00,23657.900390625,7502.0400390625,61242.69921875,25962.73046875,10231.259765625,24065.130859375,7399.25,4135.83203125
2026-05-15 10:45:00+00:00,23657.900390625,7502.0400390625,61242.69921875,25962.73046875,10246.33984375,24159.7109375,7399.25,4135.83203125
2026-05-15 11:00:00+00:00,23657.900390625,7502.0400390625,61242.69921875,25962.73046875,10236.73046875,24097.75,7399.25,4135.83203125
2026-05-15 11:15:00+00:00,23657.900390625,7502.0400390625,61242.69921875,25962.73046875,10219.1904296875,24070.6796875,7399.25,4135.83203125
2026-05-15 11:30:00+00:00,23657.900390625,7502.0400390625,61242.69921875,25962.73046875,10199.150390625,24030.05078125,7399.25,4135.83203125
2026-05-15 11:45:00+00:00,23657.900390625,7502.0400390625,61242.69921875,25962.73046875,10200.8095703125,24016.30078125,7399.25,4135.83203125
2026-05-15 12:00:00+00:00,23657.900390625,7502.0400390625,61242.69921875,25962.73046875,10174.099609375,23971.2109375,7399.25,4135.83203125
2026-05-15 12:15:00+00:00,23657.900390625,7502.0400390625,61242.69921875,25962.73046875,10175.7099609375,23974.419921875,7399.25,4135.83203125
2026-05-15 12:30:00+00:00,23657.900390625,7502.0400390625,61242.69921875,25962.73046875,10165.849609375,23941.94921875,7399.25,4135.83203125
2026-05-15 12:45:00+00:00,23657.900390625,7502.0400390625,61242.69921875,25962.73046875,10180.6904296875,23985.9609375,7399.25,4135.83203125
2026-05-15 13:00:00+00:00,23657.900390625,7502.0400390625,61242.69921875,25962.73046875,10192.3095703125,23975.900390625,7399.25,4135.83203125
2026-05-15 13:15:00+00:00,23657.900390625,7502.0400390625,61242.69921875,25962.73046875,10208.3095703125,24003.150390625,7399.25,4135.83203125
2026-05-15 13:30:00+00:00,23657.900390625,7405.919921875,61242.69921875,25962.73046875,10188.7001953125,23934.490234375,7399.25,4135.83203125
2026-05-15 13:45:00+00:00,23657.900390625,7410.58984375,61242.69921875,25962.73046875,10189.3203125,23931.0390625,7399.25,4135.83203125
2026-05-15 14:00:00+00:00,23657.900390625,7432.0400390625,61242.69921875,25962.73046875,10190.0595703125,23964.740234375,7399.25,4135.83203125
2026-05-15 14:15:00+00:00,23657.900390625,7430.0400390625,61242.69921875,25962.73046875,10189.8896484375,23991.150390625,7399.25,4135.83203125
2026-05-15 14:30:00+00:00,23657.900390625,7440.22021484375,61242.69921875,25962.73046875,10193.6904296875,24005.529296875,7399.25,4135.83203125
2026-05-15 14:45:00+00:00,23657.900390625,7429.4501953125,61242.69921875,25962.73046875,10188.009765625,23994.099609375,7399.25,4135.83203125
2026-05-15 15:00:00+00:00,23657.900390625,7428.7998046875,61242.69921875,25962.73046875,10185.259765625,23973.609375,7399.25,4135.83203125
2026-05-15 15:15:00+00:00,23657.900390625,7431.89990234375,61242.69921875,25962.73046875,10174.3701171875,23953.16015625,7399.25,4135.83203125
2026-05-15 15:30:00+00:00,23657.900390625,7420.52001953125,61242.69921875,25962.73046875,10174.3701171875,23953.16015625,7399.25,4135.83203125
2026-05-15 15:45:00+00:00,23657.900390625,7422.7001953125,61242.69921875,25962.73046875,10174.3701171875,23953.16015625,7399.25,4135.83203125
2026-05-15 16:00:00+00:00,23657.900390625,7424.39990234375,61242.69921875,25962.73046875,10174.3701171875,23953.16015625,7399.25,4135.83203125
2026-05-15 16:15:00+00:00,23657.900390625,7432.669921875,61242.69921875,25962.73046875,10174.3701171875,23953.16015625,7399.25,4135.83203125
2026-05-15 16:30:00+00:00,23657.900390625,7435.5498046875,61242.69921875,25962.73046875,10174.3701171875,23953.16015625,7399.25,4135.83203125
2026-05-15 16:45:00+00:00,23657.900390625,7429.2001953125,61242.69921875,25962.73046875,10174.3701171875,23953.16015625,7399.25,4135.83203125
2026-05-15 17:00:00+00:00,23657.900390625,7436.60009765625,61242.69921875,25962.73046875,10174.3701171875,23953.16015625,7399.25,4135.83203125
2026-05-15 17:15:00+00:00,23657.900390625,7445.7001953125,61242.69921875,25962.73046875,10174.3701171875,23953.16015625,7399.25,4135.83203125
2026-05-15 17:30:00+00:00,23657.900390625,7444.85009765625,61242.69921875,25962.73046875,10174.3701171875,23953.16015625,7399.25,4135.83203125
2026-05-15 17:45:00+00:00,23657.900390625,7449.919921875,61242.69921875,25962.73046875,10174.3701171875,23953.16015625,7399.25,4135.83203125
2026-05-15 18:00:00+00:00,23657.900390625,7450.0,61242.69921875,25962.73046875,10174.3701171875,23953.16015625,7399.25,4135.83203125
2026-05-15 18:15:00+00:00,23657.900390625,7436.8798828125,61242.69921875,25962.73046875,10174.3701171875,23953.16015625,7399.25,4135.83203125
2026-05-15 18:30:00+00:00,23657.900390625,7433.7001953125,61242.69921875,25962.73046875,10174.3701171875,23953.16015625,7399.25,4135.83203125
2026-05-15 18:45:00+00:00,23657.900390625,7435.9599609375,61242.69921875,25962.73046875,10174.3701171875,23953.16015625,7399.25,4135.83203125
2026-05-15 19:00:00+00:00,23657.900390625,7425.56005859375,61242.69921875,25962.73046875,10174.3701171875,23953.16015625,7399.25,4135.83203125
2026-05-15 19:15:00+00:00,23657.900390625,7421.02001953125,61242.69921875,25962.73046875,10174.3701171875,23953.16015625,7399.25,4135.83203125
2026-05-15 19:30:00+00:00,23657.900390625,7419.56005859375,61242.69921875,25962.73046875,10174.3701171875,23953.16015625,7399.25,4135.83203125
2026-05-15 19:45:00+00:00,23657.900390625,7409.18017578125,61242.69921875,25962.73046875,10174.3701171875,23953.16015625,7399.25,4135.83203125
2026-05-18 00:00:00+00:00,23657.900390625,7409.18017578125,61004.46875,25962.73046875,10174.3701171875,23953.16015625,7205.43017578125,4135.83203125
2026-05-18 00:15:00+00:00,23657.900390625,7409.18017578125,61135.87890625,25962.73046875,10174.3701171875,23953.16015625,7343.56982421875,4135.83203125
2026-05-18 00:30:00+00:00,23657.900390625,7409.18017578125,60914.3515625,25962.73046875,10174.3701171875,23953.16015625,7222.81005859375,4135.83203125
2026-05-18 00:45:00+00:00,23657.900390625,7409.18017578125,61131.6484375,25962.73046875,10174.3701171875,23953.16015625,7411.39990234375,4135.83203125
2026-05-18 01:00:00+00:00,23657.900390625,7409.18017578125,60631.5,25962.73046875,10174.3701171875,23953.16015625,7389.6201171875,4135.83203125
2026-05-18 01:15:00+00:00,23657.900390625,7409.18017578125,60582.30859375,25962.73046875,10174.3701171875,23953.16015625,7423.0400390625,4135.83203125
2026-05-18 01:30:00+00:00,23657.900390625,7409.18017578125,60639.1015625,25708.76953125,10174.3701171875,23953.16015625,7484.5400390625,4128.3896484375
2026-05-18 01:45:00+00:00,23657.900390625,7409.18017578125,60715.12890625,25619.630859375,10174.3701171875,23953.16015625,7514.759765625,4138.0869140625
2026-05-18 02:00:00+00:00,23657.900390625,7409.18017578125,60830.48046875,25619.650390625,10174.3701171875,23953.16015625,7564.93994140625,4141.50537109375
2026-05-18 02:15:00+00:00,23657.900390625,7409.18017578125,60858.3515625,25615.970703125,10174.3701171875,23953.16015625,7635.6201171875,4136.84619140625
2026-05-18 02:30:00+00:00,23657.900390625,7409.18017578125,60843.08984375,25577.140625,10174.3701171875,23953.16015625,7580.02978515625,4137.57373046875
2026-05-18 02:45:00+00:00,23657.900390625,7409.18017578125,60843.08984375,25536.2890625,10174.3701171875,23953.16015625,7529.85009765625,4125.89697265625
2026-05-18 03:00:00+00:00,23657.900390625,7409.18017578125,60843.08984375,25530.830078125,10174.3701171875,23953.16015625,7541.60986328125,4122.75
2026-05-18 03:15:00+00:00,23657.900390625,7409.18017578125,60843.08984375,25551.779296875,10174.3701171875,23953.16015625,7541.080078125,4125.3583984375
2026-05-18 03:30:00+00:00,23657.900390625,7409.18017578125,60921.51953125,25616.150390625,10174.3701171875,23953.16015625,7567.5,4126.3544921875
2026-05-18 03:45:00+00:00,23373.099609375,7409.18017578125,60912.98046875,25612.369140625,10174.3701171875,23953.16015625,7560.3798828125,4126.3544921875
2026-05-18 04:00:00+00:00,23371.05078125,7409.18017578125,61041.390625,25612.630859375,10174.3701171875,23953.16015625,7587.60986328125,4126.3544921875
2026-05-18 04:15:00+00:00,23341.150390625,7409.18017578125,60884.23046875,25612.630859375,10174.3701171875,23953.16015625,7504.85986328125,4126.3544921875
2026-05-18 04:30:00+00:00,23362.400390625,7409.18017578125,61046.73046875,25612.630859375,10174.3701171875,23953.16015625,7542.22021484375,4126.3544921875
2026-05-18 04:45:00+00:00,23379.849609375,7409.18017578125,60926.91015625,25612.630859375,10174.3701171875,23953.16015625,7526.41015625,4126.3544921875
2026-05-18 05:00:00+00:00,23417.19921875,7409.18017578125,60922.7890625,25645.4296875,10174.3701171875,23953.16015625,7511.490234375,4130.90869140625
2026-05-18 05:15:00+00:00,23465.099609375,7409.18017578125,60978.3203125,25669.9296875,10174.3701171875,23953.16015625,7500.43017578125,4131.1123046875
2026-05-18 05:30:00+00:00,23470.099609375,7409.18017578125,61037.80859375,25642.390625,10174.3701171875,23953.16015625,7522.60009765625,4134.59228515625
2026-05-18 05:45:00+00:00,23495.80078125,7409.18017578125,60956.51171875,25598.5390625,10174.3701171875,23953.16015625,7531.330078125,4119.99560546875
2026-05-18 06:00:00+00:00,23534.25,7409.18017578125,60839.46875,25549.220703125,10174.3701171875,23953.16015625,7531.330078125,4115.1640625
2026-05-18 06:15:00+00:00,23474.69921875,7409.18017578125,60819.5703125,25558.80078125,10174.3701171875,23953.16015625,7531.330078125,4114.82861328125
2026-05-18 06:30:00+00:00,23516.05078125,7409.18017578125,60819.5703125,25570.400390625,10174.3701171875,23953.16015625,7531.330078125,4116.10595703125
2026-05-18 06:45:00+00:00,23553.44921875,7409.18017578125,60819.5703125,25616.580078125,10174.3701171875,23953.16015625,7531.330078125,4132.25048828125
2026-05-18 07:00:00+00:00,23584.75,7409.18017578125,60819.5703125,25622.669921875,10170.5400390625,23805.9296875,7531.330078125,4132.25048828125
2026-05-18 07:15:00+00:00,23636.900390625,7409.18017578125,60819.5703125,25642.890625,10201.4697265625,23885.0390625,7531.330078125,4132.25048828125
2026-05-18 07:30:00+00:00,23615.900390625,7409.18017578125,60819.5703125,25634.720703125,10181.8603515625,23833.55078125,7531.330078125,4132.25048828125
2026-05-18 07:45:00+00:00,23618.94921875,7409.18017578125,60819.5703125,25654.609375,10193.25,23874.76953125,7531.330078125,4132.25048828125
2026-05-18 08:00:00+00:00,23622.400390625,7409.18017578125,60819.5703125,25675.1796875,10198.66015625,23904.19921875,7531.330078125,4132.25048828125
2026-05-18 08:15:00+00:00,23640.900390625,7409.18017578125,60819.5703125,25675.1796875,10207.8095703125,23943.76953125,7531.330078125,4132.25048828125
2026-05-18 08:30:00+00:00,23624.849609375,7409.18017578125,60819.5703125,25675.1796875,10208.8701171875,23961.669921875,7531.330078125,4132.25048828125
2026-05-18 08:45:00+00:00,23614.349609375,7409.18017578125,60819.5703125,25675.1796875,10212.1796875,23992.55078125,7531.330078125,4132.25048828125
2026-05-18 09:00:00+00:00,23602.94921875,7409.18017578125,60819.5703125,25675.1796875,10202.73046875,23975.58984375,7531.330078125,4132.25048828125
2026-05-18 09:15:00+00:00,23591.5,7409.18017578125,60819.5703125,25675.1796875,10219.08984375,24000.779296875,7531.330078125,4132.25048828125
2026-05-18 09:30:00+00:00,23634.599609375,7409.18017578125,60819.5703125,25675.1796875,10218.5498046875,23992.560546875,7531.330078125,4132.25048828125
2026-05-18 09:45:00+00:00,23644.44921875,7409.18017578125,60819.5703125,25675.1796875,10224.4599609375,24005.19921875,7531.330078125,4132.25048828125
2026-05-18 10:00:00+00:00,23644.44921875,7409.18017578125,60819.5703125,25675.1796875,10204.6796875,23944.5703125,7531.330078125,4132.25048828125
2026-05-18 10:15:00+00:00,23644.44921875,7409.18017578125,60819.5703125,25675.1796875,10209.4599609375,23980.119140625,7531.330078125,4132.25048828125
2026-05-18 10:30:00+00:00,23644.44921875,7409.18017578125,60819.5703125,25675.1796875,10216.419921875,24002.609375,7531.330078125,4132.25048828125
2026-05-18 10:45:00+00:00,23644.44921875,7409.18017578125,60819.5703125,25675.1796875,10217.25,23984.060546875,7531.330078125,4132.25048828125
2026-05-18 11:00:00+00:00,23644.44921875,7409.18017578125,60819.5703125,25675.1796875,10208.259765625,23980.5390625,7531.330078125,4132.25048828125
2026-05-18 11:15:00+00:00,23644.44921875,7409.18017578125,60819.5703125,25675.1796875,10219.3798828125,23999.140625,7531.330078125,4132.25048828125
2026-05-18 11:30:00+00:00,23644.44921875,7409.18017578125,60819.5703125,25675.1796875,10263.9697265625,24202.4609375,7531.330078125,4132.25048828125
2026-05-18 11:45:00+00:00,23644.44921875,7409.18017578125,60819.5703125,25675.1796875,10245.759765625,24138.029296875,7531.330078125,4132.25048828125
2026-05-18 12:00:00+00:00,23644.44921875,7409.18017578125,60819.5703125,25675.1796875,10245.7802734375,24149.9296875,7531.330078125,4132.25048828125
2026-05-18 12:15:00+00:00,23644.44921875,7409.18017578125,60819.5703125,25675.1796875,10243.6904296875,24165.2890625,7531.330078125,4132.25048828125
2026-05-18 12:30:00+00:00,23644.44921875,7409.18017578125,60819.5703125,25675.1796875,10285.7802734375,24326.19921875,7531.330078125,4132.25048828125
2026-05-18 12:45:00+00:00,23644.44921875,7409.18017578125,60819.5703125,25675.1796875,10293.5703125,24369.73046875,7531.330078125,4132.25048828125
2026-05-18 13:00:00+00:00,23644.44921875,7409.18017578125,60819.5703125,25675.1796875,10287.8798828125,24359.08984375,7531.330078125,4132.25048828125
2026-05-18 13:15:00+00:00,23644.44921875,7409.18017578125,60819.5703125,25675.1796875,10287.48046875,24337.9609375,7531.330078125,4132.25048828125
2026-05-18 13:30:00+00:00,23644.44921875,7398.93017578125,60819.5703125,25675.1796875,10305.740234375,24312.990234375,7531.330078125,4132.25048828125
2026-05-18 13:45:00+00:00,23644.44921875,7424.97998046875,60819.5703125,25675.1796875,10327.8603515625,24405.0,7531.330078125,4132.25048828125
2026-05-18 14:00:00+00:00,23644.44921875,7419.1201171875,60819.5703125,25675.1796875,10313.080078125,24391.05078125,7531.330078125,4132.25048828125
2026-05-18 14:15:00+00:00,23644.44921875,7413.85009765625,60819.5703125,25675.1796875,10330.66015625,24379.80078125,7531.330078125,4132.25048828125
2026-05-18 14:30:00+00:00,23644.44921875,7402.64013671875,60819.5703125,25675.1796875,10323.1396484375,24326.099609375,7531.330078125,4132.25048828125
2026-05-18 14:45:00+00:00,23644.44921875,7402.41015625,60819.5703125,25675.1796875,10332.7099609375,24349.4609375,7531.330078125,4132.25048828125
2026-05-18 15:00:00+00:00,23644.44921875,7390.93017578125,60819.5703125,25675.1796875,10306.6201171875,24270.51953125,7531.330078125,4132.25048828125
2026-05-18 15:15:00+00:00,23644.44921875,7375.080078125,60819.5703125,25675.1796875,10296.58984375,24246.890625,7531.330078125,4132.25048828125
2026-05-18 15:30:00+00:00,23644.44921875,7381.4599609375,60819.5703125,25675.1796875,10296.58984375,24246.890625,7531.330078125,4132.25048828125
2026-05-18 15:45:00+00:00,23644.44921875,7382.14990234375,60819.5703125,25675.1796875,10296.58984375,24246.890625,7531.330078125,4132.25048828125
2026-05-18 16:00:00+00:00,23644.44921875,7387.93994140625,60819.5703125,25675.1796875,10296.58984375,24246.890625,7531.330078125,4132.25048828125
2026-05-18 16:15:00+00:00,23644.44921875,7366.47998046875,60819.5703125,25675.1796875,10296.58984375,24246.890625,7531.330078125,4132.25048828125
2026-05-18 16:30:00+00:00,23644.44921875,7369.97998046875,60819.5703125,25675.1796875,10296.58984375,24246.890625,7531.330078125,4132.25048828125
2026-05-18 16:45:00+00:00,23644.44921875,7384.31005859375,60819.5703125,25675.1796875,10296.58984375,24246.890625,7531.330078125,4132.25048828125
2026-05-18 17:00:00+00:00,23644.44921875,7386.8701171875,60819.5703125,25675.1796875,10296.58984375,24246.890625,7531.330078125,4132.25048828125
2026-05-18 17:15:00+00:00,23644.44921875,7392.68017578125,60819.5703125,25675.1796875,10296.58984375,24246.890625,7531.330078125,4132.25048828125
2026-05-18 17:30:00+00:00,23644.44921875,7387.47021484375,60819.5703125,25675.1796875,10296.58984375,24246.890625,7531.330078125,4132.25048828125
2026-05-18 17:45:00+00:00,23644.44921875,7389.64990234375,60819.5703125,25675.1796875,10296.58984375,24246.890625,7531.330078125,4132.25048828125
2026-05-18 18:00:00+00:00,23644.44921875,7370.22998046875,60819.5703125,25675.1796875,10296.58984375,24246.890625,7531.330078125,4132.25048828125
2026-05-18 18:15:00+00:00,23644.44921875,7365.419921875,60819.5703125,25675.1796875,10296.58984375,24246.890625,7531.330078125,4132.25048828125
2026-05-18 18:30:00+00:00,23644.44921875,7363.759765625,60819.5703125,25675.1796875,10296.58984375,24246.890625,7531.330078125,4132.25048828125
2026-05-18 18:45:00+00:00,23644.44921875,7355.35009765625,60819.5703125,25675.1796875,10296.58984375,24246.890625,7531.330078125,4132.25048828125
2026-05-18 19:00:00+00:00,23644.44921875,7379.14990234375,60819.5703125,25675.1796875,10296.58984375,24246.890625,7531.330078125,4132.25048828125
2026-05-18 19:15:00+00:00,23644.44921875,7373.68017578125,60819.5703125,25675.1796875,10296.58984375,24246.890625,7531.330078125,4132.25048828125
2026-05-18 19:30:00+00:00,23644.44921875,7395.9599609375,60819.5703125,25675.1796875,10296.58984375,24246.890625,7531.330078125,4132.25048828125
2026-05-18 19:45:00+00:00,23644.44921875,7403.10009765625,60819.5703125,25675.1796875,10296.58984375,24246.890625,7531.330078125,4132.25048828125
2026-05-19 00:00:00+00:00,23644.44921875,7403.10009765625,61106.390625,25675.1796875,10296.58984375,24246.890625,7362.56982421875,4132.25048828125
2026-05-19 00:15:00+00:00,23644.44921875,7403.10009765625,61254.55859375,25675.1796875,10296.58984375,24246.890625,7423.18994140625,4132.25048828125
2026-05-19 00:30:00+00:00,23644.44921875,7403.10009765625,61252.91015625,25675.1796875,10296.58984375,24246.890625,7372.7099609375,4132.25048828125
2026-05-19 00:45:00+00:00,23644.44921875,7403.10009765625,60870.2109375,25675.1796875,10296.58984375,24246.890625,7309.47998046875,4132.25048828125
2026-05-19 01:00:00+00:00,23644.44921875,7403.10009765625,60916.76171875,25675.1796875,10296.58984375,24246.890625,7288.06982421875,4132.25048828125
2026-05-19 01:15:00+00:00,23644.44921875,7403.10009765625,60780.05078125,25675.1796875,10296.58984375,24246.890625,7258.08984375,4132.25048828125
2026-05-19 01:30:00+00:00,23644.44921875,7403.10009765625,60954.28125,25797.310546875,10296.58984375,24246.890625,7276.4501953125,4137.92333984375
2026-05-19 01:45:00+00:00,23644.44921875,7403.10009765625,60740.87109375,25780.119140625,10296.58984375,24246.890625,7186.35986328125,4126.5634765625
2026-05-19 02:00:00+00:00,23644.44921875,7403.10009765625,60537.33984375,25741.80078125,10296.58984375,24246.890625,7150.3798828125,4109.4755859375
2026-05-19 02:15:00+00:00,23644.44921875,7403.10009765625,60425.328125,25776.400390625,10296.58984375,24246.890625,7195.85986328125,4110.9150390625
2026-05-19 02:30:00+00:00,23644.44921875,7403.10009765625,60429.76171875,25809.30078125,10296.58984375,24246.890625,7246.33984375,4125.3857421875
2026-05-19 02:45:00+00:00,23644.44921875,7403.10009765625,60429.76171875,25727.55078125,10296.58984375,24246.890625,7243.41015625,4118.17626953125
2026-05-19 03:00:00+00:00,23644.44921875,7403.10009765625,60429.76171875,25730.830078125,10296.58984375,24246.890625,7281.740234375,4128.6943359375
2026-05-19 03:15:00+00:00,23644.44921875,7403.10009765625,60429.76171875,25745.169921875,10296.58984375,24246.890625,7316.77978515625,4133.68603515625
2026-05-19 03:30:00+00:00,23644.44921875,7403.10009765625,60646.76953125,25758.94921875,10296.58984375,24246.890625,7329.7998046875,4132.45849609375
2026-05-19 03:45:00+00:00,23757.19921875,7403.10009765625,60500.46875,25773.609375,10296.58984375,24246.890625,7307.81982421875,4132.45849609375
2026-05-19 04:00:00+00:00,23749.599609375,7403.10009765625,60425.5,25774.109375,10296.58984375,24246.890625,7250.97021484375,4132.45849609375
2026-05-19 04:15:00+00:00,23677.599609375,7403.10009765625,60346.37890625,25774.109375,10296.58984375,24246.890625,7219.39013671875,4132.45849609375
2026-05-19 04:30:00+00:00,23754.25,7403.10009765625,60589.48046875,25774.109375,10296.58984375,24246.890625,7219.009765625,4132.45849609375
2026-05-19 04:45:00+00:00,23751.05078125,7403.10009765625,60576.05078125,25774.109375,10296.58984375,24246.890625,7243.02001953125,4132.45849609375
2026-05-19 05:00:00+00:00,23764.400390625,7403.10009765625,60536.96875,25773.7890625,10296.58984375,24246.890625,7266.7900390625,4139.11181640625
2026-05-19 05:15:00+00:00,23771.650390625,7403.10009765625,60610.5390625,25723.2890625,10296.58984375,24246.890625,7330.56005859375,4137.1357421875
2026-05-19 05:30:00+00:00,23720.099609375,7403.10009765625,60497.6796875,25713.970703125,10296.58984375,24246.890625,7304.35009765625,4139.7666015625
2026-05-19 05:45:00+00:00,23727.650390625,7403.10009765625,60435.4609375,25746.509765625,10296.58984375,24246.890625,7329.77978515625,4146.97509765625
2026-05-19 06:00:00+00:00,23749.599609375,7403.10009765625,60479.578125,25758.5,10296.58984375,24246.890625,7329.77978515625,4148.56298828125
2026-05-19 06:15:00+00:00,23754.94921875,7403.10009765625,60513.0703125,25809.7890625,10296.58984375,24246.890625,7329.77978515625,4156.7431640625
2026-05-19 06:30:00+00:00,23743.0,7403.10009765625,60513.0703125,25807.75,10296.58984375,24246.890625,7329.77978515625,4166.177734375
2026-05-19 06:45:00+00:00,23752.55078125,7403.10009765625,60513.0703125,25819.98046875,10296.58984375,24246.890625,7329.77978515625,4170.2666015625
2026-05-19 07:00:00+00:00,23738.099609375,7403.10009765625,60513.0703125,25836.51953125,10375.8896484375,24448.109375,7329.77978515625,4170.2666015625
2026-05-19 07:15:00+00:00,23723.69921875,7403.10009765625,60513.0703125,25812.779296875,10371.66015625,24488.140625,7329.77978515625,4170.2666015625
2026-05-19 07:30:00+00:00,23709.19921875,7403.10009765625,60513.0703125,25805.919921875,10382.2099609375,24583.439453125,7329.77978515625,4170.2666015625
2026-05-19 07:45:00+00:00,23724.599609375,7403.10009765625,60513.0703125,25795.01953125,10392.73046875,24640.75,7329.77978515625,4170.2666015625
2026-05-19 08:00:00+00:00,23696.599609375,7403.10009765625,60513.0703125,25797.849609375,10378.2802734375,24562.359375,7329.77978515625,4170.2666015625
2026-05-19 08:15:00+00:00,23689.44921875,7403.10009765625,60513.0703125,25797.849609375,10378.849609375,24566.640625,7329.77978515625,4170.2666015625
2026-05-19 08:30:00+00:00,23717.5,7403.10009765625,60513.0703125,25797.849609375,10396.3095703125,24633.359375,7329.77978515625,4170.2666015625
2026-05-19 08:45:00+00:00,23703.099609375,7403.10009765625,60513.0703125,25797.849609375,10391.6298828125,24646.8203125,7329.77978515625,4170.2666015625
2026-05-19 09:00:00+00:00,23657.900390625,7403.10009765625,60513.0703125,25797.849609375,10393.16015625,24639.130859375,7329.77978515625,4170.2666015625
2026-05-19 09:15:00+00:00,23655.75,7403.10009765625,60513.0703125,25797.849609375,10382.4501953125,24608.25,7329.77978515625,4170.2666015625
2026-05-19 09:30:00+00:00,23624.55078125,7403.10009765625,60513.0703125,25797.849609375,10374.7197265625,24581.5703125,7329.77978515625,4170.2666015625
2026-05-19 09:45:00+00:00,23606.150390625,7403.10009765625,60513.0703125,25797.849609375,10385.919921875,24614.359375,7329.77978515625,4170.2666015625
2026-05-19 10:00:00+00:00,23606.150390625,7403.10009765625,60513.0703125,25797.849609375,10396.240234375,24635.0,7329.77978515625,4170.2666015625
2026-05-19 10:15:00+00:00,23606.150390625,7403.10009765625,60513.0703125,25797.849609375,10394.509765625,24634.05078125,7329.77978515625,4170.2666015625
2026-05-19 10:30:00+00:00,23606.150390625,7403.10009765625,60513.0703125,25797.849609375,10384.900390625,24615.060546875,7329.77978515625,4170.2666015625
2026-05-19 10:45:00+00:00,23606.150390625,7403.10009765625,60513.0703125,25797.849609375,10391.5,24658.259765625,7329.77978515625,4170.2666015625
2026-05-19 11:00:00+00:00,23606.150390625,7403.10009765625,60513.0703125,25797.849609375,10384.73046875,24633.01953125,7329.77978515625,4170.2666015625
2026-05-19 11:15:00+00:00,23606.150390625,7403.10009765625,60513.0703125,25797.849609375,10381.099609375,24604.5390625,7329.77978515625,4170.2666015625
2026-05-19 11:30:00+00:00,23606.150390625,7403.10009765625,60513.0703125,25797.849609375,10381.580078125,24616.759765625,7329.77978515625,4170.2666015625
2026-05-19 11:45:00+00:00,23606.150390625,7403.10009765625,60513.0703125,25797.849609375,10365.919921875,24566.529296875,7329.77978515625,4170.2666015625
2026-05-19 12:00:00+00:00,23606.150390625,7403.10009765625,60513.0703125,25797.849609375,10374.1201171875,24610.779296875,7329.77978515625,4170.2666015625
2026-05-19 12:15:00+00:00,23606.150390625,7403.10009765625,60513.0703125,25797.849609375,10386.4404296875,24614.330078125,7329.77978515625,4170.2666015625
2026-05-19 12:30:00+00:00,23606.150390625,7403.10009765625,60513.0703125,25797.849609375,10389.150390625,24630.25,7329.77978515625,4170.2666015625
2026-05-19 12:45:00+00:00,23606.150390625,7403.10009765625,60513.0703125,25797.849609375,10384.2099609375,24612.779296875,7329.77978515625,4170.2666015625
2026-05-19 13:00:00+00:00,23606.150390625,7403.10009765625,60513.0703125,25797.849609375,10372.8896484375,24597.439453125,7329.77978515625,4170.2666015625
2026-05-19 13:15:00+00:00,23606.150390625,7403.10009765625,60513.0703125,25797.849609375,10341.0595703125,24496.69921875,7329.77978515625,4170.2666015625
2026-05-19 13:30:00+00:00,23606.150390625,7353.77978515625,60513.0703125,25797.849609375,10331.0,24448.16015625,7329.77978515625,4170.2666015625
2026-05-19 13:45:00+00:00,23606.150390625,7371.81982421875,60513.0703125,25797.849609375,10335.669921875,24494.3203125,7329.77978515625,4170.2666015625
2026-05-19 14:00:00+00:00,23606.150390625,7347.56982421875,60513.0703125,25797.849609375,10344.91015625,24458.560546875,7329.77978515625,4170.2666015625
2026-05-19 14:15:00+00:00,23606.150390625,7341.47998046875,60513.0703125,25797.849609375,10327.580078125,24381.619140625,7329.77978515625,4170.2666015625
2026-05-19 14:30:00+00:00,23606.150390625,7345.2001953125,60513.0703125,25797.849609375,10325.9296875,24397.83984375,7329.77978515625,4170.2666015625
2026-05-19 14:45:00+00:00,23606.150390625,7349.31982421875,60513.0703125,25797.849609375,10322.919921875,24438.240234375,7329.77978515625,4170.2666015625
2026-05-19 15:00:00+00:00,23606.150390625,7353.85009765625,60513.0703125,25797.849609375,10336.8095703125,24470.9296875,7329.77978515625,4170.2666015625
2026-05-19 15:15:00+00:00,23606.150390625,7341.4599609375,60513.0703125,25797.849609375,10328.5302734375,24434.73046875,7329.77978515625,4170.2666015625
2026-05-19 15:30:00+00:00,23606.150390625,7354.43017578125,60513.0703125,25797.849609375,10328.5302734375,24434.73046875,7329.77978515625,4170.2666015625
2026-05-19 15:45:00+00:00,23606.150390625,7347.68994140625,60513.0703125,25797.849609375,10328.5302734375,24434.73046875,7329.77978515625,4170.2666015625
2026-05-19 16:00:00+00:00,23606.150390625,7346.2001953125,60513.0703125,25797.849609375,10328.5302734375,24434.73046875,7329.77978515625,4170.2666015625
2026-05-19 16:15:00+00:00,23606.150390625,7363.72021484375,60513.0703125,25797.849609375,10328.5302734375,24434.73046875,7329.77978515625,4170.2666015625
2026-05-19 16:30:00+00:00,23606.150390625,7372.77978515625,60513.0703125,25797.849609375,10328.5302734375,24434.73046875,7329.77978515625,4170.2666015625
2026-05-19 16:45:00+00:00,23606.150390625,7380.5498046875,60513.0703125,25797.849609375,10328.5302734375,24434.73046875,7329.77978515625,4170.2666015625
2026-05-19 17:00:00+00:00,23606.150390625,7387.6201171875,60513.0703125,25797.849609375,10328.5302734375,24434.73046875,7329.77978515625,4170.2666015625
2026-05-19 17:15:00+00:00,23606.150390625,7388.81005859375,60513.0703125,25797.849609375,10328.5302734375,24434.73046875,7329.77978515625,4170.2666015625
2026-05-19 17:30:00+00:00,23606.150390625,7390.43017578125,60513.0703125,25797.849609375,10328.5302734375,24434.73046875,7329.77978515625,4170.2666015625
2026-05-19 17:45:00+00:00,23606.150390625,7386.7998046875,60513.0703125,25797.849609375,10328.5302734375,24434.73046875,7329.77978515625,4170.2666015625
2026-05-19 18:00:00+00:00,23606.150390625,7388.509765625,60513.0703125,25797.849609375,10328.5302734375,24434.73046875,7329.77978515625,4170.2666015625
2026-05-19 18:15:00+00:00,23606.150390625,7377.669921875,60513.0703125,25797.849609375,10328.5302734375,24434.73046875,7329.77978515625,4170.2666015625
2026-05-19 18:30:00+00:00,23606.150390625,7377.2001953125,60513.0703125,25797.849609375,10328.5302734375,24434.73046875,7329.77978515625,4170.2666015625
2026-05-19 18:45:00+00:00,23606.150390625,7363.52978515625,60513.0703125,25797.849609375,10328.5302734375,24434.73046875,7329.77978515625,4170.2666015625
2026-05-19 19:00:00+00:00,23606.150390625,7378.27978515625,60513.0703125,25797.849609375,10328.5302734375,24434.73046875,7329.77978515625,4170.2666015625
2026-05-19 19:15:00+00:00,23606.150390625,7365.77978515625,60513.0703125,25797.849609375,10328.5302734375,24434.73046875,7329.77978515625,4170.2666015625
2026-05-19 19:30:00+00:00,23606.150390625,7357.27978515625,60513.0703125,25797.849609375,10328.5302734375,24434.73046875,7329.77978515625,4170.2666015625
2026-05-19 19:45:00+00:00,23606.150390625,7354.9599609375,60513.0703125,25797.849609375,10328.5302734375,24434.73046875,7329.77978515625,4170.2666015625
2026-05-20 00:00:00+00:00,23606.150390625,7354.9599609375,59754.48828125,25797.849609375,10328.5302734375,24434.73046875,7130.58984375,4170.2666015625
2026-05-20 00:15:00+00:00,23606.150390625,7354.9599609375,59623.6015625,25797.849609375,10328.5302734375,24434.73046875,7197.580078125,4170.2666015625
2026-05-20 00:30:00+00:00,23606.150390625,7354.9599609375,59663.359375,25797.849609375,10328.5302734375,24434.73046875,7151.25,4170.2666015625
2026-05-20 00:45:00+00:00,23606.150390625,7354.9599609375,59815.640625,25797.849609375,10328.5302734375,24434.73046875,7147.4501953125,4170.2666015625
2026-05-20 01:00:00+00:00,23606.150390625,7354.9599609375,59932.44140625,25797.849609375,10328.5302734375,24434.73046875,7206.56982421875,4170.2666015625
2026-05-20 01:15:00+00:00,23606.150390625,7354.9599609375,59621.3515625,25797.849609375,10328.5302734375,24434.73046875,7125.2099609375,4170.2666015625
2026-05-20 01:30:00+00:00,23606.150390625,7354.9599609375,59482.1484375,25635.890625,10328.5302734375,24434.73046875,7130.18994140625,4147.3349609375
2026-05-20 01:45:00+00:00,23606.150390625,7354.9599609375,59793.23046875,25664.8203125,10328.5302734375,24434.73046875,7221.85986328125,4159.0625
2026-05-20 02:00:00+00:00,23606.150390625,7354.9599609375,59856.7890625,25611.529296875,10328.5302734375,24434.73046875,7263.31982421875,4145.189453125
2026-05-20 02:15:00+00:00,23606.150390625,7354.9599609375,59759.44140625,25649.759765625,10328.5302734375,24434.73046875,7223.75,4152.50341796875
2026-05-20 02:30:00+00:00,23606.150390625,7354.9599609375,59764.16015625,25571.890625,10328.5302734375,24434.73046875,7077.14013671875,4145.787109375
2026-05-20 02:45:00+00:00,23606.150390625,7354.9599609375,59764.16015625,25565.490234375,10328.5302734375,24434.73046875,7106.77978515625,4145.16748046875
2026-05-20 03:00:00+00:00,23606.150390625,7354.9599609375,59764.16015625,25559.76953125,10328.5302734375,24434.73046875,7097.16015625,4141.0546875
2026-05-20 03:15:00+00:00,23606.150390625,7354.9599609375,59764.16015625,25622.009765625,10328.5302734375,24434.73046875,7099.68017578125,4150.44091796875
2026-05-20 03:30:00+00:00,23606.150390625,7354.9599609375,59647.94140625,25659.23046875,10328.5302734375,24434.73046875,7101.8701171875,4150.9765625
2026-05-20 03:45:00+00:00,23477.55078125,7354.9599609375,59695.578125,25656.58984375,10328.5302734375,24434.73046875,7105.52001953125,4150.9765625
2026-05-20 04:00:00+00:00,23524.25,7354.9599609375,59797.1484375,25655.439453125,10328.5302734375,24434.73046875,7188.2998046875,4150.9765625
2026-05-20 04:15:00+00:00,23541.900390625,7354.9599609375,59664.75,25655.439453125,10328.5302734375,24434.73046875,7177.02001953125,4150.9765625
2026-05-20 04:30:00+00:00,23500.19921875,7354.9599609375,59522.609375,25655.439453125,10328.5302734375,24434.73046875,7142.31005859375,4150.9765625
2026-05-20 04:45:00+00:00,23519.900390625,7354.9599609375,59516.3203125,25655.439453125,10328.5302734375,24434.73046875,7113.009765625,4150.9765625
2026-05-20 05:00:00+00:00,23532.75,7354.9599609375,59593.140625,25659.189453125,10328.5302734375,24434.73046875,7124.89990234375,4168.3505859375
2026-05-20 05:15:00+00:00,23546.25,7354.9599609375,59529.19140625,25579.130859375,10328.5302734375,24434.73046875,7136.02001953125,4152.6318359375
2026-05-20 05:30:00+00:00,23562.400390625,7354.9599609375,59665.48828125,25625.279296875,10328.5302734375,24434.73046875,7143.02001953125,4156.16748046875
2026-05-20 05:45:00+00:00,23599.099609375,7354.9599609375,59767.69140625,25620.240234375,10328.5302734375,24434.73046875,7173.39990234375,4158.10205078125
2026-05-20 06:00:00+00:00,23605.0,7354.9599609375,59698.26953125,25614.369140625,10328.5302734375,24434.73046875,7173.39990234375,4152.77880859375
2026-05-20 06:15:00+00:00,23608.75,7354.9599609375,59874.80078125,25625.849609375,10328.5302734375,24434.73046875,7173.39990234375,4154.22216796875
2026-05-20 06:30:00+00:00,23579.94921875,7354.9599609375,59874.80078125,25583.109375,10328.5302734375,24434.73046875,7173.39990234375,4160.60595703125
2026-05-20 06:45:00+00:00,23588.25,7354.9599609375,59874.80078125,25634.2890625,10328.5302734375,24434.73046875,7173.39990234375,4165.1796875
2026-05-20 07:00:00+00:00,23603.900390625,7354.9599609375,59874.80078125,25678.0390625,10282.0302734375,24365.689453125,7173.39990234375,4165.1796875
2026-05-20 07:15:00+00:00,23612.650390625,7354.9599609375,59874.80078125,25671.66015625,10303.1201171875,24412.810546875,7173.39990234375,4165.1796875
2026-05-20 07:30:00+00:00,23601.0,7354.9599609375,59874.80078125,25652.0,10295.9404296875,24387.419921875,7173.39990234375,4165.1796875
2026-05-20 07:45:00+00:00,23566.80078125,7354.9599609375,59874.80078125,25642.58984375,10282.6103515625,24315.94921875,7173.39990234375,4165.1796875
2026-05-20 08:00:00+00:00,23595.099609375,7354.9599609375,59874.80078125,25651.119140625,10288.6103515625,24314.529296875,7173.39990234375,4165.1796875
2026-05-20 08:15:00+00:00,23626.900390625,7354.9599609375,59874.80078125,25651.119140625,10301.900390625,24381.7109375,7173.39990234375,4165.1796875
2026-05-20 08:30:00+00:00,23651.849609375,7354.9599609375,59874.80078125,25651.119140625,10313.4501953125,24428.01953125,7173.39990234375,4165.1796875
2026-05-20 08:45:00+00:00,23665.900390625,7354.9599609375,59874.80078125,25651.119140625,10323.0498046875,24436.439453125,7173.39990234375,4165.1796875
2026-05-20 09:00:00+00:00,23676.650390625,7354.9599609375,59874.80078125,25651.119140625,10317.150390625,24431.759765625,7173.39990234375,4165.1796875
2026-05-20 09:15:00+00:00,23679.80078125,7354.9599609375,59874.80078125,25651.119140625,10322.76953125,24469.25,7173.39990234375,4165.1796875
2026-05-20 09:30:00+00:00,23667.75,7354.9599609375,59874.80078125,25651.119140625,10325.900390625,24474.490234375,7173.39990234375,4165.1796875
2026-05-20 09:45:00+00:00,23664.349609375,7354.9599609375,59874.80078125,25651.119140625,10329.0703125,24493.4609375,7173.39990234375,4165.1796875
2026-05-20 10:00:00+00:00,23664.349609375,7354.9599609375,59874.80078125,25651.119140625,10342.990234375,24542.029296875,7173.39990234375,4165.1796875
2026-05-20 10:15:00+00:00,23664.349609375,7354.9599609375,59874.80078125,25651.119140625,10343.4697265625,24553.869140625,7173.39990234375,4165.1796875
2026-05-20 10:30:00+00:00,23664.349609375,7354.9599609375,59874.80078125,25651.119140625,10341.8701171875,24561.19921875,7173.39990234375,4165.1796875
2026-05-20 10:45:00+00:00,23664.349609375,7354.9599609375,59874.80078125,25651.119140625,10334.66015625,24523.939453125,7173.39990234375,4165.1796875
2026-05-20 11:00:00+00:00,23664.349609375,7354.9599609375,59874.80078125,25651.119140625,10330.8603515625,24512.7890625,7173.39990234375,4165.1796875
2026-05-20 11:15:00+00:00,23664.349609375,7354.9599609375,59874.80078125,25651.119140625,10345.330078125,24535.0703125,7173.39990234375,4165.1796875
2026-05-20 11:30:00+00:00,23664.349609375,7354.9599609375,59874.80078125,25651.119140625,10350.3203125,24524.58984375,7173.39990234375,4165.1796875
2026-05-20 11:45:00+00:00,23664.349609375,7354.9599609375,59874.80078125,25651.119140625,10339.150390625,24507.779296875,7173.39990234375,4165.1796875
2026-05-20 12:00:00+00:00,23664.349609375,7354.9599609375,59874.80078125,25651.119140625,10349.6796875,24529.08984375,7173.39990234375,4165.1796875
2026-05-20 12:15:00+00:00,23664.349609375,7354.9599609375,59874.80078125,25651.119140625,10355.669921875,24554.19921875,7173.39990234375,4165.1796875
2026-05-20 12:30:00+00:00,23664.349609375,7354.9599609375,59874.80078125,25651.119140625,10351.3701171875,24501.01953125,7173.39990234375,4165.1796875
2026-05-20 12:45:00+00:00,23664.349609375,7354.9599609375,59874.80078125,25651.119140625,10350.830078125,24473.439453125,7173.39990234375,4165.1796875
2026-05-20 13:00:00+00:00,23664.349609375,7354.9599609375,59874.80078125,25651.119140625,10363.400390625,24489.6796875,7173.39990234375,4165.1796875
2026-05-20 13:15:00+00:00,23664.349609375,7354.9599609375,59874.80078125,25651.119140625,10361.5400390625,24481.26953125,7173.39990234375,4165.1796875
2026-05-20 13:30:00+00:00,23664.349609375,7379.22998046875,59874.80078125,25651.119140625,10363.1396484375,24504.5,7173.39990234375,4165.1796875
2026-05-20 13:45:00+00:00,23664.349609375,7379.8798828125,59874.80078125,25651.119140625,10383.900390625,24541.33984375,7173.39990234375,4165.1796875
2026-05-20 14:00:00+00:00,23664.349609375,7370.22021484375,59874.80078125,25651.119140625,10357.7998046875,24552.9609375,7173.39990234375,4165.1796875
2026-05-20 14:15:00+00:00,23664.349609375,7396.75,59874.80078125,25651.119140625,10395.4296875,24655.8203125,7173.39990234375,4165.1796875
2026-05-20 14:30:00+00:00,23664.349609375,7400.97998046875,59874.80078125,25651.119140625,10391.5,24662.849609375,7173.39990234375,4165.1796875
2026-05-20 14:45:00+00:00,23664.349609375,7411.85009765625,59874.80078125,25651.119140625,10404.16015625,24674.890625,7173.39990234375,4165.1796875
2026-05-20 15:00:00+00:00,23664.349609375,7407.009765625,59874.80078125,25651.119140625,10413.990234375,24697.890625,7173.39990234375,4165.1796875
2026-05-20 15:15:00+00:00,23664.349609375,7410.6201171875,59874.80078125,25651.119140625,10425.6298828125,24727.33984375,7173.39990234375,4165.1796875
2026-05-20 15:30:00+00:00,23664.349609375,7421.7998046875,59874.80078125,25651.119140625,10425.6298828125,24727.33984375,7173.39990234375,4165.1796875
2026-05-20 15:45:00+00:00,23664.349609375,7421.06005859375,59874.80078125,25651.119140625,10425.6298828125,24727.33984375,7173.39990234375,4165.1796875
2026-05-20 16:00:00+00:00,23664.349609375,7419.330078125,59874.80078125,25651.119140625,10425.6298828125,24727.33984375,7173.39990234375,4165.1796875
2026-05-20 16:15:00+00:00,23664.349609375,7408.3701171875,59874.80078125,25651.119140625,10425.6298828125,24727.33984375,7173.39990234375,4165.1796875
2026-05-20 16:30:00+00:00,23664.349609375,7416.89990234375,59874.80078125,25651.119140625,10425.6298828125,24727.33984375,7173.39990234375,4165.1796875
2026-05-20 16:45:00+00:00,23664.349609375,7412.240234375,59874.80078125,25651.119140625,10425.6298828125,24727.33984375,7173.39990234375,4165.1796875
2026-05-20 17:00:00+00:00,23664.349609375,7415.41015625,59874.80078125,25651.119140625,10425.6298828125,24727.33984375,7173.39990234375,4165.1796875
2026-05-20 17:15:00+00:00,23664.349609375,7420.2998046875,59874.80078125,25651.119140625,10425.6298828125,24727.33984375,7173.39990234375,4165.1796875
2026-05-20 17:30:00+00:00,23664.349609375,7421.2998046875,59874.80078125,25651.119140625,10425.6298828125,24727.33984375,7173.39990234375,4165.1796875
2026-05-20 17:45:00+00:00,23664.349609375,7417.39990234375,59874.80078125,25651.119140625,10425.6298828125,24727.33984375,7173.39990234375,4165.1796875
2026-05-20 18:00:00+00:00,23664.349609375,7419.5400390625,59874.80078125,25651.119140625,10425.6298828125,24727.33984375,7173.39990234375,4165.1796875
2026-05-20 18:15:00+00:00,23664.349609375,7419.259765625,59874.80078125,25651.119140625,10425.6298828125,24727.33984375,7173.39990234375,4165.1796875
2026-05-20 18:30:00+00:00,23664.349609375,7417.72998046875,59874.80078125,25651.119140625,10425.6298828125,24727.33984375,7173.39990234375,4165.1796875
2026-05-20 18:45:00+00:00,23664.349609375,7419.85009765625,59874.80078125,25651.119140625,10425.6298828125,24727.33984375,7173.39990234375,4165.1796875
2026-05-20 19:00:00+00:00,23664.349609375,7423.77978515625,59874.80078125,25651.119140625,10425.6298828125,24727.33984375,7173.39990234375,4165.1796875
2026-05-20 19:15:00+00:00,23664.349609375,7426.3701171875,59874.80078125,25651.119140625,10425.6298828125,24727.33984375,7173.39990234375,4165.1796875
2026-05-20 19:30:00+00:00,23664.349609375,7430.7099609375,59874.80078125,25651.119140625,10425.6298828125,24727.33984375,7173.39990234375,4165.1796875
2026-05-20 19:45:00+00:00,23664.349609375,7432.77001953125,59874.80078125,25651.119140625,10425.6298828125,24727.33984375,7173.39990234375,4165.1796875
2026-05-21 00:00:00+00:00,23664.349609375,7432.77001953125,61319.828125,25651.119140625,10425.6298828125,24727.33984375,7538.60986328125,4165.1796875
2026-05-21 00:15:00+00:00,23664.349609375,7432.77001953125,61519.640625,25651.119140625,10425.6298828125,24727.33984375,7584.7099609375,4165.1796875
2026-05-21 00:30:00+00:00,23664.349609375,7432.77001953125,61605.87109375,25651.119140625,10425.6298828125,24727.33984375,7613.97998046875,4165.1796875
2026-05-21 00:45:00+00:00,23664.349609375,7432.77001953125,61663.3984375,25651.119140625,10425.6298828125,24727.33984375,7637.27001953125,4165.1796875
2026-05-21 01:00:00+00:00,23664.349609375,7432.77001953125,61853.98046875,25651.119140625,10425.6298828125,24727.33984375,7656.35986328125,4165.1796875
2026-05-21 01:15:00+00:00,23664.349609375,7432.77001953125,61840.0,25651.119140625,10425.6298828125,24727.33984375,7670.39013671875,4165.1796875
2026-05-21 01:30:00+00:00,23664.349609375,7432.77001953125,61774.62890625,25815.890625,10425.6298828125,24727.33984375,7692.1298828125,4177.68310546875
2026-05-21 01:45:00+00:00,23664.349609375,7432.77001953125,61872.2109375,25780.0,10425.6298828125,24727.33984375,7666.22998046875,4193.6748046875
2026-05-21 02:00:00+00:00,23664.349609375,7432.77001953125,61937.05859375,25751.220703125,10425.6298828125,24727.33984375,7691.81982421875,4196.21923828125
2026-05-21 02:15:00+00:00,23664.349609375,7432.77001953125,61944.83984375,25696.19921875,10425.6298828125,24727.33984375,7715.14990234375,4193.14208984375
2026-05-21 02:30:00+00:00,23664.349609375,7432.77001953125,61945.33984375,25671.759765625,10425.6298828125,24727.33984375,7734.8798828125,4182.03955078125
2026-05-21 02:45:00+00:00,23664.349609375,7432.77001953125,61945.33984375,25648.69921875,10425.6298828125,24727.33984375,7733.08984375,4177.99462890625
2026-05-21 03:00:00+00:00,23664.349609375,7432.77001953125,61945.33984375,25636.919921875,10425.6298828125,24727.33984375,7741.97021484375,4175.29248046875
2026-05-21 03:15:00+00:00,23664.349609375,7432.77001953125,61945.33984375,25665.51953125,10425.6298828125,24727.33984375,7756.68994140625,4162.0029296875
2026-05-21 03:30:00+00:00,23664.349609375,7432.77001953125,61893.78125,25644.150390625,10425.6298828125,24727.33984375,7768.47998046875,4162.37060546875
2026-05-21 03:45:00+00:00,23757.349609375,7432.77001953125,61933.12109375,25647.619140625,10425.6298828125,24727.33984375,7758.89013671875,4162.37060546875
2026-05-21 04:00:00+00:00,23792.599609375,7432.77001953125,61971.80078125,25648.279296875,10425.6298828125,24727.33984375,7770.8701171875,4162.37060546875
2026-05-21 04:15:00+00:00,23771.349609375,7432.77001953125,61966.30859375,25648.279296875,10425.6298828125,24727.33984375,7766.1298828125,4162.37060546875
2026-05-21 04:30:00+00:00,23767.5,7432.77001953125,61966.921875,25648.279296875,10425.6298828125,24727.33984375,7787.22021484375,4162.37060546875
2026-05-21 04:45:00+00:00,23780.05078125,7432.77001953125,61886.921875,25648.279296875,10425.6298828125,24727.33984375,7789.2001953125,4162.37060546875
2026-05-21 05:00:00+00:00,23763.75,7432.77001953125,61970.76171875,25631.849609375,10425.6298828125,24727.33984375,7790.4599609375,4159.82763671875
2026-05-21 05:15:00+00:00,23723.80078125,7432.77001953125,61942.69140625,25604.890625,10425.6298828125,24727.33984375,7799.27978515625,4164.669921875
2026-05-21 05:30:00+00:00,23697.55078125,7432.77001953125,61826.328125,25539.33984375,10425.6298828125,24727.33984375,7802.8798828125,4158.43017578125
2026-05-21 05:45:00+00:00,23742.94921875,7432.77001953125,61765.28125,25518.060546875,10425.6298828125,24727.33984375,7806.9599609375,4142.75732421875
2026-05-21 06:00:00+00:00,23730.44921875,7432.77001953125,61670.12109375,25520.189453125,10425.6298828125,24727.33984375,7806.9599609375,4127.66162109375
2026-05-21 06:15:00+00:00,23716.05078125,7432.77001953125,61701.0703125,25466.919921875,10425.6298828125,24727.33984375,7806.9599609375,4103.71533203125
2026-05-21 06:30:00+00:00,23705.69921875,7432.77001953125,61701.0703125,25418.58984375,10425.6298828125,24727.33984375,7806.9599609375,4088.02490234375
2026-05-21 06:45:00+00:00,23663.599609375,7432.77001953125,61701.0703125,25401.259765625,10425.6298828125,24727.33984375,7806.9599609375,4078.5517578125
2026-05-21 07:00:00+00:00,23639.80078125,7432.77001953125,61701.0703125,25390.330078125,10393.26953125,24682.560546875,7806.9599609375,4078.5517578125
2026-05-21 07:15:00+00:00,23624.349609375,7432.77001953125,61701.0703125,25392.23046875,10385.9599609375,24607.5,7806.9599609375,4078.5517578125
2026-05-21 07:30:00+00:00,23640.55078125,7432.77001953125,61701.0703125,25354.759765625,10385.990234375,24685.9609375,7806.9599609375,4078.5517578125
2026-05-21 07:45:00+00:00,23631.69921875,7432.77001953125,61701.0703125,25377.919921875,10389.0498046875,24717.169921875,7806.9599609375,4078.5517578125
2026-05-21 08:00:00+00:00,23681.30078125,7432.77001953125,61701.0703125,25386.51953125,10416.5302734375,24825.810546875,7806.9599609375,4078.5517578125
2026-05-21 08:15:00+00:00,23673.30078125,7432.77001953125,61701.0703125,25386.51953125,10419.5302734375,24803.23046875,7806.9599609375,4078.5517578125
2026-05-21 08:30:00+00:00,23651.599609375,7432.77001953125,61701.0703125,25386.51953125,10431.669921875,24792.369140625,7806.9599609375,4078.5517578125
2026-05-21 08:45:00+00:00,23652.5,7432.77001953125,61701.0703125,25386.51953125,10418.9599609375,24802.759765625,7806.9599609375,4078.5517578125
2026-05-21 09:00:00+00:00,23671.849609375,7432.77001953125,61701.0703125,25386.51953125,10434.759765625,24837.0390625,7806.9599609375,4078.5517578125
2026-05-21 09:15:00+00:00,23679.30078125,7432.77001953125,61701.0703125,25386.51953125,10439.6904296875,24880.099609375,7806.9599609375,4078.5517578125
2026-05-21 09:30:00+00:00,23639.19921875,7432.77001953125,61701.0703125,25386.51953125,10428.830078125,24845.099609375,7806.9599609375,4078.5517578125
2026-05-21 09:45:00+00:00,23648.80078125,7432.77001953125,61701.0703125,25386.51953125,10431.419921875,24861.69921875,7806.9599609375,4078.5517578125
2026-05-21 10:00:00+00:00,23648.80078125,7432.77001953125,61701.0703125,25386.51953125,10437.080078125,24868.48046875,7806.9599609375,4078.5517578125
2026-05-21 10:15:00+00:00,23648.80078125,7432.77001953125,61701.0703125,25386.51953125,10395.9296875,24701.05078125,7806.9599609375,4078.5517578125
2026-05-21 10:30:00+00:00,23648.80078125,7432.77001953125,61701.0703125,25386.51953125,10372.7001953125,24594.490234375,7806.9599609375,4078.5517578125
2026-05-21 10:45:00+00:00,23648.80078125,7432.77001953125,61701.0703125,25386.51953125,10377.080078125,24570.66015625,7806.9599609375,4078.5517578125
2026-05-21 11:00:00+00:00,23648.80078125,7432.77001953125,61701.0703125,25386.51953125,10388.8095703125,24604.66015625,7806.9599609375,4078.5517578125
2026-05-21 11:15:00+00:00,23648.80078125,7432.77001953125,61701.0703125,25386.51953125,10392.9404296875,24624.44921875,7806.9599609375,4078.5517578125
2026-05-21 11:30:00+00:00,23648.80078125,7432.77001953125,61701.0703125,25386.51953125,10393.740234375,24614.25,7806.9599609375,4078.5517578125
2026-05-21 11:45:00+00:00,23648.80078125,7432.77001953125,61701.0703125,25386.51953125,10393.26953125,24593.759765625,7806.9599609375,4078.5517578125
2026-05-21 12:00:00+00:00,23648.80078125,7432.77001953125,61701.0703125,25386.51953125,10400.2802734375,24599.2890625,7806.9599609375,4078.5517578125
2026-05-21 12:15:00+00:00,23648.80078125,7432.77001953125,61701.0703125,25386.51953125,10392.58984375,24552.9609375,7806.9599609375,4078.5517578125
2026-05-21 12:30:00+00:00,23648.80078125,7432.77001953125,61701.0703125,25386.51953125,10398.2099609375,24574.51953125,7806.9599609375,4078.5517578125
2026-05-21 12:45:00+00:00,23648.80078125,7432.77001953125,61701.0703125,25386.51953125,10400.8701171875,24580.560546875,7806.9599609375,4078.5517578125
2026-05-21 13:00:00+00:00,23648.80078125,7432.77001953125,61701.0703125,25386.51953125,10401.009765625,24585.08984375,7806.9599609375,4078.5517578125
2026-05-21 13:15:00+00:00,23648.80078125,7432.77001953125,61701.0703125,25386.51953125,10410.3896484375,24600.19921875,7806.9599609375,4078.5517578125
2026-05-21 13:30:00+00:00,23648.80078125,7394.85986328125,61701.0703125,25386.51953125,10405.5400390625,24553.009765625,7806.9599609375,4078.5517578125
2026-05-21 13:45:00+00:00,23648.80078125,7416.56982421875,61701.0703125,25386.51953125,10464.8701171875,24685.939453125,7806.9599609375,4078.5517578125
2026-05-21 14:00:00+00:00,23648.80078125,7411.5400390625,61701.0703125,25386.51953125,10459.6103515625,24660.669921875,7806.9599609375,4078.5517578125
2026-05-21 14:15:00+00:00,23648.80078125,7401.759765625,61701.0703125,25386.51953125,10463.41015625,24657.109375,7806.9599609375,4078.5517578125
2026-05-21 14:30:00+00:00,23648.80078125,7403.39990234375,61701.0703125,25386.51953125,10458.98046875,24666.470703125,7806.9599609375,4078.5517578125
2026-05-21 14:45:00+00:00,23648.80078125,7406.7001953125,61701.0703125,25386.51953125,10463.259765625,24711.0703125,7806.9599609375,4078.5517578125
2026-05-21 15:00:00+00:00,23648.80078125,7407.0400390625,61701.0703125,25386.51953125,10463.91015625,24684.560546875,7806.9599609375,4078.5517578125
2026-05-21 15:15:00+00:00,23648.80078125,7405.4599609375,61701.0703125,25386.51953125,10466.1396484375,24655.630859375,7806.9599609375,4078.5517578125
2026-05-21 15:30:00+00:00,23648.80078125,7408.35009765625,61701.0703125,25386.51953125,10466.1396484375,24655.630859375,7806.9599609375,4078.5517578125
2026-05-21 15:45:00+00:00,23648.80078125,7410.009765625,61701.0703125,25386.51953125,10466.1396484375,24655.630859375,7806.9599609375,4078.5517578125
2026-05-21 16:00:00+00:00,23648.80078125,7412.0498046875,61701.0703125,25386.51953125,10466.1396484375,24655.630859375,7806.9599609375,4078.5517578125
2026-05-21 16:15:00+00:00,23648.80078125,7405.6201171875,61701.0703125,25386.51953125,10466.1396484375,24655.630859375,7806.9599609375,4078.5517578125
2026-05-21 16:30:00+00:00,23648.80078125,7406.419921875,61701.0703125,25386.51953125,10466.1396484375,24655.630859375,7806.9599609375,4078.5517578125
2026-05-21 16:45:00+00:00,23648.80078125,7407.080078125,61701.0703125,25386.51953125,10466.1396484375,24655.630859375,7806.9599609375,4078.5517578125
2026-05-21 17:00:00+00:00,23648.80078125,7422.1201171875,61701.0703125,25386.51953125,10466.1396484375,24655.630859375,7806.9599609375,4078.5517578125
2026-05-21 17:15:00+00:00,23648.80078125,7438.7998046875,61701.0703125,25386.51953125,10466.1396484375,24655.630859375,7806.9599609375,4078.5517578125
2026-05-21 17:30:00+00:00,23648.80078125,7452.9501953125,61701.0703125,25386.51953125,10466.1396484375,24655.630859375,7806.9599609375,4078.5517578125
2026-05-21 17:45:00+00:00,23648.80078125,7454.27978515625,61701.0703125,25386.51953125,10466.1396484375,24655.630859375,7806.9599609375,4078.5517578125
2026-05-21 18:00:00+00:00,23648.80078125,7446.58984375,61701.0703125,25386.51953125,10466.1396484375,24655.630859375,7806.9599609375,4078.5517578125
2026-05-21 18:15:00+00:00,23648.80078125,7451.0498046875,61701.0703125,25386.51953125,10466.1396484375,24655.630859375,7806.9599609375,4078.5517578125
2026-05-21 18:30:00+00:00,23648.80078125,7452.7099609375,61701.0703125,25386.51953125,10466.1396484375,24655.630859375,7806.9599609375,4078.5517578125
2026-05-21 18:45:00+00:00,23648.80078125,7427.27978515625,61701.0703125,25386.51953125,10466.1396484375,24655.630859375,7806.9599609375,4078.5517578125
2026-05-21 19:00:00+00:00,23648.80078125,7442.5498046875,61701.0703125,25386.51953125,10466.1396484375,24655.630859375,7806.9599609375,4078.5517578125
2026-05-21 19:15:00+00:00,23648.80078125,7444.240234375,61701.0703125,25386.51953125,10466.1396484375,24655.630859375,7806.9599609375,4078.5517578125
2026-05-21 19:30:00+00:00,23648.80078125,7441.77001953125,61701.0703125,25386.51953125,10466.1396484375,24655.630859375,7806.9599609375,4078.5517578125
2026-05-21 19:45:00+00:00,23648.80078125,7446.0498046875,61701.0703125,25386.51953125,10466.1396484375,24655.630859375,7806.9599609375,4078.5517578125
2026-05-22 00:00:00+00:00,23648.80078125,7446.0498046875,62481.91015625,25386.51953125,10466.1396484375,24655.630859375,7827.669921875,4078.5517578125
2026-05-22 00:15:00+00:00,23648.80078125,7446.0498046875,62777.12890625,25386.51953125,10466.1396484375,24655.630859375,7844.259765625,4078.5517578125
2026-05-22 00:30:00+00:00,23648.80078125,7446.0498046875,62770.859375,25386.51953125,10466.1396484375,24655.630859375,7864.52001953125,4078.5517578125
2026-05-22 00:45:00+00:00,23648.80078125,7446.0498046875,62891.23046875,25386.51953125,10466.1396484375,24655.630859375,7811.830078125,4078.5517578125
2026-05-22 01:00:00+00:00,23648.80078125,7446.0498046875,62991.171875,25386.51953125,10466.1396484375,24655.630859375,7839.56982421875,4078.5517578125
2026-05-22 01:15:00+00:00,23648.80078125,7446.0498046875,62810.03125,25386.51953125,10466.1396484375,24655.630859375,7819.91015625,4078.5517578125
2026-05-22 01:30:00+00:00,23648.80078125,7446.0498046875,62912.48046875,25510.599609375,10466.1396484375,24655.630859375,7857.9599609375,4079.823974609375
2026-05-22 01:45:00+00:00,23648.80078125,7446.0498046875,62962.8515625,25516.05078125,10466.1396484375,24655.630859375,7848.52001953125,4084.07421875
2026-05-22 02:00:00+00:00,23648.80078125,7446.0498046875,63090.96875,25570.25,10466.1396484375,24655.630859375,7839.2001953125,4091.419677734375
2026-05-22 02:15:00+00:00,23648.80078125,7446.0498046875,63107.41015625,25492.83984375,10466.1396484375,24655.630859375,7828.35009765625,4073.52001953125
2026-05-22 02:30:00+00:00,23648.80078125,7446.0498046875,63094.609375,25585.259765625,10466.1396484375,24655.630859375,7848.9501953125,4086.9111328125
2026-05-22 02:45:00+00:00,23648.80078125,7446.0498046875,63094.609375,25609.669921875,10466.1396484375,24655.630859375,7837.1201171875,4088.5078125
2026-05-22 03:00:00+00:00,23648.80078125,7446.0498046875,63094.609375,25606.380859375,10466.1396484375,24655.630859375,7829.419921875,4090.712890625
2026-05-22 03:15:00+00:00,23648.80078125,7446.0498046875,63094.609375,25654.240234375,10466.1396484375,24655.630859375,7821.16015625,4094.639892578125
2026-05-22 03:30:00+00:00,23648.80078125,7446.0498046875,63184.44921875,25684.41015625,10466.1396484375,24655.630859375,7834.1298828125,4096.23779296875
2026-05-22 03:45:00+00:00,23738.599609375,7446.0498046875,63363.1796875,25695.8203125,10466.1396484375,24655.630859375,7846.97998046875,4096.23779296875
2026-05-22 04:00:00+00:00,23752.94921875,7446.0498046875,63372.96875,25696.279296875,10466.1396484375,24655.630859375,7861.509765625,4096.23779296875
2026-05-22 04:15:00+00:00,23779.650390625,7446.0498046875,63322.91015625,25696.279296875,10466.1396484375,24655.630859375,7861.27978515625,4096.23779296875
2026-05-22 04:30:00+00:00,23791.69921875,7446.0498046875,63336.37890625,25696.279296875,10466.1396484375,24655.630859375,7848.31982421875,4096.23779296875
2026-05-22 04:45:00+00:00,23761.44921875,7446.0498046875,63360.6484375,25696.279296875,10466.1396484375,24655.630859375,7859.919921875,4096.23779296875
2026-05-22 05:00:00+00:00,23792.69921875,7446.0498046875,63395.21875,25712.859375,10466.1396484375,24655.630859375,7858.31005859375,4106.13671875
2026-05-22 05:15:00+00:00,23780.75,7446.0498046875,63417.37109375,25685.169921875,10466.1396484375,24655.630859375,7869.91015625,4101.62109375
2026-05-22 05:30:00+00:00,23771.599609375,7446.0498046875,63412.26953125,25709.369140625,10466.1396484375,24655.630859375,7869.83984375,4110.6904296875
2026-05-22 05:45:00+00:00,23758.900390625,7446.0498046875,63222.96875,25655.369140625,10466.1396484375,24655.630859375,7835.14013671875,4110.09716796875
2026-05-22 06:00:00+00:00,23808.25,7446.0498046875,63366.73046875,25680.970703125,10466.1396484375,24655.630859375,7835.14013671875,4114.5576171875
2026-05-22 06:15:00+00:00,23804.849609375,7446.0498046875,63324.2109375,25664.4296875,10466.1396484375,24655.630859375,7835.14013671875,4113.439453125
2026-05-22 06:30:00+00:00,23798.599609375,7446.0498046875,63324.2109375,25641.169921875,10466.1396484375,24655.630859375,7835.14013671875,4109.91259765625
2026-05-22 06:45:00+00:00,23774.75,7446.0498046875,63324.2109375,25619.7890625,10466.1396484375,24655.630859375,7835.14013671875,4114.2578125
2026-05-22 07:00:00+00:00,23792.599609375,7446.0498046875,63324.2109375,25580.33984375,10474.76953125,24757.169921875,7835.14013671875,4114.2578125
2026-05-22 07:15:00+00:00,23827.44921875,7446.0498046875,63324.2109375,25590.26953125,10487.6103515625,24804.4609375,7835.14013671875,4114.2578125
2026-05-22 07:30:00+00:00,23819.099609375,7446.0498046875,63324.2109375,25595.189453125,10484.919921875,24735.41015625,7835.14013671875,4114.2578125
2026-05-22 07:45:00+00:00,23809.400390625,7446.0498046875,63324.2109375,25611.69921875,10488.240234375,24754.349609375,7835.14013671875,4114.2578125
2026-05-22 08:00:00+00:00,23801.25,7446.0498046875,63324.2109375,25606.029296875,10484.099609375,24747.630859375,7835.14013671875,4114.2578125
2026-05-22 08:15:00+00:00,23792.150390625,7446.0498046875,63324.2109375,25606.029296875,10483.009765625,24755.330078125,7835.14013671875,4114.2578125
2026-05-22 08:30:00+00:00,23778.19921875,7446.0498046875,63324.2109375,25606.029296875,10479.8798828125,24746.75,7835.14013671875,4114.2578125
2026-05-22 08:45:00+00:00,23739.30078125,7446.0498046875,63324.2109375,25606.029296875,10477.8603515625,24739.55078125,7835.14013671875,4114.2578125
2026-05-22 09:00:00+00:00,23709.05078125,7446.0498046875,63324.2109375,25606.029296875,10471.73046875,24717.509765625,7835.14013671875,4114.2578125
2026-05-22 09:15:00+00:00,23724.44921875,7446.0498046875,63324.2109375,25606.029296875,10482.48046875,24749.630859375,7835.14013671875,4114.2578125
2026-05-22 09:30:00+00:00,23718.150390625,7446.0498046875,63324.2109375,25606.029296875,10478.7900390625,24749.080078125,7835.14013671875,4114.2578125
2026-05-22 09:45:00+00:00,23748.849609375,7446.0498046875,63324.2109375,25606.029296875,10484.75,24779.7890625,7835.14013671875,4114.2578125
2026-05-22 10:00:00+00:00,23748.849609375,7446.0498046875,63324.2109375,25606.029296875,10493.51953125,24803.33984375,7835.14013671875,4114.2578125
2026-05-22 10:15:00+00:00,23748.849609375,7446.0498046875,63324.2109375,25606.029296875,10492.580078125,24811.19921875,7835.14013671875,4114.2578125
2026-05-22 10:30:00+00:00,23748.849609375,7446.0498046875,63324.2109375,25606.029296875,10482.1298828125,24786.16015625,7835.14013671875,4114.2578125
2026-05-22 10:45:00+00:00,23748.849609375,7446.0498046875,63324.2109375,25606.029296875,10471.900390625,24779.529296875,7835.14013671875,4114.2578125
2026-05-22 11:00:00+00:00,23748.849609375,7446.0498046875,63324.2109375,25606.029296875,10467.1904296875,24757.720703125,7835.14013671875,4114.2578125
2026-05-22 11:15:00+00:00,23748.849609375,7446.0498046875,63324.2109375,25606.029296875,10463.48046875,24755.900390625,7835.14013671875,4114.2578125
2026-05-22 11:30:00+00:00,23748.849609375,7446.0498046875,63324.2109375,25606.029296875,10469.5595703125,24811.369140625,7835.14013671875,4114.2578125
2026-05-22 11:45:00+00:00,23748.849609375,7446.0498046875,63324.2109375,25606.029296875,10471.169921875,24805.76953125,7835.14013671875,4114.2578125
2026-05-22 12:00:00+00:00,23748.849609375,7446.0498046875,63324.2109375,25606.029296875,10486.2900390625,24902.150390625,7835.14013671875,4114.2578125
2026-05-22 12:15:00+00:00,23748.849609375,7446.0498046875,63324.2109375,25606.029296875,10478.2900390625,24870.880859375,7835.14013671875,4114.2578125
2026-05-22 12:30:00+00:00,23748.849609375,7446.0498046875,63324.2109375,25606.029296875,10470.08984375,24858.1796875,7835.14013671875,4114.2578125
2026-05-22 12:45:00+00:00,23748.849609375,7446.0498046875,63324.2109375,25606.029296875,10483.759765625,24913.3203125,7835.14013671875,4114.2578125
2026-05-22 13:00:00+00:00,23748.849609375,7446.0498046875,63324.2109375,25606.029296875,10479.6298828125,24922.0703125,7835.14013671875,4114.2578125
2026-05-22 13:15:00+00:00,23748.849609375,7446.0498046875,63324.2109375,25606.029296875,10473.8095703125,24904.080078125,7835.14013671875,4114.2578125
2026-05-22 13:30:00+00:00,23748.849609375,7492.0,63324.2109375,25606.029296875,10477.83984375,24915.439453125,7835.14013671875,4114.2578125
2026-05-22 13:45:00+00:00,23748.849609375,7493.27978515625,63324.2109375,25606.029296875,10475.259765625,24888.25,7835.14013671875,4114.2578125
2026-05-22 14:00:00+00:00,23748.849609375,7474.009765625,63324.2109375,25606.029296875,10451.4296875,24845.189453125,7835.14013671875,4114.2578125
2026-05-22 14:15:00+00:00,23748.849609375,7474.41015625,63324.2109375,25606.029296875,10465.330078125,24860.009765625,7835.14013671875,4114.2578125
2026-05-22 14:30:00+00:00,23748.849609375,7481.759765625,63324.2109375,25606.029296875,10462.3203125,24883.7109375,7835.14013671875,4114.2578125
2026-05-22 14:45:00+00:00,23748.849609375,7481.990234375,63324.2109375,25606.029296875,10468.5498046875,24909.140625,7835.14013671875,4114.2578125
2026-05-22 15:00:00+00:00,23748.849609375,7487.60986328125,63324.2109375,25606.029296875,10471.849609375,24901.009765625,7835.14013671875,4114.2578125
2026-05-22 15:15:00+00:00,23748.849609375,7496.41015625,63324.2109375,25606.029296875,10474.73046875,24925.7109375,7835.14013671875,4114.2578125
2026-05-22 15:30:00+00:00,23748.849609375,7494.52978515625,63324.2109375,25606.029296875,10474.73046875,24925.7109375,7835.14013671875,4114.2578125
2026-05-22 15:45:00+00:00,23748.849609375,7494.169921875,63324.2109375,25606.029296875,10474.73046875,24925.7109375,7835.14013671875,4114.2578125
2026-05-22 16:00:00+00:00,23748.849609375,7491.97021484375,63324.2109375,25606.029296875,10474.73046875,24925.7109375,7835.14013671875,4114.2578125
2026-05-22 16:15:00+00:00,23748.849609375,7490.990234375,63324.2109375,25606.029296875,10474.73046875,24925.7109375,7835.14013671875,4114.2578125
2026-05-22 16:30:00+00:00,23748.849609375,7488.22021484375,63324.2109375,25606.029296875,10474.73046875,24925.7109375,7835.14013671875,4114.2578125
2026-05-22 16:45:00+00:00,23748.849609375,7490.35986328125,63324.2109375,25606.029296875,10474.73046875,24925.7109375,7835.14013671875,4114.2578125
2026-05-22 17:00:00+00:00,23748.849609375,7494.31982421875,63324.2109375,25606.029296875,10474.73046875,24925.7109375,7835.14013671875,4114.2578125
2026-05-22 17:15:00+00:00,23748.849609375,7505.22021484375,63324.2109375,25606.029296875,10474.73046875,24925.7109375,7835.14013671875,4114.2578125
2026-05-22 17:30:00+00:00,23748.849609375,7497.72021484375,63324.2109375,25606.029296875,10474.73046875,24925.7109375,7835.14013671875,4114.2578125
2026-05-22 17:45:00+00:00,23748.849609375,7490.830078125,63324.2109375,25606.029296875,10474.73046875,24925.7109375,7835.14013671875,4114.2578125
2026-05-22 18:00:00+00:00,23748.849609375,7489.740234375,63324.2109375,25606.029296875,10474.73046875,24925.7109375,7835.14013671875,4114.2578125
2026-05-22 18:15:00+00:00,23748.849609375,7490.740234375,63324.2109375,25606.029296875,10474.73046875,24925.7109375,7835.14013671875,4114.2578125
2026-05-22 18:30:00+00:00,23748.849609375,7491.06982421875,63324.2109375,25606.029296875,10474.73046875,24925.7109375,7835.14013671875,4114.2578125
2026-05-22 18:45:00+00:00,23748.849609375,7489.18017578125,63324.2109375,25606.029296875,10474.73046875,24925.7109375,7835.14013671875,4114.2578125
2026-05-22 19:00:00+00:00,23748.849609375,7481.2099609375,63324.2109375,25606.029296875,10474.73046875,24925.7109375,7835.14013671875,4114.2578125
2026-05-22 19:15:00+00:00,23748.849609375,7473.25,63324.2109375,25606.029296875,10474.73046875,24925.7109375,7835.14013671875,4114.2578125
2026-05-22 19:30:00+00:00,23748.849609375,7474.02001953125,63324.2109375,25606.029296875,10474.73046875,24925.7109375,7835.14013671875,4114.2578125
2026-05-22 19:45:00+00:00,23748.849609375,7474.06982421875,63324.2109375,25606.029296875,10474.73046875,24925.7109375,7835.14013671875,4114.2578125
2026-05-25 00:00:00+00:00,23748.849609375,7474.06982421875,64456.80859375,25606.029296875,10474.73046875,24925.7109375,7835.14013671875,4114.2578125
2026-05-25 00:15:00+00:00,23748.849609375,7474.06982421875,64877.21875,25606.029296875,10474.73046875,24925.7109375,7835.14013671875,4114.2578125
2026-05-25 00:30:00+00:00,23748.849609375,7474.06982421875,65149.05078125,25606.029296875,10474.73046875,24925.7109375,7835.14013671875,4114.2578125
2026-05-25 00:45:00+00:00,23748.849609375,7474.06982421875,65096.4296875,25606.029296875,10474.73046875,24925.7109375,7835.14013671875,4114.2578125
2026-05-25 01:00:00+00:00,23748.849609375,7474.06982421875,65241.21875,25606.029296875,10474.73046875,24925.7109375,7835.14013671875,4114.2578125
2026-05-25 01:15:00+00:00,23748.849609375,7474.06982421875,65239.5390625,25606.029296875,10474.73046875,24925.7109375,7835.14013671875,4114.2578125
2026-05-25 01:30:00+00:00,23748.849609375,7474.06982421875,65366.328125,25606.029296875,10474.73046875,24925.7109375,7835.14013671875,4135.693359375
2026-05-25 01:45:00+00:00,23748.849609375,7474.06982421875,65373.19140625,25606.029296875,10474.73046875,24925.7109375,7835.14013671875,4124.6337890625
2026-05-25 02:00:00+00:00,23748.849609375,7474.06982421875,65221.21875,25606.029296875,10474.73046875,24925.7109375,7835.14013671875,4137.7255859375
2026-05-25 02:15:00+00:00,23748.849609375,7474.06982421875,65098.03125,25606.029296875,10474.73046875,24925.7109375,7835.14013671875,4138.458984375
2026-05-25 02:30:00+00:00,23748.849609375,7474.06982421875,65142.80859375,25606.029296875,10474.73046875,24925.7109375,7835.14013671875,4134.33203125
2026-05-25 02:45:00+00:00,23748.849609375,7474.06982421875,65142.80859375,25606.029296875,10474.73046875,24925.7109375,7835.14013671875,4144.486328125
2026-05-25 03:00:00+00:00,23748.849609375,7474.06982421875,65142.80859375,25606.029296875,10474.73046875,24925.7109375,7835.14013671875,4143.04150390625
2026-05-25 03:15:00+00:00,23748.849609375,7474.06982421875,65142.80859375,25606.029296875,10474.73046875,24925.7109375,7835.14013671875,4135.74560546875
2026-05-25 03:30:00+00:00,23748.849609375,7474.06982421875,65228.91015625,25606.029296875,10474.73046875,24925.7109375,7835.14013671875,4136.24560546875
2026-05-25 03:45:00+00:00,23981.599609375,7474.06982421875,65240.0,25606.029296875,10474.73046875,24925.7109375,7835.14013671875,4136.24560546875
2026-05-25 04:00:00+00:00,23947.5,7474.06982421875,65332.26953125,25606.029296875,10474.73046875,24925.7109375,7835.14013671875,4136.24560546875
2026-05-25 04:15:00+00:00,23937.150390625,7474.06982421875,65313.8203125,25606.029296875,10474.73046875,24925.7109375,7835.14013671875,4136.24560546875
2026-05-25 04:30:00+00:00,23952.05078125,7474.06982421875,65311.21875,25606.029296875,10474.73046875,24925.7109375,7835.14013671875,4136.24560546875
2026-05-25 04:45:00+00:00,23958.55078125,7474.06982421875,65294.37109375,25606.029296875,10474.73046875,24925.7109375,7835.14013671875,4136.24560546875
2026-05-25 05:00:00+00:00,23987.400390625,7474.06982421875,65325.2109375,25606.029296875,10474.73046875,24925.7109375,7835.14013671875,4143.25341796875
2026-05-25 05:15:00+00:00,23978.150390625,7474.06982421875,65301.26171875,25606.029296875,10474.73046875,24925.7109375,7835.14013671875,4138.146484375
2026-05-25 05:30:00+00:00,23987.599609375,7474.06982421875,65275.87890625,25606.029296875,10474.73046875,24925.7109375,7835.14013671875,4123.10595703125
2026-05-25 05:45:00+00:00,23977.150390625,7474.06982421875,65126.48046875,25606.029296875,10474.73046875,24925.7109375,7835.14013671875,4134.23681640625
2026-05-25 06:00:00+00:00,23980.94921875,7474.06982421875,65094.69140625,25606.029296875,10474.73046875,24925.7109375,7835.14013671875,4142.07080078125
2026-05-25 06:15:00+00:00,23986.599609375,7474.06982421875,65184.23046875,25606.029296875,10474.73046875,24925.7109375,7835.14013671875,4142.654296875
2026-05-25 06:30:00+00:00,23963.900390625,7474.06982421875,65184.23046875,25606.029296875,10474.73046875,24925.7109375,7835.14013671875,4147.22705078125
2026-05-25 06:45:00+00:00,23956.5,7474.06982421875,65184.23046875,25606.029296875,10474.73046875,24925.7109375,7835.14013671875,4153.87890625
2026-05-25 07:00:00+00:00,23958.55078125,7474.06982421875,65184.23046875,25606.029296875,10474.73046875,25142.2109375,7835.14013671875,4153.87890625
2026-05-25 07:15:00+00:00,23954.400390625,7474.06982421875,65184.23046875,25606.029296875,10474.73046875,25143.109375,7835.14013671875,4153.87890625
2026-05-25 07:30:00+00:00,23977.19921875,7474.06982421875,65184.23046875,25606.029296875,10474.73046875,25152.8203125,7835.14013671875,4153.87890625
2026-05-25 07:45:00+00:00,23984.099609375,7474.06982421875,65184.23046875,25606.029296875,10474.73046875,25176.029296875,7835.14013671875,4153.87890625
2026-05-25 08:00:00+00:00,23963.94921875,7474.06982421875,65184.23046875,25606.029296875,10474.73046875,25172.69921875,7835.14013671875,4153.87890625
2026-05-25 08:15:00+00:00,23965.349609375,7474.06982421875,65184.23046875,25606.029296875,10474.73046875,25189.69921875,7835.14013671875,4153.87890625
2026-05-25 08:30:00+00:00,23958.55078125,7474.06982421875,65184.23046875,25606.029296875,10474.73046875,25189.630859375,7835.14013671875,4153.87890625
2026-05-25 08:45:00+00:00,23978.150390625,7474.06982421875,65184.23046875,25606.029296875,10474.73046875,25183.66015625,7835.14013671875,4153.87890625
2026-05-25 09:00:00+00:00,24007.80078125,7474.06982421875,65184.23046875,25606.029296875,10474.73046875,25196.4296875,7835.14013671875,4153.87890625
2026-05-25 09:15:00+00:00,24035.0,7474.06982421875,65184.23046875,25606.029296875,10474.73046875,25210.0390625,7835.14013671875,4153.87890625
2026-05-25 09:30:00+00:00,24035.25,7474.06982421875,65184.23046875,25606.029296875,10474.73046875,25230.490234375,7835.14013671875,4153.87890625
2026-05-25 09:45:00+00:00,24049.900390625,7474.06982421875,65184.23046875,25606.029296875,10474.73046875,25231.51953125,7835.14013671875,4153.87890625
2026-05-25 10:00:00+00:00,24049.900390625,7474.06982421875,65184.23046875,25606.029296875,10474.73046875,25242.130859375,7835.14013671875,4153.87890625
2026-05-25 10:15:00+00:00,24049.900390625,7474.06982421875,65184.23046875,25606.029296875,10474.73046875,25245.939453125,7835.14013671875,4153.87890625
2026-05-25 10:30:00+00:00,24049.900390625,7474.06982421875,65184.23046875,25606.029296875,10474.73046875,25260.9296875,7835.14013671875,4153.87890625
2026-05-25 10:45:00+00:00,24049.900390625,7474.06982421875,65184.23046875,25606.029296875,10474.73046875,25248.369140625,7835.14013671875,4153.87890625
2026-05-25 11:00:00+00:00,24049.900390625,7474.06982421875,65184.23046875,25606.029296875,10474.73046875,25231.69921875,7835.14013671875,4153.87890625
2026-05-25 11:15:00+00:00,24049.900390625,7474.06982421875,65184.23046875,25606.029296875,10474.73046875,25248.939453125,7835.14013671875,4153.87890625
2026-05-25 11:30:00+00:00,24049.900390625,7474.06982421875,65184.23046875,25606.029296875,10474.73046875,25268.439453125,7835.14013671875,4153.87890625
2026-05-25 11:45:00+00:00,24049.900390625,7474.06982421875,65184.23046875,25606.029296875,10474.73046875,25267.689453125,7835.14013671875,4153.87890625
2026-05-25 12:00:00+00:00,24049.900390625,7474.06982421875,65184.23046875,25606.029296875,10474.73046875,25277.509765625,7835.14013671875,4153.87890625
2026-05-25 12:15:00+00:00,24049.900390625,7474.06982421875,65184.23046875,25606.029296875,10474.73046875,25278.359375,7835.14013671875,4153.87890625
2026-05-25 12:30:00+00:00,24049.900390625,7474.06982421875,65184.23046875,25606.029296875,10474.73046875,25290.189453125,7835.14013671875,4153.87890625
2026-05-25 12:45:00+00:00,24049.900390625,7474.06982421875,65184.23046875,25606.029296875,10474.73046875,25274.169921875,7835.14013671875,4153.87890625
2026-05-25 13:00:00+00:00,24049.900390625,7474.06982421875,65184.23046875,25606.029296875,10474.73046875,25276.3203125,7835.14013671875,4153.87890625
2026-05-25 13:15:00+00:00,24049.900390625,7474.06982421875,65184.23046875,25606.029296875,10474.73046875,25276.76953125,7835.14013671875,4153.87890625
2026-05-25 13:30:00+00:00,24049.900390625,7474.06982421875,65184.23046875,25606.029296875,10474.73046875,25302.359375,7835.14013671875,4153.87890625
2026-05-25 13:45:00+00:00,24049.900390625,7474.06982421875,65184.23046875,25606.029296875,10474.73046875,25320.75,7835.14013671875,4153.87890625
2026-05-25 14:00:00+00:00,24049.900390625,7474.06982421875,65184.23046875,25606.029296875,10474.73046875,25315.369140625,7835.14013671875,4153.87890625
2026-05-25 14:15:00+00:00,24049.900390625,7474.06982421875,65184.23046875,25606.029296875,10474.73046875,25371.16015625,7835.14013671875,4153.87890625
2026-05-25 14:30:00+00:00,24049.900390625,7474.06982421875,65184.23046875,25606.029296875,10474.73046875,25351.509765625,7835.14013671875,4153.87890625
2026-05-25 14:45:00+00:00,24049.900390625,7474.06982421875,65184.23046875,25606.029296875,10474.73046875,25363.060546875,7835.14013671875,4153.87890625
2026-05-25 15:00:00+00:00,24049.900390625,7474.06982421875,65184.23046875,25606.029296875,10474.73046875,25406.7890625,7835.14013671875,4153.87890625
2026-05-25 15:15:00+00:00,24049.900390625,7474.06982421875,65184.23046875,25606.029296875,10474.73046875,25394.470703125,7835.14013671875,4153.87890625
2026-05-26 00:00:00+00:00,24049.900390625,7474.06982421875,64867.8203125,25606.029296875,10474.73046875,25394.470703125,8028.39013671875,4153.87890625
2026-05-26 00:15:00+00:00,24049.900390625,7474.06982421875,64946.94921875,25606.029296875,10474.73046875,25394.470703125,8084.2998046875,4153.87890625
2026-05-26 00:30:00+00:00,24049.900390625,7474.06982421875,64847.53125,25606.029296875,10474.73046875,25394.470703125,8113.2099609375,4153.87890625
2026-05-26 00:45:00+00:00,24049.900390625,7474.06982421875,64990.6796875,25606.029296875,10474.73046875,25394.470703125,8110.509765625,4153.87890625
2026-05-26 01:00:00+00:00,24049.900390625,7474.06982421875,65149.62109375,25606.029296875,10474.73046875,25394.470703125,8093.91015625,4153.87890625
2026-05-26 01:15:00+00:00,24049.900390625,7474.06982421875,64899.859375,25606.029296875,10474.73046875,25394.470703125,8104.0400390625,4153.87890625
2026-05-26 01:30:00+00:00,24049.900390625,7474.06982421875,64858.2890625,25438.740234375,10474.73046875,25394.470703125,8051.1298828125,4122.93212890625
2026-05-26 01:45:00+00:00,24049.900390625,7474.06982421875,64995.28125,25575.75,10474.73046875,25394.470703125,8093.16015625,4125.77587890625
2026-05-26 02:00:00+00:00,24049.900390625,7474.06982421875,64984.12109375,25649.7890625,10474.73046875,25394.470703125,8100.14990234375,4132.24951171875
2026-05-26 02:15:00+00:00,24049.900390625,7474.06982421875,64938.859375,25683.380859375,10474.73046875,25394.470703125,8089.31005859375,4137.20849609375
2026-05-26 02:30:00+00:00,24049.900390625,7474.06982421875,64897.640625,25635.3203125,10474.73046875,25394.470703125,8092.68017578125,4125.70263671875
2026-05-26 02:45:00+00:00,24049.900390625,7474.06982421875,64897.640625,25676.41015625,10474.73046875,25394.470703125,8080.9599609375,4123.46533203125
2026-05-26 03:00:00+00:00,24049.900390625,7474.06982421875,64897.640625,25693.560546875,10474.73046875,25394.470703125,8078.93994140625,4110.22412109375
2026-05-26 03:15:00+00:00,24049.900390625,7474.06982421875,64897.640625,25750.220703125,10474.73046875,25394.470703125,8099.1298828125,4117.03515625
2026-05-26 03:30:00+00:00,24049.900390625,7474.06982421875,64966.2890625,25722.279296875,10474.73046875,25394.470703125,8104.759765625,4117.84912109375
2026-05-26 03:45:00+00:00,24034.099609375,7474.06982421875,65102.69140625,25743.7109375,10474.73046875,25394.470703125,8102.759765625,4117.84912109375
2026-05-26 04:00:00+00:00,24062.30078125,7474.06982421875,65077.87109375,25742.970703125,10474.73046875,25394.470703125,8114.91015625,4117.84912109375
2026-05-26 04:15:00+00:00,24028.75,7474.06982421875,65054.5,25742.970703125,10474.73046875,25394.470703125,8097.68017578125,4117.84912109375
2026-05-26 04:30:00+00:00,24063.0,7474.06982421875,65048.1015625,25742.970703125,10474.73046875,25394.470703125,8085.9501953125,4117.84912109375
2026-05-26 04:45:00+00:00,24071.400390625,7474.06982421875,64970.21875,25742.970703125,10474.73046875,25394.470703125,8076.22998046875,4117.84912109375
2026-05-26 05:00:00+00:00,24073.150390625,7474.06982421875,65088.21875,25691.869140625,10474.73046875,25394.470703125,8068.35009765625,4133.376953125
2026-05-26 05:15:00+00:00,24071.849609375,7474.06982421875,65058.44140625,25632.279296875,10474.73046875,25394.470703125,8069.3798828125,4119.84912109375
2026-05-26 05:30:00+00:00,24069.30078125,7474.06982421875,64925.28125,25647.0,10474.73046875,25394.470703125,8074.75,4125.130859375
2026-05-26 05:45:00+00:00,24044.80078125,7474.06982421875,64915.87109375,25601.009765625,10474.73046875,25394.470703125,8079.27978515625,4115.21142578125
2026-05-26 06:00:00+00:00,24063.150390625,7474.06982421875,65048.41015625,25647.369140625,10474.73046875,25394.470703125,8079.27978515625,4122.99267578125
2026-05-26 06:15:00+00:00,24039.94921875,7474.06982421875,65053.078125,25672.189453125,10474.73046875,25394.470703125,8079.27978515625,4134.8046875
2026-05-26 06:30:00+00:00,24022.099609375,7474.06982421875,65053.078125,25682.390625,10474.73046875,25394.470703125,8079.27978515625,4145.0859375
2026-05-26 06:45:00+00:00,24021.900390625,7474.06982421875,65053.078125,25664.44921875,10474.73046875,25394.470703125,8079.27978515625,4147.6171875
2026-05-26 07:00:00+00:00,24010.150390625,7474.06982421875,65053.078125,25629.25,10545.76953125,25341.80078125,8079.27978515625,4147.6171875
2026-05-26 07:15:00+00:00,23998.55078125,7474.06982421875,65053.078125,25628.48046875,10538.330078125,25292.509765625,8079.27978515625,4147.6171875
2026-05-26 07:30:00+00:00,23974.349609375,7474.06982421875,65053.078125,25591.669921875,10535.1796875,25273.4296875,8079.27978515625,4147.6171875
2026-05-26 07:45:00+00:00,23987.5,7474.06982421875,65053.078125,25607.3203125,10538.8701171875,25272.060546875,8079.27978515625,4147.6171875
2026-05-26 08:00:00+00:00,23958.5,7474.06982421875,65053.078125,25599.44921875,10529.900390625,25215.66015625,8079.27978515625,4147.6171875
2026-05-26 08:15:00+00:00,23937.19921875,7474.06982421875,65053.078125,25599.44921875,10539.099609375,25220.5,8079.27978515625,4147.6171875
2026-05-26 08:30:00+00:00,23924.19921875,7474.06982421875,65053.078125,25599.44921875,10539.2802734375,25216.880859375,8079.27978515625,4147.6171875
2026-05-26 08:45:00+00:00,23922.599609375,7474.06982421875,65053.078125,25599.44921875,10529.3095703125,25190.419921875,8079.27978515625,4147.6171875
2026-05-26 09:00:00+00:00,23898.19921875,7474.06982421875,65053.078125,25599.44921875,10531.23046875,25193.060546875,8079.27978515625,4147.6171875
2026-05-26 09:15:00+00:00,23913.05078125,7474.06982421875,65053.078125,25599.44921875,10545.2900390625,25230.1796875,8079.27978515625,4147.6171875
2026-05-26 09:30:00+00:00,23908.80078125,7474.06982421875,65053.078125,25599.44921875,10530.5498046875,25210.099609375,8079.27978515625,4147.6171875
2026-05-26 09:45:00+00:00,23933.75,7474.06982421875,65053.078125,25599.44921875,10527.25,25215.6796875,8079.27978515625,4147.6171875
2026-05-26 10:00:00+00:00,23933.75,7474.06982421875,65053.078125,25599.44921875,10533.0,25246.060546875,8079.27978515625,4147.6171875
2026-05-26 10:15:00+00:00,23933.75,7474.06982421875,65053.078125,25599.44921875,10541.9501953125,25270.390625,8079.27978515625,4147.6171875
2026-05-26 10:30:00+00:00,23933.75,7474.06982421875,65053.078125,25599.44921875,10538.650390625,25256.259765625,8079.27978515625,4147.6171875
2026-05-26 10:45:00+00:00,23933.75,7474.06982421875,65053.078125,25599.44921875,10540.2900390625,25275.359375,8079.27978515625,4147.6171875
2026-05-26 11:00:00+00:00,23933.75,7474.06982421875,65053.078125,25599.44921875,10534.5,25273.060546875,8079.27978515625,4147.6171875
2026-05-26 11:15:00+00:00,23933.75,7474.06982421875,65053.078125,25599.44921875,10526.2998046875,25252.6796875,8079.27978515625,4147.6171875
2026-05-26 11:30:00+00:00,23933.75,7474.06982421875,65053.078125,25599.44921875,10517.4599609375,25255.5,8079.27978515625,4147.6171875
2026-05-26 11:45:00+00:00,23933.75,7474.06982421875,65053.078125,25599.44921875,10515.4697265625,25258.650390625,8079.27978515625,4147.6171875
2026-05-26 12:00:00+00:00,23933.75,7474.06982421875,65053.078125,25599.44921875,10520.4404296875,25269.380859375,8079.27978515625,4147.6171875
2026-05-26 12:15:00+00:00,23933.75,7474.06982421875,65053.078125,25599.44921875,10518.169921875,25276.75,8079.27978515625,4147.6171875
2026-05-26 12:30:00+00:00,23933.75,7474.06982421875,65053.078125,25599.44921875,10518.6904296875,25262.5,8079.27978515625,4147.6171875
2026-05-26 12:45:00+00:00,23933.75,7474.06982421875,65053.078125,25599.44921875,10529.76953125,25270.619140625,8079.27978515625,4147.6171875
2026-05-26 13:00:00+00:00,23933.75,7474.06982421875,65053.078125,25599.44921875,10538.240234375,25272.970703125,8079.27978515625,4147.6171875
2026-05-26 13:15:00+00:00,23933.75,7474.06982421875,65053.078125,25599.44921875,10547.150390625,25272.19921875,8079.27978515625,4147.6171875
2026-05-26 13:30:00+00:00,23933.75,7523.52978515625,65053.078125,25599.44921875,10546.9296875,25273.30078125,8079.27978515625,4147.6171875
2026-05-26 13:45:00+00:00,23933.75,7524.97021484375,65053.078125,25599.44921875,10530.48046875,25258.150390625,8079.27978515625,4147.6171875
2026-05-26 14:00:00+00:00,23933.75,7532.77978515625,65053.078125,25599.44921875,10526.8203125,25268.599609375,8079.27978515625,4147.6171875
2026-05-26 14:15:00+00:00,23933.75,7533.509765625,65053.078125,25599.44921875,10516.6201171875,25248.119140625,8079.27978515625,4147.6171875
2026-05-26 14:30:00+00:00,23933.75,7538.43017578125,65053.078125,25599.44921875,10507.4501953125,25223.279296875,8079.27978515625,4147.6171875
2026-05-26 14:45:00+00:00,23933.75,7531.5,65053.078125,25599.44921875,10510.0,25239.51953125,8079.27978515625,4147.6171875
2026-05-26 15:00:00+00:00,23933.75,7524.169921875,65053.078125,25599.44921875,10507.849609375,25212.220703125,8079.27978515625,4147.6171875
2026-05-26 15:15:00+00:00,23933.75,7516.22998046875,65053.078125,25599.44921875,10499.2001953125,25204.380859375,8079.27978515625,4147.6171875
2026-05-26 15:30:00+00:00,23933.75,7511.509765625,65053.078125,25599.44921875,10499.2001953125,25204.380859375,8079.27978515625,4147.6171875
2026-05-26 15:45:00+00:00,23933.75,7506.419921875,65053.078125,25599.44921875,10499.2001953125,25204.380859375,8079.27978515625,4147.6171875
2026-05-26 16:00:00+00:00,23933.75,7506.1298828125,65053.078125,25599.44921875,10499.2001953125,25204.380859375,8079.27978515625,4147.6171875
2026-05-26 16:15:00+00:00,23933.75,7515.2998046875,65053.078125,25599.44921875,10499.2001953125,25204.380859375,8079.27978515625,4147.6171875
2026-05-26 16:30:00+00:00,23933.75,7509.72998046875,65053.078125,25599.44921875,10499.2001953125,25204.380859375,8079.27978515625,4147.6171875
2026-05-26 16:45:00+00:00,23933.75,7507.56005859375,65053.078125,25599.44921875,10499.2001953125,25204.380859375,8079.27978515625,4147.6171875
2026-05-26 17:00:00+00:00,23933.75,7510.52978515625,65053.078125,25599.44921875,10499.2001953125,25204.380859375,8079.27978515625,4147.6171875
2026-05-26 17:15:00+00:00,23933.75,7504.22998046875,65053.078125,25599.44921875,10499.2001953125,25204.380859375,8079.27978515625,4147.6171875
2026-05-26 17:30:00+00:00,23933.75,7506.41015625,65053.078125,25599.44921875,10499.2001953125,25204.380859375,8079.27978515625,4147.6171875
2026-05-26 17:45:00+00:00,23933.75,7507.7099609375,65053.078125,25599.44921875,10499.2001953125,25204.380859375,8079.27978515625,4147.6171875
2026-05-26 18:00:00+00:00,23933.75,7513.33984375,65053.078125,25599.44921875,10499.2001953125,25204.380859375,8079.27978515625,4147.6171875
2026-05-26 18:15:00+00:00,23933.75,7514.25,65053.078125,25599.44921875,10499.2001953125,25204.380859375,8079.27978515625,4147.6171875
2026-05-26 18:30:00+00:00,23933.75,7511.7099609375,65053.078125,25599.44921875,10499.2001953125,25204.380859375,8079.27978515625,4147.6171875
2026-05-26 18:45:00+00:00,23933.75,7508.2900390625,65053.078125,25599.44921875,10499.2001953125,25204.380859375,8079.27978515625,4147.6171875
2026-05-26 19:00:00+00:00,23933.75,7509.91015625,65053.078125,25599.44921875,10499.2001953125,25204.380859375,8079.27978515625,4147.6171875
2026-05-26 19:15:00+00:00,23933.75,7513.14990234375,65053.078125,25599.44921875,10499.2001953125,25204.380859375,8079.27978515625,4147.6171875
2026-05-26 19:30:00+00:00,23933.75,7522.60986328125,65053.078125,25599.44921875,10499.2001953125,25204.380859375,8079.27978515625,4147.6171875
2026-05-26 19:45:00+00:00,23933.75,7519.47021484375,65053.078125,25599.44921875,10499.2001953125,25204.380859375,8079.27978515625,4147.6171875
2026-05-27 00:00:00+00:00,23933.75,7519.47021484375,66230.046875,25599.44921875,10499.2001953125,25204.380859375,8423.98046875,4147.6171875
2026-05-27 00:15:00+00:00,23933.75,7519.47021484375,65940.1796875,25599.44921875,10499.2001953125,25204.380859375,8359.75,4147.6171875
2026-05-27 00:30:00+00:00,23933.75,7519.47021484375,65723.6484375,25599.44921875,10499.2001953125,25204.380859375,8383.8896484375,4147.6171875
2026-05-27 00:45:00+00:00,23933.75,7519.47021484375,65760.8828125,25599.44921875,10499.2001953125,25204.380859375,8354.330078125,4147.6171875
2026-05-27 01:00:00+00:00,23933.75,7519.47021484375,65843.3515625,25599.44921875,10499.2001953125,25204.380859375,8331.7802734375,4147.6171875
2026-05-27 01:15:00+00:00,23933.75,7519.47021484375,66145.7109375,25599.44921875,10499.2001953125,25204.380859375,8384.2900390625,4147.6171875
2026-05-27 01:30:00+00:00,23933.75,7519.47021484375,65869.3125,25616.91015625,10499.2001953125,25204.380859375,8378.2197265625,4141.35595703125
2026-05-27 01:45:00+00:00,23933.75,7519.47021484375,65609.59375,25529.640625,10499.2001953125,25204.380859375,8397.669921875,4135.07177734375
2026-05-27 02:00:00+00:00,23933.75,7519.47021484375,65656.4609375,25525.029296875,10499.2001953125,25204.380859375,8399.3798828125,4129.5859375
2026-05-27 02:15:00+00:00,23933.75,7519.47021484375,65836.4296875,25448.390625,10499.2001953125,25204.380859375,8427.919921875,4133.38037109375
2026-05-27 02:30:00+00:00,23933.75,7519.47021484375,65816.6171875,25446.0,10499.2001953125,25204.380859375,8448.33984375,4126.59033203125
2026-05-27 02:45:00+00:00,23933.75,7519.47021484375,65816.6171875,25416.2890625,10499.2001953125,25204.380859375,8447.830078125,4122.40185546875
2026-05-27 03:00:00+00:00,23933.75,7519.47021484375,65816.6171875,25426.630859375,10499.2001953125,25204.380859375,8432.9697265625,4116.49609375
2026-05-27 03:15:00+00:00,23933.75,7519.47021484375,65816.6171875,25385.740234375,10499.2001953125,25204.380859375,8446.1796875,4097.029296875
2026-05-27 03:30:00+00:00,23933.75,7519.47021484375,65672.0390625,25386.55078125,10499.2001953125,25204.380859375,8442.6396484375,4099.23046875
2026-05-27 03:45:00+00:00,23903.25,7519.47021484375,65649.921875,25381.529296875,10499.2001953125,25204.380859375,8398.099609375,4099.23046875
2026-05-27 04:00:00+00:00,23908.30078125,7519.47021484375,65557.921875,25382.16015625,10499.2001953125,25204.380859375,8416.25,4099.23046875
2026-05-27 04:15:00+00:00,23874.94921875,7519.47021484375,65313.16015625,25382.16015625,10499.2001953125,25204.380859375,8315.23046875,4099.23046875
2026-05-27 04:30:00+00:00,23943.25,7519.47021484375,65485.98828125,25382.16015625,10499.2001953125,25204.380859375,8351.41015625,4099.23046875
2026-05-27 04:45:00+00:00,23963.19921875,7519.47021484375,65290.75,25382.16015625,10499.2001953125,25204.380859375,8350.5,4099.23046875
2026-05-27 05:00:00+00:00,23935.94921875,7519.47021484375,65310.46875,25356.189453125,10499.2001953125,25204.380859375,8294.740234375,4102.17578125
2026-05-27 05:15:00+00:00,23966.900390625,7519.47021484375,65346.6796875,25359.009765625,10499.2001953125,25204.380859375,8346.7802734375,4108.9638671875
2026-05-27 05:30:00+00:00,23961.94921875,7519.47021484375,65414.16015625,25364.73046875,10499.2001953125,25204.380859375,8347.4697265625,4090.240234375
2026-05-27 05:45:00+00:00,23974.05078125,7519.47021484375,65333.7109375,25336.869140625,10499.2001953125,25204.380859375,8287.48046875,4083.617431640625
2026-05-27 06:00:00+00:00,23954.30078125,7519.47021484375,65147.55859375,25299.369140625,10499.2001953125,25204.380859375,8287.48046875,4086.493408203125
2026-05-27 06:15:00+00:00,23934.05078125,7519.47021484375,65095.55859375,25326.630859375,10499.2001953125,25204.380859375,8287.48046875,4101.52099609375
2026-05-27 06:30:00+00:00,23921.900390625,7519.47021484375,65095.55859375,25306.509765625,10499.2001953125,25204.380859375,8287.48046875,4097.70556640625
2026-05-27 06:45:00+00:00,23906.44921875,7519.47021484375,65095.55859375,25312.990234375,10499.2001953125,25204.380859375,8287.48046875,4095.390380859375
2026-05-27 07:00:00+00:00,23936.30078125,7519.47021484375,65095.55859375,25322.5703125,10490.6396484375,25318.560546875,8287.48046875,4095.390380859375
2026-05-27 07:15:00+00:00,23905.25,7519.47021484375,65095.55859375,25304.669921875,10481.259765625,25333.94921875,8287.48046875,4095.390380859375
2026-05-27 07:30:00+00:00,23898.150390625,7519.47021484375,65095.55859375,25282.890625,10475.5302734375,25338.359375,8287.48046875,4095.390380859375
2026-05-27 07:45:00+00:00,23892.30078125,7519.47021484375,65095.55859375,25302.330078125,10478.2802734375,25342.4609375,8287.48046875,4095.390380859375
2026-05-27 08:00:00+00:00,23891.55078125,7519.47021484375,65095.55859375,25328.23046875,10475.6298828125,25350.58984375,8287.48046875,4095.390380859375
2026-05-27 08:15:00+00:00,23912.5,7519.47021484375,65095.55859375,25328.23046875,10472.400390625,25346.26953125,8287.48046875,4095.390380859375
2026-05-27 08:30:00+00:00,23896.0,7519.47021484375,65095.55859375,25328.23046875,10482.5,25331.390625,8287.48046875,4095.390380859375
2026-05-27 08:45:00+00:00,23890.349609375,7519.47021484375,65095.55859375,25328.23046875,10486.7099609375,25337.640625,8287.48046875,4095.390380859375
2026-05-27 09:00:00+00:00,23875.05078125,7519.47021484375,65095.55859375,25328.23046875,10500.5595703125,25374.73046875,8287.48046875,4095.390380859375
2026-05-27 09:15:00+00:00,23896.55078125,7519.47021484375,65095.55859375,25328.23046875,10495.990234375,25359.939453125,8287.48046875,4095.390380859375
2026-05-27 09:30:00+00:00,23902.80078125,7519.47021484375,65095.55859375,25328.23046875,10504.51953125,25364.650390625,8287.48046875,4095.390380859375
2026-05-27 09:45:00+00:00,23921.599609375,7519.47021484375,65095.55859375,25328.23046875,10508.16015625,25362.33984375,8287.48046875,4095.390380859375
2026-05-27 10:00:00+00:00,23921.599609375,7519.47021484375,65095.55859375,25328.23046875,10520.080078125,25378.939453125,8287.48046875,4095.390380859375
2026-05-27 10:15:00+00:00,23921.599609375,7519.47021484375,65095.55859375,25328.23046875,10521.1298828125,25350.23046875,8287.48046875,4095.390380859375
2026-05-27 10:30:00+00:00,23921.599609375,7519.47021484375,65095.55859375,25328.23046875,10514.2099609375,25338.119140625,8287.48046875,4095.390380859375
2026-05-27 10:45:00+00:00,23921.599609375,7519.47021484375,65095.55859375,25328.23046875,10512.150390625,25353.140625,8287.48046875,4095.390380859375
2026-05-27 11:00:00+00:00,23921.599609375,7519.47021484375,65095.55859375,25328.23046875,10507.4599609375,25310.44921875,8287.48046875,4095.390380859375
2026-05-27 11:15:00+00:00,23921.599609375,7519.47021484375,65095.55859375,25328.23046875,10506.3701171875,25292.51953125,8287.48046875,4095.390380859375
2026-05-27 11:30:00+00:00,23921.599609375,7519.47021484375,65095.55859375,25328.23046875,10508.169921875,25293.08984375,8287.48046875,4095.390380859375
2026-05-27 11:45:00+00:00,23921.599609375,7519.47021484375,65095.55859375,25328.23046875,10500.5400390625,25263.2890625,8287.48046875,4095.390380859375
2026-05-27 12:00:00+00:00,23921.599609375,7519.47021484375,65095.55859375,25328.23046875,10489.4697265625,25236.189453125,8287.48046875,4095.390380859375
2026-05-27 12:15:00+00:00,23921.599609375,7519.47021484375,65095.55859375,25328.23046875,10514.5400390625,25351.330078125,8287.48046875,4095.390380859375
2026-05-27 12:30:00+00:00,23921.599609375,7519.47021484375,65095.55859375,25328.23046875,10506.5,25329.869140625,8287.48046875,4095.390380859375
2026-05-27 12:45:00+00:00,23921.599609375,7519.47021484375,65095.55859375,25328.23046875,10492.8203125,25262.779296875,8287.48046875,4095.390380859375
2026-05-27 13:00:00+00:00,23921.599609375,7519.47021484375,65095.55859375,25328.23046875,10498.5498046875,25272.3203125,8287.48046875,4095.390380859375
2026-05-27 13:15:00+00:00,23921.599609375,7519.47021484375,65095.55859375,25328.23046875,10496.26953125,25251.23046875,8287.48046875,4095.390380859375
2026-05-27 13:30:00+00:00,23921.599609375,7510.77001953125,65095.55859375,25328.23046875,10489.9501953125,25222.7109375,8287.48046875,4095.390380859375
2026-05-27 13:45:00+00:00,23921.599609375,7521.2001953125,65095.55859375,25328.23046875,10505.1396484375,25251.419921875,8287.48046875,4095.390380859375
2026-05-27 14:00:00+00:00,23921.599609375,7525.06982421875,65095.55859375,25328.23046875,10490.150390625,25226.51953125,8287.48046875,4095.390380859375
2026-05-27 14:15:00+00:00,23921.599609375,7516.77978515625,65095.55859375,25328.23046875,10480.0498046875,25203.51953125,8287.48046875,4095.390380859375
2026-05-27 14:30:00+00:00,23921.599609375,7521.02978515625,65095.55859375,25328.23046875,10478.740234375,25175.08984375,8287.48046875,4095.390380859375
2026-05-27 14:45:00+00:00,23921.599609375,7513.3798828125,65095.55859375,25328.23046875,10495.5400390625,25214.009765625,8287.48046875,4095.390380859375
2026-05-27 15:00:00+00:00,23921.599609375,7515.18994140625,65095.55859375,25328.23046875,10504.83984375,25199.0390625,8287.48046875,4095.390380859375
2026-05-27 15:15:00+00:00,23921.599609375,7511.81005859375,65095.55859375,25328.23046875,10507.7099609375,25216.740234375,8287.48046875,4095.390380859375
2026-05-27 15:30:00+00:00,23921.599609375,7503.7099609375,65095.55859375,25328.23046875,10507.7099609375,25216.740234375,8287.48046875,4095.390380859375
2026-05-27 15:45:00+00:00,23921.599609375,7507.72021484375,65095.55859375,25328.23046875,10507.7099609375,25216.740234375,8287.48046875,4095.390380859375
2026-05-27 16:00:00+00:00,23921.599609375,7512.89013671875,65095.55859375,25328.23046875,10507.7099609375,25216.740234375,8287.48046875,4095.390380859375
2026-05-27 16:15:00+00:00,23921.599609375,7514.18017578125,65095.55859375,25328.23046875,10507.7099609375,25216.740234375,8287.48046875,4095.390380859375
2026-05-27 16:30:00+00:00,23921.599609375,7520.06005859375,65095.55859375,25328.23046875,10507.7099609375,25216.740234375,8287.48046875,4095.390380859375
2026-05-27 16:45:00+00:00,23921.599609375,7514.7998046875,65095.55859375,25328.23046875,10507.7099609375,25216.740234375,8287.48046875,4095.390380859375
2026-05-27 17:00:00+00:00,23921.599609375,7505.259765625,65095.55859375,25328.23046875,10507.7099609375,25216.740234375,8287.48046875,4095.390380859375
2026-05-27 17:15:00+00:00,23921.599609375,7509.08984375,65095.55859375,25328.23046875,10507.7099609375,25216.740234375,8287.48046875,4095.390380859375
2026-05-27 17:30:00+00:00,23921.599609375,7510.68017578125,65095.55859375,25328.23046875,10507.7099609375,25216.740234375,8287.48046875,4095.390380859375
2026-05-27 17:45:00+00:00,23921.599609375,7514.0,65095.55859375,25328.23046875,10507.7099609375,25216.740234375,8287.48046875,4095.390380859375
2026-05-27 18:00:00+00:00,23921.599609375,7517.3798828125,65095.55859375,25328.23046875,10507.7099609375,25216.740234375,8287.48046875,4095.390380859375
2026-05-27 18:15:00+00:00,23921.599609375,7524.10009765625,65095.55859375,25328.23046875,10507.7099609375,25216.740234375,8287.48046875,4095.390380859375
2026-05-27 18:30:00+00:00,23921.599609375,7525.169921875,65095.55859375,25328.23046875,10507.7099609375,25216.740234375,8287.48046875,4095.390380859375
2026-05-27 18:45:00+00:00,23921.599609375,7525.56982421875,65095.55859375,25328.23046875,10507.7099609375,25216.740234375,8287.48046875,4095.390380859375
2026-05-27 19:00:00+00:00,23921.599609375,7526.33984375,65095.55859375,25328.23046875,10507.7099609375,25216.740234375,8287.48046875,4095.390380859375
2026-05-27 19:15:00+00:00,23921.599609375,7522.7099609375,65095.55859375,25328.23046875,10507.7099609375,25216.740234375,8287.48046875,4095.390380859375
2026-05-27 19:30:00+00:00,23921.599609375,7525.5498046875,65095.55859375,25328.23046875,10507.7099609375,25216.740234375,8287.48046875,4095.390380859375
2026-05-27 19:45:00+00:00,23921.599609375,7521.2900390625,65095.55859375,25328.23046875,10507.7099609375,25216.740234375,8287.48046875,4095.390380859375
2026-05-28 00:00:00+00:00,23921.599609375,7521.2900390625,64535.9296875,25328.23046875,10507.7099609375,25216.740234375,8111.8701171875,4095.390380859375
2026-05-28 00:15:00+00:00,23921.599609375,7521.2900390625,64585.328125,25328.23046875,10507.7099609375,25216.740234375,8161.47021484375,4095.390380859375
2026-05-28 00:30:00+00:00,23921.599609375,7521.2900390625,64831.01953125,25328.23046875,10507.7099609375,25216.740234375,8225.650390625,4095.390380859375
2026-05-28 00:45:00+00:00,23921.599609375,7521.2900390625,65129.8984375,25328.23046875,10507.7099609375,25216.740234375,8252.169921875,4095.390380859375
2026-05-28 01:00:00+00:00,23921.599609375,7521.2900390625,64960.1015625,25328.23046875,10507.7099609375,25216.740234375,8236.7001953125,4095.390380859375
2026-05-28 01:15:00+00:00,23921.599609375,7521.2900390625,64972.44140625,25328.23046875,10507.7099609375,25216.740234375,8187.02978515625,4095.390380859375
2026-05-28 01:30:00+00:00,23921.599609375,7521.2900390625,64879.2890625,25025.029296875,10507.7099609375,25216.740234375,8150.64013671875,4085.947509765625
2026-05-28 01:45:00+00:00,23921.599609375,7521.2900390625,65070.578125,24961.470703125,10507.7099609375,25216.740234375,8212.8701171875,4076.555419921875
2026-05-28 02:00:00+00:00,23921.599609375,7521.2900390625,64980.62890625,24943.560546875,10507.7099609375,25216.740234375,8161.330078125,4082.854736328125
2026-05-28 02:15:00+00:00,23921.599609375,7521.2900390625,65050.48828125,24879.48046875,10507.7099609375,25216.740234375,8154.919921875,4077.95703125
2026-05-28 02:30:00+00:00,23921.599609375,7521.2900390625,65039.78125,24833.599609375,10507.7099609375,25216.740234375,8128.52001953125,4079.8837890625
2026-05-28 02:45:00+00:00,23921.599609375,7521.2900390625,65039.78125,24815.279296875,10507.7099609375,25216.740234375,8105.2001953125,4070.271240234375
2026-05-28 03:00:00+00:00,23921.599609375,7521.2900390625,65039.78125,24825.26953125,10507.7099609375,25216.740234375,8109.259765625,4078.587890625
2026-05-28 03:15:00+00:00,23921.599609375,7521.2900390625,65039.78125,24850.26953125,10507.7099609375,25216.740234375,8052.47998046875,4086.87890625
2026-05-28 03:30:00+00:00,23921.599609375,7521.2900390625,64207.25,24775.810546875,10507.7099609375,25216.740234375,7964.5498046875,4087.855712890625
2026-05-28 03:45:00+00:00,23921.599609375,7521.2900390625,64228.30859375,24753.619140625,10507.7099609375,25216.740234375,7976.77001953125,4087.855712890625
2026-05-28 04:00:00+00:00,23921.599609375,7521.2900390625,64000.9296875,24740.390625,10507.7099609375,25216.740234375,7889.68994140625,4087.855712890625
2026-05-28 04:15:00+00:00,23921.599609375,7521.2900390625,63948.23828125,24740.390625,10507.7099609375,25216.740234375,7899.77978515625,4087.855712890625
2026-05-28 04:30:00+00:00,23921.599609375,7521.2900390625,64071.69921875,24740.390625,10507.7099609375,25216.740234375,7944.56005859375,4087.855712890625
2026-05-28 04:45:00+00:00,23921.599609375,7521.2900390625,63979.328125,24740.390625,10507.7099609375,25216.740234375,7929.490234375,4087.855712890625
2026-05-28 05:00:00+00:00,23921.599609375,7521.2900390625,64229.44140625,24734.400390625,10507.7099609375,25216.740234375,8007.81005859375,4063.895263671875
2026-05-28 05:15:00+00:00,23921.599609375,7521.2900390625,64423.12890625,24835.380859375,10507.7099609375,25216.740234375,8051.52978515625,4085.28662109375
2026-05-28 05:30:00+00:00,23921.599609375,7521.2900390625,64641.9296875,24924.55078125,10507.7099609375,25216.740234375,8074.64013671875,4100.86767578125
2026-05-28 05:45:00+00:00,23921.599609375,7521.2900390625,64567.6015625,24973.009765625,10507.7099609375,25216.740234375,8117.72021484375,4100.1572265625
2026-05-28 06:00:00+00:00,23921.599609375,7521.2900390625,64657.94140625,24964.890625,10507.7099609375,25216.740234375,8117.72021484375,4094.270263671875
2026-05-28 06:15:00+00:00,23921.599609375,7521.2900390625,64711.12109375,24980.779296875,10507.7099609375,25216.740234375,8117.72021484375,4098.6572265625
2026-05-28 06:30:00+00:00,23921.599609375,7521.2900390625,64711.12109375,24971.6796875,10507.7099609375,25216.740234375,8117.72021484375,4097.00244140625
2026-05-28 06:45:00+00:00,23921.599609375,7521.2900390625,64711.12109375,25007.310546875,10507.7099609375,25216.740234375,8117.72021484375,4097.6376953125
2026-05-28 07:00:00+00:00,23921.599609375,7521.2900390625,64711.12109375,24995.26953125,10415.9501953125,25143.130859375,8117.72021484375,4097.6376953125
2026-05-28 07:15:00+00:00,23921.599609375,7521.2900390625,64711.12109375,24989.109375,10406.990234375,25146.150390625,8117.72021484375,4097.6376953125
2026-05-28 07:30:00+00:00,23921.599609375,7521.2900390625,64711.12109375,24988.390625,10400.259765625,25134.009765625,8117.72021484375,4097.6376953125
2026-05-28 07:45:00+00:00,23921.599609375,7521.2900390625,64711.12109375,24994.650390625,10414.66015625,25146.2109375,8117.72021484375,4097.6376953125
2026-05-28 08:00:00+00:00,23921.599609375,7521.2900390625,64711.12109375,25006.16015625,10415.1298828125,25169.080078125,8117.72021484375,4097.6376953125
2026-05-28 08:15:00+00:00,23921.599609375,7521.2900390625,64711.12109375,25006.16015625,10407.2001953125,25142.23046875,8117.72021484375,4097.6376953125
2026-05-28 08:30:00+00:00,23921.599609375,7521.2900390625,64711.12109375,25006.16015625,10404.8603515625,25138.130859375,8117.72021484375,4097.6376953125
2026-05-28 08:45:00+00:00,23921.599609375,7521.2900390625,64711.12109375,25006.16015625,10408.1396484375,25161.5703125,8117.72021484375,4097.6376953125
2026-05-28 09:00:00+00:00,23921.599609375,7521.2900390625,64711.12109375,25006.16015625,10419.3095703125,25161.259765625,8117.72021484375,4097.6376953125
2026-05-28 09:15:00+00:00,23921.599609375,7521.2900390625,64711.12109375,25006.16015625,10435.6396484375,25155.650390625,8117.72021484375,4097.6376953125
2026-05-28 09:30:00+00:00,23921.599609375,7521.2900390625,64711.12109375,25006.16015625,10426.419921875,25117.859375,8117.72021484375,4097.6376953125
2026-05-28 09:45:00+00:00,23921.599609375,7521.2900390625,64711.12109375,25006.16015625,10426.3203125,25127.33984375,8117.72021484375,4097.6376953125
2026-05-28 10:00:00+00:00,23921.599609375,7521.2900390625,64711.12109375,25006.16015625,10418.259765625,25122.19921875,8117.72021484375,4097.6376953125
2026-05-28 10:15:00+00:00,23921.599609375,7521.2900390625,64711.12109375,25006.16015625,10411.0,25092.66015625,8117.72021484375,4097.6376953125
2026-05-28 10:30:00+00:00,23921.599609375,7521.2900390625,64711.12109375,25006.16015625,10396.3701171875,25070.109375,8117.72021484375,4097.6376953125
2026-05-28 10:45:00+00:00,23921.599609375,7521.2900390625,64711.12109375,25006.16015625,10391.150390625,25040.41015625,8117.72021484375,4097.6376953125
2026-05-28 11:00:00+00:00,23921.599609375,7521.2900390625,64711.12109375,25006.16015625,10391.0703125,25044.640625,8117.72021484375,4097.6376953125
2026-05-28 11:15:00+00:00,23921.599609375,7521.2900390625,64711.12109375,25006.16015625,10382.990234375,25059.279296875,8117.72021484375,4097.6376953125
2026-05-28 11:30:00+00:00,23921.599609375,7521.2900390625,64711.12109375,25006.16015625,10396.25,25060.5703125,8117.72021484375,4097.6376953125
2026-05-28 11:45:00+00:00,23921.599609375,7521.2900390625,64711.12109375,25006.16015625,10390.9599609375,25033.26953125,8117.72021484375,4097.6376953125
2026-05-28 12:00:00+00:00,23921.599609375,7521.2900390625,64711.12109375,25006.16015625,10399.849609375,25035.01953125,8117.72021484375,4097.6376953125
2026-05-28 12:15:00+00:00,23921.599609375,7521.2900390625,64711.12109375,25006.16015625,10397.3896484375,25021.3203125,8117.72021484375,4097.6376953125
2026-05-28 12:30:00+00:00,23921.599609375,7521.2900390625,64711.12109375,25006.16015625,10411.26953125,25056.970703125,8117.72021484375,4097.6376953125
2026-05-28 12:45:00+00:00,23921.599609375,7521.2900390625,64711.12109375,25006.16015625,10416.5400390625,25072.830078125,8117.72021484375,4097.6376953125
2026-05-28 13:00:00+00:00,23921.599609375,7521.2900390625,64711.12109375,25006.16015625,10419.51953125,25044.599609375,8117.72021484375,4097.6376953125
2026-05-28 13:15:00+00:00,23921.599609375,7521.2900390625,64711.12109375,25006.16015625,10415.330078125,25016.23046875,8117.72021484375,4097.6376953125
2026-05-28 13:30:00+00:00,23921.599609375,7511.68017578125,64711.12109375,25006.16015625,10416.1796875,25029.130859375,8117.72021484375,4097.6376953125
2026-05-28 13:45:00+00:00,23921.599609375,7518.490234375,64711.12109375,25006.16015625,10396.009765625,25041.279296875,8117.72021484375,4097.6376953125
2026-05-28 14:00:00+00:00,23921.599609375,7547.97998046875,64711.12109375,25006.16015625,10433.98046875,25191.970703125,8117.72021484375,4097.6376953125
2026-05-28 14:15:00+00:00,23921.599609375,7544.31982421875,64711.12109375,25006.16015625,10431.3095703125,25123.23046875,8117.72021484375,4097.6376953125
2026-05-28 14:30:00+00:00,23921.599609375,7542.06005859375,64711.12109375,25006.16015625,10425.919921875,25103.669921875,8117.72021484375,4097.6376953125
2026-05-28 14:45:00+00:00,23921.599609375,7545.66015625,64711.12109375,25006.16015625,10417.0595703125,25048.41015625,8117.72021484375,4097.6376953125
2026-05-28 15:00:00+00:00,23921.599609375,7550.7099609375,64711.12109375,25006.16015625,10427.2001953125,25078.259765625,8117.72021484375,4097.6376953125
2026-05-28 15:15:00+00:00,23921.599609375,7556.919921875,64711.12109375,25006.16015625,10432.7001953125,25098.51953125,8117.72021484375,4097.6376953125
2026-05-28 15:30:00+00:00,23921.599609375,7558.02001953125,64711.12109375,25006.16015625,10432.7001953125,25098.51953125,8117.72021484375,4097.6376953125
2026-05-28 15:45:00+00:00,23921.599609375,7557.97021484375,64711.12109375,25006.16015625,10432.7001953125,25098.51953125,8117.72021484375,4097.6376953125
2026-05-28 16:00:00+00:00,23921.599609375,7558.85986328125,64711.12109375,25006.16015625,10432.7001953125,25098.51953125,8117.72021484375,4097.6376953125
2026-05-28 16:15:00+00:00,23921.599609375,7561.0,64711.12109375,25006.16015625,10432.7001953125,25098.51953125,8117.72021484375,4097.6376953125
2026-05-28 16:30:00+00:00,23921.599609375,7561.02001953125,64711.12109375,25006.16015625,10432.7001953125,25098.51953125,8117.72021484375,4097.6376953125
2026-05-28 16:45:00+00:00,23921.599609375,7564.64990234375,64711.12109375,25006.16015625,10432.7001953125,25098.51953125,8117.72021484375,4097.6376953125
2026-05-28 17:00:00+00:00,23921.599609375,7560.66015625,64711.12109375,25006.16015625,10432.7001953125,25098.51953125,8117.72021484375,4097.6376953125
2026-05-28 17:15:00+00:00,23921.599609375,7559.83984375,64711.12109375,25006.16015625,10432.7001953125,25098.51953125,8117.72021484375,4097.6376953125
2026-05-28 17:30:00+00:00,23921.599609375,7561.8701171875,64711.12109375,25006.16015625,10432.7001953125,25098.51953125,8117.72021484375,4097.6376953125
2026-05-28 17:45:00+00:00,23921.599609375,7563.93017578125,64711.12109375,25006.16015625,10432.7001953125,25098.51953125,8117.72021484375,4097.6376953125
2026-05-28 18:00:00+00:00,23921.599609375,7562.14990234375,64711.12109375,25006.16015625,10432.7001953125,25098.51953125,8117.72021484375,4097.6376953125
2026-05-28 18:15:00+00:00,23921.599609375,7565.06982421875,64711.12109375,25006.16015625,10432.7001953125,25098.51953125,8117.72021484375,4097.6376953125
2026-05-28 18:30:00+00:00,23921.599609375,7561.1298828125,64711.12109375,25006.16015625,10432.7001953125,25098.51953125,8117.72021484375,4097.6376953125
2026-05-28 18:45:00+00:00,23921.599609375,7559.169921875,64711.12109375,25006.16015625,10432.7001953125,25098.51953125,8117.72021484375,4097.6376953125
2026-05-28 19:00:00+00:00,23921.599609375,7559.4599609375,64711.12109375,25006.16015625,10432.7001953125,25098.51953125,8117.72021484375,4097.6376953125
2026-05-28 19:15:00+00:00,23921.599609375,7564.7099609375,64711.12109375,25006.16015625,10432.7001953125,25098.51953125,8117.72021484375,4097.6376953125
2026-05-28 19:30:00+00:00,23921.599609375,7564.31982421875,64711.12109375,25006.16015625,10432.7001953125,25098.51953125,8117.72021484375,4097.6376953125
2026-05-28 19:45:00+00:00,23921.599609375,7563.43017578125,64711.12109375,25006.16015625,10432.7001953125,25098.51953125,8117.72021484375,4097.6376953125
2026-05-29 00:00:00+00:00,23921.599609375,7563.43017578125,65972.3203125,25006.16015625,10432.7001953125,25098.51953125,8405.9404296875,4097.6376953125
2026-05-29 00:15:00+00:00,23921.599609375,7563.43017578125,65907.546875,25006.16015625,10432.7001953125,25098.51953125,8372.7001953125,4097.6376953125
2026-05-29 00:30:00+00:00,23921.599609375,7563.43017578125,65730.34375,25006.16015625,10432.7001953125,25098.51953125,8373.3603515625,4097.6376953125
2026-05-29 00:45:00+00:00,23921.599609375,7563.43017578125,65699.109375,25006.16015625,10432.7001953125,25098.51953125,8317.9697265625,4097.6376953125
2026-05-29 01:00:00+00:00,23921.599609375,7563.43017578125,65881.59375,25006.16015625,10432.7001953125,25098.51953125,8362.169921875,4097.6376953125
2026-05-29 01:15:00+00:00,23921.599609375,7563.43017578125,65798.5,25006.16015625,10432.7001953125,25098.51953125,8359.76953125,4097.6376953125
2026-05-29 01:30:00+00:00,23921.599609375,7563.43017578125,65931.0625,25167.419921875,10432.7001953125,25098.51953125,8385.25,4103.45263671875
2026-05-29 01:45:00+00:00,23921.599609375,7563.43017578125,65887.6484375,25134.08984375,10432.7001953125,25098.51953125,8385.26953125,4098.73486328125
2026-05-29 02:00:00+00:00,23921.599609375,7563.43017578125,65900.828125,25121.990234375,10432.7001953125,25098.51953125,8355.83984375,4086.2822265625
2026-05-29 02:15:00+00:00,23921.599609375,7563.43017578125,65897.2265625,25082.01953125,10432.7001953125,25098.51953125,8344.7099609375,4086.443115234375
2026-05-29 02:30:00+00:00,23921.599609375,7563.43017578125,65896.5703125,25120.2109375,10432.7001953125,25098.51953125,8358.080078125,4099.41845703125
2026-05-29 02:45:00+00:00,23921.599609375,7563.43017578125,65896.5703125,25071.05078125,10432.7001953125,25098.51953125,8358.9501953125,4088.655517578125
2026-05-29 03:00:00+00:00,23921.599609375,7563.43017578125,65896.5703125,25125.640625,10432.7001953125,25098.51953125,8377.599609375,4088.841064453125
2026-05-29 03:15:00+00:00,23921.599609375,7563.43017578125,65896.5703125,25183.109375,10432.7001953125,25098.51953125,8389.6201171875,4082.420166015625
2026-05-29 03:30:00+00:00,23921.599609375,7563.43017578125,66105.59375,25284.73046875,10432.7001953125,25098.51953125,8394.759765625,4083.617919921875
2026-05-29 03:45:00+00:00,23893.400390625,7563.43017578125,66144.2734375,25282.330078125,10432.7001953125,25098.51953125,8417.75,4083.617919921875
2026-05-29 04:00:00+00:00,23875.75,7563.43017578125,66321.046875,25281.4296875,10432.7001953125,25098.51953125,8415.5,4083.617919921875
2026-05-29 04:15:00+00:00,23907.44921875,7563.43017578125,66406.0703125,25281.4296875,10432.7001953125,25098.51953125,8426.16015625,4083.617919921875
2026-05-29 04:30:00+00:00,23945.69921875,7563.43017578125,66301.2265625,25281.4296875,10432.7001953125,25098.51953125,8455.6904296875,4083.617919921875
2026-05-29 04:45:00+00:00,23911.650390625,7563.43017578125,66305.109375,25281.4296875,10432.7001953125,25098.51953125,8449.3896484375,4083.617919921875
2026-05-29 05:00:00+00:00,23900.650390625,7563.43017578125,66357.5703125,25222.130859375,10432.7001953125,25098.51953125,8456.6201171875,4095.546875
2026-05-29 05:15:00+00:00,23903.099609375,7563.43017578125,66376.2578125,25268.359375,10432.7001953125,25098.51953125,8463.9599609375,4099.18212890625
2026-05-29 05:30:00+00:00,23896.849609375,7563.43017578125,66420.7734375,25267.48046875,10432.7001953125,25098.51953125,8451.1298828125,4088.1318359375
2026-05-29 05:45:00+00:00,23889.55078125,7563.43017578125,66429.53125,25234.970703125,10432.7001953125,25098.51953125,8434.599609375,4071.720458984375
2026-05-29 06:00:00+00:00,23885.900390625,7563.43017578125,66423.796875,25222.689453125,10432.7001953125,25098.51953125,8434.599609375,4065.7333984375
2026-05-29 06:15:00+00:00,23890.80078125,7563.43017578125,66362.671875,25251.099609375,10432.7001953125,25098.51953125,8434.599609375,4060.8544921875
2026-05-29 06:30:00+00:00,23835.69921875,7563.43017578125,66362.671875,25204.5,10432.7001953125,25098.51953125,8434.599609375,4063.86328125
2026-05-29 06:45:00+00:00,23855.80078125,7563.43017578125,66362.671875,25237.80078125,10432.7001953125,25098.51953125,8434.599609375,4072.28955078125
2026-05-29 07:00:00+00:00,23849.900390625,7563.43017578125,66362.671875,25209.7109375,10443.33984375,25141.859375,8434.599609375,4072.28955078125
2026-05-29 07:15:00+00:00,23837.55078125,7563.43017578125,66362.671875,25163.869140625,10437.2900390625,25121.609375,8434.599609375,4072.28955078125
2026-05-29 07:30:00+00:00,23769.25,7563.43017578125,66362.671875,25143.55078125,10432.73046875,25121.91015625,8434.599609375,4072.28955078125
2026-05-29 07:45:00+00:00,23775.599609375,7563.43017578125,66362.671875,25199.380859375,10448.4296875,25167.58984375,8434.599609375,4072.28955078125
2026-05-29 08:00:00+00:00,23773.400390625,7563.43017578125,66362.671875,25182.390625,10446.48046875,25167.359375,8434.599609375,4072.28955078125
2026-05-29 08:15:00+00:00,23757.650390625,7563.43017578125,66362.671875,25182.390625,10450.48046875,25171.119140625,8434.599609375,4072.28955078125
2026-05-29 08:30:00+00:00,23744.44921875,7563.43017578125,66362.671875,25182.390625,10449.080078125,25157.150390625,8434.599609375,4072.28955078125
2026-05-29 08:45:00+00:00,23760.099609375,7563.43017578125,66362.671875,25182.390625,10440.4404296875,25126.130859375,8434.599609375,4072.28955078125
2026-05-29 09:00:00+00:00,23786.099609375,7563.43017578125,66362.671875,25182.390625,10444.16015625,25152.259765625,8434.599609375,4072.28955078125
2026-05-29 09:15:00+00:00,23773.349609375,7563.43017578125,66362.671875,25182.390625,10448.150390625,25169.7109375,8434.599609375,4072.28955078125
2026-05-29 09:30:00+00:00,23528.69921875,7563.43017578125,66362.671875,25182.390625,10459.9404296875,25178.029296875,8434.599609375,4072.28955078125
2026-05-29 09:45:00+00:00,23609.30078125,7563.43017578125,66362.671875,25182.390625,10451.51953125,25159.0703125,8434.599609375,4072.28955078125
2026-05-29 10:00:00+00:00,23609.30078125,7563.43017578125,66362.671875,25182.390625,10445.6396484375,25122.369140625,8434.599609375,4072.28955078125
2026-05-29 10:15:00+00:00,23609.30078125,7563.43017578125,66362.671875,25182.390625,10445.9501953125,25131.849609375,8434.599609375,4072.28955078125
2026-05-29 10:30:00+00:00,23609.30078125,7563.43017578125,66362.671875,25182.390625,10454.25,25142.44921875,8434.599609375,4072.28955078125
2026-05-29 10:45:00+00:00,23609.30078125,7563.43017578125,66362.671875,25182.390625,10455.7197265625,25141.8203125,8434.599609375,4072.28955078125
2026-05-29 11:00:00+00:00,23609.30078125,7563.43017578125,66362.671875,25182.390625,10459.51953125,25136.26953125,8434.599609375,4072.28955078125
2026-05-29 11:15:00+00:00,23609.30078125,7563.43017578125,66362.671875,25182.390625,10449.4501953125,25097.599609375,8434.599609375,4072.28955078125
2026-05-29 11:30:00+00:00,23609.30078125,7563.43017578125,66362.671875,25182.390625,10448.9404296875,25088.240234375,8434.599609375,4072.28955078125
2026-05-29 11:45:00+00:00,23609.30078125,7563.43017578125,66362.671875,25182.390625,10452.7197265625,25096.400390625,8434.599609375,4072.28955078125
2026-05-29 12:00:00+00:00,23609.30078125,7563.43017578125,66362.671875,25182.390625,10439.3701171875,25110.26953125,8434.599609375,4072.28955078125
2026-05-29 12:15:00+00:00,23609.30078125,7563.43017578125,66362.671875,25182.390625,10450.599609375,25110.44921875,8434.599609375,4072.28955078125
2026-05-29 12:30:00+00:00,23609.30078125,7563.43017578125,66362.671875,25182.390625,10446.33984375,25113.9296875,8434.599609375,4072.28955078125
2026-05-29 12:45:00+00:00,23609.30078125,7563.43017578125,66362.671875,25182.390625,10455.4697265625,25110.73046875,8434.599609375,4072.28955078125
2026-05-29 13:00:00+00:00,23609.30078125,7563.43017578125,66362.671875,25182.390625,10440.2001953125,25115.060546875,8434.599609375,4072.28955078125
2026-05-29 13:15:00+00:00,23609.30078125,7563.43017578125,66362.671875,25182.390625,10435.25,25081.98046875,8434.599609375,4072.28955078125
2026-05-29 13:30:00+00:00,23609.30078125,7593.39013671875,66362.671875,25182.390625,10412.1103515625,25067.720703125,8434.599609375,4072.28955078125
2026-05-29 13:45:00+00:00,23609.30078125,7596.39013671875,66362.671875,25182.390625,10414.91015625,25056.630859375,8434.599609375,4072.28955078125
2026-05-29 14:00:00+00:00,23609.30078125,7590.35009765625,66362.671875,25182.390625,10418.849609375,25066.740234375,8434.599609375,4072.28955078125
2026-05-29 14:15:00+00:00,23609.30078125,7583.740234375,66362.671875,25182.390625,10431.830078125,25081.849609375,8434.599609375,4072.28955078125
2026-05-29 14:30:00+00:00,23609.30078125,7568.52978515625,66362.671875,25182.390625,10445.509765625,25089.69921875,8434.599609375,4072.28955078125
2026-05-29 14:45:00+00:00,23609.30078125,7577.66015625,66362.671875,25182.390625,10452.2197265625,25153.69921875,8434.599609375,4072.28955078125
2026-05-29 15:00:00+00:00,23609.30078125,7591.02978515625,66362.671875,25182.390625,10456.6298828125,25193.51953125,8434.599609375,4072.28955078125
2026-05-29 15:15:00+00:00,23609.30078125,7587.16015625,66362.671875,25182.390625,10416.0703125,25123.970703125,8434.599609375,4072.28955078125
2026-05-29 15:30:00+00:00,23609.30078125,7584.3798828125,66362.671875,25182.390625,10416.0703125,25123.970703125,8434.599609375,4072.28955078125
2026-05-29 15:45:00+00:00,23609.30078125,7581.2001953125,66362.671875,25182.390625,10416.0703125,25123.970703125,8434.599609375,4072.28955078125
2026-05-29 16:00:00+00:00,23609.30078125,7590.7001953125,66362.671875,25182.390625,10416.0703125,25123.970703125,8434.599609375,4072.28955078125
2026-05-29 16:15:00+00:00,23609.30078125,7584.35986328125,66362.671875,25182.390625,10416.0703125,25123.970703125,8434.599609375,4072.28955078125
2026-05-29 16:30:00+00:00,23609.30078125,7591.9501953125,66362.671875,25182.390625,10416.0703125,25123.970703125,8434.599609375,4072.28955078125
2026-05-29 16:45:00+00:00,23609.30078125,7585.6201171875,66362.671875,25182.390625,10416.0703125,25123.970703125,8434.599609375,4072.28955078125
2026-05-29 17:00:00+00:00,23609.30078125,7584.43017578125,66362.671875,25182.390625,10416.0703125,25123.970703125,8434.599609375,4072.28955078125
2026-05-29 17:15:00+00:00,23609.30078125,7583.31982421875,66362.671875,25182.390625,10416.0703125,25123.970703125,8434.599609375,4072.28955078125
2026-05-29 17:30:00+00:00,23609.30078125,7577.669921875,66362.671875,25182.390625,10416.0703125,25123.970703125,8434.599609375,4072.28955078125
2026-05-29 17:45:00+00:00,23609.30078125,7569.919921875,66362.671875,25182.390625,10416.0703125,25123.970703125,8434.599609375,4072.28955078125
2026-05-29 18:00:00+00:00,23609.30078125,7574.39013671875,66362.671875,25182.390625,10416.0703125,25123.970703125,8434.599609375,4072.28955078125
2026-05-29 18:15:00+00:00,23609.30078125,7580.60986328125,66362.671875,25182.390625,10416.0703125,25123.970703125,8434.599609375,4072.28955078125
2026-05-29 18:30:00+00:00,23609.30078125,7581.64013671875,66362.671875,25182.390625,10416.0703125,25123.970703125,8434.599609375,4072.28955078125
2026-05-29 18:45:00+00:00,23609.30078125,7572.0,66362.671875,25182.390625,10416.0703125,25123.970703125,8434.599609375,4072.28955078125
2026-05-29 19:00:00+00:00,23609.30078125,7581.27001953125,66362.671875,25182.390625,10416.0703125,25123.970703125,8434.599609375,4072.28955078125
2026-05-29 19:15:00+00:00,23609.30078125,7586.0498046875,66362.671875,25182.390625,10416.0703125,25123.970703125,8434.599609375,4072.28955078125
2026-05-29 19:30:00+00:00,23609.30078125,7589.9501953125,66362.671875,25182.390625,10416.0703125,25123.970703125,8434.599609375,4072.28955078125
2026-05-29 19:45:00+00:00,23609.30078125,7581.25,66362.671875,25182.390625,10416.0703125,25123.970703125,8434.599609375,4072.28955078125
2026-06-01 00:00:00+00:00,23609.30078125,7581.25,66612.359375,25182.390625,10416.0703125,25123.970703125,8587.080078125,4072.28955078125
2026-06-01 00:15:00+00:00,23609.30078125,7581.25,66550.9375,25182.390625,10416.0703125,25123.970703125,8628.8095703125,4072.28955078125
2026-06-01 00:30:00+00:00,23609.30078125,7581.25,66799.7109375,25182.390625,10416.0703125,25123.970703125,8689.419921875,4072.28955078125
2026-06-01 00:45:00+00:00,23609.30078125,7581.25,66810.3671875,25182.390625,10416.0703125,25123.970703125,8672.169921875,4072.28955078125
2026-06-01 01:00:00+00:00,23609.30078125,7581.25,67043.203125,25182.390625,10416.0703125,25123.970703125,8715.6298828125,4072.28955078125
2026-06-01 01:15:00+00:00,23609.30078125,7581.25,67102.890625,25182.390625,10416.0703125,25123.970703125,8747.1103515625,4072.28955078125
2026-06-01 01:30:00+00:00,23609.30078125,7581.25,66973.09375,25360.599609375,10416.0703125,25123.970703125,8795.2001953125,4067.5888671875
2026-06-01 01:45:00+00:00,23609.30078125,7581.25,67039.2890625,25322.890625,10416.0703125,25123.970703125,8837.2900390625,4084.2509765625
2026-06-01 02:00:00+00:00,23609.30078125,7581.25,67051.0703125,25354.51953125,10416.0703125,25123.970703125,8850.3896484375,4087.328125
2026-06-01 02:15:00+00:00,23609.30078125,7581.25,67044.890625,25462.640625,10416.0703125,25123.970703125,8866.6396484375,4084.1455078125
2026-06-01 02:30:00+00:00,23609.30078125,7581.25,67038.2421875,25407.58984375,10416.0703125,25123.970703125,8847.7900390625,4073.424560546875
2026-06-01 02:45:00+00:00,23609.30078125,7581.25,67038.2421875,25339.900390625,10416.0703125,25123.970703125,8849.1904296875,4061.719970703125
2026-06-01 03:00:00+00:00,23609.30078125,7581.25,67038.2421875,25295.55078125,10416.0703125,25123.970703125,8864.3603515625,4050.9619140625
2026-06-01 03:15:00+00:00,23609.30078125,7581.25,67038.2421875,25361.30078125,10416.0703125,25123.970703125,8860.5302734375,4062.715087890625
2026-06-01 03:30:00+00:00,23609.30078125,7581.25,66746.53125,25388.19921875,10416.0703125,25123.970703125,8835.83984375,4063.721923828125
2026-06-01 03:45:00+00:00,23592.94921875,7581.25,66709.2734375,25402.880859375,10416.0703125,25123.970703125,8820.2197265625,4063.721923828125
2026-06-01 04:00:00+00:00,23576.150390625,7581.25,66807.1875,25402.80078125,10416.0703125,25123.970703125,8850.080078125,4063.721923828125
2026-06-01 04:15:00+00:00,23561.80078125,7581.25,66802.90625,25402.80078125,10416.0703125,25123.970703125,8848.9404296875,4063.721923828125
2026-06-01 04:30:00+00:00,23553.150390625,7581.25,66865.8125,25402.80078125,10416.0703125,25123.970703125,8855.080078125,4063.721923828125
2026-06-01 04:45:00+00:00,23539.849609375,7581.25,66886.578125,25402.80078125,10416.0703125,25123.970703125,8863.73046875,4063.721923828125
2026-06-01 05:00:00+00:00,23538.25,7581.25,66888.890625,25419.880859375,10416.0703125,25123.970703125,8834.3701171875,4075.580810546875
2026-06-01 05:15:00+00:00,23569.75,7581.25,66655.1171875,25375.599609375,10416.0703125,25123.970703125,8739.76953125,4064.99609375
2026-06-01 05:30:00+00:00,23606.19921875,7581.25,66854.9765625,25374.9609375,10416.0703125,25123.970703125,8810.0498046875,4062.047119140625
2026-06-01 05:45:00+00:00,23559.150390625,7581.25,66957.6171875,25407.76953125,10416.0703125,25123.970703125,8820.0595703125,4065.56396484375
2026-06-01 06:00:00+00:00,23550.0,7581.25,67068.5078125,25389.880859375,10416.0703125,25123.970703125,8820.0595703125,4060.5224609375
2026-06-01 06:15:00+00:00,23493.75,7581.25,67010.9296875,25383.849609375,10416.0703125,25123.970703125,8820.0595703125,4058.51171875
2026-06-01 06:30:00+00:00,23530.0,7581.25,67010.9296875,25396.51953125,10416.0703125,25123.970703125,8820.0595703125,4053.9990234375
2026-06-01 06:45:00+00:00,23516.94921875,7581.25,67010.9296875,25445.01953125,10416.0703125,25123.970703125,8820.0595703125,4057.711669921875
2026-06-01 07:00:00+00:00,23515.849609375,7581.25,67010.9296875,25433.419921875,10382.4296875,25129.189453125,8820.0595703125,4057.711669921875
2026-06-01 07:15:00+00:00,23513.44921875,7581.25,67010.9296875,25426.759765625,10377.3603515625,25119.9296875,8820.0595703125,4057.711669921875
2026-06-01 07:30:00+00:00,23460.650390625,7581.25,67010.9296875,25381.69921875,10380.9296875,25101.080078125,8820.0595703125,4057.711669921875
2026-06-01 07:45:00+00:00,23483.5,7581.25,67010.9296875,25423.529296875,10391.08984375,25132.439453125,8820.0595703125,4057.711669921875
2026-06-01 08:00:00+00:00,23482.94921875,7581.25,67010.9296875,25398.1796875,10395.16015625,25154.369140625,8820.0595703125,4057.711669921875
2026-06-01 08:15:00+00:00,23456.30078125,7581.25,67010.9296875,25398.1796875,10386.7900390625,25143.6796875,8820.0595703125,4057.711669921875
2026-06-01 08:30:00+00:00,23416.94921875,7581.25,67010.9296875,25398.1796875,10391.240234375,25149.759765625,8820.0595703125,4057.711669921875
2026-06-01 08:45:00+00:00,23395.0,7581.25,67010.9296875,25398.1796875,10387.6396484375,25149.150390625,8820.0595703125,4057.711669921875
2026-06-01 09:00:00+00:00,23416.30078125,7581.25,67010.9296875,25398.1796875,10392.76953125,25195.4609375,8820.0595703125,4057.711669921875
2026-06-01 09:15:00+00:00,23373.69921875,7581.25,67010.9296875,25398.1796875,10398.0,25207.599609375,8820.0595703125,4057.711669921875
2026-06-01 09:30:00+00:00,23389.25,7581.25,67010.9296875,25398.1796875,10388.6396484375,25163.310546875,8820.0595703125,4057.711669921875
2026-06-01 09:45:00+00:00,23379.19921875,7581.25,67010.9296875,25398.1796875,10385.830078125,25139.01953125,8820.0595703125,4057.711669921875
2026-06-01 10:00:00+00:00,23379.19921875,7581.25,67010.9296875,25398.1796875,10394.51953125,25171.130859375,8820.0595703125,4057.711669921875
2026-06-01 10:15:00+00:00,23379.19921875,7581.25,67010.9296875,25398.1796875,10398.08984375,25189.029296875,8820.0595703125,4057.711669921875
2026-06-01 10:30:00+00:00,23379.19921875,7581.25,67010.9296875,25398.1796875,10392.3896484375,25205.140625,8820.0595703125,4057.711669921875
2026-06-01 10:45:00+00:00,23379.19921875,7581.25,67010.9296875,25398.1796875,10391.7998046875,25210.630859375,8820.0595703125,4057.711669921875
2026-06-01 11:00:00+00:00,23379.19921875,7581.25,67010.9296875,25398.1796875,10385.849609375,25188.109375,8820.0595703125,4057.711669921875
2026-06-01 11:15:00+00:00,23379.19921875,7581.25,67010.9296875,25398.1796875,10391.5703125,25196.51953125,8820.0595703125,4057.711669921875
2026-06-01 11:30:00+00:00,23379.19921875,7581.25,67010.9296875,25398.1796875,10408.009765625,25232.310546875,8820.0595703125,4057.711669921875
2026-06-01 11:45:00+00:00,23379.19921875,7581.25,67010.9296875,25398.1796875,10395.8203125,25235.529296875,8820.0595703125,4057.711669921875
2026-06-01 12:00:00+00:00,23379.19921875,7581.25,67010.9296875,25398.1796875,10380.759765625,25224.19921875,8820.0595703125,4057.711669921875
2026-06-01 12:15:00+00:00,23379.19921875,7581.25,67010.9296875,25398.1796875,10387.7998046875,25252.470703125,8820.0595703125,4057.711669921875
2026-06-01 12:30:00+00:00,23379.19921875,7581.25,67010.9296875,25398.1796875,10383.330078125,25281.30078125,8820.0595703125,4057.711669921875
2026-06-01 12:45:00+00:00,23379.19921875,7581.25,67010.9296875,25398.1796875,10388.5498046875,25265.66015625,8820.0595703125,4057.711669921875
2026-06-01 13:00:00+00:00,23379.19921875,7581.25,67010.9296875,25398.1796875,10337.48046875,25053.369140625,8820.0595703125,4057.711669921875
2026-06-01 13:15:00+00:00,23379.19921875,7581.25,67010.9296875,25398.1796875,10324.1298828125,25017.91015625,8820.0595703125,4057.711669921875
2026-06-01 13:30:00+00:00,23379.19921875,7579.240234375,67010.9296875,25398.1796875,10325.5498046875,25011.140625,8820.0595703125,4057.711669921875
2026-06-01 13:45:00+00:00,23379.19921875,7572.259765625,67010.9296875,25398.1796875,10316.7900390625,24930.76953125,8820.0595703125,4057.711669921875
2026-06-01 14:00:00+00:00,23379.19921875,7576.580078125,67010.9296875,25398.1796875,10323.580078125,24985.990234375,8820.0595703125,4057.711669921875
2026-06-01 14:15:00+00:00,23379.19921875,7575.56005859375,67010.9296875,25398.1796875,10319.5703125,24960.669921875,8820.0595703125,4057.711669921875
2026-06-01 14:30:00+00:00,23379.19921875,7575.2998046875,67010.9296875,25398.1796875,10310.080078125,24967.009765625,8820.0595703125,4057.711669921875
2026-06-01 14:45:00+00:00,23379.19921875,7573.580078125,67010.9296875,25398.1796875,10292.830078125,24920.970703125,8820.0595703125,4057.711669921875
2026-06-01 15:00:00+00:00,23379.19921875,7576.3798828125,67010.9296875,25398.1796875,10313.2900390625,24982.490234375,8820.0595703125,4057.711669921875
2026-06-01 15:15:00+00:00,23379.19921875,7579.0400390625,67010.9296875,25398.1796875,10324.23046875,24995.859375,8820.0595703125,4057.711669921875
2026-06-01 15:30:00+00:00,23379.19921875,7589.830078125,67010.9296875,25398.1796875,10324.23046875,24995.859375,8820.0595703125,4057.711669921875
2026-06-01 15:45:00+00:00,23379.19921875,7583.89990234375,67010.9296875,25398.1796875,10324.23046875,24995.859375,8820.0595703125,4057.711669921875
2026-06-01 16:00:00+00:00,23379.19921875,7582.3701171875,67010.9296875,25398.1796875,10324.23046875,24995.859375,8820.0595703125,4057.711669921875
2026-06-01 16:15:00+00:00,23379.19921875,7585.0400390625,67010.9296875,25398.1796875,10324.23046875,24995.859375,8820.0595703125,4057.711669921875
2026-06-01 16:30:00+00:00,23379.19921875,7587.89990234375,67010.9296875,25398.1796875,10324.23046875,24995.859375,8820.0595703125,4057.711669921875
2026-06-01 16:45:00+00:00,23379.19921875,7597.27001953125,67010.9296875,25398.1796875,10324.23046875,24995.859375,8820.0595703125,4057.711669921875
2026-06-01 17:00:00+00:00,23379.19921875,7590.33984375,67010.9296875,25398.1796875,10324.23046875,24995.859375,8820.0595703125,4057.711669921875
2026-06-01 17:15:00+00:00,23379.19921875,7600.35986328125,67010.9296875,25398.1796875,10324.23046875,24995.859375,8820.0595703125,4057.711669921875
2026-06-01 17:30:00+00:00,23379.19921875,7611.5,67010.9296875,25398.1796875,10324.23046875,24995.859375,8820.0595703125,4057.711669921875
2026-06-01 17:45:00+00:00,23379.19921875,7612.89990234375,67010.9296875,25398.1796875,10324.23046875,24995.859375,8820.0595703125,4057.711669921875
2026-06-01 18:00:00+00:00,23379.19921875,7610.52001953125,67010.9296875,25398.1796875,10324.23046875,24995.859375,8820.0595703125,4057.711669921875
2026-06-01 18:15:00+00:00,23379.19921875,7615.7001953125,67010.9296875,25398.1796875,10324.23046875,24995.859375,8820.0595703125,4057.711669921875
2026-06-01 18:30:00+00:00,23379.19921875,7615.740234375,67010.9296875,25398.1796875,10324.23046875,24995.859375,8820.0595703125,4057.711669921875
2026-06-01 18:45:00+00:00,23379.19921875,7612.47998046875,67010.9296875,25398.1796875,10324.23046875,24995.859375,8820.0595703125,4057.711669921875
2026-06-01 19:00:00+00:00,23379.19921875,7611.830078125,67010.9296875,25398.1796875,10324.23046875,24995.859375,8820.0595703125,4057.711669921875
2026-06-01 19:15:00+00:00,23379.19921875,7613.5498046875,67010.9296875,25398.1796875,10324.23046875,24995.859375,8820.0595703125,4057.711669921875
2026-06-01 19:30:00+00:00,23379.19921875,7606.9501953125,67010.9296875,25398.1796875,10324.23046875,24995.859375,8820.0595703125,4057.711669921875
2026-06-01 19:45:00+00:00,23379.19921875,7600.25,67010.9296875,25398.1796875,10324.23046875,24995.859375,8820.0595703125,4057.711669921875
2026-06-02 00:00:00+00:00,23379.19921875,7600.25,66637.9765625,25398.1796875,10324.23046875,24995.859375,8768.3203125,4057.711669921875
2026-06-02 00:15:00+00:00,23379.19921875,7600.25,66460.328125,25398.1796875,10324.23046875,24995.859375,8715.9501953125,4057.711669921875
2026-06-02 00:30:00+00:00,23379.19921875,7600.25,66271.9375,25398.1796875,10324.23046875,24995.859375,8753.3203125,4057.711669921875
2026-06-02 00:45:00+00:00,23379.19921875,7600.25,66017.3671875,25398.1796875,10324.23046875,24995.859375,8534.8203125,4057.711669921875
2026-06-02 01:00:00+00:00,23379.19921875,7600.25,66272.59375,25398.1796875,10324.23046875,24995.859375,8660.4501953125,4057.711669921875
2026-06-02 01:15:00+00:00,23379.19921875,7600.25,66350.328125,25398.1796875,10324.23046875,24995.859375,8673.5302734375,4057.711669921875
2026-06-02 01:30:00+00:00,23379.19921875,7600.25,66066.6484375,25447.359375,10324.23046875,24995.859375,8626.2197265625,4051.65478515625
2026-06-02 01:45:00+00:00,23379.19921875,7600.25,65769.4609375,25465.150390625,10324.23046875,24995.859375,8549.1796875,4043.225830078125
2026-06-02 02:00:00+00:00,23379.19921875,7600.25,65732.359375,25695.94921875,10324.23046875,24995.859375,8548.2802734375,4046.421875
2026-06-02 02:15:00+00:00,23379.19921875,7600.25,65838.96875,25765.7109375,10324.23046875,24995.859375,8591.2099609375,4058.44091796875
2026-06-02 02:30:00+00:00,23379.19921875,7600.25,65833.4921875,25750.220703125,10324.23046875,24995.859375,8657.0703125,4056.364990234375
2026-06-02 02:45:00+00:00,23379.19921875,7600.25,65833.4921875,25719.740234375,10324.23046875,24995.859375,8642.990234375,4060.74365234375
2026-06-02 03:00:00+00:00,23379.19921875,7600.25,65833.4921875,25655.3203125,10324.23046875,24995.859375,8588.5400390625,4053.45556640625
2026-06-02 03:15:00+00:00,23379.19921875,7600.25,65833.4921875,25656.41015625,10324.23046875,24995.859375,8550.3798828125,4055.6865234375
2026-06-02 03:30:00+00:00,23379.19921875,7600.25,65886.7578125,25679.4296875,10324.23046875,24995.859375,8579.4599609375,4056.2421875
2026-06-02 03:45:00+00:00,23279.55078125,7600.25,65894.4296875,25767.69921875,10324.23046875,24995.859375,8596.3095703125,4056.2421875
2026-06-02 04:00:00+00:00,23301.849609375,7600.25,65941.953125,25768.869140625,10324.23046875,24995.859375,8595.73046875,4056.2421875
2026-06-02 04:15:00+00:00,23315.19921875,7600.25,66131.9375,25768.869140625,10324.23046875,24995.859375,8603.7998046875,4056.2421875
2026-06-02 04:30:00+00:00,23281.44921875,7600.25,66088.84375,25768.869140625,10324.23046875,24995.859375,8598.490234375,4056.2421875
2026-06-02 04:45:00+00:00,23369.599609375,7600.25,66296.046875,25768.869140625,10324.23046875,24995.859375,8685.8701171875,4056.2421875
2026-06-02 05:00:00+00:00,23352.44921875,7600.25,66431.3984375,25842.580078125,10324.23046875,24995.859375,8680.8896484375,4070.946044921875
2026-06-02 05:15:00+00:00,23300.349609375,7600.25,66570.96875,25865.259765625,10324.23046875,24995.859375,8730.080078125,4083.615478515625
2026-06-02 05:30:00+00:00,23310.30078125,7600.25,66709.7421875,25856.69921875,10324.23046875,24995.859375,8833.41015625,4076.164306640625
2026-06-02 05:45:00+00:00,23340.30078125,7600.25,66620.53125,25862.48046875,10324.23046875,24995.859375,8781.1396484375,4079.436767578125
2026-06-02 06:00:00+00:00,23298.0,7600.25,66631.53125,25861.220703125,10324.23046875,24995.859375,8781.1396484375,4066.58984375
2026-06-02 06:15:00+00:00,23283.5,7600.25,66672.6484375,25898.029296875,10324.23046875,24995.859375,8781.1396484375,4076.060302734375
2026-06-02 06:30:00+00:00,23279.80078125,7600.25,66672.6484375,25958.76953125,10324.23046875,24995.859375,8781.1396484375,4075.547607421875
2026-06-02 06:45:00+00:00,23274.849609375,7600.25,66672.6484375,25946.390625,10324.23046875,24995.859375,8781.1396484375,4076.43115234375
2026-06-02 07:00:00+00:00,23371.55078125,7600.25,66672.6484375,25949.30078125,10361.1904296875,25227.5390625,8781.1396484375,4076.43115234375
2026-06-02 07:15:00+00:00,23457.94921875,7600.25,66672.6484375,25973.69921875,10363.2001953125,25223.169921875,8781.1396484375,4076.43115234375
2026-06-02 07:30:00+00:00,23473.75,7600.25,66672.6484375,26038.01953125,10382.2001953125,25268.130859375,8781.1396484375,4076.43115234375
2026-06-02 07:45:00+00:00,23502.94921875,7600.25,66672.6484375,26036.66015625,10389.7802734375,25320.990234375,8781.1396484375,4076.43115234375
2026-06-02 08:00:00+00:00,23500.349609375,7600.25,66672.6484375,26038.3203125,10389.5498046875,25324.380859375,8781.1396484375,4076.43115234375
2026-06-02 08:15:00+00:00,23514.80078125,7600.25,66672.6484375,26038.3203125,10378.73046875,25275.7890625,8781.1396484375,4076.43115234375
2026-06-02 08:30:00+00:00,23539.5,7600.25,66672.6484375,26038.3203125,10372.1103515625,25268.80078125,8781.1396484375,4076.43115234375
2026-06-02 08:45:00+00:00,23516.69921875,7600.25,66672.6484375,26038.3203125,10380.4697265625,25264.0390625,8781.1396484375,4076.43115234375
2026-06-02 09:00:00+00:00,23453.0,7600.25,66672.6484375,26038.3203125,10379.48046875,25266.9609375,8781.1396484375,4076.43115234375
2026-06-02 09:15:00+00:00,23441.19921875,7600.25,66672.6484375,26038.3203125,10372.6904296875,25246.2890625,8781.1396484375,4076.43115234375
2026-06-02 09:30:00+00:00,23490.0,7600.25,66672.6484375,26038.3203125,10367.7900390625,25234.240234375,8781.1396484375,4076.43115234375
2026-06-02 09:45:00+00:00,23520.69921875,7600.25,66672.6484375,26038.3203125,10375.9404296875,25247.720703125,8781.1396484375,4076.43115234375
2026-06-02 10:00:00+00:00,23520.69921875,7600.25,66672.6484375,26038.3203125,10369.5400390625,25256.099609375,8781.1396484375,4076.43115234375
2026-06-02 10:15:00+00:00,23520.69921875,7600.25,66672.6484375,26038.3203125,10375.7197265625,25260.16015625,8781.1396484375,4076.43115234375
2026-06-02 10:30:00+00:00,23520.69921875,7600.25,66672.6484375,26038.3203125,10379.5595703125,25253.849609375,8781.1396484375,4076.43115234375
2026-06-02 10:45:00+00:00,23520.69921875,7600.25,66672.6484375,26038.3203125,10373.7998046875,25235.01953125,8781.1396484375,4076.43115234375
2026-06-02 11:00:00+00:00,23520.69921875,7600.25,66672.6484375,26038.3203125,10369.419921875,25210.83984375,8781.1396484375,4076.43115234375
2026-06-02 11:15:00+00:00,23520.69921875,7600.25,66672.6484375,26038.3203125,10377.419921875,25220.66015625,8781.1396484375,4076.43115234375
2026-06-02 11:30:00+00:00,23520.69921875,7600.25,66672.6484375,26038.3203125,10371.91015625,25191.91015625,8781.1396484375,4076.43115234375
2026-06-02 11:45:00+00:00,23520.69921875,7600.25,66672.6484375,26038.3203125,10365.73046875,25210.05078125,8781.1396484375,4076.43115234375
2026-06-02 12:00:00+00:00,23520.69921875,7600.25,66672.6484375,26038.3203125,10365.5400390625,25207.880859375,8781.1396484375,4076.43115234375
2026-06-02 12:15:00+00:00,23520.69921875,7600.25,66672.6484375,26038.3203125,10357.1201171875,25192.119140625,8781.1396484375,4076.43115234375
2026-06-02 12:30:00+00:00,23520.69921875,7600.25,66672.6484375,26038.3203125,10349.349609375,25174.650390625,8781.1396484375,4076.43115234375
2026-06-02 12:45:00+00:00,23520.69921875,7600.25,66672.6484375,26038.3203125,10354.51953125,25145.880859375,8781.1396484375,4076.43115234375
2026-06-02 13:00:00+00:00,23520.69921875,7600.25,66672.6484375,26038.3203125,10340.6201171875,25114.05078125,8781.1396484375,4076.43115234375
2026-06-02 13:15:00+00:00,23520.69921875,7600.25,66672.6484375,26038.3203125,10333.9501953125,25120.369140625,8781.1396484375,4076.43115234375
2026-06-02 13:30:00+00:00,23520.69921875,7589.58984375,66672.6484375,26038.3203125,10353.98046875,25109.8203125,8781.1396484375,4076.43115234375
2026-06-02 13:45:00+00:00,23520.69921875,7593.06005859375,66672.6484375,26038.3203125,10339.98046875,25074.560546875,8781.1396484375,4076.43115234375
2026-06-02 14:00:00+00:00,23520.69921875,7599.14990234375,66672.6484375,26038.3203125,10355.41015625,25112.5390625,8781.1396484375,4076.43115234375
2026-06-02 14:15:00+00:00,23520.69921875,7594.56982421875,66672.6484375,26038.3203125,10360.2998046875,25081.48046875,8781.1396484375,4076.43115234375
2026-06-02 14:30:00+00:00,23520.69921875,7605.9501953125,66672.6484375,26038.3203125,10373.7998046875,25118.939453125,8781.1396484375,4076.43115234375
2026-06-02 14:45:00+00:00,23520.69921875,7614.22021484375,66672.6484375,26038.3203125,10371.23046875,25107.80078125,8781.1396484375,4076.43115234375
2026-06-02 15:00:00+00:00,23520.69921875,7616.72998046875,66672.6484375,26038.3203125,10365.0302734375,25091.330078125,8781.1396484375,4076.43115234375
2026-06-02 15:15:00+00:00,23520.69921875,7615.93017578125,66672.6484375,26038.3203125,10376.23046875,25117.08984375,8781.1396484375,4076.43115234375
2026-06-02 15:30:00+00:00,23520.69921875,7613.9599609375,66672.6484375,26038.3203125,10376.23046875,25117.08984375,8781.1396484375,4076.43115234375
2026-06-02 15:45:00+00:00,23520.69921875,7613.97998046875,66672.6484375,26038.3203125,10376.23046875,25117.08984375,8781.1396484375,4076.43115234375
2026-06-02 16:00:00+00:00,23520.69921875,7615.7099609375,66672.6484375,26038.3203125,10376.23046875,25117.08984375,8781.1396484375,4076.43115234375
2026-06-02 16:15:00+00:00,23520.69921875,7610.64990234375,66672.6484375,26038.3203125,10376.23046875,25117.08984375,8781.1396484375,4076.43115234375
2026-06-02 16:30:00+00:00,23520.69921875,7610.0400390625,66672.6484375,26038.3203125,10376.23046875,25117.08984375,8781.1396484375,4076.43115234375
2026-06-02 16:45:00+00:00,23520.69921875,7615.7099609375,66672.6484375,26038.3203125,10376.23046875,25117.08984375,8781.1396484375,4076.43115234375
2026-06-02 17:00:00+00:00,23520.69921875,7615.5,66672.6484375,26038.3203125,10376.23046875,25117.08984375,8781.1396484375,4076.43115234375
2026-06-02 17:15:00+00:00,23520.69921875,7606.27978515625,66672.6484375,26038.3203125,10376.23046875,25117.08984375,8781.1396484375,4076.43115234375
2026-06-02 17:30:00+00:00,23520.69921875,7607.16015625,66672.6484375,26038.3203125,10376.23046875,25117.08984375,8781.1396484375,4076.43115234375
2026-06-02 17:45:00+00:00,23520.69921875,7604.91015625,66672.6484375,26038.3203125,10376.23046875,25117.08984375,8781.1396484375,4076.43115234375
2026-06-02 18:00:00+00:00,23520.69921875,7606.89013671875,66672.6484375,26038.3203125,10376.23046875,25117.08984375,8781.1396484375,4076.43115234375
2026-06-02 18:15:00+00:00,23520.69921875,7606.31982421875,66672.6484375,26038.3203125,10376.23046875,25117.08984375,8781.1396484375,4076.43115234375
2026-06-02 18:30:00+00:00,23520.69921875,7604.85009765625,66672.6484375,26038.3203125,10376.23046875,25117.08984375,8781.1396484375,4076.43115234375
2026-06-02 18:45:00+00:00,23520.69921875,7606.56982421875,66672.6484375,26038.3203125,10376.23046875,25117.08984375,8781.1396484375,4076.43115234375
2026-06-02 19:00:00+00:00,23520.69921875,7608.4599609375,66672.6484375,26038.3203125,10376.23046875,25117.08984375,8781.1396484375,4076.43115234375
2026-06-02 19:15:00+00:00,23520.69921875,7609.6298828125,66672.6484375,26038.3203125,10376.23046875,25117.08984375,8781.1396484375,4076.43115234375
2026-06-02 19:30:00+00:00,23520.69921875,7608.330078125,66672.6484375,26038.3203125,10376.23046875,25117.08984375,8781.1396484375,4076.43115234375
2026-06-02 19:45:00+00:00,23520.69921875,7610.509765625,66672.6484375,26038.3203125,10376.23046875,25117.08984375,8781.1396484375,4076.43115234375
2026-06-03 00:00:00+00:00,23520.69921875,7610.509765625,67487.171875,26038.3203125,10376.23046875,25117.08984375,8781.1396484375,4076.43115234375
2026-06-03 00:15:00+00:00,23520.69921875,7610.509765625,67807.2265625,26038.3203125,10376.23046875,25117.08984375,8781.1396484375,4076.43115234375
2026-06-03 00:30:00+00:00,23520.69921875,7610.509765625,68003.546875,26038.3203125,10376.23046875,25117.08984375,8781.1396484375,4076.43115234375
2026-06-03 00:45:00+00:00,23520.69921875,7610.509765625,68242.640625,26038.3203125,10376.23046875,25117.08984375,8781.1396484375,4076.43115234375
2026-06-03 01:00:00+00:00,23520.69921875,7610.509765625,68172.9921875,26038.3203125,10376.23046875,25117.08984375,8781.1396484375,4076.43115234375
2026-06-03 01:15:00+00:00,23520.69921875,7610.509765625,68186.6171875,26038.3203125,10376.23046875,25117.08984375,8781.1396484375,4076.43115234375
2026-06-03 01:30:00+00:00,23520.69921875,7610.509765625,68211.46875,25788.650390625,10376.23046875,25117.08984375,8781.1396484375,4074.61669921875
2026-06-03 01:45:00+00:00,23520.69921875,7610.509765625,68272.78125,25742.41015625,10376.23046875,25117.08984375,8781.1396484375,4085.715087890625
2026-06-03 02:00:00+00:00,23520.69921875,7610.509765625,68393.7890625,25683.720703125,10376.23046875,25117.08984375,8781.1396484375,4074.158447265625
2026-06-03 02:15:00+00:00,23520.69921875,7610.509765625,68434.0234375,25698.91015625,10376.23046875,25117.08984375,8781.1396484375,4082.179443359375
2026-06-03 02:30:00+00:00,23520.69921875,7610.509765625,68452.453125,25629.359375,10376.23046875,25117.08984375,8781.1396484375,4090.690185546875
2026-06-03 02:45:00+00:00,23520.69921875,7610.509765625,68452.453125,25627.029296875,10376.23046875,25117.08984375,8781.1396484375,4089.220458984375
2026-06-03 03:00:00+00:00,23520.69921875,7610.509765625,68452.453125,25613.9609375,10376.23046875,25117.08984375,8781.1396484375,4096.65087890625
2026-06-03 03:15:00+00:00,23520.69921875,7610.509765625,68452.453125,25603.740234375,10376.23046875,25117.08984375,8781.1396484375,4097.6318359375
2026-06-03 03:30:00+00:00,23520.69921875,7610.509765625,68714.9296875,25586.080078125,10376.23046875,25117.08984375,8781.1396484375,4097.9404296875
2026-06-03 03:45:00+00:00,23292.69921875,7610.509765625,68591.5234375,25599.23046875,10376.23046875,25117.08984375,8781.1396484375,4097.9404296875
2026-06-03 04:00:00+00:00,23268.94921875,7610.509765625,68670.2265625,25599.9609375,10376.23046875,25117.08984375,8781.1396484375,4097.9404296875
2026-06-03 04:15:00+00:00,23252.650390625,7610.509765625,68759.5,25599.9609375,10376.23046875,25117.08984375,8781.1396484375,4097.9404296875
2026-06-03 04:30:00+00:00,23240.5,7610.509765625,68665.03125,25599.9609375,10376.23046875,25117.08984375,8781.1396484375,4097.9404296875
2026-06-03 04:45:00+00:00,23246.30078125,7610.509765625,68570.203125,25599.9609375,10376.23046875,25117.08984375,8781.1396484375,4097.9404296875
2026-06-03 05:00:00+00:00,23227.150390625,7610.509765625,68656.2265625,25638.900390625,10376.23046875,25117.08984375,8781.1396484375,4091.2177734375
2026-06-03 05:15:00+00:00,23226.05078125,7610.509765625,68673.75,25601.55078125,10376.23046875,25117.08984375,8781.1396484375,4091.414794921875
2026-06-03 05:30:00+00:00,23202.849609375,7610.509765625,68713.9375,25604.259765625,10376.23046875,25117.08984375,8781.1396484375,4097.84423828125
2026-06-03 05:45:00+00:00,23215.849609375,7610.509765625,68677.9296875,25599.349609375,10376.23046875,25117.08984375,8781.1396484375,4096.521484375
2026-06-03 06:00:00+00:00,23214.19921875,7610.509765625,68571.453125,25612.060546875,10376.23046875,25117.08984375,8781.1396484375,4093.69189453125
2026-06-03 06:15:00+00:00,23192.25,7610.509765625,68465.5625,25592.880859375,10376.23046875,25117.08984375,8781.1396484375,4079.3330078125
2026-06-03 06:30:00+00:00,23180.69921875,7610.509765625,68465.5625,25620.48046875,10376.23046875,25117.08984375,8781.1396484375,4073.22119140625
2026-06-03 06:45:00+00:00,23235.44921875,7610.509765625,68465.5625,25627.330078125,10376.23046875,25117.08984375,8781.1396484375,4088.72265625
2026-06-03 07:00:00+00:00,23323.0,7610.509765625,68465.5625,25621.75,10376.66015625,24950.94921875,8781.1396484375,4088.72265625
2026-06-03 07:15:00+00:00,23283.30078125,7610.509765625,68465.5625,25614.7109375,10361.5703125,24940.609375,8781.1396484375,4088.72265625
2026-06-03 07:30:00+00:00,23298.349609375,7610.509765625,68465.5625,25615.529296875,10327.1103515625,24885.91015625,8781.1396484375,4088.72265625
2026-06-03 07:45:00+00:00,23345.0,7610.509765625,68465.5625,25651.58984375,10343.349609375,24953.390625,8781.1396484375,4088.72265625
2026-06-03 08:00:00+00:00,23320.599609375,7610.509765625,68465.5625,25633.2109375,10341.3603515625,24944.73046875,8781.1396484375,4088.72265625
2026-06-03 08:15:00+00:00,23361.099609375,7610.509765625,68465.5625,25633.2109375,10338.0703125,24927.76953125,8781.1396484375,4088.72265625
2026-06-03 08:30:00+00:00,23388.19921875,7610.509765625,68465.5625,25633.2109375,10352.1201171875,24947.9609375,8781.1396484375,4088.72265625
2026-06-03 08:45:00+00:00,23406.75,7610.509765625,68465.5625,25633.2109375,10355.73046875,24931.869140625,8781.1396484375,4088.72265625
2026-06-03 09:00:00+00:00,23439.80078125,7610.509765625,68465.5625,25633.2109375,10354.76953125,24919.310546875,8781.1396484375,4088.72265625
2026-06-03 09:15:00+00:00,23442.94921875,7610.509765625,68465.5625,25633.2109375,10344.08984375,24876.05078125,8781.1396484375,4088.72265625
2026-06-03 09:30:00+00:00,23395.849609375,7610.509765625,68465.5625,25633.2109375,10345.6103515625,24874.4609375,8781.1396484375,4088.72265625
2026-06-03 09:45:00+00:00,23396.94921875,7610.509765625,68465.5625,25633.2109375,10342.76953125,24851.08984375,8781.1396484375,4088.72265625
2026-06-03 10:00:00+00:00,23396.94921875,7610.509765625,68465.5625,25633.2109375,10351.5,24905.419921875,8781.1396484375,4088.72265625
2026-06-03 10:15:00+00:00,23396.94921875,7610.509765625,68465.5625,25633.2109375,10345.349609375,24904.19921875,8781.1396484375,4088.72265625
2026-06-03 10:30:00+00:00,23396.94921875,7610.509765625,68465.5625,25633.2109375,10330.990234375,24862.3203125,8781.1396484375,4088.72265625
2026-06-03 10:45:00+00:00,23396.94921875,7610.509765625,68465.5625,25633.2109375,10342.01953125,24876.05078125,8781.1396484375,4088.72265625
2026-06-03 11:00:00+00:00,23396.94921875,7610.509765625,68465.5625,25633.2109375,10336.8798828125,24877.189453125,8781.1396484375,4088.72265625
2026-06-03 11:15:00+00:00,23396.94921875,7610.509765625,68465.5625,25633.2109375,10344.76953125,24922.26953125,8781.1396484375,4088.72265625
2026-06-03 11:30:00+00:00,23396.94921875,7610.509765625,68465.5625,25633.2109375,10349.650390625,24922.650390625,8781.1396484375,4088.72265625
2026-06-03 11:45:00+00:00,23396.94921875,7610.509765625,68465.5625,25633.2109375,10344.1796875,24912.859375,8781.1396484375,4088.72265625
2026-06-03 12:00:00+00:00,23396.94921875,7610.509765625,68465.5625,25633.2109375,10339.7900390625,24919.359375,8781.1396484375,4088.72265625
2026-06-03 12:15:00+00:00,23396.94921875,7610.509765625,68465.5625,25633.2109375,10336.0703125,24880.759765625,8781.1396484375,4088.72265625
2026-06-03 12:30:00+00:00,23396.94921875,7610.509765625,68465.5625,25633.2109375,10338.9296875,24886.029296875,8781.1396484375,4088.72265625
2026-06-03 12:45:00+00:00,23396.94921875,7610.509765625,68465.5625,25633.2109375,10347.5302734375,24895.19921875,8781.1396484375,4088.72265625
2026-06-03 13:00:00+00:00,23396.94921875,7610.509765625,68465.5625,25633.2109375,10352.740234375,24899.140625,8781.1396484375,4088.72265625
2026-06-03 13:15:00+00:00,23396.94921875,7610.509765625,68465.5625,25633.2109375,10358.01953125,24875.029296875,8781.1396484375,4088.72265625
2026-06-03 13:30:00+00:00,23396.94921875,7579.08984375,68465.5625,25633.2109375,10355.0,24827.669921875,8781.1396484375,4088.72265625
2026-06-03 13:45:00+00:00,23396.94921875,7574.43017578125,68465.5625,25633.2109375,10360.7099609375,24865.919921875,8781.1396484375,4088.72265625
2026-06-03 14:00:00+00:00,23396.94921875,7586.2001953125,68465.5625,25633.2109375,10346.9501953125,24818.470703125,8781.1396484375,4088.72265625
2026-06-03 14:15:00+00:00,23396.94921875,7584.43017578125,68465.5625,25633.2109375,10353.099609375,24811.7890625,8781.1396484375,4088.72265625
2026-06-03 14:30:00+00:00,23396.94921875,7580.31005859375,68465.5625,25633.2109375,10337.6396484375,24772.080078125,8781.1396484375,4088.72265625
2026-06-03 14:45:00+00:00,23396.94921875,7577.2099609375,68465.5625,25633.2109375,10338.7197265625,24796.400390625,8781.1396484375,4088.72265625
2026-06-03 15:00:00+00:00,23396.94921875,7576.169921875,68465.5625,25633.2109375,10329.1396484375,24778.279296875,8781.1396484375,4088.72265625
2026-06-03 15:15:00+00:00,23396.94921875,7576.60009765625,68465.5625,25633.2109375,10341.3203125,24814.419921875,8781.1396484375,4088.72265625
2026-06-03 15:30:00+00:00,23396.94921875,7568.43994140625,68465.5625,25633.2109375,10341.3203125,24814.419921875,8781.1396484375,4088.72265625
2026-06-03 15:45:00+00:00,23396.94921875,7567.8798828125,68465.5625,25633.2109375,10341.3203125,24814.419921875,8781.1396484375,4088.72265625
2026-06-03 16:00:00+00:00,23396.94921875,7568.3798828125,68465.5625,25633.2109375,10341.3203125,24814.419921875,8781.1396484375,4088.72265625
2026-06-03 16:15:00+00:00,23396.94921875,7558.64013671875,68465.5625,25633.2109375,10341.3203125,24814.419921875,8781.1396484375,4088.72265625
2026-06-03 16:30:00+00:00,23396.94921875,7556.0,68465.5625,25633.2109375,10341.3203125,24814.419921875,8781.1396484375,4088.72265625
2026-06-03 16:45:00+00:00,23396.94921875,7567.10009765625,68465.5625,25633.2109375,10341.3203125,24814.419921875,8781.1396484375,4088.72265625
2026-06-03 17:00:00+00:00,23396.94921875,7558.2900390625,68465.5625,25633.2109375,10341.3203125,24814.419921875,8781.1396484375,4088.72265625
2026-06-03 17:15:00+00:00,23396.94921875,7562.419921875,68465.5625,25633.2109375,10341.3203125,24814.419921875,8781.1396484375,4088.72265625
2026-06-03 17:30:00+00:00,23396.94921875,7568.509765625,68465.5625,25633.2109375,10341.3203125,24814.419921875,8781.1396484375,4088.72265625
2026-06-03 17:45:00+00:00,23396.94921875,7571.81982421875,68465.5625,25633.2109375,10341.3203125,24814.419921875,8781.1396484375,4088.72265625
2026-06-03 18:00:00+00:00,23396.94921875,7568.52978515625,68465.5625,25633.2109375,10341.3203125,24814.419921875,8781.1396484375,4088.72265625
2026-06-03 18:15:00+00:00,23396.94921875,7575.7001953125,68465.5625,25633.2109375,10341.3203125,24814.419921875,8781.1396484375,4088.72265625
2026-06-03 18:30:00+00:00,23396.94921875,7573.0400390625,68465.5625,25633.2109375,10341.3203125,24814.419921875,8781.1396484375,4088.72265625
2026-06-03 18:45:00+00:00,23396.94921875,7572.0498046875,68465.5625,25633.2109375,10341.3203125,24814.419921875,8781.1396484375,4088.72265625
2026-06-03 19:00:00+00:00,23396.94921875,7566.2001953125,68465.5625,25633.2109375,10341.3203125,24814.419921875,8781.1396484375,4088.72265625
2026-06-03 19:15:00+00:00,23396.94921875,7564.3798828125,68465.5625,25633.2109375,10341.3203125,24814.419921875,8781.1396484375,4088.72265625
2026-06-03 19:30:00+00:00,23396.94921875,7568.85009765625,68465.5625,25633.2109375,10341.3203125,24814.419921875,8781.1396484375,4088.72265625
2026-06-03 19:45:00+00:00,23396.94921875,7556.81982421875,68465.5625,25633.2109375,10341.3203125,24814.419921875,8781.1396484375,4088.72265625
2026-06-04 00:00:00+00:00,23396.94921875,7556.81982421875,67481.7421875,25633.2109375,10341.3203125,24814.419921875,8624.8896484375,4088.72265625
2026-06-04 00:15:00+00:00,23396.94921875,7556.81982421875,67400.53125,25633.2109375,10341.3203125,24814.419921875,8666.4501953125,4088.72265625
2026-06-04 00:30:00+00:00,23396.94921875,7556.81982421875,67435.2578125,25633.2109375,10341.3203125,24814.419921875,8711.6396484375,4088.72265625
2026-06-04 00:45:00+00:00,23396.94921875,7556.81982421875,67264.7109375,25633.2109375,10341.3203125,24814.419921875,8671.2001953125,4088.72265625
2026-06-04 01:00:00+00:00,23396.94921875,7556.81982421875,67343.7109375,25633.2109375,10341.3203125,24814.419921875,8691.4599609375,4088.72265625
2026-06-04 01:15:00+00:00,23396.94921875,7556.81982421875,67246.7734375,25633.2109375,10341.3203125,24814.419921875,8634.73046875,4088.72265625
2026-06-04 01:30:00+00:00,23396.94921875,7556.81982421875,67121.25,25402.650390625,10341.3203125,24814.419921875,8649.2197265625,4068.468505859375
2026-06-04 01:45:00+00:00,23396.94921875,7556.81982421875,67161.203125,25386.359375,10341.3203125,24814.419921875,8627.1904296875,4077.66162109375
2026-06-04 02:00:00+00:00,23396.94921875,7556.81982421875,67030.9296875,25337.25,10341.3203125,24814.419921875,8592.83984375,4074.449462890625
2026-06-04 02:15:00+00:00,23396.94921875,7556.81982421875,67099.1328125,25322.630859375,10341.3203125,24814.419921875,8637.2197265625,4070.794921875
2026-06-04 02:30:00+00:00,23396.94921875,7556.81982421875,67101.828125,25308.55078125,10341.3203125,24814.419921875,8674.669921875,4069.41748046875
2026-06-04 02:45:00+00:00,23396.94921875,7556.81982421875,67101.828125,25308.44921875,10341.3203125,24814.419921875,8669.5498046875,4069.1083984375
2026-06-04 03:00:00+00:00,23396.94921875,7556.81982421875,67101.828125,25269.279296875,10341.3203125,24814.419921875,8698.1298828125,4067.5244140625
2026-06-04 03:15:00+00:00,23396.94921875,7556.81982421875,67101.828125,25266.490234375,10341.3203125,24814.419921875,8736.83984375,4066.2333984375
2026-06-04 03:30:00+00:00,23396.94921875,7556.81982421875,67294.9921875,25256.9296875,10341.3203125,24814.419921875,8699.7998046875,4066.555419921875
2026-06-04 03:45:00+00:00,23334.80078125,7556.81982421875,67249.078125,25275.359375,10341.3203125,24814.419921875,8720.4697265625,4066.555419921875
2026-06-04 04:00:00+00:00,23355.349609375,7556.81982421875,67398.546875,25276.01953125,10341.3203125,24814.419921875,8693.98046875,4066.555419921875
2026-06-04 04:15:00+00:00,23407.849609375,7556.81982421875,67419.9296875,25276.01953125,10341.3203125,24814.419921875,8686.51953125,4066.555419921875
2026-06-04 04:30:00+00:00,23431.349609375,7556.81982421875,67393.109375,25276.01953125,10341.3203125,24814.419921875,8707.2998046875,4066.555419921875
2026-06-04 04:45:00+00:00,23423.5,7556.81982421875,67396.2578125,25276.01953125,10341.3203125,24814.419921875,8720.1201171875,4066.555419921875
2026-06-04 05:00:00+00:00,23410.650390625,7556.81982421875,67341.9375,25273.69921875,10341.3203125,24814.419921875,8685.240234375,4064.785400390625
2026-06-04 05:15:00+00:00,23424.900390625,7556.81982421875,67432.2109375,25257.919921875,10341.3203125,24814.419921875,8698.4697265625,4063.465576171875
2026-06-04 05:30:00+00:00,23401.849609375,7556.81982421875,67489.421875,25274.05078125,10341.3203125,24814.419921875,8717.1103515625,4061.043212890625
2026-06-04 05:45:00+00:00,23392.69921875,7556.81982421875,67386.1796875,25225.69921875,10341.3203125,24814.419921875,8660.3095703125,4061.86474609375
2026-06-04 06:00:00+00:00,23443.650390625,7556.81982421875,67311.5234375,25224.779296875,10341.3203125,24814.419921875,8660.3095703125,4061.6826171875
2026-06-04 06:15:00+00:00,23419.05078125,7556.81982421875,67339.921875,25202.669921875,10341.3203125,24814.419921875,8660.3095703125,4049.870361328125
2026-06-04 06:30:00+00:00,23439.69921875,7556.81982421875,67339.921875,25239.33984375,10341.3203125,24814.419921875,8660.3095703125,4055.69140625
2026-06-04 06:45:00+00:00,23430.650390625,7556.81982421875,67339.921875,25254.08984375,10341.3203125,24814.419921875,8660.3095703125,4060.86181640625
2026-06-04 07:00:00+00:00,23385.349609375,7556.81982421875,67339.921875,25269.490234375,10331.7900390625,24878.720703125,8660.3095703125,4060.86181640625
2026-06-04 07:15:00+00:00,23415.900390625,7556.81982421875,67339.921875,25290.98046875,10350.599609375,24909.470703125,8660.3095703125,4060.86181640625
2026-06-04 07:30:00+00:00,23334.25,7556.81982421875,67339.921875,25282.470703125,10346.8603515625,24926.75,8660.3095703125,4060.86181640625
2026-06-04 07:45:00+00:00,23362.25,7556.81982421875,67339.921875,25275.94921875,10350.51953125,24946.259765625,8660.3095703125,4060.86181640625
2026-06-04 08:00:00+00:00,23361.5,7556.81982421875,67339.921875,25253.400390625,10327.1103515625,24947.69921875,8660.3095703125,4060.86181640625
2026-06-04 08:15:00+00:00,23367.900390625,7556.81982421875,67339.921875,25253.400390625,10310.0703125,24957.419921875,8660.3095703125,4060.86181640625
2026-06-04 08:30:00+00:00,23413.900390625,7556.81982421875,67339.921875,25253.400390625,10311.98046875,24934.169921875,8660.3095703125,4060.86181640625
2026-06-04 08:45:00+00:00,23419.75,7556.81982421875,67339.921875,25253.400390625,10286.919921875,24886.220703125,8660.3095703125,4060.86181640625
2026-06-04 09:00:00+00:00,23433.19921875,7556.81982421875,67339.921875,25253.400390625,10277.6298828125,24858.859375,8660.3095703125,4060.86181640625
2026-06-04 09:15:00+00:00,23415.150390625,7556.81982421875,67339.921875,25253.400390625,10278.58984375,24876.2890625,8660.3095703125,4060.86181640625
2026-06-04 09:30:00+00:00,23418.05078125,7556.81982421875,67339.921875,25253.400390625,10284.08984375,24929.169921875,8660.3095703125,4060.86181640625
2026-06-04 09:45:00+00:00,23438.0,7556.81982421875,67339.921875,25253.400390625,10294.6396484375,24963.2890625,8660.3095703125,4060.86181640625
2026-06-04 10:00:00+00:00,23438.0,7556.81982421875,67339.921875,25253.400390625,10272.830078125,24924.359375,8660.3095703125,4060.86181640625
2026-06-04 10:15:00+00:00,23438.0,7556.81982421875,67339.921875,25253.400390625,10269.3896484375,24902.060546875,8660.3095703125,4060.86181640625
2026-06-04 10:30:00+00:00,23438.0,7556.81982421875,67339.921875,25253.400390625,10246.3095703125,24890.58984375,8660.3095703125,4060.86181640625
2026-06-04 10:45:00+00:00,23438.0,7556.81982421875,67339.921875,25253.400390625,10246.0302734375,24908.76953125,8660.3095703125,4060.86181640625
2026-06-04 11:00:00+00:00,23438.0,7556.81982421875,67339.921875,25253.400390625,10265.259765625,24914.830078125,8660.3095703125,4060.86181640625
2026-06-04 11:15:00+00:00,23438.0,7556.81982421875,67339.921875,25253.400390625,10281.830078125,24940.109375,8660.3095703125,4060.86181640625
2026-06-04 11:30:00+00:00,23438.0,7556.81982421875,67339.921875,25253.400390625,10283.8701171875,24907.94921875,8660.3095703125,4060.86181640625
2026-06-04 11:45:00+00:00,23438.0,7556.81982421875,67339.921875,25253.400390625,10304.3203125,24949.689453125,8660.3095703125,4060.86181640625
2026-06-04 12:00:00+00:00,23438.0,7556.81982421875,67339.921875,25253.400390625,10294.8203125,24942.19921875,8660.3095703125,4060.86181640625
2026-06-04 12:15:00+00:00,23438.0,7556.81982421875,67339.921875,25253.400390625,10312.5595703125,24966.599609375,8660.3095703125,4060.86181640625
2026-06-04 12:30:00+00:00,23438.0,7556.81982421875,67339.921875,25253.400390625,10320.91015625,24991.69921875,8660.3095703125,4060.86181640625
2026-06-04 12:45:00+00:00,23438.0,7556.81982421875,67339.921875,25253.400390625,10325.0498046875,24975.33984375,8660.3095703125,4060.86181640625
2026-06-04 13:00:00+00:00,23438.0,7556.81982421875,67339.921875,25253.400390625,10329.98046875,24982.279296875,8660.3095703125,4060.86181640625
2026-06-04 13:15:00+00:00,23438.0,7556.81982421875,67339.921875,25253.400390625,10324.8095703125,24992.83984375,8660.3095703125,4060.86181640625
2026-06-04 13:30:00+00:00,23438.0,7534.5,67339.921875,25253.400390625,10329.5498046875,24942.76953125,8660.3095703125,4060.86181640625
2026-06-04 13:45:00+00:00,23438.0,7545.64990234375,67339.921875,25253.400390625,10340.900390625,24959.900390625,8660.3095703125,4060.86181640625
2026-06-04 14:00:00+00:00,23438.0,7548.58984375,67339.921875,25253.400390625,10341.4697265625,24968.859375,8660.3095703125,4060.86181640625
2026-06-04 14:15:00+00:00,23438.0,7554.490234375,67339.921875,25253.400390625,10339.8701171875,24936.58984375,8660.3095703125,4060.86181640625
2026-06-04 14:30:00+00:00,23438.0,7553.02978515625,67339.921875,25253.400390625,10334.5498046875,24919.51953125,8660.3095703125,4060.86181640625
2026-06-04 14:45:00+00:00,23438.0,7556.72998046875,67339.921875,25253.400390625,10337.98046875,24897.5,8660.3095703125,4060.86181640625
2026-06-04 15:00:00+00:00,23438.0,7570.77978515625,67339.921875,25253.400390625,10345.4404296875,24923.8203125,8660.3095703125,4060.86181640625
2026-06-04 15:15:00+00:00,23438.0,7573.85986328125,67339.921875,25253.400390625,10347.1201171875,24916.01953125,8660.3095703125,4060.86181640625
2026-06-04 15:30:00+00:00,23438.0,7567.22998046875,67339.921875,25253.400390625,10347.1201171875,24916.01953125,8660.3095703125,4060.86181640625
2026-06-04 15:45:00+00:00,23438.0,7567.58984375,67339.921875,25253.400390625,10347.1201171875,24916.01953125,8660.3095703125,4060.86181640625
2026-06-04 16:00:00+00:00,23438.0,7576.77001953125,67339.921875,25253.400390625,10347.1201171875,24916.01953125,8660.3095703125,4060.86181640625
2026-06-04 16:15:00+00:00,23438.0,7579.43994140625,67339.921875,25253.400390625,10347.1201171875,24916.01953125,8660.3095703125,4060.86181640625
2026-06-04 16:30:00+00:00,23438.0,7582.830078125,67339.921875,25253.400390625,10347.1201171875,24916.01953125,8660.3095703125,4060.86181640625
2026-06-04 16:45:00+00:00,23438.0,7583.18994140625,67339.921875,25253.400390625,10347.1201171875,24916.01953125,8660.3095703125,4060.86181640625
2026-06-04 17:00:00+00:00,23438.0,7583.60009765625,67339.921875,25253.400390625,10347.1201171875,24916.01953125,8660.3095703125,4060.86181640625
2026-06-04 17:15:00+00:00,23438.0,7585.830078125,67339.921875,25253.400390625,10347.1201171875,24916.01953125,8660.3095703125,4060.86181640625
2026-06-04 17:30:00+00:00,23438.0,7588.0498046875,67339.921875,25253.400390625,10347.1201171875,24916.01953125,8660.3095703125,4060.86181640625
2026-06-04 17:45:00+00:00,23438.0,7592.2099609375,67339.921875,25253.400390625,10347.1201171875,24916.01953125,8660.3095703125,4060.86181640625
2026-06-04 18:00:00+00:00,23438.0,7592.06005859375,67339.921875,25253.400390625,10347.1201171875,24916.01953125,8660.3095703125,4060.86181640625
2026-06-04 18:15:00+00:00,23438.0,7593.56982421875,67339.921875,25253.400390625,10347.1201171875,24916.01953125,8660.3095703125,4060.86181640625
2026-06-04 18:30:00+00:00,23438.0,7593.0400390625,67339.921875,25253.400390625,10347.1201171875,24916.01953125,8660.3095703125,4060.86181640625
2026-06-04 18:45:00+00:00,23438.0,7591.10986328125,67339.921875,25253.400390625,10347.1201171875,24916.01953125,8660.3095703125,4060.86181640625
2026-06-04 19:00:00+00:00,23438.0,7592.47998046875,67339.921875,25253.400390625,10347.1201171875,24916.01953125,8660.3095703125,4060.86181640625
2026-06-04 19:15:00+00:00,23438.0,7597.77978515625,67339.921875,25253.400390625,10347.1201171875,24916.01953125,8660.3095703125,4060.86181640625
2026-06-04 19:30:00+00:00,23438.0,7592.3701171875,67339.921875,25253.400390625,10347.1201171875,24916.01953125,8660.3095703125,4060.86181640625
2026-06-04 19:45:00+00:00,23438.0,7584.81982421875,67339.921875,25253.400390625,10347.1201171875,24916.01953125,8660.3095703125,4060.86181640625
2026-06-05 00:00:00+00:00,23438.0,7584.81982421875,66297.8984375,25253.400390625,10347.1201171875,24916.01953125,8174.27978515625,4060.86181640625
2026-06-05 00:15:00+00:00,23438.0,7584.81982421875,66621.3671875,25253.400390625,10347.1201171875,24916.01953125,8143.009765625,4060.86181640625
2026-06-05 00:30:00+00:00,23438.0,7584.81982421875,66328.8515625,25253.400390625,10347.1201171875,24916.01953125,8162.93017578125,4060.86181640625
2026-06-05 00:45:00+00:00,23438.0,7584.81982421875,66314.8828125,25253.400390625,10347.1201171875,24916.01953125,8079.6201171875,4060.86181640625
2026-06-05 01:00:00+00:00,23438.0,7584.81982421875,66070.3125,25253.400390625,10347.1201171875,24916.01953125,8051.6298828125,4060.86181640625
2026-06-05 01:15:00+00:00,23438.0,7584.81982421875,65996.1171875,25253.400390625,10347.1201171875,24916.01953125,8096.93017578125,4060.86181640625
2026-06-05 01:30:00+00:00,23438.0,7584.81982421875,66290.796875,25139.2890625,10347.1201171875,24916.01953125,8245.6298828125,4053.2373046875
2026-06-05 01:45:00+00:00,23438.0,7584.81982421875,66522.4765625,25160.4609375,10347.1201171875,24916.01953125,8279.0,4061.240234375
2026-06-05 02:00:00+00:00,23438.0,7584.81982421875,66600.8671875,25164.810546875,10347.1201171875,24916.01953125,8318.7099609375,4069.61328125
2026-06-05 02:15:00+00:00,23438.0,7584.81982421875,66679.9296875,25117.419921875,10347.1201171875,24916.01953125,8366.3203125,4067.3095703125
2026-06-05 02:30:00+00:00,23438.0,7584.81982421875,66661.46875,25040.48046875,10347.1201171875,24916.01953125,8318.080078125,4061.56884765625
2026-06-05 02:45:00+00:00,23438.0,7584.81982421875,66661.46875,25082.689453125,10347.1201171875,24916.01953125,8279.66015625,4065.051025390625
2026-06-05 03:00:00+00:00,23438.0,7584.81982421875,66661.46875,25048.26953125,10347.1201171875,24916.01953125,8290.66015625,4071.72705078125
2026-06-05 03:15:00+00:00,23438.0,7584.81982421875,66661.46875,25044.9609375,10347.1201171875,24916.01953125,8277.1904296875,4074.25732421875
2026-06-05 03:30:00+00:00,23438.0,7584.81982421875,66520.1796875,25060.140625,10347.1201171875,24916.01953125,8254.1201171875,4075.314697265625
2026-06-05 03:45:00+00:00,23461.94921875,7584.81982421875,66404.046875,25047.310546875,10347.1201171875,24916.01953125,8220.6103515625,4075.314697265625
2026-06-05 04:00:00+00:00,23476.099609375,7584.81982421875,66430.921875,25047.830078125,10347.1201171875,24916.01953125,8192.830078125,4075.314697265625
2026-06-05 04:15:00+00:00,23443.94921875,7584.81982421875,66407.6484375,25047.830078125,10347.1201171875,24916.01953125,8163.580078125,4075.314697265625
2026-06-05 04:30:00+00:00,23468.5,7584.81982421875,66514.21875,25047.830078125,10347.1201171875,24916.01953125,8183.0,4075.314697265625
2026-06-05 04:45:00+00:00,23470.55078125,7584.81982421875,66710.5234375,25047.830078125,10347.1201171875,24916.01953125,8231.0595703125,4075.314697265625
2026-06-05 05:00:00+00:00,23359.75,7584.81982421875,66716.921875,25031.66015625,10347.1201171875,24916.01953125,8227.76953125,4066.430908203125
2026-06-05 05:15:00+00:00,23402.30078125,7584.81982421875,66705.421875,24995.689453125,10347.1201171875,24916.01953125,8234.4296875,4055.52197265625
2026-06-05 05:30:00+00:00,23444.400390625,7584.81982421875,66706.2109375,25005.099609375,10347.1201171875,24916.01953125,8256.7998046875,4058.52978515625
2026-06-05 05:45:00+00:00,23418.349609375,7584.81982421875,66573.8515625,24947.7109375,10347.1201171875,24916.01953125,8181.85986328125,4051.388916015625
2026-06-05 06:00:00+00:00,23422.80078125,7584.81982421875,66638.5,24963.390625,10347.1201171875,24916.01953125,8181.85986328125,4042.50146484375
2026-06-05 06:15:00+00:00,23397.5,7584.81982421875,66611.7421875,24942.919921875,10347.1201171875,24916.01953125,8181.85986328125,4027.98974609375
2026-06-05 06:30:00+00:00,23439.5,7584.81982421875,66611.7421875,25004.83984375,10347.1201171875,24916.01953125,8181.85986328125,4019.027587890625
2026-06-05 06:45:00+00:00,23437.0,7584.81982421875,66611.7421875,25005.66015625,10347.1201171875,24916.01953125,8181.85986328125,4026.409423828125
2026-06-05 07:00:00+00:00,23374.650390625,7584.81982421875,66611.7421875,24976.33984375,10337.509765625,24857.630859375,8181.85986328125,4026.409423828125
2026-06-05 07:15:00+00:00,23367.69921875,7584.81982421875,66611.7421875,24978.48046875,10346.58984375,24866.689453125,8181.85986328125,4026.409423828125
2026-06-05 07:30:00+00:00,23337.5,7584.81982421875,66611.7421875,24966.05078125,10356.3798828125,24901.150390625,8181.85986328125,4026.409423828125
2026-06-05 07:45:00+00:00,23310.599609375,7584.81982421875,66611.7421875,24992.94921875,10353.3798828125,24908.16015625,8181.85986328125,4026.409423828125
2026-06-05 08:00:00+00:00,23300.099609375,7584.81982421875,66611.7421875,24961.94921875,10354.16015625,24900.830078125,8181.85986328125,4026.409423828125
2026-06-05 08:15:00+00:00,23330.849609375,7584.81982421875,66611.7421875,24961.94921875,10371.7802734375,24932.189453125,8181.85986328125,4026.409423828125
2026-06-05 08:30:00+00:00,23320.150390625,7584.81982421875,66611.7421875,24961.94921875,10380.73046875,24928.3203125,8181.85986328125,4026.409423828125
2026-06-05 08:45:00+00:00,23351.599609375,7584.81982421875,66611.7421875,24961.94921875,10388.490234375,24941.400390625,8181.85986328125,4026.409423828125
2026-06-05 09:00:00+00:00,23398.80078125,7584.81982421875,66611.7421875,24961.94921875,10404.9296875,24993.189453125,8181.85986328125,4026.409423828125
2026-06-05 09:15:00+00:00,23361.80078125,7584.81982421875,66611.7421875,24961.94921875,10398.6904296875,24964.880859375,8181.85986328125,4026.409423828125
2026-06-05 09:30:00+00:00,23365.75,7584.81982421875,66611.7421875,24961.94921875,10394.1298828125,24956.080078125,8181.85986328125,4026.409423828125
2026-06-05 09:45:00+00:00,23368.849609375,7584.81982421875,66611.7421875,24961.94921875,10393.7998046875,24994.3203125,8181.85986328125,4026.409423828125
2026-06-05 10:00:00+00:00,23368.849609375,7584.81982421875,66611.7421875,24961.94921875,10392.0703125,24980.990234375,8181.85986328125,4026.409423828125
2026-06-05 10:15:00+00:00,23368.849609375,7584.81982421875,66611.7421875,24961.94921875,10399.669921875,24985.419921875,8181.85986328125,4026.409423828125
2026-06-05 10:30:00+00:00,23368.849609375,7584.81982421875,66611.7421875,24961.94921875,10398.3896484375,25004.439453125,8181.85986328125,4026.409423828125
2026-06-05 10:45:00+00:00,23368.849609375,7584.81982421875,66611.7421875,24961.94921875,10399.6103515625,24993.44921875,8181.85986328125,4026.409423828125
2026-06-05 11:00:00+00:00,23368.849609375,7584.81982421875,66611.7421875,24961.94921875,10403.7099609375,25011.650390625,8181.85986328125,4026.409423828125
2026-06-05 11:15:00+00:00,23368.849609375,7584.81982421875,66611.7421875,24961.94921875,10398.6103515625,24999.9609375,8181.85986328125,4026.409423828125
2026-06-05 11:30:00+00:00,23368.849609375,7584.81982421875,66611.7421875,24961.94921875,10401.01953125,24991.8203125,8181.85986328125,4026.409423828125
2026-06-05 11:45:00+00:00,23368.849609375,7584.81982421875,66611.7421875,24961.94921875,10400.3603515625,24995.8203125,8181.85986328125,4026.409423828125
2026-06-05 12:00:00+00:00,23368.849609375,7584.81982421875,66611.7421875,24961.94921875,10405.259765625,24987.189453125,8181.85986328125,4026.409423828125
2026-06-05 12:15:00+00:00,23368.849609375,7584.81982421875,66611.7421875,24961.94921875,10401.16015625,24951.580078125,8181.85986328125,4026.409423828125
2026-06-05 12:30:00+00:00,23368.849609375,7584.81982421875,66611.7421875,24961.94921875,10399.51953125,24942.1796875,8181.85986328125,4026.409423828125
2026-06-05 12:45:00+00:00,23368.849609375,7584.81982421875,66611.7421875,24961.94921875,10404.3203125,24905.380859375,8181.85986328125,4026.409423828125
2026-06-05 13:00:00+00:00,23368.849609375,7584.81982421875,66611.7421875,24961.94921875,10414.1103515625,24945.759765625,8181.85986328125,4026.409423828125
2026-06-05 13:15:00+00:00,23368.849609375,7584.81982421875,66611.7421875,24961.94921875,10397.01953125,24910.669921875,8181.85986328125,4026.409423828125
2026-06-05 13:30:00+00:00,23368.849609375,7515.41015625,66611.7421875,24961.94921875,10395.9697265625,24834.0,8181.85986328125,4026.409423828125
2026-06-05 13:45:00+00:00,23368.849609375,7498.81982421875,66611.7421875,24961.94921875,10387.6904296875,24811.05078125,8181.85986328125,4026.409423828125
2026-06-05 14:00:00+00:00,23368.849609375,7513.81005859375,66611.7421875,24961.94921875,10388.5,24802.759765625,8181.85986328125,4026.409423828125
2026-06-05 14:15:00+00:00,23368.849609375,7505.18017578125,66611.7421875,24961.94921875,10391.080078125,24799.990234375,8181.85986328125,4026.409423828125
2026-06-05 14:30:00+00:00,23368.849609375,7508.58984375,66611.7421875,24961.94921875,10393.1298828125,24825.9609375,8181.85986328125,4026.409423828125
2026-06-05 14:45:00+00:00,23368.849609375,7512.14990234375,66611.7421875,24961.94921875,10393.490234375,24816.44921875,8181.85986328125,4026.409423828125
2026-06-05 15:00:00+00:00,23368.849609375,7496.47021484375,66611.7421875,24961.94921875,10388.0,24789.640625,8181.85986328125,4026.409423828125
2026-06-05 15:15:00+00:00,23368.849609375,7494.93017578125,66611.7421875,24961.94921875,10374.6201171875,24774.4609375,8181.85986328125,4026.409423828125
2026-06-05 15:30:00+00:00,23368.849609375,7477.97998046875,66611.7421875,24961.94921875,10374.6201171875,24774.4609375,8181.85986328125,4026.409423828125
2026-06-05 15:45:00+00:00,23368.849609375,7478.47998046875,66611.7421875,24961.94921875,10374.6201171875,24774.4609375,8181.85986328125,4026.409423828125
2026-06-05 16:00:00+00:00,23368.849609375,7467.58984375,66611.7421875,24961.94921875,10374.6201171875,24774.4609375,8181.85986328125,4026.409423828125
2026-06-05 16:15:00+00:00,23368.849609375,7460.0498046875,66611.7421875,24961.94921875,10374.6201171875,24774.4609375,8181.85986328125,4026.409423828125
2026-06-05 16:30:00+00:00,23368.849609375,7444.830078125,66611.7421875,24961.94921875,10374.6201171875,24774.4609375,8181.85986328125,4026.409423828125
2026-06-05 16:45:00+00:00,23368.849609375,7458.02978515625,66611.7421875,24961.94921875,10374.6201171875,24774.4609375,8181.85986328125,4026.409423828125
2026-06-05 17:00:00+00:00,23368.849609375,7446.6201171875,66611.7421875,24961.94921875,10374.6201171875,24774.4609375,8181.85986328125,4026.409423828125
2026-06-05 17:15:00+00:00,23368.849609375,7452.64013671875,66611.7421875,24961.94921875,10374.6201171875,24774.4609375,8181.85986328125,4026.409423828125
2026-06-05 17:30:00+00:00,23368.849609375,7450.43017578125,66611.7421875,24961.94921875,10374.6201171875,24774.4609375,8181.85986328125,4026.409423828125
2026-06-05 17:45:00+00:00,23368.849609375,7459.22021484375,66611.7421875,24961.94921875,10374.6201171875,24774.4609375,8181.85986328125,4026.409423828125
2026-06-05 18:00:00+00:00,23368.849609375,7434.52978515625,66611.7421875,24961.94921875,10374.6201171875,24774.4609375,8181.85986328125,4026.409423828125
2026-06-05 18:15:00+00:00,23368.849609375,7421.47021484375,66611.7421875,24961.94921875,10374.6201171875,24774.4609375,8181.85986328125,4026.409423828125
2026-06-05 18:30:00+00:00,23368.849609375,7413.759765625,66611.7421875,24961.94921875,10374.6201171875,24774.4609375,8181.85986328125,4026.409423828125
2026-06-05 18:45:00+00:00,23368.849609375,7405.919921875,66611.7421875,24961.94921875,10374.6201171875,24774.4609375,8181.85986328125,4026.409423828125
2026-06-05 19:00:00+00:00,23368.849609375,7384.240234375,66611.7421875,24961.94921875,10374.6201171875,24774.4609375,8181.85986328125,4026.409423828125
2026-06-05 19:15:00+00:00,23368.849609375,7397.08984375,66611.7421875,24961.94921875,10374.6201171875,24774.4609375,8181.85986328125,4026.409423828125
2026-06-05 19:30:00+00:00,23368.849609375,7390.89013671875,66611.7421875,24961.94921875,10374.6201171875,24774.4609375,8181.85986328125,4026.409423828125
2026-06-05 19:45:00+00:00,23368.849609375,7384.669921875,66611.7421875,24961.94921875,10374.6201171875,24774.4609375,8181.85986328125,4026.409423828125
2026-06-08 00:00:00+00:00,23368.849609375,7384.669921875,64178.26953125,24961.94921875,10374.6201171875,24774.4609375,7477.4599609375,4026.409423828125
2026-06-08 00:15:00+00:00,23368.849609375,7384.669921875,64262.6484375,24961.94921875,10374.6201171875,24774.4609375,7477.4599609375,4026.409423828125
2026-06-08 00:30:00+00:00,23368.849609375,7384.669921875,64465.3515625,24961.94921875,10374.6201171875,24774.4609375,7613.10986328125,4026.409423828125
2026-06-08 00:45:00+00:00,23368.849609375,7384.669921875,64251.51171875,24961.94921875,10374.6201171875,24774.4609375,7680.85986328125,4026.409423828125
2026-06-08 01:00:00+00:00,23368.849609375,7384.669921875,64032.98046875,24961.94921875,10374.6201171875,24774.4609375,7614.919921875,4026.409423828125
2026-06-08 01:15:00+00:00,23368.849609375,7384.669921875,63607.921875,24961.94921875,10374.6201171875,24774.4609375,7505.33984375,4026.409423828125
2026-06-08 01:30:00+00:00,23368.849609375,7384.669921875,63890.44921875,24591.560546875,10374.6201171875,24774.4609375,7605.419921875,3987.300537109375
2026-06-08 01:45:00+00:00,23368.849609375,7384.669921875,63928.3515625,24610.26953125,10374.6201171875,24774.4609375,7644.89990234375,3994.112548828125
2026-06-08 02:00:00+00:00,23368.849609375,7384.669921875,64003.23046875,24672.9296875,10374.6201171875,24774.4609375,7723.16015625,3992.079345703125
2026-06-08 02:15:00+00:00,23368.849609375,7384.669921875,64054.53125,24728.390625,10374.6201171875,24774.4609375,7775.85986328125,3994.836669921875
2026-06-08 02:30:00+00:00,23368.849609375,7384.669921875,64040.3984375,24759.109375,10374.6201171875,24774.4609375,7846.81982421875,4004.7763671875
2026-06-08 02:45:00+00:00,23368.849609375,7384.669921875,64040.3984375,24783.849609375,10374.6201171875,24774.4609375,7781.56982421875,3997.5087890625
2026-06-08 03:00:00+00:00,23368.849609375,7384.669921875,64040.3984375,24763.75,10374.6201171875,24774.4609375,7764.85009765625,3983.65966796875
2026-06-08 03:15:00+00:00,23368.849609375,7384.669921875,64040.3984375,24652.470703125,10374.6201171875,24774.4609375,7773.72998046875,3977.18701171875
2026-06-08 03:30:00+00:00,23368.849609375,7384.669921875,64123.01171875,24677.30078125,10374.6201171875,24774.4609375,7773.93994140625,3976.827392578125
2026-06-08 03:45:00+00:00,23155.5,7384.669921875,64181.94921875,24668.7109375,10374.6201171875,24774.4609375,7758.31982421875,3976.827392578125
2026-06-08 04:00:00+00:00,23159.150390625,7384.669921875,64103.87109375,24668.58984375,10374.6201171875,24774.4609375,7758.2099609375,3976.827392578125
2026-06-08 04:15:00+00:00,23199.5,7384.669921875,64070.80859375,24668.58984375,10374.6201171875,24774.4609375,7729.0498046875,3976.827392578125
2026-06-08 04:30:00+00:00,23174.25,7384.669921875,63875.80859375,24668.58984375,10374.6201171875,24774.4609375,7682.4501953125,3976.827392578125
2026-06-08 04:45:00+00:00,23172.44921875,7384.669921875,63861.01953125,24668.58984375,10374.6201171875,24774.4609375,7636.6201171875,3976.827392578125
2026-06-08 05:00:00+00:00,23191.650390625,7384.669921875,63811.48828125,24631.26953125,10374.6201171875,24774.4609375,7604.72021484375,3967.22509765625
2026-06-08 05:15:00+00:00,23217.44921875,7384.669921875,63838.37109375,24615.599609375,10374.6201171875,24774.4609375,7624.1201171875,3957.1220703125
2026-06-08 05:30:00+00:00,23198.599609375,7384.669921875,63554.96875,24502.859375,10374.6201171875,24774.4609375,7538.43017578125,3935.408203125
2026-06-08 05:45:00+00:00,23186.150390625,7384.669921875,63692.78125,24505.369140625,10374.6201171875,24774.4609375,7503.43994140625,3951.288818359375
2026-06-08 06:00:00+00:00,23205.44921875,7384.669921875,63640.9296875,24523.640625,10374.6201171875,24774.4609375,7503.43994140625,3944.39208984375
2026-06-08 06:15:00+00:00,23205.44921875,7384.669921875,63825.5390625,24607.640625,10374.6201171875,24774.4609375,7503.43994140625,3969.610107421875
2026-06-08 06:30:00+00:00,23212.44921875,7384.669921875,63825.5390625,24577.83984375,10374.6201171875,24774.4609375,7503.43994140625,3961.87841796875
2026-06-08 06:45:00+00:00,23218.75,7384.669921875,63825.5390625,24565.55078125,10374.6201171875,24774.4609375,7503.43994140625,3958.9755859375
2026-06-08 07:00:00+00:00,23237.849609375,7384.669921875,63825.5390625,24595.490234375,10337.91015625,24452.099609375,7503.43994140625,3958.9755859375
2026-06-08 07:15:00+00:00,23246.150390625,7384.669921875,63825.5390625,24646.060546875,10353.2802734375,24548.080078125,7503.43994140625,3958.9755859375
2026-06-08 07:30:00+00:00,23216.30078125,7384.669921875,63825.5390625,24635.150390625,10333.4697265625,24561.26953125,7503.43994140625,3958.9755859375
2026-06-08 07:45:00+00:00,23209.05078125,7384.669921875,63825.5390625,24640.689453125,10334.4599609375,24532.619140625,7503.43994140625,3958.9755859375
2026-06-08 08:00:00+00:00,23171.0,7384.669921875,63825.5390625,24657.060546875,10331.599609375,24530.2109375,7503.43994140625,3958.9755859375
2026-06-08 08:15:00+00:00,23172.44921875,7384.669921875,63825.5390625,24657.060546875,10331.91015625,24509.5390625,7503.43994140625,3958.9755859375
2026-06-08 08:30:00+00:00,23156.849609375,7384.669921875,63825.5390625,24657.060546875,10323.2998046875,24508.830078125,7503.43994140625,3958.9755859375
2026-06-08 08:45:00+00:00,23149.099609375,7384.669921875,63825.5390625,24657.060546875,10328.51953125,24530.720703125,7503.43994140625,3958.9755859375
2026-06-08 09:00:00+00:00,23179.900390625,7384.669921875,63825.5390625,24657.060546875,10336.9501953125,24561.439453125,7503.43994140625,3958.9755859375
2026-06-08 09:15:00+00:00,23179.0,7384.669921875,63825.5390625,24657.060546875,10340.349609375,24569.859375,7503.43994140625,3958.9755859375
2026-06-08 09:30:00+00:00,23134.44921875,7384.669921875,63825.5390625,24657.060546875,10352.080078125,24619.400390625,7503.43994140625,3958.9755859375
2026-06-08 09:45:00+00:00,23103.69921875,7384.669921875,63825.5390625,24657.060546875,10366.7802734375,24620.900390625,7503.43994140625,3958.9755859375
2026-06-08 10:00:00+00:00,23103.69921875,7384.669921875,63825.5390625,24657.060546875,10376.0595703125,24623.890625,7503.43994140625,3958.9755859375
2026-06-08 10:15:00+00:00,23103.69921875,7384.669921875,63825.5390625,24657.060546875,10373.2998046875,24599.5,7503.43994140625,3958.9755859375
2026-06-08 10:30:00+00:00,23103.69921875,7384.669921875,63825.5390625,24657.060546875,10386.0595703125,24657.240234375,7503.43994140625,3958.9755859375
2026-06-08 10:45:00+00:00,23103.69921875,7384.669921875,63825.5390625,24657.060546875,10369.1103515625,24609.189453125,7503.43994140625,3958.9755859375
2026-06-08 11:00:00+00:00,23103.69921875,7384.669921875,63825.5390625,24657.060546875,10398.759765625,24674.58984375,7503.43994140625,3958.9755859375
2026-06-08 11:15:00+00:00,23103.69921875,7384.669921875,63825.5390625,24657.060546875,10392.6796875,24701.130859375,7503.43994140625,3958.9755859375
2026-06-08 11:30:00+00:00,23103.69921875,7384.669921875,63825.5390625,24657.060546875,10386.1904296875,24685.279296875,7503.43994140625,3958.9755859375
2026-06-08 11:45:00+00:00,23103.69921875,7384.669921875,63825.5390625,24657.060546875,10379.080078125,24662.359375,7503.43994140625,3958.9755859375
2026-06-08 12:00:00+00:00,23103.69921875,7384.669921875,63825.5390625,24657.060546875,10375.009765625,24665.80078125,7503.43994140625,3958.9755859375
2026-06-08 12:15:00+00:00,23103.69921875,7384.669921875,63825.5390625,24657.060546875,10378.490234375,24672.939453125,7503.43994140625,3958.9755859375
2026-06-08 12:30:00+00:00,23103.69921875,7384.669921875,63825.5390625,24657.060546875,10379.2900390625,24658.73046875,7503.43994140625,3958.9755859375
2026-06-08 12:45:00+00:00,23103.69921875,7384.669921875,63825.5390625,24657.060546875,10376.9501953125,24652.490234375,7503.43994140625,3958.9755859375
2026-06-08 13:00:00+00:00,23103.69921875,7384.669921875,63825.5390625,24657.060546875,10354.849609375,24647.369140625,7503.43994140625,3958.9755859375
2026-06-08 13:15:00+00:00,23103.69921875,7384.669921875,63825.5390625,24657.060546875,10360.9296875,24660.919921875,7503.43994140625,3958.9755859375
2026-06-08 13:30:00+00:00,23103.69921875,7439.580078125,63825.5390625,24657.060546875,10365.2900390625,24647.19921875,7503.43994140625,3958.9755859375
2026-06-08 13:45:00+00:00,23103.69921875,7421.97998046875,63825.5390625,24657.060546875,10372.16015625,24676.33984375,7503.43994140625,3958.9755859375
2026-06-08 14:00:00+00:00,23103.69921875,7429.919921875,63825.5390625,24657.060546875,10349.5302734375,24653.220703125,7503.43994140625,3958.9755859375
2026-06-08 14:15:00+00:00,23103.69921875,7438.8798828125,63825.5390625,24657.060546875,10340.83984375,24619.970703125,7503.43994140625,3958.9755859375
2026-06-08 14:30:00+00:00,23103.69921875,7439.52001953125,63825.5390625,24657.060546875,10364.7802734375,24651.109375,7503.43994140625,3958.9755859375
2026-06-08 14:45:00+00:00,23103.69921875,7462.919921875,63825.5390625,24657.060546875,10372.6201171875,24671.80078125,7503.43994140625,3958.9755859375
2026-06-08 15:00:00+00:00,23103.69921875,7461.009765625,63825.5390625,24657.060546875,10372.9296875,24662.69921875,7503.43994140625,3958.9755859375
2026-06-08 15:15:00+00:00,23103.69921875,7446.169921875,63825.5390625,24657.060546875,10368.6904296875,24641.66015625,7503.43994140625,3958.9755859375
2026-06-08 15:30:00+00:00,23103.69921875,7449.72021484375,63825.5390625,24657.060546875,10368.6904296875,24641.66015625,7503.43994140625,3958.9755859375
2026-06-08 15:45:00+00:00,23103.69921875,7440.47021484375,63825.5390625,24657.060546875,10368.6904296875,24641.66015625,7503.43994140625,3958.9755859375
2026-06-08 16:00:00+00:00,23103.69921875,7444.02001953125,63825.5390625,24657.060546875,10368.6904296875,24641.66015625,7503.43994140625,3958.9755859375
2026-06-08 16:15:00+00:00,23103.69921875,7435.56982421875,63825.5390625,24657.060546875,10368.6904296875,24641.66015625,7503.43994140625,3958.9755859375
2026-06-08 16:30:00+00:00,23103.69921875,7434.22998046875,63825.5390625,24657.060546875,10368.6904296875,24641.66015625,7503.43994140625,3958.9755859375
2026-06-08 16:45:00+00:00,23103.69921875,7433.52978515625,63825.5390625,24657.060546875,10368.6904296875,24641.66015625,7503.43994140625,3958.9755859375
2026-06-08 17:00:00+00:00,23103.69921875,7422.3701171875,63825.5390625,24657.060546875,10368.6904296875,24641.66015625,7503.43994140625,3958.9755859375
2026-06-08 17:15:00+00:00,23103.69921875,7433.60009765625,63825.5390625,24657.060546875,10368.6904296875,24641.66015625,7503.43994140625,3958.9755859375
2026-06-08 17:30:00+00:00,23103.69921875,7417.22021484375,63825.5390625,24657.060546875,10368.6904296875,24641.66015625,7503.43994140625,3958.9755859375
2026-06-08 17:45:00+00:00,23103.69921875,7424.27978515625,63825.5390625,24657.060546875,10368.6904296875,24641.66015625,7503.43994140625,3958.9755859375
2026-06-08 18:00:00+00:00,23103.69921875,7425.72021484375,63825.5390625,24657.060546875,10368.6904296875,24641.66015625,7503.43994140625,3958.9755859375
2026-06-08 18:15:00+00:00,23103.69921875,7432.9599609375,63825.5390625,24657.060546875,10368.6904296875,24641.66015625,7503.43994140625,3958.9755859375
2026-06-08 18:30:00+00:00,23103.69921875,7422.64013671875,63825.5390625,24657.060546875,10368.6904296875,24641.66015625,7503.43994140625,3958.9755859375
2026-06-08 18:45:00+00:00,23103.69921875,7422.77978515625,63825.5390625,24657.060546875,10368.6904296875,24641.66015625,7503.43994140625,3958.9755859375
2026-06-08 19:00:00+00:00,23103.69921875,7406.240234375,63825.5390625,24657.060546875,10368.6904296875,24641.66015625,7503.43994140625,3958.9755859375
2026-06-08 19:15:00+00:00,23103.69921875,7404.2099609375,63825.5390625,24657.060546875,10368.6904296875,24641.66015625,7503.43994140625,3958.9755859375
2026-06-08 19:30:00+00:00,23103.69921875,7406.18017578125,63825.5390625,24657.060546875,10368.6904296875,24641.66015625,7503.43994140625,3958.9755859375
2026-06-08 19:45:00+00:00,23103.69921875,7405.81005859375,63825.5390625,24657.060546875,10368.6904296875,24641.66015625,7503.43994140625,3958.9755859375
2026-06-09 00:00:00+00:00,23103.69921875,7405.81005859375,64805.4296875,24657.060546875,10368.6904296875,24641.66015625,7733.02001953125,3958.9755859375
2026-06-09 00:15:00+00:00,23103.69921875,7405.81005859375,64559.390625,24657.060546875,10368.6904296875,24641.66015625,7749.43994140625,3958.9755859375
2026-06-09 00:30:00+00:00,23103.69921875,7405.81005859375,64198.62890625,24657.060546875,10368.6904296875,24641.66015625,7730.64990234375,3958.9755859375
2026-06-09 00:45:00+00:00,23103.69921875,7405.81005859375,64100.41015625,24657.060546875,10368.6904296875,24641.66015625,7735.14013671875,3958.9755859375
2026-06-09 01:00:00+00:00,23103.69921875,7405.81005859375,64190.6015625,24657.060546875,10368.6904296875,24641.66015625,7636.31005859375,3958.9755859375
2026-06-09 01:15:00+00:00,23103.69921875,7405.81005859375,64438.5703125,24657.060546875,10368.6904296875,24641.66015625,7696.39990234375,3958.9755859375
2026-06-09 01:30:00+00:00,23103.69921875,7405.81005859375,64617.8203125,24580.2109375,10368.6904296875,24641.66015625,7725.16015625,3965.0849609375
2026-06-09 01:45:00+00:00,23103.69921875,7405.81005859375,64484.76953125,24619.1796875,10368.6904296875,24641.66015625,7763.47021484375,3969.84130859375
2026-06-09 02:00:00+00:00,23103.69921875,7405.81005859375,64621.578125,24629.189453125,10368.6904296875,24641.66015625,7758.25,3970.5556640625
2026-06-09 02:15:00+00:00,23103.69921875,7405.81005859375,64592.53125,24640.859375,10368.6904296875,24641.66015625,7749.10009765625,3973.760498046875
2026-06-09 02:30:00+00:00,23103.69921875,7405.81005859375,64654.21875,24571.4609375,10368.6904296875,24641.66015625,7745.2001953125,3971.985107421875
2026-06-09 02:45:00+00:00,23103.69921875,7405.81005859375,64654.21875,24589.119140625,10368.6904296875,24641.66015625,7776.97998046875,3971.903076171875
2026-06-09 03:00:00+00:00,23103.69921875,7405.81005859375,64654.21875,24601.419921875,10368.6904296875,24641.66015625,7793.2001953125,3977.853515625
2026-06-09 03:15:00+00:00,23103.69921875,7405.81005859375,64654.21875,24578.400390625,10368.6904296875,24641.66015625,7838.64013671875,3980.268798828125
2026-06-09 03:30:00+00:00,23103.69921875,7405.81005859375,65208.23828125,24602.30078125,10368.6904296875,24641.66015625,7877.89990234375,3979.676513671875
2026-06-09 03:45:00+00:00,23224.94921875,7405.81005859375,65201.4609375,24620.33984375,10368.6904296875,24641.66015625,7919.06982421875,3979.676513671875
2026-06-09 04:00:00+00:00,23196.400390625,7405.81005859375,65181.96875,24620.4296875,10368.6904296875,24641.66015625,7950.6201171875,3979.676513671875
2026-06-09 04:15:00+00:00,23188.349609375,7405.81005859375,65329.7109375,24620.4296875,10368.6904296875,24641.66015625,8017.669921875,3979.676513671875
2026-06-09 04:30:00+00:00,23168.099609375,7405.81005859375,65384.71875,24620.4296875,10368.6904296875,24641.66015625,8030.72021484375,3979.676513671875
2026-06-09 04:45:00+00:00,23162.349609375,7405.81005859375,65302.46875,24620.4296875,10368.6904296875,24641.66015625,8037.4501953125,3979.676513671875
2026-06-09 05:00:00+00:00,23164.349609375,7405.81005859375,65434.28125,24617.779296875,10368.6904296875,24641.66015625,8047.7001953125,3984.467041015625
2026-06-09 05:15:00+00:00,23154.849609375,7405.81005859375,65236.140625,24595.939453125,10368.6904296875,24641.66015625,8027.3701171875,3984.458984375
2026-06-09 05:30:00+00:00,23144.69921875,7405.81005859375,65320.390625,24675.91015625,10368.6904296875,24641.66015625,8067.75,3986.6943359375
2026-06-09 05:45:00+00:00,23131.94921875,7405.81005859375,65285.28125,24650.779296875,10368.6904296875,24641.66015625,8071.35009765625,3987.084716796875
2026-06-09 06:00:00+00:00,23151.94921875,7405.81005859375,65160.26953125,24698.869140625,10368.6904296875,24641.66015625,8071.35009765625,3997.318115234375
2026-06-09 06:15:00+00:00,23181.30078125,7405.81005859375,65387.140625,24724.05078125,10368.6904296875,24641.66015625,8071.35009765625,4005.456787109375
2026-06-09 06:30:00+00:00,23186.80078125,7405.81005859375,65387.140625,24719.470703125,10368.6904296875,24641.66015625,8071.35009765625,4006.977783203125
2026-06-09 06:45:00+00:00,23206.25,7405.81005859375,65387.140625,24697.880859375,10368.6904296875,24641.66015625,8071.35009765625,4010.390380859375
2026-06-09 07:00:00+00:00,23208.0,7405.81005859375,65387.140625,24679.619140625,10335.8603515625,24610.650390625,8071.35009765625,4010.390380859375
2026-06-09 07:15:00+00:00,23181.900390625,7405.81005859375,65387.140625,24630.91015625,10322.7197265625,24567.650390625,8071.35009765625,4010.390380859375
2026-06-09 07:30:00+00:00,23208.099609375,7405.81005859375,65387.140625,24615.51953125,10323.9501953125,24637.880859375,8071.35009765625,4010.390380859375
2026-06-09 07:45:00+00:00,23204.69921875,7405.81005859375,65387.140625,24581.390625,10329.6103515625,24667.16015625,8071.35009765625,4010.390380859375
2026-06-09 08:00:00+00:00,23218.5,7405.81005859375,65387.140625,24565.900390625,10345.1396484375,24704.380859375,8071.35009765625,4010.390380859375
2026-06-09 08:15:00+00:00,23189.599609375,7405.81005859375,65387.140625,24565.900390625,10339.6796875,24712.619140625,8071.35009765625,4010.390380859375
2026-06-09 08:30:00+00:00,23206.44921875,7405.81005859375,65387.140625,24565.900390625,10341.3701171875,24728.849609375,8071.35009765625,4010.390380859375
2026-06-09 08:45:00+00:00,23216.650390625,7405.81005859375,65387.140625,24565.900390625,10341.3603515625,24744.529296875,8071.35009765625,4010.390380859375
2026-06-09 09:00:00+00:00,23250.69921875,7405.81005859375,65387.140625,24565.900390625,10340.330078125,24785.66015625,8071.35009765625,4010.390380859375
2026-06-09 09:15:00+00:00,23274.400390625,7405.81005859375,65387.140625,24565.900390625,10332.6103515625,24762.970703125,8071.35009765625,4010.390380859375
2026-06-09 09:30:00+00:00,23244.80078125,7405.81005859375,65387.140625,24565.900390625,10343.98046875,24804.490234375,8071.35009765625,4010.390380859375
2026-06-09 09:45:00+00:00,23254.80078125,7405.81005859375,65387.140625,24565.900390625,10341.6904296875,24791.580078125,8071.35009765625,4010.390380859375
2026-06-09 10:00:00+00:00,23254.80078125,7405.81005859375,65387.140625,24565.900390625,10350.66015625,24814.51953125,8071.35009765625,4010.390380859375
2026-06-09 10:15:00+00:00,23254.80078125,7405.81005859375,65387.140625,24565.900390625,10348.01953125,24819.060546875,8071.35009765625,4010.390380859375
2026-06-09 10:30:00+00:00,23254.80078125,7405.81005859375,65387.140625,24565.900390625,10353.3203125,24780.529296875,8071.35009765625,4010.390380859375
2026-06-09 10:45:00+00:00,23254.80078125,7405.81005859375,65387.140625,24565.900390625,10351.2998046875,24784.0703125,8071.35009765625,4010.390380859375
2026-06-09 11:00:00+00:00,23254.80078125,7405.81005859375,65387.140625,24565.900390625,10348.5,24763.259765625,8071.35009765625,4010.390380859375
2026-06-09 11:15:00+00:00,23254.80078125,7405.81005859375,65387.140625,24565.900390625,10361.58984375,24767.119140625,8071.35009765625,4010.390380859375
2026-06-09 11:30:00+00:00,23254.80078125,7405.81005859375,65387.140625,24565.900390625,10358.2998046875,24757.7109375,8071.35009765625,4010.390380859375
2026-06-09 11:45:00+00:00,23254.80078125,7405.81005859375,65387.140625,24565.900390625,10351.240234375,24730.189453125,8071.35009765625,4010.390380859375
2026-06-09 12:00:00+00:00,23254.80078125,7405.81005859375,65387.140625,24565.900390625,10341.8095703125,24717.0390625,8071.35009765625,4010.390380859375
2026-06-09 12:15:00+00:00,23254.80078125,7405.81005859375,65387.140625,24565.900390625,10347.349609375,24715.33984375,8071.35009765625,4010.390380859375
2026-06-09 12:30:00+00:00,23254.80078125,7405.81005859375,65387.140625,24565.900390625,10336.8896484375,24738.330078125,8071.35009765625,4010.390380859375
2026-06-09 12:45:00+00:00,23254.80078125,7405.81005859375,65387.140625,24565.900390625,10330.6298828125,24746.470703125,8071.35009765625,4010.390380859375
2026-06-09 13:00:00+00:00,23254.80078125,7405.81005859375,65387.140625,24565.900390625,10335.8798828125,24768.330078125,8071.35009765625,4010.390380859375
2026-06-09 13:15:00+00:00,23254.80078125,7405.81005859375,65387.140625,24565.900390625,10336.740234375,24757.30078125,8071.35009765625,4010.390380859375
2026-06-09 13:30:00+00:00,23254.80078125,7467.580078125,65387.140625,24565.900390625,10339.5302734375,24757.48046875,8071.35009765625,4010.390380859375
2026-06-09 13:45:00+00:00,23254.80078125,7457.2001953125,65387.140625,24565.900390625,10328.669921875,24769.509765625,8071.35009765625,4010.390380859375
2026-06-09 14:00:00+00:00,23254.80078125,7429.22021484375,65387.140625,24565.900390625,10334.8798828125,24724.330078125,8071.35009765625,4010.390380859375
2026-06-09 14:15:00+00:00,23254.80078125,7424.72998046875,65387.140625,24565.900390625,10332.150390625,24700.349609375,8071.35009765625,4010.390380859375
2026-06-09 14:30:00+00:00,23254.80078125,7399.06005859375,65387.140625,24565.900390625,10296.7001953125,24659.130859375,8071.35009765625,4010.390380859375
2026-06-09 14:45:00+00:00,23254.80078125,7390.2900390625,65387.140625,24565.900390625,10284.51953125,24612.8203125,8071.35009765625,4010.390380859375
2026-06-09 15:00:00+00:00,23254.80078125,7388.06982421875,65387.140625,24565.900390625,10282.1201171875,24569.189453125,8071.35009765625,4010.390380859375
2026-06-09 15:15:00+00:00,23254.80078125,7321.47998046875,65387.140625,24565.900390625,10241.0302734375,24420.009765625,8071.35009765625,4010.390380859375
2026-06-09 15:30:00+00:00,23254.80078125,7329.91015625,65387.140625,24565.900390625,10241.0302734375,24420.009765625,8071.35009765625,4010.390380859375
2026-06-09 15:45:00+00:00,23254.80078125,7302.77978515625,65387.140625,24565.900390625,10241.0302734375,24420.009765625,8071.35009765625,4010.390380859375
2026-06-09 16:00:00+00:00,23254.80078125,7295.81982421875,65387.140625,24565.900390625,10241.0302734375,24420.009765625,8071.35009765625,4010.390380859375
2026-06-09 16:15:00+00:00,23254.80078125,7285.490234375,65387.140625,24565.900390625,10241.0302734375,24420.009765625,8071.35009765625,4010.390380859375
2026-06-09 16:30:00+00:00,23254.80078125,7257.990234375,65387.140625,24565.900390625,10241.0302734375,24420.009765625,8071.35009765625,4010.390380859375
2026-06-09 16:45:00+00:00,23254.80078125,7277.47998046875,65387.140625,24565.900390625,10241.0302734375,24420.009765625,8071.35009765625,4010.390380859375
2026-06-09 17:00:00+00:00,23254.80078125,7297.7998046875,65387.140625,24565.900390625,10241.0302734375,24420.009765625,8071.35009765625,4010.390380859375
2026-06-09 17:15:00+00:00,23254.80078125,7319.9501953125,65387.140625,24565.900390625,10241.0302734375,24420.009765625,8071.35009765625,4010.390380859375
2026-06-09 17:30:00+00:00,23254.80078125,7343.27001953125,65387.140625,24565.900390625,10241.0302734375,24420.009765625,8071.35009765625,4010.390380859375
2026-06-09 17:45:00+00:00,23254.80078125,7338.5498046875,65387.140625,24565.900390625,10241.0302734375,24420.009765625,8071.35009765625,4010.390380859375
2026-06-09 18:00:00+00:00,23254.80078125,7345.52001953125,65387.140625,24565.900390625,10241.0302734375,24420.009765625,8071.35009765625,4010.390380859375
2026-06-09 18:15:00+00:00,23254.80078125,7363.31982421875,65387.140625,24565.900390625,10241.0302734375,24420.009765625,8071.35009765625,4010.390380859375
2026-06-09 18:30:00+00:00,23254.80078125,7357.22021484375,65387.140625,24565.900390625,10241.0302734375,24420.009765625,8071.35009765625,4010.390380859375
2026-06-09 18:45:00+00:00,23254.80078125,7380.7001953125,65387.140625,24565.900390625,10241.0302734375,24420.009765625,8071.35009765625,4010.390380859375
2026-06-09 19:00:00+00:00,23254.80078125,7365.330078125,65387.140625,24565.900390625,10241.0302734375,24420.009765625,8071.35009765625,4010.390380859375
2026-06-09 19:15:00+00:00,23254.80078125,7358.4501953125,65387.140625,24565.900390625,10241.0302734375,24420.009765625,8071.35009765625,4010.390380859375
2026-06-09 19:30:00+00:00,23254.80078125,7346.60986328125,65387.140625,24565.900390625,10241.0302734375,24420.009765625,8071.35009765625,4010.390380859375
2026-06-09 19:45:00+00:00,23254.80078125,7386.31005859375,65387.140625,24565.900390625,10241.0302734375,24420.009765625,8071.35009765625,4010.390380859375
2026-06-10 00:00:00+00:00,23254.80078125,7386.31005859375,65056.9609375,24565.900390625,10241.0302734375,24420.009765625,7960.990234375,4010.390380859375
2026-06-10 00:15:00+00:00,23254.80078125,7386.31005859375,65022.859375,24565.900390625,10241.0302734375,24420.009765625,7948.83984375,4010.390380859375
2026-06-10 00:30:00+00:00,23254.80078125,7386.31005859375,64531.23046875,24565.900390625,10241.0302734375,24420.009765625,7847.60009765625,4010.390380859375
2026-06-10 00:45:00+00:00,23254.80078125,7386.31005859375,64854.71875,24565.900390625,10241.0302734375,24420.009765625,7864.77001953125,4010.390380859375
2026-06-10 01:00:00+00:00,23254.80078125,7386.31005859375,64976.0390625,24565.900390625,10241.0302734375,24420.009765625,7890.4599609375,4010.390380859375
2026-06-10 01:15:00+00:00,23254.80078125,7386.31005859375,64910.19921875,24565.900390625,10241.0302734375,24420.009765625,7906.41015625,4010.390380859375
2026-06-10 01:30:00+00:00,23254.80078125,7386.31005859375,64826.23828125,24389.48046875,10241.0302734375,24420.009765625,7878.64990234375,3997.663818359375
2026-06-10 01:45:00+00:00,23254.80078125,7386.31005859375,64682.41015625,24388.349609375,10241.0302734375,24420.009765625,7872.64013671875,4004.49169921875
2026-06-10 02:00:00+00:00,23254.80078125,7386.31005859375,64736.4609375,24354.080078125,10241.0302734375,24420.009765625,7813.1298828125,3991.9775390625
2026-06-10 02:15:00+00:00,23254.80078125,7386.31005859375,64689.69140625,24337.859375,10241.0302734375,24420.009765625,7807.7998046875,3983.8837890625
2026-06-10 02:30:00+00:00,23254.80078125,7386.31005859375,64681.390625,24314.01953125,10241.0302734375,24420.009765625,7807.18994140625,3984.283447265625
2026-06-10 02:45:00+00:00,23254.80078125,7386.31005859375,64681.390625,24283.75,10241.0302734375,24420.009765625,7801.97021484375,3980.39599609375
2026-06-10 03:00:00+00:00,23254.80078125,7386.31005859375,64681.390625,24352.130859375,10241.0302734375,24420.009765625,7844.18994140625,3983.327880859375
2026-06-10 03:15:00+00:00,23254.80078125,7386.31005859375,64681.390625,24375.4296875,10241.0302734375,24420.009765625,7819.27978515625,3987.41455078125
2026-06-10 03:30:00+00:00,23254.80078125,7386.31005859375,64445.5390625,24283.720703125,10241.0302734375,24420.009765625,7772.47021484375,3986.6611328125
2026-06-10 03:45:00+00:00,23339.75,7386.31005859375,64493.76953125,24294.529296875,10241.0302734375,24420.009765625,7755.02978515625,3986.6611328125
2026-06-10 04:00:00+00:00,23355.05078125,7386.31005859375,64231.37890625,24292.94921875,10241.0302734375,24420.009765625,7700.9501953125,3986.6611328125
2026-06-10 04:15:00+00:00,23366.599609375,7386.31005859375,64043.26171875,24292.94921875,10241.0302734375,24420.009765625,7626.8701171875,3986.6611328125
2026-06-10 04:30:00+00:00,23317.0,7386.31005859375,63833.03125,24292.94921875,10241.0302734375,24420.009765625,7573.25,3986.6611328125
2026-06-10 04:45:00+00:00,23319.400390625,7386.31005859375,63906.16015625,24292.94921875,10241.0302734375,24420.009765625,7592.97021484375,3986.6611328125
2026-06-10 05:00:00+00:00,23345.94921875,7386.31005859375,63968.921875,24229.150390625,10241.0302734375,24420.009765625,7609.169921875,3968.0849609375
2026-06-10 05:15:00+00:00,23378.55078125,7386.31005859375,64032.46875,24278.19921875,10241.0302734375,24420.009765625,7639.18994140625,3977.23779296875
2026-06-10 05:30:00+00:00,23373.650390625,7386.31005859375,64057.5390625,24307.390625,10241.0302734375,24420.009765625,7567.009765625,3977.85888671875
2026-06-10 05:45:00+00:00,23396.75,7386.31005859375,64170.21875,24342.01953125,10241.0302734375,24420.009765625,7593.1201171875,3989.62451171875
2026-06-10 06:00:00+00:00,23406.0,7386.31005859375,64286.26953125,24352.05078125,10241.0302734375,24420.009765625,7593.1201171875,3983.802490234375
2026-06-10 06:15:00+00:00,23402.80078125,7386.31005859375,64174.33984375,24370.869140625,10241.0302734375,24420.009765625,7593.1201171875,3989.7451171875
2026-06-10 06:30:00+00:00,23395.400390625,7386.31005859375,64174.33984375,24379.2890625,10241.0302734375,24420.009765625,7593.1201171875,3989.751708984375
2026-06-10 06:45:00+00:00,23375.25,7386.31005859375,64174.33984375,24394.220703125,10241.0302734375,24420.009765625,7593.1201171875,3993.304931640625
2026-06-10 07:00:00+00:00,23347.75,7386.31005859375,64174.33984375,24417.91015625,10250.509765625,24479.529296875,7593.1201171875,3993.304931640625
2026-06-10 07:15:00+00:00,23380.05078125,7386.31005859375,64174.33984375,24397.880859375,10235.83984375,24429.310546875,7593.1201171875,3993.304931640625
2026-06-10 07:30:00+00:00,23405.150390625,7386.31005859375,64174.33984375,24381.3203125,10248.9296875,24434.7109375,7593.1201171875,3993.304931640625
2026-06-10 07:45:00+00:00,23398.30078125,7386.31005859375,64174.33984375,24392.880859375,10238.2197265625,24450.08984375,7593.1201171875,3993.304931640625
2026-06-10 08:00:00+00:00,23358.849609375,7386.31005859375,64174.33984375,24407.9609375,10234.2998046875,24405.76953125,7593.1201171875,3993.304931640625
2026-06-10 08:15:00+00:00,23352.94921875,7386.31005859375,64174.33984375,24407.9609375,10229.5,24377.0,7593.1201171875,3993.304931640625
2026-06-10 08:30:00+00:00,23317.150390625,7386.31005859375,64174.33984375,24407.9609375,10213.2998046875,24335.220703125,7593.1201171875,3993.304931640625
2026-06-10 08:45:00+00:00,23315.5,7386.31005859375,64174.33984375,24407.9609375,10200.48046875,24314.310546875,7593.1201171875,3993.304931640625
2026-06-10 09:00:00+00:00,23261.599609375,7386.31005859375,64174.33984375,24407.9609375,10185.5302734375,24252.890625,7593.1201171875,3993.304931640625
2026-06-10 09:15:00+00:00,23256.75,7386.31005859375,64174.33984375,24407.9609375,10188.5400390625,24301.080078125,7593.1201171875,3993.304931640625
2026-06-10 09:30:00+00:00,23199.69921875,7386.31005859375,64174.33984375,24407.9609375,10175.6298828125,24283.849609375,7593.1201171875,3993.304931640625
2026-06-10 09:45:00+00:00,23216.099609375,7386.31005859375,64174.33984375,24407.9609375,10179.0595703125,24305.390625,7593.1201171875,3993.304931640625
2026-06-10 10:00:00+00:00,23216.099609375,7386.31005859375,64174.33984375,24407.9609375,10169.8603515625,24238.66015625,7593.1201171875,3993.304931640625
2026-06-10 10:15:00+00:00,23216.099609375,7386.31005859375,64174.33984375,24407.9609375,10184.349609375,24258.880859375,7593.1201171875,3993.304931640625
2026-06-10 10:30:00+00:00,23216.099609375,7386.31005859375,64174.33984375,24407.9609375,10179.0302734375,24254.7890625,7593.1201171875,3993.304931640625
2026-06-10 10:45:00+00:00,23216.099609375,7386.31005859375,64174.33984375,24407.9609375,10186.0400390625,24243.939453125,7593.1201171875,3993.304931640625
2026-06-10 11:00:00+00:00,23216.099609375,7386.31005859375,64174.33984375,24407.9609375,10159.169921875,24134.80078125,7593.1201171875,3993.304931640625
2026-06-10 11:15:00+00:00,23216.099609375,7386.31005859375,64174.33984375,24407.9609375,10154.1298828125,24154.919921875,7593.1201171875,3993.304931640625
2026-06-10 11:30:00+00:00,23216.099609375,7386.31005859375,64174.33984375,24407.9609375,10171.9697265625,24198.16015625,7593.1201171875,3993.304931640625
2026-06-10 11:45:00+00:00,23216.099609375,7386.31005859375,64174.33984375,24407.9609375,10179.8095703125,24225.630859375,7593.1201171875,3993.304931640625
2026-06-10 12:00:00+00:00,23216.099609375,7386.31005859375,64174.33984375,24407.9609375,10183.6103515625,24222.2890625,7593.1201171875,3993.304931640625
2026-06-10 12:15:00+00:00,23216.099609375,7386.31005859375,64174.33984375,24407.9609375,10197.6904296875,24256.51953125,7593.1201171875,3993.304931640625
2026-06-10 12:30:00+00:00,23216.099609375,7386.31005859375,64174.33984375,24407.9609375,10215.0595703125,24310.83984375,7593.1201171875,3993.304931640625
2026-06-10 12:45:00+00:00,23216.099609375,7386.31005859375,64174.33984375,24407.9609375,10219.169921875,24291.08984375,7593.1201171875,3993.304931640625
2026-06-10 13:00:00+00:00,23216.099609375,7386.31005859375,64174.33984375,24407.9609375,10212.9404296875,24259.630859375,7593.1201171875,3993.304931640625
2026-06-10 13:15:00+00:00,23216.099609375,7386.31005859375,64174.33984375,24407.9609375,10222.9404296875,24275.029296875,7593.1201171875,3993.304931640625
2026-06-10 13:30:00+00:00,23216.099609375,7375.41015625,64174.33984375,24407.9609375,10241.509765625,24354.9296875,7593.1201171875,3993.304931640625
2026-06-10 13:45:00+00:00,23216.099609375,7370.490234375,64174.33984375,24407.9609375,10241.150390625,24338.400390625,7593.1201171875,3993.304931640625
2026-06-10 14:00:00+00:00,23216.099609375,7379.7001953125,64174.33984375,24407.9609375,10226.7900390625,24314.30078125,7593.1201171875,3993.304931640625
2026-06-10 14:15:00+00:00,23216.099609375,7385.89013671875,64174.33984375,24407.9609375,10230.33984375,24306.560546875,7593.1201171875,3993.304931640625
2026-06-10 14:30:00+00:00,23216.099609375,7369.35009765625,64174.33984375,24407.9609375,10248.830078125,24273.9609375,7593.1201171875,3993.304931640625
2026-06-10 14:45:00+00:00,23216.099609375,7341.490234375,64174.33984375,24407.9609375,10252.8896484375,24245.609375,7593.1201171875,3993.304931640625
2026-06-10 15:00:00+00:00,23216.099609375,7319.56005859375,64174.33984375,24407.9609375,10255.990234375,24229.529296875,7593.1201171875,3993.304931640625
2026-06-10 15:15:00+00:00,23216.099609375,7327.68017578125,64174.33984375,24407.9609375,10254.66015625,24216.08984375,7593.1201171875,3993.304931640625
2026-06-10 15:30:00+00:00,23216.099609375,7335.0,64174.33984375,24407.9609375,10254.66015625,24216.08984375,7593.1201171875,3993.304931640625
2026-06-10 15:45:00+00:00,23216.099609375,7331.41015625,64174.33984375,24407.9609375,10254.66015625,24216.08984375,7593.1201171875,3993.304931640625
2026-06-10 16:00:00+00:00,23216.099609375,7313.97021484375,64174.33984375,24407.9609375,10254.66015625,24216.08984375,7593.1201171875,3993.304931640625
2026-06-10 16:15:00+00:00,23216.099609375,7318.4501953125,64174.33984375,24407.9609375,10254.66015625,24216.08984375,7593.1201171875,3993.304931640625
2026-06-10 16:30:00+00:00,23216.099609375,7321.0,64174.33984375,24407.9609375,10254.66015625,24216.08984375,7593.1201171875,3993.304931640625
2026-06-10 16:45:00+00:00,23216.099609375,7315.740234375,64174.33984375,24407.9609375,10254.66015625,24216.08984375,7593.1201171875,3993.304931640625
2026-06-10 17:00:00+00:00,23216.099609375,7301.75,64174.33984375,24407.9609375,10254.66015625,24216.08984375,7593.1201171875,3993.304931640625
2026-06-10 17:15:00+00:00,23216.099609375,7308.080078125,64174.33984375,24407.9609375,10254.66015625,24216.08984375,7593.1201171875,3993.304931640625
2026-06-10 17:30:00+00:00,23216.099609375,7291.58984375,64174.33984375,24407.9609375,10254.66015625,24216.08984375,7593.1201171875,3993.304931640625
2026-06-10 17:45:00+00:00,23216.099609375,7318.41015625,64174.33984375,24407.9609375,10254.66015625,24216.08984375,7593.1201171875,3993.304931640625
2026-06-10 18:00:00+00:00,23216.099609375,7319.31982421875,64174.33984375,24407.9609375,10254.66015625,24216.08984375,7593.1201171875,3993.304931640625
2026-06-10 18:15:00+00:00,23216.099609375,7307.740234375,64174.33984375,24407.9609375,10254.66015625,24216.08984375,7593.1201171875,3993.304931640625
2026-06-10 18:30:00+00:00,23216.099609375,7297.3798828125,64174.33984375,24407.9609375,10254.66015625,24216.08984375,7593.1201171875,3993.304931640625
2026-06-10 18:45:00+00:00,23216.099609375,7286.47998046875,64174.33984375,24407.9609375,10254.66015625,24216.08984375,7593.1201171875,3993.304931640625
2026-06-10 19:00:00+00:00,23216.099609375,7282.2900390625,64174.33984375,24407.9609375,10254.66015625,24216.08984375,7593.1201171875,3993.304931640625
2026-06-10 19:15:00+00:00,23216.099609375,7272.85009765625,64174.33984375,24407.9609375,10254.66015625,24216.08984375,7593.1201171875,3993.304931640625
2026-06-10 19:30:00+00:00,23216.099609375,7284.58984375,64174.33984375,24407.9609375,10254.66015625,24216.08984375,7593.1201171875,3993.304931640625
2026-06-10 19:45:00+00:00,23216.099609375,7267.64990234375,64174.33984375,24407.9609375,10254.66015625,24216.08984375,7593.1201171875,3993.304931640625
2026-06-11 00:00:00+00:00,23216.099609375,7267.64990234375,62662.19921875,24407.9609375,10254.66015625,24216.08984375,7451.580078125,3993.304931640625
2026-06-11 00:15:00+00:00,23216.099609375,7267.64990234375,62935.828125,24407.9609375,10254.66015625,24216.08984375,7559.919921875,3993.304931640625
2026-06-11 00:30:00+00:00,23216.099609375,7267.64990234375,63047.01953125,24407.9609375,10254.66015625,24216.08984375,7485.64990234375,3993.304931640625
2026-06-11 00:45:00+00:00,23216.099609375,7267.64990234375,63456.8515625,24407.9609375,10254.66015625,24216.08984375,7640.6298828125,3993.304931640625
2026-06-11 01:00:00+00:00,23216.099609375,7267.64990234375,64098.8515625,24407.9609375,10254.66015625,24216.08984375,7776.9501953125,3993.304931640625
2026-06-11 01:15:00+00:00,23216.099609375,7267.64990234375,64190.1796875,24407.9609375,10254.66015625,24216.08984375,7753.419921875,3993.304931640625
2026-06-11 01:30:00+00:00,23216.099609375,7267.64990234375,64001.03125,24453.55078125,10254.66015625,24216.08984375,7733.7900390625,3988.529296875
2026-06-11 01:45:00+00:00,23216.099609375,7267.64990234375,63619.76953125,24342.3203125,10254.66015625,24216.08984375,7672.580078125,3982.55078125
2026-06-11 02:00:00+00:00,23216.099609375,7267.64990234375,63652.08984375,24144.7890625,10254.66015625,24216.08984375,7623.68017578125,3974.88330078125
2026-06-11 02:15:00+00:00,23216.099609375,7267.64990234375,63274.73828125,24068.76953125,10254.66015625,24216.08984375,7571.75,3967.11083984375
2026-06-11 02:30:00+00:00,23216.099609375,7267.64990234375,63239.51953125,24033.44921875,10254.66015625,24216.08984375,7590.6201171875,3967.716552734375
2026-06-11 02:45:00+00:00,23216.099609375,7267.64990234375,63239.51953125,24089.720703125,10254.66015625,24216.08984375,7639.56005859375,3975.034912109375
2026-06-11 03:00:00+00:00,23216.099609375,7267.64990234375,63239.51953125,24044.759765625,10254.66015625,24216.08984375,7595.669921875,3960.5810546875
2026-06-11 03:15:00+00:00,23216.099609375,7267.64990234375,63239.51953125,24050.0390625,10254.66015625,24216.08984375,7643.4599609375,3964.349853515625
2026-06-11 03:30:00+00:00,23216.099609375,7267.64990234375,64004.83984375,24172.48046875,10254.66015625,24216.08984375,7697.16015625,3964.2412109375
2026-06-11 03:45:00+00:00,23119.349609375,7267.64990234375,64228.30859375,24135.19921875,10254.66015625,24216.08984375,7741.06005859375,3964.2412109375
2026-06-11 04:00:00+00:00,23143.599609375,7267.64990234375,64121.48828125,24136.169921875,10254.66015625,24216.08984375,7715.5400390625,3964.2412109375
2026-06-11 04:15:00+00:00,23115.69921875,7267.64990234375,64157.28125,24136.169921875,10254.66015625,24216.08984375,7729.3701171875,3964.2412109375
2026-06-11 04:30:00+00:00,23145.5,7267.64990234375,64335.46875,24136.169921875,10254.66015625,24216.08984375,7785.22021484375,3964.2412109375
2026-06-11 04:45:00+00:00,23199.5,7267.64990234375,64305.1484375,24136.169921875,10254.66015625,24216.08984375,7783.259765625,3964.2412109375
2026-06-11 05:00:00+00:00,23203.19921875,7267.64990234375,64153.890625,24187.0390625,10254.66015625,24216.08984375,7741.89990234375,3980.37109375
2026-06-11 05:15:00+00:00,23174.55078125,7267.64990234375,64164.26953125,24149.609375,10254.66015625,24216.08984375,7691.6298828125,3978.42626953125
2026-06-11 05:30:00+00:00,23181.650390625,7267.64990234375,64230.8203125,24172.419921875,10254.66015625,24216.08984375,7759.330078125,3976.87890625
2026-06-11 05:45:00+00:00,23235.44921875,7267.64990234375,64159.30859375,24153.869140625,10254.66015625,24216.08984375,7743.25,3980.64599609375
2026-06-11 06:00:00+00:00,23251.69921875,7267.64990234375,64123.390625,24140.58984375,10254.66015625,24216.08984375,7743.25,3966.978271484375
2026-06-11 06:15:00+00:00,23281.150390625,7267.64990234375,64240.1484375,24120.220703125,10254.66015625,24216.08984375,7743.25,3969.6669921875
2026-06-11 06:30:00+00:00,23285.25,7267.64990234375,64240.1484375,24137.73046875,10254.66015625,24216.08984375,7743.25,3976.657470703125
2026-06-11 06:45:00+00:00,23295.599609375,7267.64990234375,64240.1484375,24187.76953125,10254.66015625,24216.08984375,7743.25,3987.806884765625
2026-06-11 07:00:00+00:00,23294.400390625,7267.64990234375,64240.1484375,24214.01953125,10288.33984375,24195.310546875,7743.25,3987.806884765625
2026-06-11 07:15:00+00:00,23306.75,7267.64990234375,64240.1484375,24251.080078125,10308.759765625,24205.330078125,7743.25,3987.806884765625
2026-06-11 07:30:00+00:00,23257.69921875,7267.64990234375,64240.1484375,24237.69921875,10305.599609375,24226.259765625,7743.25,3987.806884765625
2026-06-11 07:45:00+00:00,23241.0,7267.64990234375,64240.1484375,24220.029296875,10293.900390625,24168.4609375,7743.25,3987.806884765625
2026-06-11 08:00:00+00:00,23220.099609375,7267.64990234375,64240.1484375,24249.2890625,10318.740234375,24253.359375,7743.25,3987.806884765625
2026-06-11 08:15:00+00:00,23231.30078125,7267.64990234375,64240.1484375,24249.2890625,10301.9501953125,24200.439453125,7743.25,3987.806884765625
2026-06-11 08:30:00+00:00,23218.75,7267.64990234375,64240.1484375,24249.2890625,10312.7900390625,24202.91015625,7743.25,3987.806884765625
2026-06-11 08:45:00+00:00,23240.05078125,7267.64990234375,64240.1484375,24249.2890625,10311.4697265625,24211.470703125,7743.25,3987.806884765625
2026-06-11 09:00:00+00:00,23198.150390625,7267.64990234375,64240.1484375,24249.2890625,10314.8701171875,24194.859375,7743.25,3987.806884765625
2026-06-11 09:15:00+00:00,23175.5,7267.64990234375,64240.1484375,24249.2890625,10326.48046875,24212.1796875,7743.25,3987.806884765625
2026-06-11 09:30:00+00:00,23165.80078125,7267.64990234375,64240.1484375,24249.2890625,10330.1396484375,24230.490234375,7743.25,3987.806884765625
2026-06-11 09:45:00+00:00,23186.55078125,7267.64990234375,64240.1484375,24249.2890625,10339.400390625,24255.009765625,7743.25,3987.806884765625
2026-06-11 10:00:00+00:00,23186.55078125,7267.64990234375,64240.1484375,24249.2890625,10343.8603515625,24279.419921875,7743.25,3987.806884765625
2026-06-11 10:15:00+00:00,23186.55078125,7267.64990234375,64240.1484375,24249.2890625,10339.669921875,24246.720703125,7743.25,3987.806884765625
2026-06-11 10:30:00+00:00,23186.55078125,7267.64990234375,64240.1484375,24249.2890625,10342.8701171875,24262.810546875,7743.25,3987.806884765625
2026-06-11 10:45:00+00:00,23186.55078125,7267.64990234375,64240.1484375,24249.2890625,10334.490234375,24255.2109375,7743.25,3987.806884765625
2026-06-11 11:00:00+00:00,23186.55078125,7267.64990234375,64240.1484375,24249.2890625,10337.099609375,24242.720703125,7743.25,3987.806884765625
2026-06-11 11:15:00+00:00,23186.55078125,7267.64990234375,64240.1484375,24249.2890625,10341.150390625,24252.119140625,7743.25,3987.806884765625
2026-06-11 11:30:00+00:00,23186.55078125,7267.64990234375,64240.1484375,24249.2890625,10352.0595703125,24273.0,7743.25,3987.806884765625
2026-06-11 11:45:00+00:00,23186.55078125,7267.64990234375,64240.1484375,24249.2890625,10360.5703125,24267.560546875,7743.25,3987.806884765625
2026-06-11 12:00:00+00:00,23186.55078125,7267.64990234375,64240.1484375,24249.2890625,10355.5703125,24256.990234375,7743.25,3987.806884765625
2026-06-11 12:15:00+00:00,23186.55078125,7267.64990234375,64240.1484375,24249.2890625,10318.849609375,24144.150390625,7743.25,3987.806884765625
2026-06-11 12:30:00+00:00,23186.55078125,7267.64990234375,64240.1484375,24249.2890625,10325.0400390625,24173.869140625,7743.25,3987.806884765625
2026-06-11 12:45:00+00:00,23186.55078125,7267.64990234375,64240.1484375,24249.2890625,10332.16015625,24211.7109375,7743.25,3987.806884765625
2026-06-11 13:00:00+00:00,23186.55078125,7267.64990234375,64240.1484375,24249.2890625,10329.51953125,24175.2890625,7743.25,3987.806884765625
2026-06-11 13:15:00+00:00,23186.55078125,7267.64990234375,64240.1484375,24249.2890625,10337.490234375,24195.330078125,7743.25,3987.806884765625
2026-06-11 13:30:00+00:00,23186.55078125,7285.259765625,64240.1484375,24249.2890625,10342.8203125,24227.130859375,7743.25,3987.806884765625
2026-06-11 13:45:00+00:00,23186.55078125,7309.009765625,64240.1484375,24249.2890625,10358.01953125,24298.990234375,7743.25,3987.806884765625
2026-06-11 14:00:00+00:00,23186.55078125,7291.0498046875,64240.1484375,24249.2890625,10346.9501953125,24230.26953125,7743.25,3987.806884765625
2026-06-11 14:15:00+00:00,23186.55078125,7300.93994140625,64240.1484375,24249.2890625,10343.1201171875,24231.779296875,7743.25,3987.806884765625
2026-06-11 14:30:00+00:00,23186.55078125,7299.0498046875,64240.1484375,24249.2890625,10342.009765625,24268.859375,7743.25,3987.806884765625
2026-06-11 14:45:00+00:00,23186.55078125,7268.93994140625,64240.1484375,24249.2890625,10314.009765625,24199.66015625,7743.25,3987.806884765625
2026-06-11 15:00:00+00:00,23186.55078125,7286.9599609375,64240.1484375,24249.2890625,10329.23046875,24268.150390625,7743.25,3987.806884765625
2026-06-11 15:15:00+00:00,23186.55078125,7286.1201171875,64240.1484375,24249.2890625,10302.48046875,24209.7890625,7743.25,3987.806884765625
2026-06-11 15:30:00+00:00,23186.55078125,7290.8701171875,64240.1484375,24249.2890625,10302.48046875,24209.7890625,7743.25,3987.806884765625
2026-06-11 15:45:00+00:00,23186.55078125,7293.5400390625,64240.1484375,24249.2890625,10302.48046875,24209.7890625,7743.25,3987.806884765625
2026-06-11 16:00:00+00:00,23186.55078125,7310.35009765625,64240.1484375,24249.2890625,10302.48046875,24209.7890625,7743.25,3987.806884765625
2026-06-11 16:15:00+00:00,23186.55078125,7291.3701171875,64240.1484375,24249.2890625,10302.48046875,24209.7890625,7743.25,3987.806884765625
2026-06-11 16:30:00+00:00,23186.55078125,7298.39990234375,64240.1484375,24249.2890625,10302.48046875,24209.7890625,7743.25,3987.806884765625
2026-06-11 16:45:00+00:00,23186.55078125,7277.3701171875,64240.1484375,24249.2890625,10302.48046875,24209.7890625,7743.25,3987.806884765625
2026-06-11 17:00:00+00:00,23186.55078125,7275.33984375,64240.1484375,24249.2890625,10302.48046875,24209.7890625,7743.25,3987.806884765625
2026-06-11 17:15:00+00:00,23186.55078125,7337.14990234375,64240.1484375,24249.2890625,10302.48046875,24209.7890625,7743.25,3987.806884765625
2026-06-11 17:30:00+00:00,23186.55078125,7375.56005859375,64240.1484375,24249.2890625,10302.48046875,24209.7890625,7743.25,3987.806884765625
2026-06-11 17:45:00+00:00,23186.55078125,7362.39990234375,64240.1484375,24249.2890625,10302.48046875,24209.7890625,7743.25,3987.806884765625
2026-06-11 18:00:00+00:00,23186.55078125,7355.009765625,64240.1484375,24249.2890625,10302.48046875,24209.7890625,7743.25,3987.806884765625
2026-06-11 18:15:00+00:00,23186.55078125,7356.83984375,64240.1484375,24249.2890625,10302.48046875,24209.7890625,7743.25,3987.806884765625
2026-06-11 18:30:00+00:00,23186.55078125,7362.080078125,64240.1484375,24249.2890625,10302.48046875,24209.7890625,7743.25,3987.806884765625
2026-06-11 18:45:00+00:00,23186.55078125,7370.08984375,64240.1484375,24249.2890625,10302.48046875,24209.7890625,7743.25,3987.806884765625
2026-06-11 19:00:00+00:00,23186.55078125,7382.16015625,64240.1484375,24249.2890625,10302.48046875,24209.7890625,7743.25,3987.806884765625
2026-06-11 19:15:00+00:00,23186.55078125,7392.009765625,64240.1484375,24249.2890625,10302.48046875,24209.7890625,7743.25,3987.806884765625
2026-06-11 19:30:00+00:00,23186.55078125,7407.10009765625,64240.1484375,24249.2890625,10302.48046875,24209.7890625,7743.25,3987.806884765625
2026-06-11 19:45:00+00:00,23186.55078125,7393.06005859375,64240.1484375,24249.2890625,10302.48046875,24209.7890625,7743.25,3987.806884765625
2026-06-12 00:00:00+00:00,23186.55078125,7393.06005859375,66475.4296875,24249.2890625,10302.48046875,24209.7890625,8351.599609375,3987.806884765625
2026-06-12 00:15:00+00:00,23186.55078125,7393.06005859375,66735.3671875,24249.2890625,10302.48046875,24209.7890625,8383.5400390625,3987.806884765625
2026-06-12 00:30:00+00:00,23186.55078125,7393.06005859375,66668.0078125,24249.2890625,10302.48046875,24209.7890625,8407.1904296875,3987.806884765625
2026-06-12 00:45:00+00:00,23186.55078125,7393.06005859375,66770.296875,24249.2890625,10302.48046875,24209.7890625,8379.75,3987.806884765625
2026-06-12 01:00:00+00:00,23186.55078125,7393.06005859375,66479.65625,24249.2890625,10302.48046875,24209.7890625,8361.58984375,3987.806884765625
2026-06-12 01:15:00+00:00,23186.55078125,7393.06005859375,65884.9765625,24249.2890625,10302.48046875,24209.7890625,8294.0703125,3987.806884765625
2026-06-12 01:30:00+00:00,23186.55078125,7393.06005859375,66159.8828125,24571.26953125,10302.48046875,24209.7890625,8295.0498046875,4021.522705078125
2026-06-12 01:45:00+00:00,23186.55078125,7393.06005859375,66645.546875,24624.890625,10302.48046875,24209.7890625,8367.900390625,4034.736572265625
2026-06-12 02:00:00+00:00,23186.55078125,7393.06005859375,66595.2421875,24638.05078125,10302.48046875,24209.7890625,8354.5595703125,4042.833251953125
2026-06-12 02:15:00+00:00,23186.55078125,7393.06005859375,66438.4765625,24571.66015625,10302.48046875,24209.7890625,8363.900390625,4035.99853515625
2026-06-12 02:30:00+00:00,23186.55078125,7393.06005859375,66442.953125,24594.66015625,10302.48046875,24209.7890625,8367.240234375,4045.0458984375
2026-06-12 02:45:00+00:00,23186.55078125,7393.06005859375,66442.953125,24703.26953125,10302.48046875,24209.7890625,8394.0,4051.51318359375
2026-06-12 03:00:00+00:00,23186.55078125,7393.06005859375,66442.953125,24695.939453125,10302.48046875,24209.7890625,8391.009765625,4047.747802734375
2026-06-12 03:15:00+00:00,23186.55078125,7393.06005859375,66442.953125,24719.609375,10302.48046875,24209.7890625,8388.4697265625,4050.97998046875
2026-06-12 03:30:00+00:00,23186.55078125,7393.06005859375,66364.8828125,24744.05078125,10302.48046875,24209.7890625,8418.9697265625,4049.294189453125
2026-06-12 03:45:00+00:00,23401.19921875,7393.06005859375,66477.7421875,24740.26953125,10302.48046875,24209.7890625,8404.9599609375,4049.294189453125
2026-06-12 04:00:00+00:00,23370.099609375,7393.06005859375,66460.6875,24740.41015625,10302.48046875,24209.7890625,8400.9404296875,4049.294189453125
2026-06-12 04:15:00+00:00,23346.55078125,7393.06005859375,66554.078125,24740.41015625,10302.48046875,24209.7890625,8425.73046875,4049.294189453125
2026-06-12 04:30:00+00:00,23342.650390625,7393.06005859375,66492.59375,24740.41015625,10302.48046875,24209.7890625,8430.26953125,4049.294189453125
2026-06-12 04:45:00+00:00,23345.849609375,7393.06005859375,66577.296875,24740.41015625,10302.48046875,24209.7890625,8417.3203125,4049.294189453125
2026-06-12 05:00:00+00:00,23349.69921875,7393.06005859375,66598.3984375,24714.05078125,10302.48046875,24209.7890625,8381.509765625,4043.301513671875
2026-06-12 05:15:00+00:00,23358.25,7393.06005859375,66433.6796875,24726.48046875,10302.48046875,24209.7890625,8369.98046875,4046.875
2026-06-12 05:30:00+00:00,23378.05078125,7393.06005859375,66167.4609375,24699.599609375,10302.48046875,24209.7890625,8194.6904296875,4041.331787109375
2026-06-12 05:45:00+00:00,23357.400390625,7393.06005859375,65981.859375,24630.94921875,10302.48046875,24209.7890625,8104.89013671875,4034.324951171875
2026-06-12 06:00:00+00:00,23374.80078125,7393.06005859375,66140.5390625,24660.91015625,10302.48046875,24209.7890625,8104.89013671875,4036.84033203125
2026-06-12 06:15:00+00:00,23378.19921875,7393.06005859375,66042.0625,24648.69921875,10302.48046875,24209.7890625,8104.89013671875,4036.6640625
2026-06-12 06:30:00+00:00,23347.400390625,7393.06005859375,66042.0625,24603.0390625,10302.48046875,24209.7890625,8104.89013671875,4027.760986328125
2026-06-12 06:45:00+00:00,23365.30078125,7393.06005859375,66042.0625,24624.939453125,10302.48046875,24209.7890625,8104.89013671875,4032.047119140625
2026-06-12 07:00:00+00:00,23321.55078125,7393.06005859375,66042.0625,24591.380859375,10384.16015625,24519.939453125,8104.89013671875,4032.047119140625
2026-06-12 07:15:00+00:00,23325.30078125,7393.06005859375,66042.0625,24620.44921875,10387.5703125,24505.390625,8104.89013671875,4032.047119140625
2026-06-12 07:30:00+00:00,23336.25,7393.06005859375,66042.0625,24608.69921875,10397.8701171875,24559.2890625,8104.89013671875,4032.047119140625
2026-06-12 07:45:00+00:00,23388.94921875,7393.06005859375,66042.0625,24657.359375,10428.8701171875,24646.330078125,8104.89013671875,4032.047119140625
2026-06-12 08:00:00+00:00,23474.599609375,7393.06005859375,66042.0625,24718.099609375,10454.76953125,24695.939453125,8104.89013671875,4032.047119140625
2026-06-12 08:15:00+00:00,23507.44921875,7393.06005859375,66042.0625,24718.099609375,10462.8798828125,24710.119140625,8104.89013671875,4032.047119140625
2026-06-12 08:30:00+00:00,23527.5,7393.06005859375,66042.0625,24718.099609375,10440.1904296875,24625.509765625,8104.89013671875,4032.047119140625
2026-06-12 08:45:00+00:00,23547.80078125,7393.06005859375,66042.0625,24718.099609375,10435.1796875,24622.2890625,8104.89013671875,4032.047119140625
2026-06-12 09:00:00+00:00,23569.75,7393.06005859375,66042.0625,24718.099609375,10440.1396484375,24670.310546875,8104.89013671875,4032.047119140625
2026-06-12 09:15:00+00:00,23608.150390625,7393.06005859375,66042.0625,24718.099609375,10434.7900390625,24678.5390625,8104.89013671875,4032.047119140625
2026-06-12 09:30:00+00:00,23621.80078125,7393.06005859375,66042.0625,24718.099609375,10433.1298828125,24673.369140625,8104.89013671875,4032.047119140625
2026-06-12 09:45:00+00:00,23631.75,7393.06005859375,66042.0625,24718.099609375,10426.7197265625,24665.859375,8104.89013671875,4032.047119140625
2026-06-12 10:00:00+00:00,23631.75,7393.06005859375,66042.0625,24718.099609375,10417.349609375,24628.4296875,8104.89013671875,4032.047119140625
2026-06-12 10:15:00+00:00,23631.75,7393.06005859375,66042.0625,24718.099609375,10401.9697265625,24565.919921875,8104.89013671875,4032.047119140625
2026-06-12 10:30:00+00:00,23631.75,7393.06005859375,66042.0625,24718.099609375,10421.1201171875,24592.7109375,8104.89013671875,4032.047119140625
2026-06-12 10:45:00+00:00,23631.75,7393.06005859375,66042.0625,24718.099609375,10415.7802734375,24586.369140625,8104.89013671875,4032.047119140625
2026-06-12 11:00:00+00:00,23631.75,7393.06005859375,66042.0625,24718.099609375,10422.830078125,24597.0703125,8104.89013671875,4032.047119140625
2026-06-12 11:15:00+00:00,23631.75,7393.06005859375,66042.0625,24718.099609375,10433.169921875,24627.470703125,8104.89013671875,4032.047119140625
2026-06-12 11:30:00+00:00,23631.75,7393.06005859375,66042.0625,24718.099609375,10425.9599609375,24605.23046875,8104.89013671875,4032.047119140625
2026-06-12 11:45:00+00:00,23631.75,7393.06005859375,66042.0625,24718.099609375,10414.6201171875,24579.080078125,8104.89013671875,4032.047119140625
2026-06-12 12:00:00+00:00,23631.75,7393.06005859375,66042.0625,24718.099609375,10408.3095703125,24534.0390625,8104.89013671875,4032.047119140625
2026-06-12 12:15:00+00:00,23631.75,7393.06005859375,66042.0625,24718.099609375,10403.7099609375,24494.0,8104.89013671875,4032.047119140625
2026-06-12 12:30:00+00:00,23631.75,7393.06005859375,66042.0625,24718.099609375,10394.2998046875,24479.080078125,8104.89013671875,4032.047119140625
2026-06-12 12:45:00+00:00,23631.75,7393.06005859375,66042.0625,24718.099609375,10392.3896484375,24467.30078125,8104.89013671875,4032.047119140625
2026-06-12 13:00:00+00:00,23631.75,7393.06005859375,66042.0625,24718.099609375,10414.8603515625,24521.439453125,8104.89013671875,4032.047119140625
2026-06-12 13:15:00+00:00,23631.75,7393.06005859375,66042.0625,24718.099609375,10423.7998046875,24544.220703125,8104.89013671875,4032.047119140625
2026-06-12 13:30:00+00:00,23631.75,7370.759765625,66042.0625,24718.099609375,10419.080078125,24446.91015625,8104.89013671875,4032.047119140625
2026-06-12 13:45:00+00:00,23631.75,7379.22021484375,66042.0625,24718.099609375,10434.509765625,24500.859375,8104.89013671875,4032.047119140625
2026-06-12 14:00:00+00:00,23631.75,7406.06005859375,66042.0625,24718.099609375,10441.01953125,24514.029296875,8104.89013671875,4032.047119140625
2026-06-12 14:15:00+00:00,23631.75,7408.56982421875,66042.0625,24718.099609375,10439.75,24502.099609375,8104.89013671875,4032.047119140625
2026-06-12 14:30:00+00:00,23631.75,7391.97998046875,66042.0625,24718.099609375,10442.5595703125,24507.099609375,8104.89013671875,4032.047119140625
2026-06-12 14:45:00+00:00,23631.75,7436.259765625,66042.0625,24718.099609375,10463.900390625,24626.0,8104.89013671875,4032.047119140625
2026-06-12 15:00:00+00:00,23631.75,7443.27001953125,66042.0625,24718.099609375,10465.830078125,24613.650390625,8104.89013671875,4032.047119140625
2026-06-12 15:15:00+00:00,23631.75,7452.9599609375,66042.0625,24718.099609375,10460.259765625,24614.0390625,8104.89013671875,4032.047119140625
2026-06-12 15:30:00+00:00,23631.75,7422.0400390625,66042.0625,24718.099609375,10460.259765625,24614.0390625,8104.89013671875,4032.047119140625
2026-06-12 15:45:00+00:00,23631.75,7401.25,66042.0625,24718.099609375,10460.259765625,24614.0390625,8104.89013671875,4032.047119140625
2026-06-12 16:00:00+00:00,23631.75,7422.89990234375,66042.0625,24718.099609375,10460.259765625,24614.0390625,8104.89013671875,4032.047119140625
2026-06-12 16:15:00+00:00,23631.75,7418.990234375,66042.0625,24718.099609375,10460.259765625,24614.0390625,8104.89013671875,4032.047119140625
2026-06-12 16:30:00+00:00,23631.75,7417.89990234375,66042.0625,24718.099609375,10460.259765625,24614.0390625,8104.89013671875,4032.047119140625
2026-06-12 16:45:00+00:00,23631.75,7427.5498046875,66042.0625,24718.099609375,10460.259765625,24614.0390625,8104.89013671875,4032.047119140625
2026-06-12 17:00:00+00:00,23631.75,7432.990234375,66042.0625,24718.099609375,10460.259765625,24614.0390625,8104.89013671875,4032.047119140625
2026-06-12 17:15:00+00:00,23631.75,7434.0,66042.0625,24718.099609375,10460.259765625,24614.0390625,8104.89013671875,4032.047119140625
2026-06-12 17:30:00+00:00,23631.75,7429.10986328125,66042.0625,24718.099609375,10460.259765625,24614.0390625,8104.89013671875,4032.047119140625
2026-06-12 17:45:00+00:00,23631.75,7425.490234375,66042.0625,24718.099609375,10460.259765625,24614.0390625,8104.89013671875,4032.047119140625
2026-06-12 18:00:00+00:00,23631.75,7422.97021484375,66042.0625,24718.099609375,10460.259765625,24614.0390625,8104.89013671875,4032.047119140625
2026-06-12 18:15:00+00:00,23631.75,7424.66015625,66042.0625,24718.099609375,10460.259765625,24614.0390625,8104.89013671875,4032.047119140625
2026-06-12 18:30:00+00:00,23631.75,7434.3798828125,66042.0625,24718.099609375,10460.259765625,24614.0390625,8104.89013671875,4032.047119140625
2026-06-12 18:45:00+00:00,23631.75,7422.68994140625,66042.0625,24718.099609375,10460.259765625,24614.0390625,8104.89013671875,4032.047119140625
2026-06-12 19:00:00+00:00,23631.75,7427.1201171875,66042.0625,24718.099609375,10460.259765625,24614.0390625,8104.89013671875,4032.047119140625
2026-06-12 19:15:00+00:00,23631.75,7426.7900390625,66042.0625,24718.099609375,10460.259765625,24614.0390625,8104.89013671875,4032.047119140625
2026-06-12 19:30:00+00:00,23631.75,7420.990234375,66042.0625,24718.099609375,10460.259765625,24614.0390625,8104.89013671875,4032.047119140625
2026-06-12 19:45:00+00:00,23631.75,7430.85986328125,66042.0625,24718.099609375,10460.259765625,24614.0390625,8104.89013671875,4032.047119140625
2026-06-15 00:00:00+00:00,23631.75,7430.85986328125,68730.5390625,24718.099609375,10460.259765625,24614.0390625,8530.33984375,4032.047119140625
2026-06-15 00:15:00+00:00,23631.75,7430.85986328125,68998.5625,24718.099609375,10460.259765625,24614.0390625,8579.83984375,4032.047119140625
2026-06-15 00:30:00+00:00,23631.75,7430.85986328125,69204.0703125,24718.099609375,10460.259765625,24614.0390625,8563.830078125,4032.047119140625
2026-06-15 00:45:00+00:00,23631.75,7430.85986328125,69390.859375,24718.099609375,10460.259765625,24614.0390625,8589.8095703125,4032.047119140625
2026-06-15 01:00:00+00:00,23631.75,7430.85986328125,69536.390625,24718.099609375,10460.259765625,24614.0390625,8549.58984375,4032.047119140625
2026-06-15 01:15:00+00:00,23631.75,7430.85986328125,69366.7578125,24718.099609375,10460.259765625,24614.0390625,8569.3701171875,4032.047119140625
2026-06-15 01:30:00+00:00,23631.75,7430.85986328125,69501.2421875,25031.4296875,10460.259765625,24614.0390625,8533.0595703125,4079.9794921875
2026-06-15 01:45:00+00:00,23631.75,7430.85986328125,69588.15625,24973.060546875,10460.259765625,24614.0390625,8521.099609375,4080.74365234375
2026-06-15 02:00:00+00:00,23631.75,7430.85986328125,69526.0,24914.390625,10460.259765625,24614.0390625,8512.83984375,4088.0634765625
2026-06-15 02:15:00+00:00,23631.75,7430.85986328125,69589.7421875,24879.0703125,10460.259765625,24614.0390625,8552.6103515625,4078.891357421875
2026-06-15 02:30:00+00:00,23631.75,7430.85986328125,69593.640625,24837.609375,10460.259765625,24614.0390625,8558.7802734375,4071.296875
2026-06-15 02:45:00+00:00,23631.75,7430.85986328125,69593.640625,24812.810546875,10460.259765625,24614.0390625,8567.6904296875,4071.53173828125
2026-06-15 03:00:00+00:00,23631.75,7430.85986328125,69593.640625,24866.220703125,10460.259765625,24614.0390625,8577.2197265625,4067.980224609375
2026-06-15 03:15:00+00:00,23631.75,7430.85986328125,69593.640625,24862.529296875,10460.259765625,24614.0390625,8594.0595703125,4067.95849609375
2026-06-15 03:30:00+00:00,23631.75,7430.85986328125,69467.3203125,24831.830078125,10460.259765625,24614.0390625,8575.490234375,4068.5751953125
2026-06-15 03:45:00+00:00,23944.69921875,7430.85986328125,69272.453125,24828.890625,10460.259765625,24614.0390625,8572.0400390625,4068.5751953125
2026-06-15 04:00:00+00:00,23964.849609375,7430.85986328125,69277.3828125,24829.619140625,10460.259765625,24614.0390625,8567.990234375,4068.5751953125
2026-06-15 04:15:00+00:00,23946.44921875,7430.85986328125,69342.03125,24829.619140625,10460.259765625,24614.0390625,8593.919921875,4068.5751953125
2026-06-15 04:30:00+00:00,23945.5,7430.85986328125,69288.21875,24829.619140625,10460.259765625,24614.0390625,8563.16015625,4068.5751953125
2026-06-15 04:45:00+00:00,23962.650390625,7430.85986328125,69230.3515625,24829.619140625,10460.259765625,24614.0390625,8570.2802734375,4068.5751953125
2026-06-15 05:00:00+00:00,23978.44921875,7430.85986328125,69271.03125,24817.130859375,10460.259765625,24614.0390625,8562.6103515625,4066.103271484375
2026-06-15 05:15:00+00:00,24001.19921875,7430.85986328125,69290.6015625,24857.7109375,10460.259765625,24614.0390625,8560.490234375,4074.5537109375
2026-06-15 05:30:00+00:00,23967.650390625,7430.85986328125,69142.34375,24875.5,10460.259765625,24614.0390625,8516.5400390625,4083.89306640625
2026-06-15 05:45:00+00:00,23977.69921875,7430.85986328125,69300.7421875,24840.689453125,10460.259765625,24614.0390625,8528.83984375,4079.768798828125
2026-06-15 06:00:00+00:00,23957.80078125,7430.85986328125,69316.09375,24819.69921875,10460.259765625,24614.0390625,8528.83984375,4078.8466796875
2026-06-15 06:15:00+00:00,23961.55078125,7430.85986328125,69351.6171875,24835.1796875,10460.259765625,24614.0390625,8528.83984375,4079.843017578125
2026-06-15 06:30:00+00:00,23931.30078125,7430.85986328125,69351.6171875,24814.169921875,10460.259765625,24614.0390625,8528.83984375,4087.56298828125
2026-06-15 06:45:00+00:00,23894.55078125,7430.85986328125,69351.6171875,24840.119140625,10460.259765625,24614.0390625,8528.83984375,4097.11376953125
2026-06-15 07:00:00+00:00,23912.05078125,7430.85986328125,69351.6171875,24860.419921875,10554.259765625,25056.150390625,8528.83984375,4097.11376953125
2026-06-15 07:15:00+00:00,23906.650390625,7430.85986328125,69351.6171875,24893.169921875,10538.48046875,25075.310546875,8528.83984375,4097.11376953125
2026-06-15 07:30:00+00:00,23916.0,7430.85986328125,69351.6171875,24850.05078125,10536.73046875,25048.150390625,8528.83984375,4097.11376953125
2026-06-15 07:45:00+00:00,23906.44921875,7430.85986328125,69351.6171875,24830.900390625,10522.4501953125,25024.1796875,8528.83984375,4097.11376953125
2026-06-15 08:00:00+00:00,23893.55078125,7430.85986328125,69351.6171875,24842.669921875,10506.73046875,24987.9609375,8528.83984375,4097.11376953125
2026-06-15 08:15:00+00:00,23906.55078125,7430.85986328125,69351.6171875,24842.669921875,10511.3701171875,25020.390625,8528.83984375,4097.11376953125
2026-06-15 08:30:00+00:00,23889.900390625,7430.85986328125,69351.6171875,24842.669921875,10508.599609375,24978.9609375,8528.83984375,4097.11376953125
2026-06-15 08:45:00+00:00,23907.44921875,7430.85986328125,69351.6171875,24842.669921875,10499.5,24947.80078125,8528.83984375,4097.11376953125
2026-06-15 09:00:00+00:00,23923.599609375,7430.85986328125,69351.6171875,24842.669921875,10490.1904296875,24935.349609375,8528.83984375,4097.11376953125
2026-06-15 09:15:00+00:00,23895.25,7430.85986328125,69351.6171875,24842.669921875,10488.6103515625,24914.609375,8528.83984375,4097.11376953125
2026-06-15 09:30:00+00:00,23844.400390625,7430.85986328125,69351.6171875,24842.669921875,10475.740234375,24903.669921875,8528.83984375,4097.11376953125
2026-06-15 09:45:00+00:00,23855.900390625,7430.85986328125,69351.6171875,24842.669921875,10486.849609375,24925.130859375,8528.83984375,4097.11376953125
2026-06-15 10:00:00+00:00,23855.900390625,7430.85986328125,69351.6171875,24842.669921875,10484.1201171875,24935.19921875,8528.83984375,4097.11376953125
2026-06-15 10:15:00+00:00,23855.900390625,7430.85986328125,69351.6171875,24842.669921875,10483.830078125,24950.779296875,8528.83984375,4097.11376953125
2026-06-15 10:30:00+00:00,23855.900390625,7430.85986328125,69351.6171875,24842.669921875,10480.5595703125,24933.310546875,8528.83984375,4097.11376953125
2026-06-15 10:45:00+00:00,23855.900390625,7430.85986328125,69351.6171875,24842.669921875,10481.8203125,24944.919921875,8528.83984375,4097.11376953125
2026-06-15 11:00:00+00:00,23855.900390625,7430.85986328125,69351.6171875,24842.669921875,10484.650390625,24957.279296875,8528.83984375,4097.11376953125
2026-06-15 11:15:00+00:00,23855.900390625,7430.85986328125,69351.6171875,24842.669921875,10479.900390625,24965.41015625,8528.83984375,4097.11376953125
2026-06-15 11:30:00+00:00,23855.900390625,7430.85986328125,69351.6171875,24842.669921875,10479.26953125,24952.490234375,8528.83984375,4097.11376953125
2026-06-15 11:45:00+00:00,23855.900390625,7430.85986328125,69351.6171875,24842.669921875,10478.0498046875,24963.80078125,8528.83984375,4097.11376953125
2026-06-15 12:00:00+00:00,23855.900390625,7430.85986328125,69351.6171875,24842.669921875,10479.150390625,24978.01953125,8528.83984375,4097.11376953125
2026-06-15 12:15:00+00:00,23855.900390625,7430.85986328125,69351.6171875,24842.669921875,10475.6103515625,24969.51953125,8528.83984375,4097.11376953125
2026-06-15 12:30:00+00:00,23855.900390625,7430.85986328125,69351.6171875,24842.669921875,10479.2001953125,24967.810546875,8528.83984375,4097.11376953125
2026-06-15 12:45:00+00:00,23855.900390625,7430.85986328125,69351.6171875,24842.669921875,10479.0400390625,24987.80078125,8528.83984375,4097.11376953125
2026-06-15 13:00:00+00:00,23855.900390625,7430.85986328125,69351.6171875,24842.669921875,10471.5703125,24983.23046875,8528.83984375,4097.11376953125
2026-06-15 13:15:00+00:00,23855.900390625,7430.85986328125,69351.6171875,24842.669921875,10467.669921875,24990.310546875,8528.83984375,4097.11376953125
2026-06-15 13:30:00+00:00,23855.900390625,7539.72021484375,69351.6171875,24842.669921875,10447.01953125,24978.759765625,8528.83984375,4097.11376953125
2026-06-15 13:45:00+00:00,23855.900390625,7543.4501953125,69351.6171875,24842.669921875,10428.76953125,24921.19921875,8528.83984375,4097.11376953125
2026-06-15 14:00:00+00:00,23855.900390625,7541.16015625,69351.6171875,24842.669921875,10429.650390625,24907.98046875,8528.83984375,4097.11376953125
2026-06-15 14:15:00+00:00,23855.900390625,7548.06005859375,69351.6171875,24842.669921875,10433.2802734375,24922.51953125,8528.83984375,4097.11376953125
2026-06-15 14:30:00+00:00,23855.900390625,7543.919921875,69351.6171875,24842.669921875,10435.349609375,24958.720703125,8528.83984375,4097.11376953125
2026-06-15 14:45:00+00:00,23855.900390625,7552.89013671875,69351.6171875,24842.669921875,10435.08984375,24931.759765625,8528.83984375,4097.11376953125
2026-06-15 15:00:00+00:00,23855.900390625,7558.41015625,69351.6171875,24842.669921875,10421.5,24888.439453125,8528.83984375,4097.11376953125
2026-06-15 15:15:00+00:00,23855.900390625,7562.7099609375,69351.6171875,24842.669921875,10435.990234375,24904.30078125,8528.83984375,4097.11376953125
2026-06-15 15:30:00+00:00,23855.900390625,7565.64990234375,69351.6171875,24842.669921875,10435.990234375,24904.30078125,8528.83984375,4097.11376953125
2026-06-15 15:45:00+00:00,23855.900390625,7572.72021484375,69351.6171875,24842.669921875,10435.990234375,24904.30078125,8528.83984375,4097.11376953125
2026-06-15 16:00:00+00:00,23855.900390625,7573.2001953125,69351.6171875,24842.669921875,10435.990234375,24904.30078125,8528.83984375,4097.11376953125
2026-06-15 16:15:00+00:00,23855.900390625,7575.85986328125,69351.6171875,24842.669921875,10435.990234375,24904.30078125,8528.83984375,4097.11376953125
2026-06-15 16:30:00+00:00,23855.900390625,7571.02978515625,69351.6171875,24842.669921875,10435.990234375,24904.30078125,8528.83984375,4097.11376953125
2026-06-15 16:45:00+00:00,23855.900390625,7570.080078125,69351.6171875,24842.669921875,10435.990234375,24904.30078125,8528.83984375,4097.11376953125
2026-06-15 17:00:00+00:00,23855.900390625,7569.18994140625,69351.6171875,24842.669921875,10435.990234375,24904.30078125,8528.83984375,4097.11376953125
2026-06-15 17:15:00+00:00,23855.900390625,7572.52978515625,69351.6171875,24842.669921875,10435.990234375,24904.30078125,8528.83984375,4097.11376953125
2026-06-15 17:30:00+00:00,23855.900390625,7568.89990234375,69351.6171875,24842.669921875,10435.990234375,24904.30078125,8528.83984375,4097.11376953125
2026-06-15 17:45:00+00:00,23855.900390625,7563.31005859375,69351.6171875,24842.669921875,10435.990234375,24904.30078125,8528.83984375,4097.11376953125
2026-06-15 18:00:00+00:00,23855.900390625,7563.33984375,69351.6171875,24842.669921875,10435.990234375,24904.30078125,8528.83984375,4097.11376953125
2026-06-15 18:15:00+00:00,23855.900390625,7558.5400390625,69351.6171875,24842.669921875,10435.990234375,24904.30078125,8528.83984375,4097.11376953125
2026-06-15 18:30:00+00:00,23855.900390625,7564.2099609375,69351.6171875,24842.669921875,10435.990234375,24904.30078125,8528.83984375,4097.11376953125
2026-06-15 18:45:00+00:00,23855.900390625,7560.93017578125,69351.6171875,24842.669921875,10435.990234375,24904.30078125,8528.83984375,4097.11376953125
2026-06-15 19:00:00+00:00,23855.900390625,7561.10986328125,69351.6171875,24842.669921875,10435.990234375,24904.30078125,8528.83984375,4097.11376953125
2026-06-15 19:15:00+00:00,23855.900390625,7554.7998046875,69351.6171875,24842.669921875,10435.990234375,24904.30078125,8528.83984375,4097.11376953125
2026-06-15 19:30:00+00:00,23855.900390625,7555.08984375,69351.6171875,24842.669921875,10435.990234375,24904.30078125,8528.83984375,4097.11376953125
2026-06-15 19:45:00+00:00,23855.900390625,7555.259765625,69351.6171875,24842.669921875,10435.990234375,24904.30078125,8528.83984375,4097.11376953125
2026-06-16 00:00:00+00:00,23855.900390625,7555.259765625,69446.71875,24842.669921875,10435.990234375,24904.30078125,8708.58984375,4097.11376953125
2026-06-16 00:15:00+00:00,23855.900390625,7555.259765625,69411.1484375,24842.669921875,10435.990234375,24904.30078125,8720.2099609375,4097.11376953125
2026-06-16 00:30:00+00:00,23855.900390625,7555.259765625,69314.5078125,24842.669921875,10435.990234375,24904.30078125,8671.3095703125,4097.11376953125
2026-06-16 00:45:00+00:00,23855.900390625,7555.259765625,69228.2109375,24842.669921875,10435.990234375,24904.30078125,8627.580078125,4097.11376953125
2026-06-16 01:00:00+00:00,23855.900390625,7555.259765625,69256.40625,24842.669921875,10435.990234375,24904.30078125,8586.7998046875,4097.11376953125
2026-06-16 01:15:00+00:00,23855.900390625,7555.259765625,69171.7109375,24842.669921875,10435.990234375,24904.30078125,8598.900390625,4097.11376953125
2026-06-16 01:30:00+00:00,23855.900390625,7555.259765625,69204.5078125,24588.169921875,10435.990234375,24904.30078125,8641.4599609375,4090.219970703125
2026-06-16 01:45:00+00:00,23855.900390625,7555.259765625,69203.2578125,24598.439453125,10435.990234375,24904.30078125,8658.2099609375,4088.005615234375
2026-06-16 02:00:00+00:00,23855.900390625,7555.259765625,69170.1484375,24541.529296875,10435.990234375,24904.30078125,8665.48046875,4094.931884765625
2026-06-16 02:15:00+00:00,23855.900390625,7555.259765625,69239.0390625,24504.369140625,10435.990234375,24904.30078125,8690.0595703125,4095.885986328125
2026-06-16 02:30:00+00:00,23855.900390625,7555.259765625,69234.421875,24537.759765625,10435.990234375,24904.30078125,8699.7001953125,4103.14697265625
2026-06-16 02:45:00+00:00,23855.900390625,7555.259765625,69234.421875,24510.880859375,10435.990234375,24904.30078125,8678.8798828125,4096.4560546875
2026-06-16 03:00:00+00:00,23855.900390625,7555.259765625,69234.421875,24490.990234375,10435.990234375,24904.30078125,8659.5400390625,4097.51416015625
2026-06-16 03:15:00+00:00,23855.900390625,7555.259765625,69234.421875,24490.30078125,10435.990234375,24904.30078125,8715.150390625,4098.93212890625
2026-06-16 03:30:00+00:00,23855.900390625,7555.259765625,70010.828125,24527.509765625,10435.990234375,24904.30078125,8753.5302734375,4098.8544921875
2026-06-16 03:45:00+00:00,23938.0,7555.259765625,69695.890625,24533.2890625,10435.990234375,24904.30078125,8719.849609375,4098.8544921875
2026-06-16 04:00:00+00:00,23917.849609375,7555.259765625,69731.46875,24533.349609375,10435.990234375,24904.30078125,8721.849609375,4098.8544921875
2026-06-16 04:15:00+00:00,23940.599609375,7555.259765625,69713.046875,24533.349609375,10435.990234375,24904.30078125,8723.0302734375,4098.8544921875
2026-06-16 04:30:00+00:00,23910.150390625,7555.259765625,69769.5390625,24533.349609375,10435.990234375,24904.30078125,8719.099609375,4098.8544921875
2026-06-16 04:45:00+00:00,23943.44921875,7555.259765625,69494.296875,24533.349609375,10435.990234375,24904.30078125,8712.740234375,4098.8544921875
2026-06-16 05:00:00+00:00,23962.400390625,7555.259765625,69731.859375,24512.5390625,10435.990234375,24904.30078125,8724.01953125,4099.68408203125
2026-06-16 05:15:00+00:00,23966.75,7555.259765625,69634.703125,24455.9296875,10435.990234375,24904.30078125,8720.33984375,4092.438232421875
2026-06-16 05:30:00+00:00,23940.80078125,7555.259765625,69414.8203125,24434.140625,10435.990234375,24904.30078125,8692.080078125,4081.51123046875
2026-06-16 05:45:00+00:00,23929.400390625,7555.259765625,69348.0390625,24423.650390625,10435.990234375,24904.30078125,8675.1298828125,4088.218017578125
2026-06-16 06:00:00+00:00,23927.099609375,7555.259765625,69463.859375,24433.150390625,10435.990234375,24904.30078125,8675.1298828125,4096.24462890625
2026-06-16 06:15:00+00:00,23939.099609375,7555.259765625,69360.6796875,24412.359375,10435.990234375,24904.30078125,8675.1298828125,4094.341796875
2026-06-16 06:30:00+00:00,23928.55078125,7555.259765625,69360.6796875,24389.8203125,10435.990234375,24904.30078125,8675.1298828125,4086.14404296875
2026-06-16 06:45:00+00:00,23940.80078125,7555.259765625,69360.6796875,24406.4296875,10435.990234375,24904.30078125,8675.1298828125,4092.720458984375
2026-06-16 07:00:00+00:00,23927.150390625,7555.259765625,69360.6796875,24415.990234375,10455.7802734375,24950.310546875,8675.1298828125,4092.720458984375
2026-06-16 07:15:00+00:00,23936.25,7555.259765625,69360.6796875,24430.75,10442.2001953125,24927.01953125,8675.1298828125,4092.720458984375
2026-06-16 07:30:00+00:00,23946.5,7555.259765625,69360.6796875,24428.490234375,10435.669921875,24922.16015625,8675.1298828125,4092.720458984375
2026-06-16 07:45:00+00:00,23966.69921875,7555.259765625,69360.6796875,24447.779296875,10444.5595703125,24989.5,8675.1298828125,4092.720458984375
2026-06-16 08:00:00+00:00,23964.849609375,7555.259765625,69360.6796875,24493.94921875,10459.7802734375,25052.66015625,8675.1298828125,4092.720458984375
2026-06-16 08:15:00+00:00,23966.80078125,7555.259765625,69360.6796875,24493.94921875,10487.2802734375,25106.859375,8675.1298828125,4092.720458984375
2026-06-16 08:30:00+00:00,23995.900390625,7555.259765625,69360.6796875,24493.94921875,10487.759765625,25070.189453125,8675.1298828125,4092.720458984375
2026-06-16 08:45:00+00:00,23984.599609375,7555.259765625,69360.6796875,24493.94921875,10489.0,25093.109375,8675.1298828125,4092.720458984375
2026-06-16 09:00:00+00:00,23964.849609375,7555.259765625,69360.6796875,24493.94921875,10493.01953125,25078.01953125,8675.1298828125,4092.720458984375
2026-06-16 09:15:00+00:00,23988.05078125,7555.259765625,69360.6796875,24493.94921875,10500.23046875,25081.30078125,8675.1298828125,4092.720458984375
2026-06-16 09:30:00+00:00,23987.0,7555.259765625,69360.6796875,24493.94921875,10489.6796875,25053.490234375,8675.1298828125,4092.720458984375
2026-06-16 09:45:00+00:00,23993.94921875,7555.259765625,69360.6796875,24493.94921875,10498.5400390625,25078.91015625,8675.1298828125,4092.720458984375
2026-06-16 10:00:00+00:00,23993.94921875,7555.259765625,69360.6796875,24493.94921875,10498.0498046875,25066.470703125,8675.1298828125,4092.720458984375
2026-06-16 10:15:00+00:00,23993.94921875,7555.259765625,69360.6796875,24493.94921875,10480.330078125,25045.119140625,8675.1298828125,4092.720458984375
2026-06-16 10:30:00+00:00,23993.94921875,7555.259765625,69360.6796875,24493.94921875,10493.2998046875,25062.740234375,8675.1298828125,4092.720458984375
2026-06-16 10:45:00+00:00,23993.94921875,7555.259765625,69360.6796875,24493.94921875,10492.2998046875,25051.44921875,8675.1298828125,4092.720458984375
2026-06-16 11:00:00+00:00,23993.94921875,7555.259765625,69360.6796875,24493.94921875,10486.6396484375,25014.580078125,8675.1298828125,4092.720458984375
2026-06-16 11:15:00+00:00,23993.94921875,7555.259765625,69360.6796875,24493.94921875,10486.919921875,25014.8203125,8675.1298828125,4092.720458984375
2026-06-16 11:30:00+00:00,23993.94921875,7555.259765625,69360.6796875,24493.94921875,10492.8095703125,25012.25,8675.1298828125,4092.720458984375
2026-06-16 11:45:00+00:00,23993.94921875,7555.259765625,69360.6796875,24493.94921875,10494.9501953125,25010.73046875,8675.1298828125,4092.720458984375
2026-06-16 12:00:00+00:00,23993.94921875,7555.259765625,69360.6796875,24493.94921875,10496.849609375,25049.640625,8675.1298828125,4092.720458984375
2026-06-16 12:15:00+00:00,23993.94921875,7555.259765625,69360.6796875,24493.94921875,10493.169921875,25012.919921875,8675.1298828125,4092.720458984375
2026-06-16 12:30:00+00:00,23993.94921875,7555.259765625,69360.6796875,24493.94921875,10490.8603515625,24995.9296875,8675.1298828125,4092.720458984375
2026-06-16 12:45:00+00:00,23993.94921875,7555.259765625,69360.6796875,24493.94921875,10498.3701171875,24983.69921875,8675.1298828125,4092.720458984375
2026-06-16 13:00:00+00:00,23993.94921875,7555.259765625,69360.6796875,24493.94921875,10496.6796875,24977.939453125,8675.1298828125,4092.720458984375
2026-06-16 13:15:00+00:00,23993.94921875,7555.259765625,69360.6796875,24493.94921875,10509.25,24983.859375,8675.1298828125,4092.720458984375
2026-06-16 13:30:00+00:00,23993.94921875,7558.8798828125,69360.6796875,24493.94921875,10504.75,24949.830078125,8675.1298828125,4092.720458984375
2026-06-16 13:45:00+00:00,23993.94921875,7550.56005859375,69360.6796875,24493.94921875,10509.01953125,24980.58984375,8675.1298828125,4092.720458984375
2026-06-16 14:00:00+00:00,23993.94921875,7558.2001953125,69360.6796875,24493.94921875,10522.08984375,24941.9296875,8675.1298828125,4092.720458984375
2026-06-16 14:15:00+00:00,23993.94921875,7541.81005859375,69360.6796875,24493.94921875,10503.4404296875,24933.890625,8675.1298828125,4092.720458984375
2026-06-16 14:30:00+00:00,23993.94921875,7544.3701171875,69360.6796875,24493.94921875,10493.259765625,24953.830078125,8675.1298828125,4092.720458984375
2026-06-16 14:45:00+00:00,23993.94921875,7539.490234375,69360.6796875,24493.94921875,10494.8203125,24931.16015625,8675.1298828125,4092.720458984375
2026-06-16 15:00:00+00:00,23993.94921875,7544.7001953125,69360.6796875,24493.94921875,10496.48046875,24927.060546875,8675.1298828125,4092.720458984375
2026-06-16 15:15:00+00:00,23993.94921875,7536.66015625,69360.6796875,24493.94921875,10504.4697265625,24915.939453125,8675.1298828125,4092.720458984375
2026-06-16 15:30:00+00:00,23993.94921875,7534.81005859375,69360.6796875,24493.94921875,10504.4697265625,24915.939453125,8675.1298828125,4092.720458984375
2026-06-16 15:45:00+00:00,23993.94921875,7537.97998046875,69360.6796875,24493.94921875,10504.4697265625,24915.939453125,8675.1298828125,4092.720458984375
2026-06-16 16:00:00+00:00,23993.94921875,7547.14013671875,69360.6796875,24493.94921875,10504.4697265625,24915.939453125,8675.1298828125,4092.720458984375
2026-06-16 16:15:00+00:00,23993.94921875,7544.06982421875,69360.6796875,24493.94921875,10504.4697265625,24915.939453125,8675.1298828125,4092.720458984375
2026-06-16 16:30:00+00:00,23993.94921875,7540.759765625,69360.6796875,24493.94921875,10504.4697265625,24915.939453125,8675.1298828125,4092.720458984375
2026-06-16 16:45:00+00:00,23993.94921875,7537.43994140625,69360.6796875,24493.94921875,10504.4697265625,24915.939453125,8675.1298828125,4092.720458984375
2026-06-16 17:00:00+00:00,23993.94921875,7536.16015625,69360.6796875,24493.94921875,10504.4697265625,24915.939453125,8675.1298828125,4092.720458984375
2026-06-16 17:15:00+00:00,23993.94921875,7532.47998046875,69360.6796875,24493.94921875,10504.4697265625,24915.939453125,8675.1298828125,4092.720458984375
2026-06-16 17:30:00+00:00,23993.94921875,7529.669921875,69360.6796875,24493.94921875,10504.4697265625,24915.939453125,8675.1298828125,4092.720458984375
2026-06-16 17:45:00+00:00,23993.94921875,7531.5400390625,69360.6796875,24493.94921875,10504.4697265625,24915.939453125,8675.1298828125,4092.720458984375
2026-06-16 18:00:00+00:00,23993.94921875,7530.5498046875,69360.6796875,24493.94921875,10504.4697265625,24915.939453125,8675.1298828125,4092.720458984375
2026-06-16 18:15:00+00:00,23993.94921875,7531.81005859375,69360.6796875,24493.94921875,10504.4697265625,24915.939453125,8675.1298828125,4092.720458984375
2026-06-16 18:30:00+00:00,23993.94921875,7531.259765625,69360.6796875,24493.94921875,10504.4697265625,24915.939453125,8675.1298828125,4092.720458984375
2026-06-16 18:45:00+00:00,23993.94921875,7527.7998046875,69360.6796875,24493.94921875,10504.4697265625,24915.939453125,8675.1298828125,4092.720458984375
2026-06-16 19:00:00+00:00,23993.94921875,7519.93994140625,69360.6796875,24493.94921875,10504.4697265625,24915.939453125,8675.1298828125,4092.720458984375
2026-06-16 19:15:00+00:00,23993.94921875,7522.169921875,69360.6796875,24493.94921875,10504.4697265625,24915.939453125,8675.1298828125,4092.720458984375
2026-06-16 19:30:00+00:00,23993.94921875,7520.10009765625,69360.6796875,24493.94921875,10504.4697265625,24915.939453125,8675.1298828125,4092.720458984375
2026-06-16 19:45:00+00:00,23993.94921875,7512.990234375,69360.6796875,24493.94921875,10504.4697265625,24915.939453125,8675.1298828125,4092.720458984375
2026-06-17 00:00:00+00:00,23993.94921875,7512.990234375,69338.4375,24493.94921875,10504.4697265625,24915.939453125,8648.8798828125,4092.720458984375
2026-06-17 00:15:00+00:00,23993.94921875,7512.990234375,69391.1875,24493.94921875,10504.4697265625,24915.939453125,8646.3603515625,4092.720458984375
2026-06-17 00:30:00+00:00,23993.94921875,7512.990234375,69402.046875,24493.94921875,10504.4697265625,24915.939453125,8649.08984375,4092.720458984375
2026-06-17 00:45:00+00:00,23993.94921875,7512.990234375,69591.0234375,24493.94921875,10504.4697265625,24915.939453125,8641.8701171875,4092.720458984375
2026-06-17 01:00:00+00:00,23993.94921875,7512.990234375,69711.59375,24493.94921875,10504.4697265625,24915.939453125,8688.0,4092.720458984375
2026-06-17 01:15:00+00:00,23993.94921875,7512.990234375,69793.8203125,24493.94921875,10504.4697265625,24915.939453125,8711.900390625,4092.720458984375
2026-06-17 01:30:00+00:00,23993.94921875,7512.990234375,69811.7421875,24513.66015625,10504.4697265625,24915.939453125,8690.2998046875,4081.953369140625
2026-06-17 01:45:00+00:00,23993.94921875,7512.990234375,69860.5078125,24509.2109375,10504.4697265625,24915.939453125,8725.9501953125,4087.843994140625
2026-06-17 02:00:00+00:00,23993.94921875,7512.990234375,69881.78125,24461.580078125,10504.4697265625,24915.939453125,8731.08984375,4098.29833984375
2026-06-17 02:15:00+00:00,23993.94921875,7512.990234375,69932.0390625,24410.890625,10504.4697265625,24915.939453125,8758.75,4092.76171875
2026-06-17 02:30:00+00:00,23993.94921875,7512.990234375,69926.078125,24371.279296875,10504.4697265625,24915.939453125,8730.58984375,4088.199951171875
2026-06-17 02:45:00+00:00,23993.94921875,7512.990234375,69926.078125,24297.69921875,10504.4697265625,24915.939453125,8728.5400390625,4089.802734375
2026-06-17 03:00:00+00:00,23993.94921875,7512.990234375,69926.078125,24317.94921875,10504.4697265625,24915.939453125,8718.2900390625,4086.212890625
2026-06-17 03:15:00+00:00,23993.94921875,7512.990234375,69926.078125,24366.859375,10504.4697265625,24915.939453125,8698.98046875,4084.4423828125
2026-06-17 03:30:00+00:00,23993.94921875,7512.990234375,69944.3828125,24439.900390625,10504.4697265625,24915.939453125,8718.2998046875,4084.544189453125
2026-06-17 03:45:00+00:00,24020.69921875,7512.990234375,70111.1796875,24405.099609375,10504.4697265625,24915.939453125,8734.4296875,4084.544189453125
2026-06-17 04:00:00+00:00,24061.55078125,7512.990234375,70008.046875,24403.9609375,10504.4697265625,24915.939453125,8754.75,4084.544189453125
2026-06-17 04:15:00+00:00,24065.849609375,7512.990234375,69901.6015625,24403.9609375,10504.4697265625,24915.939453125,8791.830078125,4084.544189453125
2026-06-17 04:30:00+00:00,24047.69921875,7512.990234375,69638.4296875,24403.9609375,10504.4697265625,24915.939453125,8777.490234375,4084.544189453125
2026-06-17 04:45:00+00:00,24066.900390625,7512.990234375,69837.0,24403.9609375,10504.4697265625,24915.939453125,8801.150390625,4084.544189453125
2026-06-17 05:00:00+00:00,24085.75,7512.990234375,69954.6171875,24403.759765625,10504.4697265625,24915.939453125,8789.9296875,4081.673828125
2026-06-17 05:15:00+00:00,24080.0,7512.990234375,69922.421875,24344.330078125,10504.4697265625,24915.939453125,8835.400390625,4087.780029296875
2026-06-17 05:30:00+00:00,24081.69921875,7512.990234375,69961.65625,24323.1796875,10504.4697265625,24915.939453125,8862.900390625,4095.146240234375
2026-06-17 05:45:00+00:00,24088.94921875,7512.990234375,69942.5625,24312.119140625,10504.4697265625,24915.939453125,8843.759765625,4093.089111328125
2026-06-17 06:00:00+00:00,24083.30078125,7512.990234375,69987.546875,24284.640625,10504.4697265625,24915.939453125,8843.759765625,4089.161865234375
2026-06-17 06:15:00+00:00,24055.099609375,7512.990234375,70002.3515625,24259.4296875,10504.4697265625,24915.939453125,8843.759765625,4087.978515625
2026-06-17 06:30:00+00:00,24050.30078125,7512.990234375,70002.3515625,24283.400390625,10504.4697265625,24915.939453125,8843.759765625,4100.12646484375
2026-06-17 06:45:00+00:00,24045.5,7512.990234375,70002.3515625,24302.5703125,10504.4697265625,24915.939453125,8843.759765625,4109.9580078125
2026-06-17 07:00:00+00:00,24044.25,7512.990234375,70002.3515625,24322.0,10492.6904296875,24857.060546875,8843.759765625,4109.9580078125
2026-06-17 07:15:00+00:00,24029.5,7512.990234375,70002.3515625,24319.73046875,10485.419921875,24825.470703125,8843.759765625,4109.9580078125
2026-06-17 07:30:00+00:00,24009.75,7512.990234375,70002.3515625,24303.029296875,10486.8203125,24829.44921875,8843.759765625,4109.9580078125
2026-06-17 07:45:00+00:00,24034.25,7512.990234375,70002.3515625,24287.150390625,10476.2001953125,24833.609375,8843.759765625,4109.9580078125
2026-06-17 08:00:00+00:00,24056.349609375,7512.990234375,70002.3515625,24312.16015625,10472.4501953125,24818.01953125,8843.759765625,4109.9580078125
2026-06-17 08:15:00+00:00,24049.099609375,7512.990234375,70002.3515625,24312.16015625,10475.3701171875,24816.779296875,8843.759765625,4109.9580078125
2026-06-17 08:30:00+00:00,24048.0,7512.990234375,70002.3515625,24312.16015625,10471.4501953125,24789.44921875,8843.759765625,4109.9580078125
2026-06-17 08:45:00+00:00,24024.30078125,7512.990234375,70002.3515625,24312.16015625,10478.91015625,24829.109375,8843.759765625,4109.9580078125
2026-06-17 09:00:00+00:00,24041.30078125,7512.990234375,70002.3515625,24312.16015625,10481.5703125,24858.529296875,8843.759765625,4109.9580078125
2026-06-17 09:15:00+00:00,24077.05078125,7512.990234375,70002.3515625,24312.16015625,10483.8603515625,24872.259765625,8843.759765625,4109.9580078125
2026-06-17 09:30:00+00:00,24083.19921875,7512.990234375,70002.3515625,24312.16015625,10481.009765625,24888.810546875,8843.759765625,4109.9580078125
2026-06-17 09:45:00+00:00,24081.0,7512.990234375,70002.3515625,24312.16015625,10484.48046875,24914.330078125,8843.759765625,4109.9580078125
2026-06-17 10:00:00+00:00,24081.0,7512.990234375,70002.3515625,24312.16015625,10487.1298828125,24913.830078125,8843.759765625,4109.9580078125
2026-06-17 10:15:00+00:00,24081.0,7512.990234375,70002.3515625,24312.16015625,10496.66015625,24909.169921875,8843.759765625,4109.9580078125
2026-06-17 10:30:00+00:00,24081.0,7512.990234375,70002.3515625,24312.16015625,10498.1298828125,24934.5703125,8843.759765625,4109.9580078125
2026-06-17 10:45:00+00:00,24081.0,7512.990234375,70002.3515625,24312.16015625,10495.0400390625,24943.109375,8843.759765625,4109.9580078125
2026-06-17 11:00:00+00:00,24081.0,7512.990234375,70002.3515625,24312.16015625,10490.91015625,24952.580078125,8843.759765625,4109.9580078125
2026-06-17 11:15:00+00:00,24081.0,7512.990234375,70002.3515625,24312.16015625,10490.51953125,24938.099609375,8843.759765625,4109.9580078125
2026-06-17 11:30:00+00:00,24081.0,7512.990234375,70002.3515625,24312.16015625,10489.76953125,24898.76953125,8843.759765625,4109.9580078125
2026-06-17 11:45:00+00:00,24081.0,7512.990234375,70002.3515625,24312.16015625,10485.6904296875,24859.33984375,8843.759765625,4109.9580078125
2026-06-17 12:00:00+00:00,24081.0,7512.990234375,70002.3515625,24312.16015625,10487.7197265625,24882.2890625,8843.759765625,4109.9580078125
2026-06-17 12:15:00+00:00,24081.0,7512.990234375,70002.3515625,24312.16015625,10484.33984375,24865.2890625,8843.759765625,4109.9580078125
2026-06-17 12:30:00+00:00,24081.0,7512.990234375,70002.3515625,24312.16015625,10481.5400390625,24894.650390625,8843.759765625,4109.9580078125
2026-06-17 12:45:00+00:00,24081.0,7512.990234375,70002.3515625,24312.16015625,10482.0302734375,24873.720703125,8843.759765625,4109.9580078125
2026-06-17 13:00:00+00:00,24081.0,7512.990234375,70002.3515625,24312.16015625,10472.2802734375,24858.189453125,8843.759765625,4109.9580078125
2026-06-17 13:15:00+00:00,24081.0,7512.990234375,70002.3515625,24312.16015625,10476.1796875,24852.7109375,8843.759765625,4109.9580078125
2026-06-17 13:30:00+00:00,24081.0,7526.56005859375,70002.3515625,24312.16015625,10472.48046875,24861.640625,8843.759765625,4109.9580078125
2026-06-17 13:45:00+00:00,24081.0,7509.68017578125,70002.3515625,24312.16015625,10486.5703125,24867.560546875,8843.759765625,4109.9580078125
2026-06-17 14:00:00+00:00,24081.0,7522.759765625,70002.3515625,24312.16015625,10489.580078125,24851.26953125,8843.759765625,4109.9580078125
2026-06-17 14:15:00+00:00,24081.0,7527.7998046875,70002.3515625,24312.16015625,10495.8896484375,24917.4296875,8843.759765625,4109.9580078125
2026-06-17 14:30:00+00:00,24081.0,7513.31005859375,70002.3515625,24312.16015625,10500.8896484375,24938.029296875,8843.759765625,4109.9580078125
2026-06-17 14:45:00+00:00,24081.0,7501.509765625,70002.3515625,24312.16015625,10489.51953125,24881.919921875,8843.759765625,4109.9580078125
2026-06-17 15:00:00+00:00,24081.0,7507.1298828125,70002.3515625,24312.16015625,10492.830078125,24899.349609375,8843.759765625,4109.9580078125
2026-06-17 15:15:00+00:00,24081.0,7510.64013671875,70002.3515625,24312.16015625,10506.0,24931.6796875,8843.759765625,4109.9580078125
2026-06-17 15:30:00+00:00,24081.0,7514.31005859375,70002.3515625,24312.16015625,10506.0,24931.6796875,8843.759765625,4109.9580078125
2026-06-17 15:45:00+00:00,24081.0,7517.35009765625,70002.3515625,24312.16015625,10506.0,24931.6796875,8843.759765625,4109.9580078125
2026-06-17 16:00:00+00:00,24081.0,7517.169921875,70002.3515625,24312.16015625,10506.0,24931.6796875,8843.759765625,4109.9580078125
2026-06-17 16:15:00+00:00,24081.0,7518.97021484375,70002.3515625,24312.16015625,10506.0,24931.6796875,8843.759765625,4109.9580078125
2026-06-17 16:30:00+00:00,24081.0,7513.14990234375,70002.3515625,24312.16015625,10506.0,24931.6796875,8843.759765625,4109.9580078125
2026-06-17 16:45:00+00:00,24081.0,7510.7900390625,70002.3515625,24312.16015625,10506.0,24931.6796875,8843.759765625,4109.9580078125
2026-06-17 17:00:00+00:00,24081.0,7504.2099609375,70002.3515625,24312.16015625,10506.0,24931.6796875,8843.759765625,4109.9580078125
2026-06-17 17:15:00+00:00,24081.0,7507.22021484375,70002.3515625,24312.16015625,10506.0,24931.6796875,8843.759765625,4109.9580078125
2026-06-17 17:30:00+00:00,24081.0,7503.3798828125,70002.3515625,24312.16015625,10506.0,24931.6796875,8843.759765625,4109.9580078125
2026-06-17 17:45:00+00:00,24081.0,7517.490234375,70002.3515625,24312.16015625,10506.0,24931.6796875,8843.759765625,4109.9580078125
2026-06-17 18:00:00+00:00,24081.0,7476.5498046875,70002.3515625,24312.16015625,10506.0,24931.6796875,8843.759765625,4109.9580078125
2026-06-17 18:15:00+00:00,24081.0,7473.419921875,70002.3515625,24312.16015625,10506.0,24931.6796875,8843.759765625,4109.9580078125
2026-06-17 18:30:00+00:00,24081.0,7510.97998046875,70002.3515625,24312.16015625,10506.0,24931.6796875,8843.759765625,4109.9580078125
2026-06-17 18:45:00+00:00,24081.0,7471.740234375,70002.3515625,24312.16015625,10506.0,24931.6796875,8843.759765625,4109.9580078125
2026-06-17 19:00:00+00:00,24081.0,7476.81982421875,70002.3515625,24312.16015625,10506.0,24931.6796875,8843.759765625,4109.9580078125
2026-06-17 19:15:00+00:00,24081.0,7431.97021484375,70002.3515625,24312.16015625,10506.0,24931.6796875,8843.759765625,4109.9580078125
2026-06-17 19:30:00+00:00,24081.0,7409.27001953125,70002.3515625,24312.16015625,10506.0,24931.6796875,8843.759765625,4109.9580078125
2026-06-17 19:45:00+00:00,24081.0,7421.759765625,70002.3515625,24312.16015625,10506.0,24931.6796875,8843.759765625,4109.9580078125
2026-06-18 00:00:00+00:00,24081.0,7421.759765625,71129.8125,24312.16015625,10506.0,24931.6796875,8927.599609375,4109.9580078125
2026-06-18 00:15:00+00:00,24081.0,7421.759765625,71194.9765625,24312.16015625,10506.0,24931.6796875,8931.3798828125,4109.9580078125
2026-06-18 00:30:00+00:00,24081.0,7421.759765625,71130.7265625,24312.16015625,10506.0,24931.6796875,8953.8896484375,4109.9580078125
2026-06-18 00:45:00+00:00,24081.0,7421.759765625,70952.4375,24312.16015625,10506.0,24931.6796875,8869.4501953125,4109.9580078125
2026-06-18 01:00:00+00:00,24081.0,7421.759765625,71349.8671875,24312.16015625,10506.0,24931.6796875,8939.0,4109.9580078125
2026-06-18 01:15:00+00:00,24081.0,7421.759765625,71124.2578125,24312.16015625,10506.0,24931.6796875,8902.259765625,4109.9580078125
2026-06-18 01:30:00+00:00,24081.0,7421.759765625,71264.09375,24023.650390625,10506.0,24931.6796875,8897.650390625,4101.9716796875
2026-06-18 01:45:00+00:00,24081.0,7421.759765625,71125.2890625,23975.900390625,10506.0,24931.6796875,8900.599609375,4116.07763671875
2026-06-18 02:00:00+00:00,24081.0,7421.759765625,71112.90625,23949.44921875,10506.0,24931.6796875,8927.2802734375,4111.39111328125
2026-06-18 02:15:00+00:00,24081.0,7421.759765625,71050.1171875,23927.41015625,10506.0,24931.6796875,8913.2998046875,4111.56591796875
2026-06-18 02:30:00+00:00,24081.0,7421.759765625,71052.296875,23889.720703125,10506.0,24931.6796875,8931.5498046875,4102.05126953125
2026-06-18 02:45:00+00:00,24081.0,7421.759765625,71052.296875,23871.099609375,10506.0,24931.6796875,8941.9404296875,4092.938232421875
2026-06-18 03:00:00+00:00,24081.0,7421.759765625,71052.296875,23831.19921875,10506.0,24931.6796875,8936.6904296875,4081.662109375
2026-06-18 03:15:00+00:00,24081.0,7421.759765625,71052.296875,23854.939453125,10506.0,24931.6796875,8966.2001953125,4092.274658203125
2026-06-18 03:30:00+00:00,24081.0,7421.759765625,70988.953125,23871.30078125,10506.0,24931.6796875,8981.1796875,4092.763916015625
2026-06-18 03:45:00+00:00,24090.25,7421.759765625,71237.7578125,23898.9609375,10506.0,24931.6796875,8986.1396484375,4092.763916015625
2026-06-18 04:00:00+00:00,24108.900390625,7421.759765625,71232.5078125,23900.009765625,10506.0,24931.6796875,9024.6298828125,4092.763916015625
2026-06-18 04:15:00+00:00,24123.19921875,7421.759765625,71200.0078125,23900.009765625,10506.0,24931.6796875,9017.73046875,4092.763916015625
2026-06-18 04:30:00+00:00,24125.599609375,7421.759765625,71128.75,23900.009765625,10506.0,24931.6796875,9004.3095703125,4092.763916015625
2026-06-18 04:45:00+00:00,24109.25,7421.759765625,71127.03125,23900.009765625,10506.0,24931.6796875,8982.41015625,4092.763916015625
2026-06-18 05:00:00+00:00,24076.349609375,7421.759765625,71141.5390625,23871.4296875,10506.0,24931.6796875,8991.3603515625,4096.74951171875
2026-06-18 05:15:00+00:00,24092.55078125,7421.759765625,71213.890625,23878.23046875,10506.0,24931.6796875,9008.349609375,4105.291015625
2026-06-18 05:30:00+00:00,24064.650390625,7421.759765625,71302.796875,23839.2109375,10506.0,24931.6796875,9050.4599609375,4099.04638671875
2026-06-18 05:45:00+00:00,24054.94921875,7421.759765625,71156.5234375,23827.44921875,10506.0,24931.6796875,9083.5302734375,4101.138671875
2026-06-18 06:00:00+00:00,24062.849609375,7421.759765625,71205.1015625,23813.390625,10506.0,24931.6796875,9083.5302734375,4097.79638671875
2026-06-18 06:15:00+00:00,24071.94921875,7421.759765625,71142.2109375,23797.759765625,10506.0,24931.6796875,9083.5302734375,4097.609375
2026-06-18 06:30:00+00:00,24088.19921875,7421.759765625,71142.2109375,23769.880859375,10506.0,24931.6796875,9083.5302734375,4096.673828125
2026-06-18 06:45:00+00:00,24118.69921875,7421.759765625,71142.2109375,23822.73046875,10506.0,24931.6796875,9083.5302734375,4097.912109375
2026-06-18 07:00:00+00:00,24117.25,7421.759765625,71142.2109375,23793.98046875,10428.919921875,24995.859375,9083.5302734375,4097.912109375
2026-06-18 07:15:00+00:00,24125.650390625,7421.759765625,71142.2109375,23800.25,10450.0,25054.380859375,9083.5302734375,4097.912109375
2026-06-18 07:30:00+00:00,24127.80078125,7421.759765625,71142.2109375,23789.91015625,10445.1298828125,24997.48046875,9083.5302734375,4097.912109375
2026-06-18 07:45:00+00:00,24120.44921875,7421.759765625,71142.2109375,23827.169921875,10438.150390625,24985.73046875,9083.5302734375,4097.912109375
2026-06-18 08:00:00+00:00,24120.69921875,7421.759765625,71142.2109375,23924.810546875,10436.009765625,24982.19921875,9083.5302734375,4097.912109375
2026-06-18 08:15:00+00:00,24108.349609375,7421.759765625,71142.2109375,23924.810546875,10418.240234375,24922.109375,9083.5302734375,4097.912109375
2026-06-18 08:30:00+00:00,24099.75,7421.759765625,71142.2109375,23924.810546875,10409.7099609375,24885.9296875,9083.5302734375,4097.912109375
2026-06-18 08:45:00+00:00,24088.349609375,7421.759765625,71142.2109375,23924.810546875,10394.3603515625,24860.099609375,9083.5302734375,4097.912109375
2026-06-18 09:00:00+00:00,24097.19921875,7421.759765625,71142.2109375,23924.810546875,10407.8603515625,24911.5,9083.5302734375,4097.912109375
2026-06-18 09:15:00+00:00,24121.400390625,7421.759765625,71142.2109375,23924.810546875,10415.2900390625,24948.5390625,9083.5302734375,4097.912109375
2026-06-18 09:30:00+00:00,24177.44921875,7421.759765625,71142.2109375,23924.810546875,10416.400390625,24946.109375,9083.5302734375,4097.912109375
2026-06-18 09:45:00+00:00,24179.400390625,7421.759765625,71142.2109375,23924.810546875,10415.0595703125,24970.599609375,9083.5302734375,4097.912109375
2026-06-18 10:00:00+00:00,24179.400390625,7421.759765625,71142.2109375,23924.810546875,10411.83984375,24966.33984375,9083.5302734375,4097.912109375
2026-06-18 10:15:00+00:00,24179.400390625,7421.759765625,71142.2109375,23924.810546875,10406.6796875,24975.3203125,9083.5302734375,4097.912109375
2026-06-18 10:30:00+00:00,24179.400390625,7421.759765625,71142.2109375,23924.810546875,10397.48046875,24922.91015625,9083.5302734375,4097.912109375
2026-06-18 10:45:00+00:00,24179.400390625,7421.759765625,71142.2109375,23924.810546875,10397.669921875,24933.33984375,9083.5302734375,4097.912109375
2026-06-18 11:00:00+00:00,24179.400390625,7421.759765625,71142.2109375,23924.810546875,10391.98046875,24898.44921875,9083.5302734375,4097.912109375
2026-06-18 11:15:00+00:00,24179.400390625,7421.759765625,71142.2109375,23924.810546875,10399.650390625,24925.109375,9083.5302734375,4097.912109375
2026-06-18 11:30:00+00:00,24179.400390625,7421.759765625,71142.2109375,23924.810546875,10399.849609375,24925.580078125,9083.5302734375,4097.912109375
2026-06-18 11:45:00+00:00,24179.400390625,7421.759765625,71142.2109375,23924.810546875,10403.4697265625,24937.44921875,9083.5302734375,4097.912109375
2026-06-18 12:00:00+00:00,24179.400390625,7421.759765625,71142.2109375,23924.810546875,10414.7001953125,24969.599609375,9083.5302734375,4097.912109375
2026-06-18 12:15:00+00:00,24179.400390625,7421.759765625,71142.2109375,23924.810546875,10410.9501953125,24967.380859375,9083.5302734375,4097.912109375
2026-06-18 12:30:00+00:00,24179.400390625,7421.759765625,71142.2109375,23924.810546875,10415.6201171875,24992.2109375,9083.5302734375,4097.912109375
2026-06-18 12:45:00+00:00,24179.400390625,7421.759765625,71142.2109375,23924.810546875,10422.9599609375,25022.73046875,9083.5302734375,4097.912109375
2026-06-18 13:00:00+00:00,24179.400390625,7421.759765625,71142.2109375,23924.810546875,10418.08984375,25029.869140625,9083.5302734375,4097.912109375
2026-06-18 13:15:00+00:00,24179.400390625,7421.759765625,71142.2109375,23924.810546875,10413.8896484375,25002.5,9083.5302734375,4097.912109375
2026-06-18 13:30:00+00:00,24179.400390625,7469.77978515625,71142.2109375,23924.810546875,10399.3701171875,24959.509765625,9083.5302734375,4097.912109375
2026-06-18 13:45:00+00:00,24179.400390625,7476.64990234375,71142.2109375,23924.810546875,10381.669921875,24943.220703125,9083.5302734375,4097.912109375
2026-06-18 14:00:00+00:00,24179.400390625,7478.14990234375,71142.2109375,23924.810546875,10385.98046875,24981.939453125,9083.5302734375,4097.912109375
2026-06-18 14:15:00+00:00,24179.400390625,7482.169921875,71142.2109375,23924.810546875,10384.5595703125,24987.599609375,9083.5302734375,4097.912109375
2026-06-18 14:30:00+00:00,24179.400390625,7491.27001953125,71142.2109375,23924.810546875,10396.5,25009.83984375,9083.5302734375,4097.912109375
2026-06-18 14:45:00+00:00,24179.400390625,7498.10986328125,71142.2109375,23924.810546875,10403.51953125,25036.94921875,9083.5302734375,4097.912109375
2026-06-18 15:00:00+00:00,24179.400390625,7491.7998046875,71142.2109375,23924.810546875,10392.2099609375,25017.0390625,9083.5302734375,4097.912109375
2026-06-18 15:15:00+00:00,24179.400390625,7482.77001953125,71142.2109375,23924.810546875,10395.0400390625,25030.859375,9083.5302734375,4097.912109375
2026-06-18 15:30:00+00:00,24179.400390625,7478.47021484375,71142.2109375,23924.810546875,10395.0400390625,25030.859375,9083.5302734375,4097.912109375
2026-06-18 15:45:00+00:00,24179.400390625,7492.47998046875,71142.2109375,23924.810546875,10395.0400390625,25030.859375,9083.5302734375,4097.912109375
2026-06-18 16:00:00+00:00,24179.400390625,7491.6201171875,71142.2109375,23924.810546875,10395.0400390625,25030.859375,9083.5302734375,4097.912109375
2026-06-18 16:15:00+00:00,24179.400390625,7496.18994140625,71142.2109375,23924.810546875,10395.0400390625,25030.859375,9083.5302734375,4097.912109375
2026-06-18 16:30:00+00:00,24179.400390625,7499.6298828125,71142.2109375,23924.810546875,10395.0400390625,25030.859375,9083.5302734375,4097.912109375
2026-06-18 16:45:00+00:00,24179.400390625,7496.1201171875,71142.2109375,23924.810546875,10395.0400390625,25030.859375,9083.5302734375,4097.912109375
2026-06-18 17:00:00+00:00,24179.400390625,7505.93994140625,71142.2109375,23924.810546875,10395.0400390625,25030.859375,9083.5302734375,4097.912109375
2026-06-18 17:15:00+00:00,24179.400390625,7505.52978515625,71142.2109375,23924.810546875,10395.0400390625,25030.859375,9083.5302734375,4097.912109375
2026-06-18 17:30:00+00:00,24179.400390625,7503.93017578125,71142.2109375,23924.810546875,10395.0400390625,25030.859375,9083.5302734375,4097.912109375
2026-06-18 17:45:00+00:00,24179.400390625,7500.35986328125,71142.2109375,23924.810546875,10395.0400390625,25030.859375,9083.5302734375,4097.912109375
2026-06-18 18:00:00+00:00,24179.400390625,7496.68017578125,71142.2109375,23924.810546875,10395.0400390625,25030.859375,9083.5302734375,4097.912109375
2026-06-18 18:15:00+00:00,24179.400390625,7494.93017578125,71142.2109375,23924.810546875,10395.0400390625,25030.859375,9083.5302734375,4097.912109375
2026-06-18 18:30:00+00:00,24179.400390625,7494.56982421875,71142.2109375,23924.810546875,10395.0400390625,25030.859375,9083.5302734375,4097.912109375
2026-06-18 18:45:00+00:00,24179.400390625,7493.740234375,71142.2109375,23924.810546875,10395.0400390625,25030.859375,9083.5302734375,4097.912109375
2026-06-18 19:00:00+00:00,24179.400390625,7484.83984375,71142.2109375,23924.810546875,10395.0400390625,25030.859375,9083.5302734375,4097.912109375
2026-06-18 19:15:00+00:00,24179.400390625,7489.8798828125,71142.2109375,23924.810546875,10395.0400390625,25030.859375,9083.5302734375,4097.912109375
2026-06-18 19:30:00+00:00,24179.400390625,7502.240234375,71142.2109375,23924.810546875,10395.0400390625,25030.859375,9083.5302734375,4097.912109375
2026-06-18 19:45:00+00:00,24179.400390625,7497.85986328125,71142.2109375,23924.810546875,10395.0400390625,25030.859375,9083.5302734375,4097.912109375
2026-06-19 00:00:00+00:00,24179.400390625,7497.85986328125,71541.421875,23924.810546875,10395.0400390625,25030.859375,9293.990234375,4097.912109375
2026-06-19 00:15:00+00:00,24179.400390625,7497.85986328125,71497.46875,23924.810546875,10395.0400390625,25030.859375,9308.150390625,4097.912109375
2026-06-19 00:30:00+00:00,24179.400390625,7497.85986328125,71500.21875,23924.810546875,10395.0400390625,25030.859375,9318.9501953125,4097.912109375
2026-06-19 00:45:00+00:00,24179.400390625,7497.85986328125,71622.203125,23924.810546875,10395.0400390625,25030.859375,9350.5,4097.912109375
2026-06-19 01:00:00+00:00,24179.400390625,7497.85986328125,71609.4609375,23924.810546875,10395.0400390625,25030.859375,9341.400390625,4097.912109375
2026-06-19 01:15:00+00:00,24179.400390625,7497.85986328125,71570.390625,23924.810546875,10395.0400390625,25030.859375,9380.98046875,4097.912109375
2026-06-19 01:30:00+00:00,24179.400390625,7497.85986328125,71455.421875,23924.810546875,10395.0400390625,25030.859375,9336.0595703125,4097.912109375
2026-06-19 01:45:00+00:00,24179.400390625,7497.85986328125,71206.90625,23924.810546875,10395.0400390625,25030.859375,9264.33984375,4097.912109375
2026-06-19 02:00:00+00:00,24179.400390625,7497.85986328125,71203.140625,23924.810546875,10395.0400390625,25030.859375,9274.91015625,4097.912109375
2026-06-19 02:15:00+00:00,24179.400390625,7497.85986328125,71327.2265625,23924.810546875,10395.0400390625,25030.859375,9286.6396484375,4097.912109375
2026-06-19 02:30:00+00:00,24179.400390625,7497.85986328125,71314.671875,23924.810546875,10395.0400390625,25030.859375,9302.0498046875,4097.912109375
2026-06-19 02:45:00+00:00,24179.400390625,7497.85986328125,71314.671875,23924.810546875,10395.0400390625,25030.859375,9279.6103515625,4097.912109375
2026-06-19 03:00:00+00:00,24179.400390625,7497.85986328125,71314.671875,23924.810546875,10395.0400390625,25030.859375,9221.740234375,4097.912109375
2026-06-19 03:15:00+00:00,24179.400390625,7497.85986328125,71314.671875,23924.810546875,10395.0400390625,25030.859375,9099.08984375,4097.912109375
2026-06-19 03:30:00+00:00,24179.400390625,7497.85986328125,71047.9765625,23924.810546875,10395.0400390625,25030.859375,9022.150390625,4097.912109375
2026-06-19 03:45:00+00:00,23955.94921875,7497.85986328125,70998.9609375,23924.810546875,10395.0400390625,25030.859375,8939.6103515625,4097.912109375
2026-06-19 04:00:00+00:00,23974.099609375,7497.85986328125,71095.6328125,23924.810546875,10395.0400390625,25030.859375,9035.5595703125,4097.912109375
2026-06-19 04:15:00+00:00,23987.900390625,7497.85986328125,70901.1875,23924.810546875,10395.0400390625,25030.859375,9041.009765625,4097.912109375
2026-06-19 04:30:00+00:00,24009.94921875,7497.85986328125,70665.671875,23924.810546875,10395.0400390625,25030.859375,8918.0498046875,4097.912109375
2026-06-19 04:45:00+00:00,23966.849609375,7497.85986328125,70639.7890625,23924.810546875,10395.0400390625,25030.859375,8910.9501953125,4097.912109375
2026-06-19 05:00:00+00:00,23970.69921875,7497.85986328125,70747.4609375,23924.810546875,10395.0400390625,25030.859375,8933.3896484375,4097.912109375
2026-06-19 05:15:00+00:00,23944.900390625,7497.85986328125,70747.1796875,23924.810546875,10395.0400390625,25030.859375,8923.73046875,4097.912109375
2026-06-19 05:30:00+00:00,23964.55078125,7497.85986328125,70645.2109375,23924.810546875,10395.0400390625,25030.859375,8897.740234375,4097.912109375
2026-06-19 05:45:00+00:00,23953.05078125,7497.85986328125,70811.1875,23924.810546875,10395.0400390625,25030.859375,9060.830078125,4097.912109375
2026-06-19 06:00:00+00:00,23954.19921875,7497.85986328125,71001.1875,23924.810546875,10395.0400390625,25030.859375,9060.830078125,4097.912109375
2026-06-19 06:15:00+00:00,23954.400390625,7497.85986328125,70954.3125,23924.810546875,10395.0400390625,25030.859375,9060.830078125,4097.912109375
2026-06-19 06:30:00+00:00,23959.44921875,7497.85986328125,70954.3125,23924.810546875,10395.0400390625,25030.859375,9060.830078125,4097.912109375
2026-06-19 06:45:00+00:00,23968.849609375,7497.85986328125,70954.3125,23924.810546875,10395.0400390625,25030.859375,9060.830078125,4097.912109375
2026-06-19 07:00:00+00:00,23951.55078125,7497.85986328125,70954.3125,23924.810546875,10393.1904296875,25080.470703125,9060.830078125,4097.912109375
2026-06-19 07:15:00+00:00,23937.900390625,7497.85986328125,70954.3125,23924.810546875,10396.6298828125,25098.740234375,9060.830078125,4097.912109375
2026-06-19 07:30:00+00:00,23930.19921875,7497.85986328125,70954.3125,23924.810546875,10407.25,25143.849609375,9060.830078125,4097.912109375
2026-06-19 07:45:00+00:00,23928.150390625,7497.85986328125,70954.3125,23924.810546875,10415.599609375,25155.0390625,9060.830078125,4097.912109375
2026-06-19 08:00:00+00:00,23946.94921875,7497.85986328125,70954.3125,23924.810546875,10405.58984375,25147.169921875,9060.830078125,4097.912109375
2026-06-19 08:15:00+00:00,23966.849609375,7497.85986328125,70954.3125,23924.810546875,10406.98046875,25156.4296875,9060.830078125,4097.912109375
2026-06-19 08:30:00+00:00,23991.44921875,7497.85986328125,70954.3125,23924.810546875,10411.259765625,25127.640625,9060.830078125,4097.912109375
2026-06-19 08:45:00+00:00,23957.05078125,7497.85986328125,70954.3125,23924.810546875,10409.08984375,25122.759765625,9060.830078125,4097.912109375
2026-06-19 09:00:00+00:00,23974.0,7497.85986328125,70954.3125,23924.810546875,10393.6904296875,25087.759765625,9060.830078125,4097.912109375
2026-06-19 09:15:00+00:00,23910.55078125,7497.85986328125,70954.3125,23924.810546875,10384.3701171875,25075.08984375,9060.830078125,4097.912109375
2026-06-19 09:30:00+00:00,24025.900390625,7497.85986328125,70954.3125,23924.810546875,10390.3203125,25095.23046875,9060.830078125,4097.912109375
2026-06-19 09:45:00+00:00,24044.19921875,7497.85986328125,70954.3125,23924.810546875,10381.5703125,25104.630859375,9060.830078125,4097.912109375
2026-06-19 10:00:00+00:00,24044.19921875,7497.85986328125,70954.3125,23924.810546875,10378.3095703125,25101.640625,9060.830078125,4097.912109375
2026-06-19 10:15:00+00:00,24044.19921875,7497.85986328125,70954.3125,23924.810546875,10377.5,25067.349609375,9060.830078125,4097.912109375
2026-06-19 10:30:00+00:00,24044.19921875,7497.85986328125,70954.3125,23924.810546875,10375.1796875,25046.439453125,9060.830078125,4097.912109375
2026-06-19 10:45:00+00:00,24044.19921875,7497.85986328125,70954.3125,23924.810546875,10376.0498046875,25044.3203125,9060.830078125,4097.912109375
2026-06-19 11:00:00+00:00,24044.19921875,7497.85986328125,70954.3125,23924.810546875,10366.9697265625,25045.26953125,9060.830078125,4097.912109375
2026-06-19 11:15:00+00:00,24044.19921875,7497.85986328125,70954.3125,23924.810546875,10361.6103515625,25022.5390625,9060.830078125,4097.912109375
2026-06-19 11:30:00+00:00,24044.19921875,7497.85986328125,70954.3125,23924.810546875,10361.990234375,25037.91015625,9060.830078125,4097.912109375
2026-06-19 11:45:00+00:00,24044.19921875,7497.85986328125,70954.3125,23924.810546875,10365.3896484375,25043.55078125,9060.830078125,4097.912109375
2026-06-19 12:00:00+00:00,24044.19921875,7497.85986328125,70954.3125,23924.810546875,10364.3798828125,24994.890625,9060.830078125,4097.912109375
2026-06-19 12:15:00+00:00,24044.19921875,7497.85986328125,70954.3125,23924.810546875,10364.240234375,24993.08984375,9060.830078125,4097.912109375
2026-06-19 12:30:00+00:00,24044.19921875,7497.85986328125,70954.3125,23924.810546875,10362.5,24974.689453125,9060.830078125,4097.912109375
2026-06-19 12:45:00+00:00,24044.19921875,7497.85986328125,70954.3125,23924.810546875,10382.0595703125,25057.419921875,9060.830078125,4097.912109375
2026-06-19 13:00:00+00:00,24044.19921875,7497.85986328125,70954.3125,23924.810546875,10372.400390625,25043.689453125,9060.830078125,4097.912109375
2026-06-19 13:15:00+00:00,24044.19921875,7497.85986328125,70954.3125,23924.810546875,10380.400390625,25064.099609375,9060.830078125,4097.912109375
2026-06-19 13:30:00+00:00,24044.19921875,7497.85986328125,70954.3125,23924.810546875,10371.0302734375,25022.349609375,9060.830078125,4097.912109375
2026-06-19 13:45:00+00:00,24044.19921875,7497.85986328125,70954.3125,23924.810546875,10373.419921875,25050.080078125,9060.830078125,4097.912109375
2026-06-19 14:00:00+00:00,24044.19921875,7497.85986328125,70954.3125,23924.810546875,10370.26953125,25057.380859375,9060.830078125,4097.912109375
2026-06-19 14:15:00+00:00,24044.19921875,7497.85986328125,70954.3125,23924.810546875,10367.2099609375,25070.73046875,9060.830078125,4097.912109375
2026-06-19 14:30:00+00:00,24044.19921875,7497.85986328125,70954.3125,23924.810546875,10363.330078125,25048.080078125,9060.830078125,4097.912109375
2026-06-19 14:45:00+00:00,24044.19921875,7497.85986328125,70954.3125,23924.810546875,10355.8701171875,25031.08984375,9060.830078125,4097.912109375
2026-06-19 15:00:00+00:00,24044.19921875,7497.85986328125,70954.3125,23924.810546875,10366.3095703125,25054.380859375,9060.830078125,4097.912109375
2026-06-19 15:15:00+00:00,24044.19921875,7497.85986328125,70954.3125,23924.810546875,10356.900390625,25019.029296875,9060.830078125,4097.912109375
2026-06-22 00:00:00+00:00,24044.19921875,7497.85986328125,71670.96875,23924.810546875,10356.900390625,25019.029296875,8930.400390625,4097.912109375
2026-06-22 00:15:00+00:00,24044.19921875,7497.85986328125,71822.8125,23924.810546875,10356.900390625,25019.029296875,9009.5498046875,4097.912109375
2026-06-22 00:30:00+00:00,24044.19921875,7497.85986328125,72176.34375,23924.810546875,10356.900390625,25019.029296875,9121.76953125,4097.912109375
2026-06-22 00:45:00+00:00,24044.19921875,7497.85986328125,72256.7734375,23924.810546875,10356.900390625,25019.029296875,9170.0595703125,4097.912109375
2026-06-22 01:00:00+00:00,24044.19921875,7497.85986328125,72508.5078125,23924.810546875,10356.900390625,25019.029296875,9187.5,4097.912109375
2026-06-22 01:15:00+00:00,24044.19921875,7497.85986328125,72324.328125,23924.810546875,10356.900390625,25019.029296875,9221.8701171875,4097.912109375
2026-06-22 01:30:00+00:00,24044.19921875,7497.85986328125,72520.40625,23450.23046875,10356.900390625,25019.029296875,9198.3701171875,4091.980224609375
2026-06-22 01:45:00+00:00,24044.19921875,7497.85986328125,72552.34375,23506.119140625,10356.900390625,25019.029296875,9146.5400390625,4096.576171875
2026-06-22 02:00:00+00:00,24044.19921875,7497.85986328125,72618.9609375,23528.720703125,10356.900390625,25019.029296875,9176.419921875,4083.604736328125
2026-06-22 02:15:00+00:00,24044.19921875,7497.85986328125,72652.859375,23507.73046875,10356.900390625,25019.029296875,9165.51953125,4072.1982421875
2026-06-22 02:30:00+00:00,24044.19921875,7497.85986328125,72648.46875,23644.8203125,10356.900390625,25019.029296875,9149.58984375,4089.22509765625
2026-06-22 02:45:00+00:00,24044.19921875,7497.85986328125,72648.46875,23694.44921875,10356.900390625,25019.029296875,9158.08984375,4081.375732421875
2026-06-22 03:00:00+00:00,24044.19921875,7497.85986328125,72648.46875,23696.359375,10356.900390625,25019.029296875,9153.0595703125,4084.0009765625
2026-06-22 03:15:00+00:00,24044.19921875,7497.85986328125,72648.46875,23720.109375,10356.900390625,25019.029296875,9176.400390625,4097.71875
2026-06-22 03:30:00+00:00,24044.19921875,7497.85986328125,72706.8671875,23718.689453125,10356.900390625,25019.029296875,9161.7099609375,4098.00927734375
2026-06-22 03:45:00+00:00,24131.19921875,7497.85986328125,72630.0,23691.400390625,10356.900390625,25019.029296875,9136.7998046875,4098.00927734375
2026-06-22 04:00:00+00:00,24109.44921875,7497.85986328125,72530.4609375,23690.859375,10356.900390625,25019.029296875,9060.3798828125,4098.00927734375
2026-06-22 04:15:00+00:00,24141.150390625,7497.85986328125,72400.140625,23690.859375,10356.900390625,25019.029296875,9051.330078125,4098.00927734375
2026-06-22 04:30:00+00:00,24149.650390625,7497.85986328125,72351.453125,23690.859375,10356.900390625,25019.029296875,8995.919921875,4098.00927734375
2026-06-22 04:45:00+00:00,24152.80078125,7497.85986328125,72562.5078125,23690.859375,10356.900390625,25019.029296875,9046.8603515625,4098.00927734375
2026-06-22 05:00:00+00:00,24152.900390625,7497.85986328125,72544.078125,23717.029296875,10356.900390625,25019.029296875,9087.330078125,4117.39013671875
2026-06-22 05:15:00+00:00,24162.849609375,7497.85986328125,72514.3515625,23820.5390625,10356.900390625,25019.029296875,9105.669921875,4123.09765625
2026-06-22 05:30:00+00:00,24157.30078125,7497.85986328125,72383.890625,23702.66015625,10356.900390625,25019.029296875,9089.5498046875,4120.25830078125
2026-06-22 05:45:00+00:00,24160.650390625,7497.85986328125,72374.203125,23703.140625,10356.900390625,25019.029296875,9069.740234375,4131.453125
2026-06-22 06:00:00+00:00,24148.349609375,7497.85986328125,72438.2109375,23811.349609375,10356.900390625,25019.029296875,9069.740234375,4151.2060546875
2026-06-22 06:15:00+00:00,24140.400390625,7497.85986328125,72431.5625,23822.740234375,10356.900390625,25019.029296875,9069.740234375,4152.39111328125
2026-06-22 06:30:00+00:00,24118.19921875,7497.85986328125,72431.5625,23791.80078125,10356.900390625,25019.029296875,9069.740234375,4159.3486328125
2026-06-22 06:45:00+00:00,24119.849609375,7497.85986328125,72431.5625,23843.5703125,10356.900390625,25019.029296875,9069.740234375,4164.41796875
2026-06-22 07:00:00+00:00,24118.75,7497.85986328125,72431.5625,23816.080078125,10359.73046875,25049.98046875,9069.740234375,4164.41796875
2026-06-22 07:15:00+00:00,24123.5,7497.85986328125,72431.5625,23820.44921875,10362.0,25061.849609375,9069.740234375,4164.41796875
2026-06-22 07:30:00+00:00,24112.80078125,7497.85986328125,72431.5625,23794.98046875,10358.900390625,25008.5,9069.740234375,4164.41796875
2026-06-22 07:45:00+00:00,24118.69921875,7497.85986328125,72431.5625,23763.80078125,10361.4296875,25009.439453125,9069.740234375,4164.41796875
2026-06-22 08:00:00+00:00,24119.44921875,7497.85986328125,72431.5625,23768.51953125,10356.080078125,24987.859375,9069.740234375,4164.41796875
2026-06-22 08:15:00+00:00,24126.0,7497.85986328125,72431.5625,23768.51953125,10360.1904296875,24981.650390625,9069.740234375,4164.41796875
2026-06-22 08:30:00+00:00,24118.44921875,7497.85986328125,72431.5625,23768.51953125,10362.0,24977.44921875,9069.740234375,4164.41796875
2026-06-22 08:45:00+00:00,24138.80078125,7497.85986328125,72431.5625,23768.51953125,10349.3095703125,24950.630859375,9069.740234375,4164.41796875
2026-06-22 09:00:00+00:00,24134.650390625,7497.85986328125,72431.5625,23768.51953125,10367.2802734375,24966.189453125,9069.740234375,4164.41796875
2026-06-22 09:15:00+00:00,24132.55078125,7497.85986328125,72431.5625,23768.51953125,10367.5595703125,24947.58984375,9069.740234375,4164.41796875
2026-06-22 09:30:00+00:00,24105.650390625,7497.85986328125,72431.5625,23768.51953125,10356.8095703125,24929.3203125,9069.740234375,4164.41796875
2026-06-22 09:45:00+00:00,24086.849609375,7497.85986328125,72431.5625,23768.51953125,10351.6201171875,24904.48046875,9069.740234375,4164.41796875
2026-06-22 10:00:00+00:00,24086.849609375,7497.85986328125,72431.5625,23768.51953125,10363.8095703125,24928.51953125,9069.740234375,4164.41796875
2026-06-22 10:15:00+00:00,24086.849609375,7497.85986328125,72431.5625,23768.51953125,10384.6298828125,24925.98046875,9069.740234375,4164.41796875
2026-06-22 10:30:00+00:00,24086.849609375,7497.85986328125,72431.5625,23768.51953125,10383.5400390625,24927.599609375,9069.740234375,4164.41796875
2026-06-22 10:45:00+00:00,24086.849609375,7497.85986328125,72431.5625,23768.51953125,10390.58984375,24915.740234375,9069.740234375,4164.41796875
2026-06-22 11:00:00+00:00,24086.849609375,7497.85986328125,72431.5625,23768.51953125,10403.1103515625,24948.119140625,9069.740234375,4164.41796875
2026-06-22 11:15:00+00:00,24086.849609375,7497.85986328125,72431.5625,23768.51953125,10407.1103515625,24965.810546875,9069.740234375,4164.41796875
2026-06-22 11:30:00+00:00,24086.849609375,7497.85986328125,72431.5625,23768.51953125,10412.41015625,24987.279296875,9069.740234375,4164.41796875
2026-06-22 11:45:00+00:00,24086.849609375,7497.85986328125,72431.5625,23768.51953125,10415.73046875,24999.109375,9069.740234375,4164.41796875
2026-06-22 12:00:00+00:00,24086.849609375,7497.85986328125,72431.5625,23768.51953125,10417.849609375,24997.419921875,9069.740234375,4164.41796875
2026-06-22 12:15:00+00:00,24086.849609375,7497.85986328125,72431.5625,23768.51953125,10418.51953125,25024.939453125,9069.740234375,4164.41796875
2026-06-22 12:30:00+00:00,24086.849609375,7497.85986328125,72431.5625,23768.51953125,10415.9697265625,25020.439453125,9069.740234375,4164.41796875
2026-06-22 12:45:00+00:00,24086.849609375,7497.85986328125,72431.5625,23768.51953125,10421.2998046875,25023.369140625,9069.740234375,4164.41796875
2026-06-22 13:00:00+00:00,24086.849609375,7497.85986328125,72431.5625,23768.51953125,10422.3095703125,25049.33984375,9069.740234375,4164.41796875
2026-06-22 13:15:00+00:00,24086.849609375,7497.85986328125,72431.5625,23768.51953125,10429.7900390625,25082.05078125,9069.740234375,4164.41796875
2026-06-22 13:30:00+00:00,24086.849609375,7510.68017578125,72431.5625,23768.51953125,10422.3798828125,25104.220703125,9069.740234375,4164.41796875
2026-06-22 13:45:00+00:00,24086.849609375,7528.1298828125,72431.5625,23768.51953125,10421.3603515625,25149.6796875,9069.740234375,4164.41796875
2026-06-22 14:00:00+00:00,24086.849609375,7521.8701171875,72431.5625,23768.51953125,10421.66015625,25155.19921875,9069.740234375,4164.41796875
2026-06-22 14:15:00+00:00,24086.849609375,7495.25,72431.5625,23768.51953125,10421.01953125,25122.720703125,9069.740234375,4164.41796875
2026-06-22 14:30:00+00:00,24086.849609375,7474.43017578125,72431.5625,23768.51953125,10425.9599609375,25108.9609375,9069.740234375,4164.41796875
2026-06-22 14:45:00+00:00,24086.849609375,7475.830078125,72431.5625,23768.51953125,10434.4697265625,25112.720703125,9069.740234375,4164.41796875
2026-06-22 15:00:00+00:00,24086.849609375,7473.14990234375,72431.5625,23768.51953125,10436.83984375,25132.76953125,9069.740234375,4164.41796875
2026-06-22 15:15:00+00:00,24086.849609375,7472.259765625,72431.5625,23768.51953125,10443.16015625,25148.990234375,9069.740234375,4164.41796875
2026-06-22 15:30:00+00:00,24086.849609375,7487.97021484375,72431.5625,23768.51953125,10443.16015625,25148.990234375,9069.740234375,4164.41796875
2026-06-22 15:45:00+00:00,24086.849609375,7474.47021484375,72431.5625,23768.51953125,10443.16015625,25148.990234375,9069.740234375,4164.41796875
2026-06-22 16:00:00+00:00,24086.849609375,7477.91015625,72431.5625,23768.51953125,10443.16015625,25148.990234375,9069.740234375,4164.41796875
2026-06-22 16:15:00+00:00,24086.849609375,7476.5400390625,72431.5625,23768.51953125,10443.16015625,25148.990234375,9069.740234375,4164.41796875
2026-06-22 16:30:00+00:00,24086.849609375,7472.6201171875,72431.5625,23768.51953125,10443.16015625,25148.990234375,9069.740234375,4164.41796875
2026-06-22 16:45:00+00:00,24086.849609375,7478.08984375,72431.5625,23768.51953125,10443.16015625,25148.990234375,9069.740234375,4164.41796875
2026-06-22 17:00:00+00:00,24086.849609375,7474.06005859375,72431.5625,23768.51953125,10443.16015625,25148.990234375,9069.740234375,4164.41796875
2026-06-22 17:15:00+00:00,24086.849609375,7475.81005859375,72431.5625,23768.51953125,10443.16015625,25148.990234375,9069.740234375,4164.41796875
2026-06-22 17:30:00+00:00,24086.849609375,7472.47998046875,72431.5625,23768.51953125,10443.16015625,25148.990234375,9069.740234375,4164.41796875
2026-06-22 17:45:00+00:00,24086.849609375,7475.77001953125,72431.5625,23768.51953125,10443.16015625,25148.990234375,9069.740234375,4164.41796875
2026-06-22 18:00:00+00:00,24086.849609375,7478.39013671875,72431.5625,23768.51953125,10443.16015625,25148.990234375,9069.740234375,4164.41796875
2026-06-22 18:15:00+00:00,24086.849609375,7479.85009765625,72431.5625,23768.51953125,10443.16015625,25148.990234375,9069.740234375,4164.41796875
2026-06-22 18:30:00+00:00,24086.849609375,7473.33984375,72431.5625,23768.51953125,10443.16015625,25148.990234375,9069.740234375,4164.41796875
2026-06-22 18:45:00+00:00,24086.849609375,7465.85009765625,72431.5625,23768.51953125,10443.16015625,25148.990234375,9069.740234375,4164.41796875
2026-06-22 19:00:00+00:00,24086.849609375,7467.580078125,72431.5625,23768.51953125,10443.16015625,25148.990234375,9069.740234375,4164.41796875
2026-06-22 19:15:00+00:00,24086.849609375,7462.8701171875,72431.5625,23768.51953125,10443.16015625,25148.990234375,9069.740234375,4164.41796875
2026-06-22 19:30:00+00:00,24086.849609375,7460.77001953125,72431.5625,23768.51953125,10443.16015625,25148.990234375,9069.740234375,4164.41796875
2026-06-22 19:45:00+00:00,24086.849609375,7475.4599609375,72431.5625,23768.51953125,10443.16015625,25148.990234375,9069.740234375,4164.41796875
2026-06-23 00:00:00+00:00,24086.849609375,7475.4599609375,72255.8203125,23768.51953125,10443.16015625,25148.990234375,9106.740234375,4164.41796875
2026-06-23 00:15:00+00:00,24086.849609375,7475.4599609375,71800.6328125,23768.51953125,10443.16015625,25148.990234375,8955.0703125,4164.41796875
2026-06-23 00:30:00+00:00,24086.849609375,7475.4599609375,72020.2578125,23768.51953125,10443.16015625,25148.990234375,9015.58984375,4164.41796875
2026-06-23 00:45:00+00:00,24086.849609375,7475.4599609375,72134.6875,23768.51953125,10443.16015625,25148.990234375,8962.4599609375,4164.41796875
2026-06-23 01:00:00+00:00,24086.849609375,7475.4599609375,72189.171875,23768.51953125,10443.16015625,25148.990234375,8980.91015625,4164.41796875
2026-06-23 01:15:00+00:00,24086.849609375,7475.4599609375,72193.1796875,23768.51953125,10443.16015625,25148.990234375,8933.7001953125,4164.41796875
2026-06-23 01:30:00+00:00,24086.849609375,7475.4599609375,71877.8125,23771.44921875,10443.16015625,25148.990234375,8835.6396484375,4156.05322265625
2026-06-23 01:45:00+00:00,24086.849609375,7475.4599609375,71577.7734375,23753.19921875,10443.16015625,25148.990234375,8730.6796875,4164.61669921875
2026-06-23 02:00:00+00:00,24086.849609375,7475.4599609375,71614.0390625,23644.80078125,10443.16015625,25148.990234375,8750.169921875,4159.26123046875
2026-06-23 02:15:00+00:00,24086.849609375,7475.4599609375,71726.359375,23660.720703125,10443.16015625,25148.990234375,8755.9697265625,4172.75146484375
2026-06-23 02:30:00+00:00,24086.849609375,7475.4599609375,71711.671875,23626.919921875,10443.16015625,25148.990234375,8732.0302734375,4171.47900390625
2026-06-23 02:45:00+00:00,24086.849609375,7475.4599609375,71711.671875,23537.890625,10443.16015625,25148.990234375,8740.3896484375,4160.4912109375
2026-06-23 03:00:00+00:00,24086.849609375,7475.4599609375,71711.671875,23456.369140625,10443.16015625,25148.990234375,8659.9599609375,4146.20947265625
2026-06-23 03:15:00+00:00,24086.849609375,7475.4599609375,71711.671875,23465.73046875,10443.16015625,25148.990234375,8608.6103515625,4146.955078125
2026-06-23 03:30:00+00:00,24086.849609375,7475.4599609375,71258.21875,23464.01953125,10443.16015625,25148.990234375,8567.9599609375,4147.54931640625
2026-06-23 03:45:00+00:00,24088.94921875,7475.4599609375,71483.6171875,23501.740234375,10443.16015625,25148.990234375,8688.7099609375,4147.54931640625
2026-06-23 04:00:00+00:00,24115.5,7475.4599609375,71431.921875,23499.880859375,10443.16015625,25148.990234375,8663.240234375,4147.54931640625
2026-06-23 04:15:00+00:00,24131.30078125,7475.4599609375,71188.8671875,23499.880859375,10443.16015625,25148.990234375,8629.599609375,4147.54931640625
2026-06-23 04:30:00+00:00,24124.05078125,7475.4599609375,71108.703125,23499.880859375,10443.16015625,25148.990234375,8563.25,4147.54931640625
2026-06-23 04:45:00+00:00,24112.44921875,7475.4599609375,70927.9921875,23499.880859375,10443.16015625,25148.990234375,8480.4599609375,4147.54931640625
2026-06-23 05:00:00+00:00,24105.650390625,7475.4599609375,70899.2265625,23435.16015625,10443.16015625,25148.990234375,8465.4404296875,4138.5009765625
2026-06-23 05:15:00+00:00,24093.849609375,7475.4599609375,70541.53125,23400.279296875,10443.16015625,25148.990234375,8418.240234375,4131.1376953125
2026-06-23 05:30:00+00:00,24114.400390625,7475.4599609375,70509.3515625,23437.009765625,10443.16015625,25148.990234375,8375.3095703125,4134.14111328125
2026-06-23 05:45:00+00:00,24112.94921875,7475.4599609375,70198.71875,23362.380859375,10443.16015625,25148.990234375,8375.3095703125,4115.2236328125
2026-06-23 06:00:00+00:00,24083.099609375,7475.4599609375,70087.21875,23321.33984375,10443.16015625,25148.990234375,8375.3095703125,4107.2265625
2026-06-23 06:15:00+00:00,23982.650390625,7475.4599609375,69935.53125,23265.2890625,10443.16015625,25148.990234375,8375.3095703125,4086.108642578125
2026-06-23 06:30:00+00:00,23965.0,7475.4599609375,69935.53125,23261.060546875,10443.16015625,25148.990234375,8375.3095703125,4096.92529296875
2026-06-23 06:45:00+00:00,23948.849609375,7475.4599609375,69935.53125,23281.990234375,10443.16015625,25148.990234375,8375.3095703125,4106.24658203125
2026-06-23 07:00:00+00:00,23948.44921875,7475.4599609375,69935.53125,23361.669921875,10369.7001953125,24849.3203125,8375.3095703125,4106.24658203125
2026-06-23 07:15:00+00:00,23930.5,7475.4599609375,69935.53125,23366.189453125,10362.66015625,24814.66015625,8375.3095703125,4106.24658203125
2026-06-23 07:30:00+00:00,23922.599609375,7475.4599609375,69935.53125,23333.6796875,10364.3203125,24828.859375,8375.3095703125,4106.24658203125
2026-06-23 07:45:00+00:00,23907.400390625,7475.4599609375,69935.53125,23327.439453125,10339.2802734375,24790.400390625,8375.3095703125,4106.24658203125
2026-06-23 08:00:00+00:00,23893.19921875,7475.4599609375,69935.53125,23336.279296875,10344.259765625,24765.169921875,8375.3095703125,4106.24658203125
2026-06-23 08:15:00+00:00,23869.150390625,7475.4599609375,69935.53125,23336.279296875,10344.2802734375,24744.970703125,8375.3095703125,4106.24658203125
2026-06-23 08:30:00+00:00,23910.849609375,7475.4599609375,69935.53125,23336.279296875,10364.919921875,24768.7890625,8375.3095703125,4106.24658203125
2026-06-23 08:45:00+00:00,23915.80078125,7475.4599609375,69935.53125,23336.279296875,10376.4501953125,24772.640625,8375.3095703125,4106.24658203125
2026-06-23 09:00:00+00:00,23927.25,7475.4599609375,69935.53125,23336.279296875,10388.6103515625,24794.849609375,8375.3095703125,4106.24658203125
2026-06-23 09:15:00+00:00,23914.30078125,7475.4599609375,69935.53125,23336.279296875,10396.8603515625,24811.91015625,8375.3095703125,4106.24658203125
2026-06-23 09:30:00+00:00,23827.69921875,7475.4599609375,69935.53125,23336.279296875,10395.8095703125,24823.5703125,8375.3095703125,4106.24658203125
2026-06-23 09:45:00+00:00,23795.25,7475.4599609375,69935.53125,23336.279296875,10404.240234375,24852.779296875,8375.3095703125,4106.24658203125
2026-06-23 10:00:00+00:00,23795.25,7475.4599609375,69935.53125,23336.279296875,10406.6201171875,24873.2109375,8375.3095703125,4106.24658203125
2026-06-23 10:15:00+00:00,23795.25,7475.4599609375,69935.53125,23336.279296875,10411.01953125,24883.4296875,8375.3095703125,4106.24658203125
2026-06-23 10:30:00+00:00,23795.25,7475.4599609375,69935.53125,23336.279296875,10399.6396484375,24848.51953125,8375.3095703125,4106.24658203125
2026-06-23 10:45:00+00:00,23795.25,7475.4599609375,69935.53125,23336.279296875,10389.2099609375,24854.529296875,8375.3095703125,4106.24658203125
2026-06-23 11:00:00+00:00,23795.25,7475.4599609375,69935.53125,23336.279296875,10390.98046875,24865.83984375,8375.3095703125,4106.24658203125
2026-06-23 11:15:00+00:00,23795.25,7475.4599609375,69935.53125,23336.279296875,10386.4296875,24868.119140625,8375.3095703125,4106.24658203125
2026-06-23 11:30:00+00:00,23795.25,7475.4599609375,69935.53125,23336.279296875,10394.1396484375,24899.08984375,8375.3095703125,4106.24658203125
2026-06-23 11:45:00+00:00,23795.25,7475.4599609375,69935.53125,23336.279296875,10392.01953125,24903.509765625,8375.3095703125,4106.24658203125
2026-06-23 12:00:00+00:00,23795.25,7475.4599609375,69935.53125,23336.279296875,10393.3095703125,24905.619140625,8375.3095703125,4106.24658203125
2026-06-23 12:15:00+00:00,23795.25,7475.4599609375,69935.53125,23336.279296875,10397.240234375,24889.560546875,8375.3095703125,4106.24658203125
2026-06-23 12:30:00+00:00,23795.25,7475.4599609375,69935.53125,23336.279296875,10405.7802734375,24912.880859375,8375.3095703125,4106.24658203125
2026-06-23 12:45:00+00:00,23795.25,7475.4599609375,69935.53125,23336.279296875,10396.16015625,24905.8203125,8375.3095703125,4106.24658203125
2026-06-23 13:00:00+00:00,23795.25,7475.4599609375,69935.53125,23336.279296875,10390.490234375,24882.099609375,8375.3095703125,4106.24658203125
2026-06-23 13:15:00+00:00,23795.25,7475.4599609375,69935.53125,23336.279296875,10404.9501953125,24866.98046875,8375.3095703125,4106.24658203125
2026-06-23 13:30:00+00:00,23795.25,7376.6298828125,69935.53125,23336.279296875,10421.5498046875,24889.83984375,8375.3095703125,4106.24658203125
2026-06-23 13:45:00+00:00,23795.25,7399.4501953125,69935.53125,23336.279296875,10443.9296875,24942.130859375,8375.3095703125,4106.24658203125
2026-06-23 14:00:00+00:00,23795.25,7417.60009765625,69935.53125,23336.279296875,10450.7099609375,24970.310546875,8375.3095703125,4106.24658203125
2026-06-23 14:15:00+00:00,23795.25,7417.41015625,69935.53125,23336.279296875,10458.009765625,24980.2109375,8375.3095703125,4106.24658203125
2026-06-23 14:30:00+00:00,23795.25,7401.2001953125,69935.53125,23336.279296875,10453.73046875,24952.609375,8375.3095703125,4106.24658203125
2026-06-23 14:45:00+00:00,23795.25,7397.47021484375,69935.53125,23336.279296875,10456.2197265625,24954.7109375,8375.3095703125,4106.24658203125
2026-06-23 15:00:00+00:00,23795.25,7388.7099609375,69935.53125,23336.279296875,10461.1103515625,24974.0703125,8375.3095703125,4106.24658203125
2026-06-23 15:15:00+00:00,23795.25,7373.18017578125,69935.53125,23336.279296875,10454.490234375,24935.919921875,8375.3095703125,4106.24658203125
2026-06-23 15:30:00+00:00,23795.25,7377.490234375,69935.53125,23336.279296875,10454.490234375,24935.919921875,8375.3095703125,4106.24658203125
2026-06-23 15:45:00+00:00,23795.25,7387.7998046875,69935.53125,23336.279296875,10454.490234375,24935.919921875,8375.3095703125,4106.24658203125
2026-06-23 16:00:00+00:00,23795.25,7402.68017578125,69935.53125,23336.279296875,10454.490234375,24935.919921875,8375.3095703125,4106.24658203125
2026-06-23 16:15:00+00:00,23795.25,7402.10009765625,69935.53125,23336.279296875,10454.490234375,24935.919921875,8375.3095703125,4106.24658203125
2026-06-23 16:30:00+00:00,23795.25,7406.52978515625,69935.53125,23336.279296875,10454.490234375,24935.919921875,8375.3095703125,4106.24658203125
2026-06-23 16:45:00+00:00,23795.25,7402.330078125,69935.53125,23336.279296875,10454.490234375,24935.919921875,8375.3095703125,4106.24658203125
2026-06-23 17:00:00+00:00,23795.25,7401.66015625,69935.53125,23336.279296875,10454.490234375,24935.919921875,8375.3095703125,4106.24658203125
2026-06-23 17:15:00+00:00,23795.25,7403.64990234375,69935.53125,23336.279296875,10454.490234375,24935.919921875,8375.3095703125,4106.24658203125
2026-06-23 17:30:00+00:00,23795.25,7399.8701171875,69935.53125,23336.279296875,10454.490234375,24935.919921875,8375.3095703125,4106.24658203125
2026-06-23 17:45:00+00:00,23795.25,7386.35986328125,69935.53125,23336.279296875,10454.490234375,24935.919921875,8375.3095703125,4106.24658203125
2026-06-23 18:00:00+00:00,23795.25,7386.4501953125,69935.53125,23336.279296875,10454.490234375,24935.919921875,8375.3095703125,4106.24658203125
2026-06-23 18:15:00+00:00,23795.25,7382.2001953125,69935.53125,23336.279296875,10454.490234375,24935.919921875,8375.3095703125,4106.24658203125
2026-06-23 18:30:00+00:00,23795.25,7365.990234375,69935.53125,23336.279296875,10454.490234375,24935.919921875,8375.3095703125,4106.24658203125
2026-06-23 18:45:00+00:00,23795.25,7368.39013671875,69935.53125,23336.279296875,10454.490234375,24935.919921875,8375.3095703125,4106.24658203125
2026-06-23 19:00:00+00:00,23795.25,7372.2099609375,69935.53125,23336.279296875,10454.490234375,24935.919921875,8375.3095703125,4106.24658203125
2026-06-23 19:15:00+00:00,23795.25,7378.27001953125,69935.53125,23336.279296875,10454.490234375,24935.919921875,8375.3095703125,4106.24658203125
2026-06-23 19:30:00+00:00,23795.25,7372.52001953125,69935.53125,23336.279296875,10454.490234375,24935.919921875,8375.3095703125,4106.24658203125
2026-06-23 19:45:00+00:00,23795.25,7365.919921875,69935.53125,23336.279296875,10454.490234375,24935.919921875,8375.3095703125,4106.24658203125
2026-06-24 00:00:00+00:00,23795.25,7365.919921875,69981.3984375,23336.279296875,10454.490234375,24935.919921875,8466.009765625,4106.24658203125
2026-06-24 00:15:00+00:00,23795.25,7365.919921875,69967.578125,23336.279296875,10454.490234375,24935.919921875,8489.1201171875,4106.24658203125
2026-06-24 00:30:00+00:00,23795.25,7365.919921875,69743.1796875,23336.279296875,10454.490234375,24935.919921875,8557.8603515625,4106.24658203125
2026-06-24 00:45:00+00:00,23795.25,7365.919921875,69510.078125,23336.279296875,10454.490234375,24935.919921875,8516.01953125,4106.24658203125
2026-06-24 01:00:00+00:00,23795.25,7365.919921875,69550.140625,23336.279296875,10454.490234375,24935.919921875,8395.0400390625,4106.24658203125
2026-06-24 01:15:00+00:00,23795.25,7365.919921875,69388.140625,23336.279296875,10454.490234375,24935.919921875,8426.150390625,4106.24658203125
2026-06-24 01:30:00+00:00,23795.25,7365.919921875,69446.640625,23489.76953125,10454.490234375,24935.919921875,8474.3798828125,4091.60107421875
2026-06-24 01:45:00+00:00,23795.25,7365.919921875,69601.03125,23390.8203125,10454.490234375,24935.919921875,8501.7998046875,4111.86962890625
2026-06-24 02:00:00+00:00,23795.25,7365.919921875,69701.8671875,23348.970703125,10454.490234375,24935.919921875,8502.169921875,4097.2587890625
2026-06-24 02:15:00+00:00,23795.25,7365.919921875,69509.859375,23304.619140625,10454.490234375,24935.919921875,8455.759765625,4100.05078125
2026-06-24 02:30:00+00:00,23795.25,7365.919921875,69523.7890625,23304.25,10454.490234375,24935.919921875,8297.3798828125,4088.03369140625
2026-06-24 02:45:00+00:00,23795.25,7365.919921875,69523.7890625,23312.009765625,10454.490234375,24935.919921875,8134.52978515625,4079.362548828125
2026-06-24 03:00:00+00:00,23795.25,7365.919921875,69523.7890625,23290.7109375,10454.490234375,24935.919921875,8182.41015625,4079.177490234375
2026-06-24 03:15:00+00:00,23795.25,7365.919921875,69523.7890625,23324.3203125,10454.490234375,24935.919921875,8251.3603515625,4093.96435546875
2026-06-24 03:30:00+00:00,23795.25,7365.919921875,69127.3828125,23356.7890625,10454.490234375,24935.919921875,8271.8603515625,4096.13671875
2026-06-24 03:45:00+00:00,23879.400390625,7365.919921875,69102.1328125,23345.529296875,10454.490234375,24935.919921875,8285.490234375,4096.13671875
2026-06-24 04:00:00+00:00,23867.400390625,7365.919921875,68838.53125,23344.669921875,10454.490234375,24935.919921875,8216.8095703125,4096.13671875
2026-06-24 04:15:00+00:00,23841.650390625,7365.919921875,68540.8828125,23344.669921875,10454.490234375,24935.919921875,8171.22998046875,4096.13671875
2026-06-24 04:30:00+00:00,23917.849609375,7365.919921875,68945.6015625,23344.669921875,10454.490234375,24935.919921875,8297.1904296875,4096.13671875
2026-06-24 04:45:00+00:00,23947.75,7365.919921875,69086.09375,23344.669921875,10454.490234375,24935.919921875,8359.080078125,4096.13671875
2026-06-24 05:00:00+00:00,23934.30078125,7365.919921875,69383.03125,23323.810546875,10454.490234375,24935.919921875,8468.1904296875,4103.361328125
2026-06-24 05:15:00+00:00,23952.44921875,7365.919921875,69443.828125,23431.7890625,10454.490234375,24935.919921875,8468.5400390625,4113.69287109375
2026-06-24 05:30:00+00:00,23985.849609375,7365.919921875,69600.703125,23478.419921875,10454.490234375,24935.919921875,8476.76953125,4109.802734375
2026-06-24 05:45:00+00:00,23974.94921875,7365.919921875,69337.4765625,23422.130859375,10454.490234375,24935.919921875,8449.5498046875,4103.75537109375
2026-06-24 06:00:00+00:00,24006.900390625,7365.919921875,69318.65625,23458.55078125,10454.490234375,24935.919921875,8449.5498046875,4109.23486328125
2026-06-24 06:15:00+00:00,23996.900390625,7365.919921875,69274.6171875,23456.5,10454.490234375,24935.919921875,8449.5498046875,4113.85546875
2026-06-24 06:30:00+00:00,23980.94921875,7365.919921875,69274.6171875,23449.5,10454.490234375,24935.919921875,8449.5498046875,4107.7998046875
2026-06-24 06:45:00+00:00,23995.650390625,7365.919921875,69274.6171875,23442.779296875,10454.490234375,24935.919921875,8449.5498046875,4112.82568359375
2026-06-24 07:00:00+00:00,23991.349609375,7365.919921875,69274.6171875,23429.619140625,10427.5400390625,24755.9296875,8449.5498046875,4112.82568359375
2026-06-24 07:15:00+00:00,24004.349609375,7365.919921875,69274.6171875,23436.609375,10430.740234375,24743.75,8449.5498046875,4112.82568359375
2026-06-24 07:30:00+00:00,24031.099609375,7365.919921875,69274.6171875,23457.44921875,10422.990234375,24715.55078125,8449.5498046875,4112.82568359375
2026-06-24 07:45:00+00:00,24052.44921875,7365.919921875,69274.6171875,23419.369140625,10416.01953125,24698.48046875,8449.5498046875,4112.82568359375
2026-06-24 08:00:00+00:00,24071.5,7365.919921875,69274.6171875,23412.1796875,10430.9599609375,24730.01953125,8449.5498046875,4112.82568359375
2026-06-24 08:15:00+00:00,24055.80078125,7365.919921875,69274.6171875,23412.1796875,10429.66015625,24700.0390625,8449.5498046875,4112.82568359375
2026-06-24 08:30:00+00:00,24056.650390625,7365.919921875,69274.6171875,23412.1796875,10428.9404296875,24713.240234375,8449.5498046875,4112.82568359375
2026-06-24 08:45:00+00:00,24054.849609375,7365.919921875,69274.6171875,23412.1796875,10430.33984375,24699.08984375,8449.5498046875,4112.82568359375
2026-06-24 09:00:00+00:00,24053.099609375,7365.919921875,69274.6171875,23412.1796875,10435.5595703125,24700.44921875,8449.5498046875,4112.82568359375
2026-06-24 09:15:00+00:00,24050.75,7365.919921875,69274.6171875,23412.1796875,10427.400390625,24684.390625,8449.5498046875,4112.82568359375
2026-06-24 09:30:00+00:00,24006.44921875,7365.919921875,69274.6171875,23412.1796875,10419.23046875,24649.859375,8449.5498046875,4112.82568359375
2026-06-24 09:45:00+00:00,24013.150390625,7365.919921875,69274.6171875,23412.1796875,10428.75,24655.630859375,8449.5498046875,4112.82568359375
2026-06-24 10:00:00+00:00,24013.150390625,7365.919921875,69274.6171875,23412.1796875,10427.0703125,24647.0390625,8449.5498046875,4112.82568359375
2026-06-24 10:15:00+00:00,24013.150390625,7365.919921875,69274.6171875,23412.1796875,10440.48046875,24671.060546875,8449.5498046875,4112.82568359375
2026-06-24 10:30:00+00:00,24013.150390625,7365.919921875,69274.6171875,23412.1796875,10436.419921875,24652.310546875,8449.5498046875,4112.82568359375
2026-06-24 10:45:00+00:00,24013.150390625,7365.919921875,69274.6171875,23412.1796875,10433.66015625,24633.8203125,8449.5498046875,4112.82568359375
2026-06-24 11:00:00+00:00,24013.150390625,7365.919921875,69274.6171875,23412.1796875,10439.5595703125,24632.109375,8449.5498046875,4112.82568359375
2026-06-24 11:15:00+00:00,24013.150390625,7365.919921875,69274.6171875,23412.1796875,10429.8798828125,24640.380859375,8449.5498046875,4112.82568359375
2026-06-24 11:30:00+00:00,24013.150390625,7365.919921875,69274.6171875,23412.1796875,10430.08984375,24630.619140625,8449.5498046875,4112.82568359375
2026-06-24 11:45:00+00:00,24013.150390625,7365.919921875,69274.6171875,23412.1796875,10438.1298828125,24663.44921875,8449.5498046875,4112.82568359375
2026-06-24 12:00:00+00:00,24013.150390625,7365.919921875,69274.6171875,23412.1796875,10437.900390625,24667.890625,8449.5498046875,4112.82568359375
2026-06-24 12:15:00+00:00,24013.150390625,7365.919921875,69274.6171875,23412.1796875,10446.0595703125,24679.25,8449.5498046875,4112.82568359375
2026-06-24 12:30:00+00:00,24013.150390625,7365.919921875,69274.6171875,23412.1796875,10439.33984375,24649.58984375,8449.5498046875,4112.82568359375
2026-06-24 12:45:00+00:00,24013.150390625,7365.919921875,69274.6171875,23412.1796875,10434.9599609375,24630.080078125,8449.5498046875,4112.82568359375
2026-06-24 13:00:00+00:00,24013.150390625,7365.919921875,69274.6171875,23412.1796875,10422.740234375,24610.66015625,8449.5498046875,4112.82568359375
2026-06-24 13:15:00+00:00,24013.150390625,7365.919921875,69274.6171875,23412.1796875,10430.8798828125,24632.330078125,8449.5498046875,4112.82568359375
2026-06-24 13:30:00+00:00,24013.150390625,7386.25,69274.6171875,23412.1796875,10436.7900390625,24629.099609375,8449.5498046875,4112.82568359375
2026-06-24 13:45:00+00:00,24013.150390625,7387.85009765625,69274.6171875,23412.1796875,10460.8798828125,24653.490234375,8449.5498046875,4112.82568359375
2026-06-24 14:00:00+00:00,24013.150390625,7384.2099609375,69274.6171875,23412.1796875,10457.7099609375,24639.619140625,8449.5498046875,4112.82568359375
2026-06-24 14:15:00+00:00,24013.150390625,7393.14990234375,69274.6171875,23412.1796875,10465.9697265625,24640.05078125,8449.5498046875,4112.82568359375
2026-06-24 14:30:00+00:00,24013.150390625,7404.2998046875,69274.6171875,23412.1796875,10462.0498046875,24676.98046875,8449.5498046875,4112.82568359375
2026-06-24 14:45:00+00:00,24013.150390625,7424.919921875,69274.6171875,23412.1796875,10453.91015625,24705.23046875,8449.5498046875,4112.82568359375
2026-06-24 15:00:00+00:00,24013.150390625,7412.8798828125,69274.6171875,23412.1796875,10439.8896484375,24662.33984375,8449.5498046875,4112.82568359375
2026-06-24 15:15:00+00:00,24013.150390625,7424.60986328125,69274.6171875,23412.1796875,10455.2001953125,24713.509765625,8449.5498046875,4112.82568359375
2026-06-24 15:30:00+00:00,24013.150390625,7412.7099609375,69274.6171875,23412.1796875,10455.2001953125,24713.509765625,8449.5498046875,4112.82568359375
2026-06-24 15:45:00+00:00,24013.150390625,7412.14990234375,69274.6171875,23412.1796875,10455.2001953125,24713.509765625,8449.5498046875,4112.82568359375
2026-06-24 16:00:00+00:00,24013.150390625,7413.22021484375,69274.6171875,23412.1796875,10455.2001953125,24713.509765625,8449.5498046875,4112.82568359375
2026-06-24 16:15:00+00:00,24013.150390625,7409.5498046875,69274.6171875,23412.1796875,10455.2001953125,24713.509765625,8449.5498046875,4112.82568359375
2026-06-24 16:30:00+00:00,24013.150390625,7391.5498046875,69274.6171875,23412.1796875,10455.2001953125,24713.509765625,8449.5498046875,4112.82568359375
2026-06-24 16:45:00+00:00,24013.150390625,7385.18994140625,69274.6171875,23412.1796875,10455.2001953125,24713.509765625,8449.5498046875,4112.82568359375
2026-06-24 17:00:00+00:00,24013.150390625,7376.259765625,69274.6171875,23412.1796875,10455.2001953125,24713.509765625,8449.5498046875,4112.82568359375
2026-06-24 17:15:00+00:00,24013.150390625,7350.27978515625,69274.6171875,23412.1796875,10455.2001953125,24713.509765625,8449.5498046875,4112.82568359375
2026-06-24 17:30:00+00:00,24013.150390625,7347.66015625,69274.6171875,23412.1796875,10455.2001953125,24713.509765625,8449.5498046875,4112.82568359375
2026-06-24 17:45:00+00:00,24013.150390625,7346.89013671875,69274.6171875,23412.1796875,10455.2001953125,24713.509765625,8449.5498046875,4112.82568359375
2026-06-24 18:00:00+00:00,24013.150390625,7357.169921875,69274.6171875,23412.1796875,10455.2001953125,24713.509765625,8449.5498046875,4112.82568359375
2026-06-24 18:15:00+00:00,24013.150390625,7371.240234375,69274.6171875,23412.1796875,10455.2001953125,24713.509765625,8449.5498046875,4112.82568359375
2026-06-24 18:30:00+00:00,24013.150390625,7360.39013671875,69274.6171875,23412.1796875,10455.2001953125,24713.509765625,8449.5498046875,4112.82568359375
2026-06-24 18:45:00+00:00,24013.150390625,7347.0400390625,69274.6171875,23412.1796875,10455.2001953125,24713.509765625,8449.5498046875,4112.82568359375
2026-06-24 19:00:00+00:00,24013.150390625,7344.27001953125,69274.6171875,23412.1796875,10455.2001953125,24713.509765625,8449.5498046875,4112.82568359375
2026-06-24 19:15:00+00:00,24013.150390625,7348.06005859375,69274.6171875,23412.1796875,10455.2001953125,24713.509765625,8449.5498046875,4112.82568359375
2026-06-24 19:30:00+00:00,24013.150390625,7343.18994140625,69274.6171875,23412.1796875,10455.2001953125,24713.509765625,8449.5498046875,4112.82568359375
2026-06-24 19:45:00+00:00,24013.150390625,7359.89990234375,69274.6171875,23412.1796875,10455.2001953125,24713.509765625,8449.5498046875,4112.82568359375
2026-06-25 00:00:00+00:00,24013.150390625,7359.89990234375,70958.59375,23412.1796875,10455.2001953125,24713.509765625,8940.1298828125,4112.82568359375
2026-06-25 00:15:00+00:00,24013.150390625,7359.89990234375,70819.2890625,23412.1796875,10455.2001953125,24713.509765625,8947.650390625,4112.82568359375
2026-06-25 00:30:00+00:00,24013.150390625,7359.89990234375,70722.953125,23412.1796875,10455.2001953125,24713.509765625,8832.9296875,4112.82568359375
2026-06-25 00:45:00+00:00,24013.150390625,7359.89990234375,71036.046875,23412.1796875,10455.2001953125,24713.509765625,8816.4501953125,4112.82568359375
2026-06-25 01:00:00+00:00,24013.150390625,7359.89990234375,71097.84375,23412.1796875,10455.2001953125,24713.509765625,8838.2802734375,4112.82568359375
2026-06-25 01:15:00+00:00,24013.150390625,7359.89990234375,71260.78125,23412.1796875,10455.2001953125,24713.509765625,8840.2099609375,4112.82568359375
2026-06-25 01:30:00+00:00,24013.150390625,7359.89990234375,71485.3671875,23104.5390625,10455.2001953125,24713.509765625,8895.5703125,4116.3359375
2026-06-25 01:45:00+00:00,24013.150390625,7359.89990234375,71739.3828125,23154.439453125,10455.2001953125,24713.509765625,8910.1103515625,4105.8818359375
2026-06-25 02:00:00+00:00,24013.150390625,7359.89990234375,71563.0390625,23045.560546875,10455.2001953125,24713.509765625,8854.91015625,4103.65283203125
2026-06-25 02:15:00+00:00,24013.150390625,7359.89990234375,71854.25,23035.439453125,10455.2001953125,24713.509765625,8891.3603515625,4111.865234375
2026-06-25 02:30:00+00:00,24013.150390625,7359.89990234375,71854.8828125,23068.91015625,10455.2001953125,24713.509765625,8902.41015625,4110.53271484375
2026-06-25 02:45:00+00:00,24013.150390625,7359.89990234375,71854.8828125,23190.599609375,10455.2001953125,24713.509765625,8930.8701171875,4123.54296875
2026-06-25 03:00:00+00:00,24013.150390625,7359.89990234375,71854.8828125,23172.849609375,10455.2001953125,24713.509765625,8913.419921875,4120.35595703125
2026-06-25 03:15:00+00:00,24013.150390625,7359.89990234375,71854.8828125,23164.66015625,10455.2001953125,24713.509765625,8924.3203125,4126.4091796875
2026-06-25 03:30:00+00:00,24013.150390625,7359.89990234375,71937.40625,23028.4296875,10455.2001953125,24713.509765625,8896.48046875,4125.75537109375
2026-06-25 03:45:00+00:00,24147.099609375,7359.89990234375,72029.6171875,23091.740234375,10455.2001953125,24713.509765625,8923.58984375,4125.75537109375
2026-06-25 04:00:00+00:00,24140.5,7359.89990234375,71939.3125,23090.26953125,10455.2001953125,24713.509765625,8958.3798828125,4125.75537109375
2026-06-25 04:15:00+00:00,24176.80078125,7359.89990234375,71909.65625,23090.26953125,10455.2001953125,24713.509765625,8950.2001953125,4125.75537109375
2026-06-25 04:30:00+00:00,24184.099609375,7359.89990234375,71982.8828125,23090.26953125,10455.2001953125,24713.509765625,8955.1904296875,4125.75537109375
2026-06-25 04:45:00+00:00,24172.30078125,7359.89990234375,72067.8828125,23090.26953125,10455.2001953125,24713.509765625,8977.5302734375,4125.75537109375
2026-06-25 05:00:00+00:00,24182.30078125,7359.89990234375,72254.5390625,23060.189453125,10455.2001953125,24713.509765625,8981.5595703125,4120.3212890625
2026-06-25 05:15:00+00:00,24197.30078125,7359.89990234375,72204.6328125,23027.2890625,10455.2001953125,24713.509765625,9009.330078125,4117.1455078125
2026-06-25 05:30:00+00:00,24195.900390625,7359.89990234375,72404.8515625,23045.390625,10455.2001953125,24713.509765625,9033.1796875,4115.103515625
2026-06-25 05:45:00+00:00,24190.55078125,7359.89990234375,72372.9296875,23012.6796875,10455.2001953125,24713.509765625,8973.580078125,4102.31982421875
2026-06-25 06:00:00+00:00,24195.900390625,7359.89990234375,72536.0625,23015.7890625,10455.2001953125,24713.509765625,8973.580078125,4115.18017578125
2026-06-25 06:15:00+00:00,24236.19921875,7359.89990234375,72527.5234375,23024.75,10455.2001953125,24713.509765625,8973.580078125,4116.71337890625
2026-06-25 06:30:00+00:00,24243.650390625,7359.89990234375,72527.5234375,23008.76953125,10455.2001953125,24713.509765625,8973.580078125,4115.73486328125
2026-06-25 06:45:00+00:00,24202.349609375,7359.89990234375,72527.5234375,23008.26953125,10455.2001953125,24713.509765625,8973.580078125,4123.2646484375
2026-06-25 07:00:00+00:00,24193.150390625,7359.89990234375,72527.5234375,23034.419921875,10456.2197265625,24814.419921875,8973.580078125,4123.2646484375
2026-06-25 07:15:00+00:00,24196.900390625,7359.89990234375,72527.5234375,23018.630859375,10464.4697265625,24815.19921875,8973.580078125,4123.2646484375
2026-06-25 07:30:00+00:00,24172.849609375,7359.89990234375,72527.5234375,23040.58984375,10473.3203125,24825.859375,8973.580078125,4123.2646484375
2026-06-25 07:45:00+00:00,24181.599609375,7359.89990234375,72527.5234375,23089.1796875,10470.650390625,24859.240234375,8973.580078125,4123.2646484375
2026-06-25 08:00:00+00:00,24200.5,7359.89990234375,72527.5234375,23076.91015625,10478.1396484375,24854.80078125,8973.580078125,4123.2646484375
2026-06-25 08:15:00+00:00,24179.5,7359.89990234375,72527.5234375,23076.91015625,10480.3798828125,24858.169921875,8973.580078125,4123.2646484375
2026-06-25 08:30:00+00:00,24138.650390625,7359.89990234375,72527.5234375,23076.91015625,10488.51953125,24887.9296875,8973.580078125,4123.2646484375
2026-06-25 08:45:00+00:00,24108.0,7359.89990234375,72527.5234375,23076.91015625,10492.1201171875,24877.76953125,8973.580078125,4123.2646484375
2026-06-25 09:00:00+00:00,24071.05078125,7359.89990234375,72527.5234375,23076.91015625,10505.5302734375,24911.880859375,8973.580078125,4123.2646484375
2026-06-25 09:15:00+00:00,24090.0,7359.89990234375,72527.5234375,23076.91015625,10491.1103515625,24889.26953125,8973.580078125,4123.2646484375
2026-06-25 09:30:00+00:00,24055.30078125,7359.89990234375,72527.5234375,23076.91015625,10484.7001953125,24900.76953125,8973.580078125,4123.2646484375
2026-06-25 09:45:00+00:00,24052.80078125,7359.89990234375,72527.5234375,23076.91015625,10491.259765625,24910.720703125,8973.580078125,4123.2646484375
2026-06-25 10:00:00+00:00,24052.80078125,7359.89990234375,72527.5234375,23076.91015625,10496.349609375,24900.650390625,8973.580078125,4123.2646484375
2026-06-25 10:15:00+00:00,24052.80078125,7359.89990234375,72527.5234375,23076.91015625,10496.66015625,24911.7109375,8973.580078125,4123.2646484375
2026-06-25 10:30:00+00:00,24052.80078125,7359.89990234375,72527.5234375,23076.91015625,10494.900390625,24908.740234375,8973.580078125,4123.2646484375
2026-06-25 10:45:00+00:00,24052.80078125,7359.89990234375,72527.5234375,23076.91015625,10501.4697265625,24925.16015625,8973.580078125,4123.2646484375
2026-06-25 11:00:00+00:00,24052.80078125,7359.89990234375,72527.5234375,23076.91015625,10510.75,24898.130859375,8973.580078125,4123.2646484375
2026-06-25 11:15:00+00:00,24052.80078125,7359.89990234375,72527.5234375,23076.91015625,10512.3701171875,24872.619140625,8973.580078125,4123.2646484375
2026-06-25 11:30:00+00:00,24052.80078125,7359.89990234375,72527.5234375,23076.91015625,10521.3701171875,24899.150390625,8973.580078125,4123.2646484375
2026-06-25 11:45:00+00:00,24052.80078125,7359.89990234375,72527.5234375,23076.91015625,10527.8203125,24910.880859375,8973.580078125,4123.2646484375
2026-06-25 12:00:00+00:00,24052.80078125,7359.89990234375,72527.5234375,23076.91015625,10538.16015625,24940.109375,8973.580078125,4123.2646484375
2026-06-25 12:15:00+00:00,24052.80078125,7359.89990234375,72527.5234375,23076.91015625,10537.6904296875,24920.759765625,8973.580078125,4123.2646484375
2026-06-25 12:30:00+00:00,24052.80078125,7359.89990234375,72527.5234375,23076.91015625,10546.0,24964.16015625,8973.580078125,4123.2646484375
2026-06-25 12:45:00+00:00,24052.80078125,7359.89990234375,72527.5234375,23076.91015625,10549.66015625,24980.970703125,8973.580078125,4123.2646484375
2026-06-25 13:00:00+00:00,24052.80078125,7359.89990234375,72527.5234375,23076.91015625,10551.4296875,24987.48046875,8973.580078125,4123.2646484375
2026-06-25 13:15:00+00:00,24052.80078125,7359.89990234375,72527.5234375,23076.91015625,10537.169921875,24996.48046875,8973.580078125,4123.2646484375
2026-06-25 13:30:00+00:00,24052.80078125,7370.56982421875,72527.5234375,23076.91015625,10531.0595703125,24936.4296875,8973.580078125,4123.2646484375
2026-06-25 13:45:00+00:00,24052.80078125,7325.83984375,72527.5234375,23076.91015625,10525.6796875,24846.189453125,8973.580078125,4123.2646484375
2026-06-25 14:00:00+00:00,24052.80078125,7369.31005859375,72527.5234375,23076.91015625,10555.4697265625,25007.98046875,8973.580078125,4123.2646484375
2026-06-25 14:15:00+00:00,24052.80078125,7382.93017578125,72527.5234375,23076.91015625,10562.66015625,25061.080078125,8973.580078125,4123.2646484375
2026-06-25 14:30:00+00:00,24052.80078125,7381.2998046875,72527.5234375,23076.91015625,10548.3095703125,25048.919921875,8973.580078125,4123.2646484375
2026-06-25 14:45:00+00:00,24052.80078125,7379.919921875,72527.5234375,23076.91015625,10551.169921875,25053.66015625,8973.580078125,4123.2646484375
2026-06-25 15:00:00+00:00,24052.80078125,7357.35009765625,72527.5234375,23076.91015625,10533.3603515625,24982.849609375,8973.580078125,4123.2646484375
2026-06-25 15:15:00+00:00,24052.80078125,7369.72998046875,72527.5234375,23076.91015625,10536.8603515625,24995.689453125,8973.580078125,4123.2646484375
2026-06-25 15:30:00+00:00,24052.80078125,7376.14013671875,72527.5234375,23076.91015625,10536.8603515625,24995.689453125,8973.580078125,4123.2646484375
2026-06-25 15:45:00+00:00,24052.80078125,7369.2900390625,72527.5234375,23076.91015625,10536.8603515625,24995.689453125,8973.580078125,4123.2646484375
2026-06-25 16:00:00+00:00,24052.80078125,7384.77001953125,72527.5234375,23076.91015625,10536.8603515625,24995.689453125,8973.580078125,4123.2646484375
2026-06-25 16:15:00+00:00,24052.80078125,7370.2001953125,72527.5234375,23076.91015625,10536.8603515625,24995.689453125,8973.580078125,4123.2646484375
2026-06-25 16:30:00+00:00,24052.80078125,7350.2099609375,72527.5234375,23076.91015625,10536.8603515625,24995.689453125,8973.580078125,4123.2646484375
2026-06-25 16:45:00+00:00,24052.80078125,7353.31005859375,72527.5234375,23076.91015625,10536.8603515625,24995.689453125,8973.580078125,4123.2646484375
2026-06-25 17:00:00+00:00,24052.80078125,7360.490234375,72527.5234375,23076.91015625,10536.8603515625,24995.689453125,8973.580078125,4123.2646484375
2026-06-25 17:15:00+00:00,24052.80078125,7360.66015625,72527.5234375,23076.91015625,10536.8603515625,24995.689453125,8973.580078125,4123.2646484375
2026-06-25 17:30:00+00:00,24052.80078125,7354.18017578125,72527.5234375,23076.91015625,10536.8603515625,24995.689453125,8973.580078125,4123.2646484375
2026-06-25 17:45:00+00:00,24052.80078125,7363.0,72527.5234375,23076.91015625,10536.8603515625,24995.689453125,8973.580078125,4123.2646484375
2026-06-25 18:00:00+00:00,24052.80078125,7360.52978515625,72527.5234375,23076.91015625,10536.8603515625,24995.689453125,8973.580078125,4123.2646484375
2026-06-25 18:15:00+00:00,24052.80078125,7386.580078125,72527.5234375,23076.91015625,10536.8603515625,24995.689453125,8973.580078125,4123.2646484375
2026-06-25 18:30:00+00:00,24052.80078125,7367.7001953125,72527.5234375,23076.91015625,10536.8603515625,24995.689453125,8973.580078125,4123.2646484375
2026-06-25 18:45:00+00:00,24052.80078125,7366.14013671875,72527.5234375,23076.91015625,10536.8603515625,24995.689453125,8973.580078125,4123.2646484375
2026-06-25 19:00:00+00:00,24052.80078125,7352.2998046875,72527.5234375,23076.91015625,10536.8603515625,24995.689453125,8973.580078125,4123.2646484375
2026-06-25 19:15:00+00:00,24052.80078125,7352.5400390625,72527.5234375,23076.91015625,10536.8603515625,24995.689453125,8973.580078125,4123.2646484375
2026-06-25 19:30:00+00:00,24052.80078125,7347.60986328125,72527.5234375,23076.91015625,10536.8603515625,24995.689453125,8973.580078125,4123.2646484375
2026-06-25 19:45:00+00:00,24052.80078125,7357.169921875,72527.5234375,23076.91015625,10536.8603515625,24995.689453125,8973.580078125,4123.2646484375
2026-06-26 00:00:00+00:00,24052.80078125,7357.169921875,70917.53125,23076.91015625,10536.8603515625,24995.689453125,8780.0703125,4123.2646484375
2026-06-26 00:15:00+00:00,24052.80078125,7357.169921875,70420.46875,23076.91015625,10536.8603515625,24995.689453125,8658.259765625,4123.2646484375
2026-06-26 00:30:00+00:00,24052.80078125,7357.169921875,70387.453125,23076.91015625,10536.8603515625,24995.689453125,8643.4501953125,4123.2646484375
2026-06-26 00:45:00+00:00,24052.80078125,7357.169921875,70237.2421875,23076.91015625,10536.8603515625,24995.689453125,8621.4501953125,4123.2646484375
2026-06-26 01:00:00+00:00,24052.80078125,7357.169921875,70411.4375,23076.91015625,10536.8603515625,24995.689453125,8650.41015625,4123.2646484375
2026-06-26 01:15:00+00:00,24052.80078125,7357.169921875,70299.2421875,23076.91015625,10536.8603515625,24995.689453125,8657.349609375,4123.2646484375
2026-06-26 01:30:00+00:00,24052.80078125,7357.169921875,69984.9921875,22806.0,10536.8603515625,24995.689453125,8606.6796875,4092.699951171875
2026-06-26 01:45:00+00:00,24052.80078125,7357.169921875,69921.7109375,22804.5,10536.8603515625,24995.689453125,8531.5703125,4076.25439453125
2026-06-26 02:00:00+00:00,24052.80078125,7357.169921875,69682.2421875,22702.75,10536.8603515625,24995.689453125,8487.83984375,4071.760498046875
2026-06-26 02:15:00+00:00,24052.80078125,7357.169921875,69612.40625,22635.55078125,10536.8603515625,24995.689453125,8452.6201171875,4054.501708984375
2026-06-26 02:30:00+00:00,24052.80078125,7357.169921875,69602.71875,22607.5703125,10536.8603515625,24995.689453125,8358.5595703125,4044.107177734375
2026-06-26 02:45:00+00:00,24052.80078125,7357.169921875,69602.71875,22576.900390625,10536.8603515625,24995.689453125,8288.259765625,4019.5302734375
2026-06-26 03:00:00+00:00,24052.80078125,7357.169921875,69602.71875,22558.509765625,10536.8603515625,24995.689453125,8199.8095703125,4027.3271484375
2026-06-26 03:15:00+00:00,24052.80078125,7357.169921875,69602.71875,22556.98046875,10536.8603515625,24995.689453125,8199.8095703125,4031.668701171875
2026-06-26 03:30:00+00:00,24052.80078125,7357.169921875,68927.7421875,22547.05078125,10536.8603515625,24995.689453125,8226.2802734375,4032.298583984375
2026-06-26 03:45:00+00:00,24052.80078125,7357.169921875,69223.2109375,22643.779296875,10536.8603515625,24995.689453125,8303.0302734375,4032.298583984375
2026-06-26 04:00:00+00:00,24052.80078125,7357.169921875,69317.6015625,22644.490234375,10536.8603515625,24995.689453125,8276.91015625,4032.298583984375
2026-06-26 04:15:00+00:00,24052.80078125,7357.169921875,69295.15625,22644.490234375,10536.8603515625,24995.689453125,8262.8798828125,4032.298583984375
2026-06-26 04:30:00+00:00,24052.80078125,7357.169921875,68963.6171875,22644.490234375,10536.8603515625,24995.689453125,8218.9599609375,4032.298583984375
2026-06-26 04:45:00+00:00,24052.80078125,7357.169921875,68863.9375,22644.490234375,10536.8603515625,24995.689453125,8199.8603515625,4032.298583984375
2026-06-26 05:00:00+00:00,24052.80078125,7357.169921875,69140.78125,22691.109375,10536.8603515625,24995.689453125,8334.08984375,4046.407958984375
2026-06-26 05:15:00+00:00,24052.80078125,7357.169921875,69217.9375,22717.779296875,10536.8603515625,24995.689453125,8403.6201171875,4051.079345703125
2026-06-26 05:30:00+00:00,24052.80078125,7357.169921875,69031.5,22681.759765625,10536.8603515625,24995.689453125,8294.3701171875,4059.39990234375
2026-06-26 05:45:00+00:00,24052.80078125,7357.169921875,69113.6328125,22686.330078125,10536.8603515625,24995.689453125,8292.26953125,4061.9423828125
2026-06-26 06:00:00+00:00,24052.80078125,7357.169921875,69133.1484375,22630.7890625,10536.8603515625,24995.689453125,8292.26953125,4036.1123046875
2026-06-26 06:15:00+00:00,24052.80078125,7357.169921875,69105.796875,22632.51953125,10536.8603515625,24995.689453125,8292.26953125,4038.326171875
2026-06-26 06:30:00+00:00,24052.80078125,7357.169921875,69105.796875,22678.30078125,10536.8603515625,24995.689453125,8292.26953125,4047.697265625
2026-06-26 06:45:00+00:00,24052.80078125,7357.169921875,69105.796875,22661.919921875,10536.8603515625,24995.689453125,8292.26953125,4028.36474609375
2026-06-26 07:00:00+00:00,24052.80078125,7357.169921875,69105.796875,22719.30078125,10500.330078125,24832.939453125,8292.26953125,4028.36474609375
2026-06-26 07:15:00+00:00,24052.80078125,7357.169921875,69105.796875,22686.359375,10495.7998046875,24853.939453125,8292.26953125,4028.36474609375
2026-06-26 07:30:00+00:00,24052.80078125,7357.169921875,69105.796875,22685.189453125,10491.1396484375,24802.48046875,8292.26953125,4028.36474609375
2026-06-26 07:45:00+00:00,24052.80078125,7357.169921875,69105.796875,22681.26953125,10489.400390625,24818.810546875,8292.26953125,4028.36474609375
2026-06-26 08:00:00+00:00,24052.80078125,7357.169921875,69105.796875,22671.859375,10485.8701171875,24783.0703125,8292.26953125,4028.36474609375
2026-06-26 08:15:00+00:00,24052.80078125,7357.169921875,69105.796875,22671.859375,10484.2998046875,24808.8203125,8292.26953125,4028.36474609375
2026-06-26 08:30:00+00:00,24052.80078125,7357.169921875,69105.796875,22671.859375,10469.0703125,24767.810546875,8292.26953125,4028.36474609375
2026-06-26 08:45:00+00:00,24052.80078125,7357.169921875,69105.796875,22671.859375,10464.8798828125,24750.810546875,8292.26953125,4028.36474609375
2026-06-26 09:00:00+00:00,24052.80078125,7357.169921875,69105.796875,22671.859375,10461.73046875,24724.919921875,8292.26953125,4028.36474609375
2026-06-26 09:15:00+00:00,24052.80078125,7357.169921875,69105.796875,22671.859375,10452.8095703125,24702.900390625,8292.26953125,4028.36474609375
2026-06-26 09:30:00+00:00,24052.80078125,7357.169921875,69105.796875,22671.859375,10464.349609375,24706.69921875,8292.26953125,4028.36474609375
2026-06-26 09:45:00+00:00,24052.80078125,7357.169921875,69105.796875,22671.859375,10458.7001953125,24706.9609375,8292.26953125,4028.36474609375
2026-06-26 10:00:00+00:00,24052.80078125,7357.169921875,69105.796875,22671.859375,10452.0703125,24694.890625,8292.26953125,4028.36474609375
2026-06-26 10:15:00+00:00,24052.80078125,7357.169921875,69105.796875,22671.859375,10450.599609375,24691.2890625,8292.26953125,4028.36474609375
2026-06-26 10:30:00+00:00,24052.80078125,7357.169921875,69105.796875,22671.859375,10450.4501953125,24675.630859375,8292.26953125,4028.36474609375
2026-06-26 10:45:00+00:00,24052.80078125,7357.169921875,69105.796875,22671.859375,10446.25,24681.51953125,8292.26953125,4028.36474609375
2026-06-26 11:00:00+00:00,24052.80078125,7357.169921875,69105.796875,22671.859375,10447.6103515625,24709.890625,8292.26953125,4028.36474609375
2026-06-26 11:15:00+00:00,24052.80078125,7357.169921875,69105.796875,22671.859375,10443.5498046875,24690.33984375,8292.26953125,4028.36474609375
2026-06-26 11:30:00+00:00,24052.80078125,7357.169921875,69105.796875,22671.859375,10437.2802734375,24669.6796875,8292.26953125,4028.36474609375
2026-06-26 11:45:00+00:00,24052.80078125,7357.169921875,69105.796875,22671.859375,10432.73046875,24669.509765625,8292.26953125,4028.36474609375
2026-06-26 12:00:00+00:00,24052.80078125,7357.169921875,69105.796875,22671.859375,10433.6396484375,24688.630859375,8292.26953125,4028.36474609375
2026-06-26 12:15:00+00:00,24052.80078125,7357.169921875,69105.796875,22671.859375,10426.330078125,24693.689453125,8292.26953125,4028.36474609375
2026-06-26 12:30:00+00:00,24052.80078125,7357.169921875,69105.796875,22671.859375,10416.91015625,24652.94921875,8292.26953125,4028.36474609375
2026-06-26 12:45:00+00:00,24052.80078125,7357.169921875,69105.796875,22671.859375,10413.9501953125,24635.060546875,8292.26953125,4028.36474609375
2026-06-26 13:00:00+00:00,24052.80078125,7357.169921875,69105.796875,22671.859375,10415.7099609375,24624.80078125,8292.26953125,4028.36474609375
2026-06-26 13:15:00+00:00,24052.80078125,7357.169921875,69105.796875,22671.859375,10428.599609375,24604.970703125,8292.26953125,4028.36474609375
2026-06-26 13:30:00+00:00,24052.80078125,7318.60986328125,69105.796875,22671.859375,10435.41015625,24631.419921875,8292.26953125,4028.36474609375
2026-06-26 13:45:00+00:00,24052.80078125,7335.27001953125,69105.796875,22671.859375,10459.330078125,24655.939453125,8292.26953125,4028.36474609375
2026-06-26 14:00:00+00:00,24052.80078125,7359.93017578125,69105.796875,22671.859375,10479.0302734375,24679.0,8292.26953125,4028.36474609375
2026-06-26 14:15:00+00:00,24052.80078125,7361.97998046875,69105.796875,22671.859375,10490.349609375,24675.0,8292.26953125,4028.36474609375
2026-06-26 14:30:00+00:00,24052.80078125,7348.68017578125,69105.796875,22671.859375,10486.23046875,24632.869140625,8292.26953125,4028.36474609375
2026-06-26 14:45:00+00:00,24052.80078125,7352.1298828125,69105.796875,22671.859375,10492.6298828125,24611.05078125,8292.26953125,4028.36474609375
2026-06-26 15:00:00+00:00,24052.80078125,7348.2001953125,69105.796875,22671.859375,10486.5,24595.240234375,8292.26953125,4028.36474609375
2026-06-26 15:15:00+00:00,24052.80078125,7374.0400390625,69105.796875,22671.859375,10515.2001953125,24681.509765625,8292.26953125,4028.36474609375
2026-06-26 15:30:00+00:00,24052.80078125,7390.10986328125,69105.796875,22671.859375,10515.2001953125,24681.509765625,8292.26953125,4028.36474609375
2026-06-26 15:45:00+00:00,24052.80078125,7381.6298828125,69105.796875,22671.859375,10515.2001953125,24681.509765625,8292.26953125,4028.36474609375
2026-06-26 16:00:00+00:00,24052.80078125,7369.259765625,69105.796875,22671.859375,10515.2001953125,24681.509765625,8292.26953125,4028.36474609375
2026-06-26 16:15:00+00:00,24052.80078125,7361.52001953125,69105.796875,22671.859375,10515.2001953125,24681.509765625,8292.26953125,4028.36474609375
2026-06-26 16:30:00+00:00,24052.80078125,7368.419921875,69105.796875,22671.859375,10515.2001953125,24681.509765625,8292.26953125,4028.36474609375
2026-06-26 16:45:00+00:00,24052.80078125,7372.259765625,69105.796875,22671.859375,10515.2001953125,24681.509765625,8292.26953125,4028.36474609375
2026-06-26 17:00:00+00:00,24052.80078125,7378.43017578125,69105.796875,22671.859375,10515.2001953125,24681.509765625,8292.26953125,4028.36474609375
2026-06-26 17:15:00+00:00,24052.80078125,7375.14013671875,69105.796875,22671.859375,10515.2001953125,24681.509765625,8292.26953125,4028.36474609375
2026-06-26 17:30:00+00:00,24052.80078125,7370.31982421875,69105.796875,22671.859375,10515.2001953125,24681.509765625,8292.26953125,4028.36474609375
2026-06-26 17:45:00+00:00,24052.80078125,7364.509765625,69105.796875,22671.859375,10515.2001953125,24681.509765625,8292.26953125,4028.36474609375
2026-06-26 18:00:00+00:00,24052.80078125,7367.64990234375,69105.796875,22671.859375,10515.2001953125,24681.509765625,8292.26953125,4028.36474609375
2026-06-26 18:15:00+00:00,24052.80078125,7355.990234375,69105.796875,22671.859375,10515.2001953125,24681.509765625,8292.26953125,4028.36474609375
2026-06-26 18:30:00+00:00,24052.80078125,7356.3798828125,69105.796875,22671.859375,10515.2001953125,24681.509765625,8292.26953125,4028.36474609375
2026-06-26 18:45:00+00:00,24052.80078125,7343.759765625,69105.796875,22671.859375,10515.2001953125,24681.509765625,8292.26953125,4028.36474609375
2026-06-26 19:00:00+00:00,24052.80078125,7355.97998046875,69105.796875,22671.859375,10515.2001953125,24681.509765625,8292.26953125,4028.36474609375
2026-06-26 19:15:00+00:00,24052.80078125,7349.41015625,69105.796875,22671.859375,10515.2001953125,24681.509765625,8292.26953125,4028.36474609375
2026-06-26 19:30:00+00:00,24052.80078125,7360.16015625,69105.796875,22671.859375,10515.2001953125,24681.509765625,8292.26953125,4028.36474609375
2026-06-26 19:45:00+00:00,24052.80078125,7337.81005859375,69105.796875,22671.859375,10515.2001953125,24681.509765625,8292.26953125,4028.36474609375
2026-06-29 00:00:00+00:00,24052.80078125,7337.81005859375,69397.59375,22671.859375,10515.2001953125,24681.509765625,8257.0703125,4028.36474609375
2026-06-29 00:15:00+00:00,24052.80078125,7337.81005859375,68569.453125,22671.859375,10515.2001953125,24681.509765625,8158.27978515625,4028.36474609375
2026-06-29 00:30:00+00:00,24052.80078125,7337.81005859375,68646.59375,22671.859375,10515.2001953125,24681.509765625,8245.0400390625,4028.36474609375
2026-06-29 00:45:00+00:00,24052.80078125,7337.81005859375,68935.109375,22671.859375,10515.2001953125,24681.509765625,8316.7802734375,4028.36474609375
2026-06-29 01:00:00+00:00,24052.80078125,7337.81005859375,68741.5,22671.859375,10515.2001953125,24681.509765625,8271.6796875,4028.36474609375
2026-06-29 01:15:00+00:00,24052.80078125,7337.81005859375,68551.0625,22671.859375,10515.2001953125,24681.509765625,8260.2998046875,4028.36474609375
2026-06-29 01:30:00+00:00,24052.80078125,7337.81005859375,69075.546875,22858.529296875,10515.2001953125,24681.509765625,8368.4697265625,4030.6640625
2026-06-29 01:45:00+00:00,24052.80078125,7337.81005859375,68982.2421875,22862.08984375,10515.2001953125,24681.509765625,8287.0498046875,4021.2958984375
2026-06-29 02:00:00+00:00,24052.80078125,7337.81005859375,68551.71875,22857.900390625,10515.2001953125,24681.509765625,8207.259765625,3994.7197265625
2026-06-29 02:15:00+00:00,24052.80078125,7337.81005859375,68864.8515625,23071.169921875,10515.2001953125,24681.509765625,8264.2001953125,4038.7607421875
2026-06-29 02:30:00+00:00,24052.80078125,7337.81005859375,68869.4296875,23013.75,10515.2001953125,24681.509765625,8277.8203125,4015.915283203125
2026-06-29 02:45:00+00:00,24052.80078125,7337.81005859375,68869.4296875,23105.830078125,10515.2001953125,24681.509765625,8250.9599609375,4037.7275390625
2026-06-29 03:00:00+00:00,24052.80078125,7337.81005859375,68869.4296875,23106.94921875,10515.2001953125,24681.509765625,8236.5400390625,4040.14990234375
2026-06-29 03:15:00+00:00,24052.80078125,7337.81005859375,68869.4296875,23156.599609375,10515.2001953125,24681.509765625,8250.1796875,4032.38623046875
2026-06-29 03:30:00+00:00,24052.80078125,7337.81005859375,68635.1875,23155.130859375,10515.2001953125,24681.509765625,8189.4501953125,4034.083984375
2026-06-29 03:45:00+00:00,24064.80078125,7337.81005859375,69077.46875,23145.0390625,10515.2001953125,24681.509765625,8332.26953125,4034.083984375
2026-06-29 04:00:00+00:00,24094.0,7337.81005859375,68838.4765625,23153.890625,10515.2001953125,24681.509765625,8295.0400390625,4034.083984375
2026-06-29 04:15:00+00:00,24075.55078125,7337.81005859375,68724.859375,23153.890625,10515.2001953125,24681.509765625,8242.6396484375,4034.083984375
2026-06-29 04:30:00+00:00,24061.80078125,7337.81005859375,68616.7109375,23153.890625,10515.2001953125,24681.509765625,8226.08984375,4034.083984375
2026-06-29 04:45:00+00:00,24112.150390625,7337.81005859375,68556.8203125,23153.890625,10515.2001953125,24681.509765625,8217.3603515625,4034.083984375
2026-06-29 05:00:00+00:00,24112.30078125,7337.81005859375,68673.6328125,23091.630859375,10515.2001953125,24681.509765625,8276.8798828125,4020.03955078125
2026-06-29 05:15:00+00:00,24066.349609375,7337.81005859375,68743.46875,23066.259765625,10515.2001953125,24681.509765625,8311.16015625,4039.738525390625
2026-06-29 05:30:00+00:00,24073.0,7337.81005859375,69138.828125,23134.259765625,10515.2001953125,24681.509765625,8462.8203125,4056.592041015625
2026-06-29 05:45:00+00:00,24061.19921875,7337.81005859375,69305.203125,23074.30078125,10515.2001953125,24681.509765625,8516.2998046875,4064.2666015625
2026-06-29 06:00:00+00:00,24031.599609375,7337.81005859375,69242.578125,23059.6796875,10515.2001953125,24681.509765625,8516.2998046875,4049.47265625
2026-06-29 06:15:00+00:00,24011.150390625,7337.81005859375,69382.0703125,23097.150390625,10515.2001953125,24681.509765625,8516.2998046875,4050.6064453125
2026-06-29 06:30:00+00:00,23993.69921875,7337.81005859375,69382.0703125,23094.720703125,10515.2001953125,24681.509765625,8516.2998046875,4062.254150390625
2026-06-29 06:45:00+00:00,23968.400390625,7337.81005859375,69382.0703125,23093.8203125,10515.2001953125,24681.509765625,8516.2998046875,4075.17724609375
2026-06-29 07:00:00+00:00,23944.44921875,7337.81005859375,69382.0703125,23071.73046875,10486.9599609375,24724.890625,8516.2998046875,4075.17724609375
2026-06-29 07:15:00+00:00,23963.30078125,7337.81005859375,69382.0703125,23083.7109375,10499.48046875,24734.650390625,8516.2998046875,4075.17724609375
2026-06-29 07:30:00+00:00,23962.69921875,7337.81005859375,69382.0703125,23056.140625,10498.8798828125,24750.609375,8516.2998046875,4075.17724609375
2026-06-29 07:45:00+00:00,23965.150390625,7337.81005859375,69382.0703125,23007.4609375,10503.8896484375,24745.970703125,8516.2998046875,4075.17724609375
2026-06-29 08:00:00+00:00,23940.44921875,7337.81005859375,69382.0703125,23026.6796875,10519.48046875,24735.1796875,8516.2998046875,4075.17724609375
2026-06-29 08:15:00+00:00,23947.69921875,7337.81005859375,69382.0703125,23026.6796875,10503.5,24681.939453125,8516.2998046875,4075.17724609375
2026-06-29 08:30:00+00:00,23958.349609375,7337.81005859375,69382.0703125,23026.6796875,10494.26953125,24666.060546875,8516.2998046875,4075.17724609375
2026-06-29 08:45:00+00:00,23950.849609375,7337.81005859375,69382.0703125,23026.6796875,10481.349609375,24650.330078125,8516.2998046875,4075.17724609375
2026-06-29 09:00:00+00:00,23964.25,7337.81005859375,69382.0703125,23026.6796875,10485.4296875,24677.369140625,8516.2998046875,4075.17724609375
2026-06-29 09:15:00+00:00,23930.599609375,7337.81005859375,69382.0703125,23026.6796875,10489.48046875,24711.91015625,8516.2998046875,4075.17724609375
2026-06-29 09:30:00+00:00,23943.19921875,7337.81005859375,69382.0703125,23026.6796875,10488.75,24690.630859375,8516.2998046875,4075.17724609375
2026-06-29 09:45:00+00:00,23978.5,7337.81005859375,69382.0703125,23026.6796875,10479.2900390625,24685.990234375,8516.2998046875,4075.17724609375
2026-06-29 10:00:00+00:00,23978.5,7337.81005859375,69382.0703125,23026.6796875,10478.8095703125,24672.150390625,8516.2998046875,4075.17724609375
2026-06-29 10:15:00+00:00,23978.5,7337.81005859375,69382.0703125,23026.6796875,10480.1298828125,24675.0703125,8516.2998046875,4075.17724609375
2026-06-29 10:30:00+00:00,23978.5,7337.81005859375,69382.0703125,23026.6796875,10488.240234375,24685.240234375,8516.2998046875,4075.17724609375
2026-06-29 10:45:00+00:00,23978.5,7337.81005859375,69382.0703125,23026.6796875,10491.7099609375,24680.390625,8516.2998046875,4075.17724609375
2026-06-29 11:00:00+00:00,23978.5,7337.81005859375,69382.0703125,23026.6796875,10488.0400390625,24678.419921875,8516.2998046875,4075.17724609375
2026-06-29 11:15:00+00:00,23978.5,7337.81005859375,69382.0703125,23026.6796875,10477.2802734375,24663.2890625,8516.2998046875,4075.17724609375
2026-06-29 11:30:00+00:00,23978.5,7337.81005859375,69382.0703125,23026.6796875,10494.919921875,24655.58984375,8516.2998046875,4075.17724609375
2026-06-29 11:45:00+00:00,23978.5,7337.81005859375,69382.0703125,23026.6796875,10503.4404296875,24694.55078125,8516.2998046875,4075.17724609375
2026-06-29 12:00:00+00:00,23978.5,7337.81005859375,69382.0703125,23026.6796875,10502.66015625,24708.16015625,8516.2998046875,4075.17724609375
2026-06-29 12:15:00+00:00,23978.5,7337.81005859375,69382.0703125,23026.6796875,10499.3203125,24694.029296875,8516.2998046875,4075.17724609375
2026-06-29 12:30:00+00:00,23978.5,7337.81005859375,69382.0703125,23026.6796875,10494.6796875,24678.990234375,8516.2998046875,4075.17724609375
2026-06-29 12:45:00+00:00,23978.5,7337.81005859375,69382.0703125,23026.6796875,10494.7197265625,24706.4296875,8516.2998046875,4075.17724609375
2026-06-29 13:00:00+00:00,23978.5,7337.81005859375,69382.0703125,23026.6796875,10509.1298828125,24715.349609375,8516.2998046875,4075.17724609375
2026-06-29 13:15:00+00:00,23978.5,7337.81005859375,69382.0703125,23026.6796875,10510.1396484375,24718.140625,8516.2998046875,4075.17724609375
2026-06-29 13:30:00+00:00,23978.5,7420.8798828125,69382.0703125,23026.6796875,10514.0595703125,24713.7109375,8516.2998046875,4075.17724609375
2026-06-29 13:45:00+00:00,23978.5,7397.31982421875,69382.0703125,23026.6796875,10501.5302734375,24670.66015625,8516.2998046875,4075.17724609375
2026-06-29 14:00:00+00:00,23978.5,7355.43994140625,69382.0703125,23026.6796875,10478.900390625,24584.76953125,8516.2998046875,4075.17724609375
2026-06-29 14:15:00+00:00,23978.5,7390.6201171875,69382.0703125,23026.6796875,10501.830078125,24660.150390625,8516.2998046875,4075.17724609375
2026-06-29 14:30:00+00:00,23978.5,7400.35986328125,69382.0703125,23026.6796875,10492.759765625,24623.599609375,8516.2998046875,4075.17724609375
2026-06-29 14:45:00+00:00,23978.5,7407.83984375,69382.0703125,23026.6796875,10481.08984375,24593.669921875,8516.2998046875,4075.17724609375
2026-06-29 15:00:00+00:00,23978.5,7403.58984375,69382.0703125,23026.6796875,10497.9501953125,24615.5390625,8516.2998046875,4075.17724609375
2026-06-29 15:15:00+00:00,23978.5,7406.85009765625,69382.0703125,23026.6796875,10501.5498046875,24639.69921875,8516.2998046875,4075.17724609375
2026-06-29 15:30:00+00:00,23978.5,7412.72021484375,69382.0703125,23026.6796875,10501.5498046875,24639.69921875,8516.2998046875,4075.17724609375
2026-06-29 15:45:00+00:00,23978.5,7413.3798828125,69382.0703125,23026.6796875,10501.5498046875,24639.69921875,8516.2998046875,4075.17724609375
2026-06-29 16:00:00+00:00,23978.5,7413.56982421875,69382.0703125,23026.6796875,10501.5498046875,24639.69921875,8516.2998046875,4075.17724609375
2026-06-29 16:15:00+00:00,23978.5,7412.31982421875,69382.0703125,23026.6796875,10501.5498046875,24639.69921875,8516.2998046875,4075.17724609375
2026-06-29 16:30:00+00:00,23978.5,7413.7998046875,69382.0703125,23026.6796875,10501.5498046875,24639.69921875,8516.2998046875,4075.17724609375
2026-06-29 16:45:00+00:00,23978.5,7416.10009765625,69382.0703125,23026.6796875,10501.5498046875,24639.69921875,8516.2998046875,4075.17724609375
2026-06-29 17:00:00+00:00,23978.5,7428.75,69382.0703125,23026.6796875,10501.5498046875,24639.69921875,8516.2998046875,4075.17724609375
2026-06-29 17:15:00+00:00,23978.5,7429.10986328125,69382.0703125,23026.6796875,10501.5498046875,24639.69921875,8516.2998046875,4075.17724609375
